ano;uf;municipio;lat;long;population;branca;preta;parda;amarela;indigena
2010;RO;Alta Floresta d'Oeste;-11.9355403048;-61.9998238963;24392.0;42.428;4.752;50.299;0.734;1.787
2010;RO;Ariquemes;-9.9084628666;-63.033269278;90347.0;37.147;8.43;52.592;1.608;0.224
2010;RO;Cabixi;-13.4997634597;-60.5443135812;6313.0;46.697;7.318;44.559;1.394;0.032
2010;RO;Cacoal;-11.4338650287;-61.4429442118;78574.0;43.259;5.755;48.031;1.28;1.675
2010;RO;Cerejeiras;-13.195033032;-60.8184261647;17029.0;45.851;6.518;46.532;0.998;0.1
2010;RO;Colorado do Oeste;-13.1305638415;-60.5550674631;18591.0;41.294;7.063;50.288;1.302;0.054
2010;RO;Corumbiara;-12.9975202365;-60.9487011707;8783.0;37.641;8.3;52.454;1.423;0.182
2010;RO;Costa Marques;-12.4360138777;-64.2316539391;13678.0;32.132;7.399;57.911;0.921;1.638
2010;RO;Espigão d'Oeste;-11.5285546333;-61.0201731133;28729.0;45.564;5.858;45.703;1.514;1.361
2010;RO;Guajará-Mirim;-10.7738837407;-65.3239518197;41656.0;21.413;7.454;60.039;1.496;9.598
2010;RO;Jaru;-10.4359487679;-62.4762307081;52005.0;32.872;8.128;57.61;1.261;0.129
2010;RO;Ji-Paraná;-10.8820513183;-61.9450945827;116610.0;39.618;6.51;51.405;1.498;0.969
2010;RO;Machadinho d'Oeste;-9.42556248;-61.9995925724;31135.0;31.999;7.529;59.242;1.127;0.103
2010;RO;Nova Brasilândia d'Oeste;-11.7213254139;-62.308230163;19874.0;41.386;6.204;51.122;0.941;0.347
2010;RO;Ouro Preto do Oeste;-10.7235739008;-62.2610551904;37928.0;36.796;7.957;53.91;1.039;0.298
2010;RO;Pimenta Bueno;-11.67753699;-61.1836656736;33822.0;39.921;5.505;52.191;1.404;0.979
2010;RO;Porto Velho;-8.76889179;-63.8314456544;428379.0;29.029;7.107;61.777;1.758;0.329
2010;RO;Presidente Médici;-11.1732050162;-61.9094386835;22319.0;38.922;4.776;55.011;1.169;0.121
2010;RO;Rio Crespo;-9.7055367097;-62.900010366;3316.0;42.189;6.996;50.211;0.573;0.03
2010;RO;Rolim de Moura;-11.7222589134;-61.7857809352;50648.0;40.856;6.257;51.402;1.321;0.164
2010;RO;Santa Luzia d'Oeste;-11.9084233325;-61.7733054631;8886.0;37.869;5.661;54.31;2.059;0.101
2010;RO;Vilhena;-12.7413734718;-60.1385838661;76202.0;45.479;5.581;47.28;1.035;0.625
2010;RO;São Miguel do Guaporé;-11.6994897438;-62.7200634814;21828.0;38.57;6.29;53.189;1.374;0.577
2010;RO;Nova Mamoré;-10.4117712947;-65.3291490231;22546.0;27.996;4.657;63.94;2.031;1.375
2010;RO;Alvorada d'Oeste;-11.3441300234;-62.2772748657;16853.0;36.771;6.776;55.082;1.282;0.089
2010;RO;Alto Alegre dos Parecis;-12.1317772246;-61.8530771686;12816.0;36.728;6.804;54.775;1.28;0.414
2010;RO;Alto Paraíso;-9.7166667381;-63.3176294335;17135.0;36.744;6.624;53.814;2.725;0.093
2010;RO;Buritis;-10.2098054072;-63.8296787918;32383.0;37.078;6.596;54.621;1.584;0.12
2010;RO;Novo Horizonte do Oeste;-11.70974292;-61.9943876628;10240.0;41.357;7.549;50.146;0.654;0.293
2010;RO;Cacaulândia;-10.3388728394;-62.9031899346;5736.0;32.845;11.123;54.219;1.726;0.087
2010;RO;Campo Novo de Rondônia;-10.5684164693;-63.6249914265;12665.0;33.21;11.678;54.52;0.521;0.071
2010;RO;Candeias do Jamari;-8.7850207035;-63.7000200718;19779.0;24.45;6.082;67.784;1.618;0.066
2010;RO;Castanheiras;-11.4268422255;-61.9491611965;3575.0;39.552;6.154;54.154;0.14;0.0
2010;RO;Chupinguaia;-12.5568407611;-60.90184775;8301.0;32.671;5.975;58.174;0.349;2.831
2010;RO;Cujubim;-9.3781933991;-62.5871745319;15854.0;30.56;9.108;59.19;1.123;0.019
2010;RO;Governador Jorge Teixeira;-10.6120717726;-62.7404576395;10512.0;33.352;6.526;58.619;0.685;0.818
2010;RO;Itapuã do Oeste;-9.1918716753;-63.1823370165;8566.0;26.594;7.285;64.534;1.296;0.292
2010;RO;Ministro Andreazza;-11.1962379842;-61.5189219301;10352.0;44.735;5.873;48.464;0.763;0.164
2010;RO;Mirante da Serra;-11.0456092899;-62.6694270953;11878.0;38.66;5.253;53.224;1.499;1.364
2010;RO;Monte Negro;-10.2630977559;-63.2955591672;14091.0;33.66;6.444;59.151;0.66;0.085
2010;RO;Nova União;-10.9155320417;-62.5550893989;7493.0;34.192;6.593;58.374;0.841;0.0
2010;RO;Parecis;-12.1798270507;-61.5979979727;4810.0;45.094;7.9;46.091;0.187;0.728
2010;RO;Pimenteiras do Oeste;-13.4765620025;-61.0443790025;2315.0;35.81;17.97;43.629;1.987;0.605
2010;RO;Primavera de Rondônia;-11.8257069542;-61.3165462429;3524.0;44.41;6.754;47.02;1.589;0.227
2010;RO;São Felipe d'Oeste;-11.9143893547;-61.5125081133;6018.0;41.808;7.677;49.335;1.097;0.083
2010;RO;São Francisco do Guaporé;-12.0637984122;-63.5708647108;16035.0;36.869;4.44;55.628;0.698;2.364
2010;RO;Seringueiras;-11.7671166356;-63.0387609977;11629.0;40.915;8.35;49.592;1.032;0.112
2010;RO;Teixeirópolis;-10.932169286;-62.255922254;4888.0;33.879;7.979;55.974;1.821;0.348
2010;RO;Theobroma;-10.248730552;-62.3451455299;10649.0;33.534;5.738;58.653;1.991;0.085
2010;RO;Urupá;-11.1285452757;-62.3706324538;12974.0;37.182;8.347;53.26;1.187;0.023
2010;RO;Vale do Anari;-9.8513927081;-62.1768234421;9384.0;29.263;8.451;61.392;0.831;0.064
2010;RO;Vale do Paraíso;-10.4310526846;-62.1343903568;8210.0;33.812;5.713;59.391;0.974;0.11
2010;AC;Acrelândia;-10.0737938925;-67.05231658;12538.0;26.543;3.709;68.536;1.196;0.016
2010;AC;Assis Brasil;-10.9428656809;-69.5634591747;6072.0;25.165;3.541;59.997;2.141;9.157
2010;AC;Brasiléia;-11.0164110191;-68.747943426;21398.0;25.442;6.86;65.062;2.019;0.617
2010;AC;Bujari;-9.8200196267;-67.9518592792;8471.0;21.119;6.186;69.626;2.951;0.118
2010;AC;Capixaba;-10.5697677088;-67.6735079719;8798.0;16.413;3.944;78.052;1.523;0.068
2010;AC;Cruzeiro do Sul;-7.630690005;-72.6725313174;78507.0;25.254;5.499;67.022;0.968;1.257
2010;AC;Epitaciolândia;-11.028239828;-68.7448680667;15100.0;21.43;5.841;70.291;2.391;0.046
2010;AC;Feijó;-8.16024753;-70.3539836082;32412.0;29.353;7.041;53.557;1.981;8.068
2010;AC;Jordão;-9.1933578598;-71.9508751248;6577.0;15.113;7.237;45.188;0.076;32.386
2010;AC;Mâncio Lima;-7.5932225939;-72.9165010261;15206.0;14.356;3.453;72.235;1.322;8.635
2010;AC;Manoel Urbano;-8.8363177369;-69.2599445775;7981.0;16.063;3.634;73.625;1.027;5.651
2010;AC;Marechal Thaumaturgo;-8.9535911232;-72.7902659087;14227.0;14.754;9.426;64.469;1.237;10.115
2010;AC;Plácido de Castro;-10.3351332827;-67.1882600862;17209.0;23.831;7.862;65.286;2.952;0.07
2010;AC;Porto Walter;-8.2666663628;-72.7423339648;9176.0;26.003;5.787;60.593;1.755;5.863
2010;AC;Rio Branco;-9.9782987527;-67.8105287004;336026.0;26.117;5.544;65.993;2.134;0.212
2010;AC;Rodrigues Alves;-7.7336020337;-72.6478549142;14389.0;21.023;4.232;73.674;0.994;0.076
2010;AC;Santa Rosa do Purus;-9.4434065374;-70.4864968938;4691.0;16.542;1.748;27.499;0.362;53.848
2010;AC;Senador Guiomard;-10.1481735862;-67.74317236;20179.0;18.425;5.882;73.215;2.423;0.055
2010;AC;Sena Madureira;-9.065339505;-68.6556840617;38029.0;16.955;7.16;72.571;0.721;2.593
2010;AC;Tarauacá;-8.1556685918;-70.7555010629;35590.0;22.563;5.816;64.029;3.574;4.018
2010;AC;Xapuri;-10.6520719403;-68.506294805;16091.0;18.52;9.751;69.119;2.442;0.168
2010;AC;Porto Acre;-9.6008582312;-67.5405900835;14880.0;20.659;4.335;74.032;0.833;0.141
2010;AM;Alvarães;-3.2165837691;-64.8135346776;14088.0;13.061;5.813;73.687;0.227;7.212
2010;AM;Amaturá;-3.3668051875;-68.2096146409;9467.0;4.405;0.518;62.903;0.232;31.943
2010;AM;Anamã;-3.5763704269;-61.4059034798;10214.0;8.958;1.322;87.928;0.627;1.165
2010;AM;Anori;-3.7453855861;-61.6589553829;16317.0;14.617;1.023;82.019;0.092;2.249
2010;AM;Apuí;-7.1978701516;-59.8856661047;18007.0;36.214;8.336;53.585;1.488;0.378
2010;AM;Atalaia do Norte;-4.3661574897;-70.1879892845;15153.0;9.081;0.832;48.439;0.244;41.404
2010;AM;Autazes;-3.5786636418;-59.1335670918;32135.0;19.564;6.056;52.127;0.853;21.4
2010;AM;Barcelos;-0.9728010525;-62.9256696581;25718.0;9.849;4.001;52.846;0.77;32.534
2010;AM;Barreirinha;-2.7981498369;-57.0677504899;27355.0;8.693;1.587;71.252;0.409;18.059
2010;AM;Benjamin Constant;-4.3749890186;-70.0273484333;33411.0;8.752;3.226;57.822;0.769;29.43
2010;AM;Beruri;-3.8945134098;-61.3715708917;15486.0;9.318;1.815;85.374;0.142;3.351
2010;AM;Boa Vista do Ramos;-2.9717265316;-57.5877073465;14979.0;9.82;2.183;86.975;0.441;0.581
2010;AM;Boca do Acre;-8.7512431961;-67.3995777567;30632.0;25.457;6.81;63.985;0.885;2.863
2010;AM;Borba;-4.3906198915;-59.5945590195;34961.0;11.447;1.976;69.18;0.432;16.965
2010;AM;Caapiranga;-3.3300933919;-61.2113341332;10975.0;12.474;2.815;84.0;0.574;0.137
2010;AM;Canutama;-6.5291060758;-64.3942308189;12738.0;19.446;2.104;77.037;0.118;1.295
2010;AM;Carauari;-4.8816659042;-66.8966352817;25774.0;22.387;6.693;68.825;1.319;0.776
2010;AM;Careiro;-3.82244727;-60.3638098437;32734.0;19.497;8.227;68.592;1.915;1.769
2010;AM;Careiro da Várzea;-3.1973965949;-59.8263140608;23930.0;16.314;5.788;74.321;1.513;2.064
2010;AM;Coari;-4.0842191588;-63.1421839841;75964.0;15.065;7.144;76.211;1.049;0.531
2010;AM;Codajás;-3.8430459327;-62.0634296605;23206.0;12.872;4.219;81.802;1.03;0.078
2010;AM;Eirunepé;-6.6673525669;-69.8662902624;30665.0;24.826;7.419;63.3;0.682;3.773
2010;AM;Envira;-7.439817544;-70.030412543;16338.0;26.607;2.773;65.993;0.637;3.991
2010;AM;Fonte Boa;-2.5122706845;-66.0965029898;22817.0;10.764;3.129;82.285;0.596;3.226
2010;AM;Guajará;-7.5477744148;-72.5824305383;13974.0;17.289;4.0;78.489;0.057;0.165
2010;AM;Humaitá;-7.5122249506;-63.0266980219;44227.0;21.448;5.241;68.601;1.119;3.591
2010;AM;Ipixuna;-7.0509801144;-71.6944180603;22254.0;29.774;6.579;55.32;0.535;7.792
2010;AM;Iranduba;-3.2810538776;-60.1933881661;40781.0;17.967;3.335;77.406;1.02;0.272
2010;AM;Itacoatiara;-3.1403788039;-58.4401754368;86838.0;18.853;2.689;77.333;0.584;0.541
2010;AM;Itamarati;-6.4377993486;-68.247917436;8038.0;14.917;1.368;70.552;0.846;12.316
2010;AM;Itapiranga;-2.7418427523;-58.034545884;8211.0;19.169;2.095;78.054;0.512;0.171
2010;AM;Japurá;-1.8808448587;-66.9969034946;7326.0;13.295;4.778;63.145;0.382;18.4
2010;AM;Juruá;-3.4748895989;-66.0630419255;10802.0;17.867;2.953;71.292;0.935;6.952
2010;AM;Jutaí;-2.7446464469;-66.7713275467;17992.0;12.294;1.073;71.276;0.417;14.94
2010;AM;Lábrea;-7.2619465533;-64.7947730275;37701.0;20.671;4.122;65.911;0.464;8.833
2010;AM;Manacapuru;-3.2982780355;-60.6205894459;85141.0;16.941;3.385;78.852;0.456;0.366
2010;AM;Manaquiri;-3.4290796694;-60.4588813064;22801.0;15.447;4.649;75.277;0.452;4.175
2010;AM;Manaus;-3.1346914912;-60.0233351811;1802010.0;26.592;4.204;67.832;1.148;0.224
2010;AM;Manicoré;-5.8132052612;-61.2992484089;47017.0;24.013;4.315;65.766;0.481;5.426
2010;AM;Maraã;-1.8664368773;-65.5742837032;17528.0;11.878;4.49;76.683;0.394;6.555
2010;AM;Maués;-3.3864279262;-57.7150343868;52236.0;11.932;3.191;74.837;0.203;9.836
2010;AM;Nhamundá;-2.1889837669;-56.7167699133;18278.0;7.605;0.87;87.05;0.131;4.344
2010;AM;Nova Olinda do Norte;-3.8875928319;-59.093074026;30696.0;13.083;4.584;79.838;1.029;1.466
2010;AM;Novo Airão;-2.623432459;-60.9488107078;14723.0;12.171;5.318;77.009;0.53;4.972
2010;AM;Novo Aripuanã;-5.1226693142;-60.377045669;21451.0;12.358;4.797;80.91;0.704;1.231
2010;AM;Parintins;-2.6270525858;-56.7362921452;102033.0;12.953;2.317;83.368;0.349;1.013
2010;AM;Pauini;-7.7140436443;-67.0020974885;18166.0;18.303;6.369;63.641;0.435;11.252
2010;AM;Presidente Figueiredo;-2.0584290852;-60.0256468345;27175.0;19.165;5.196;72.541;1.133;1.965
2010;AM;Rio Preto da Eva;-2.6933015416;-59.7047380942;25719.0;22.89;12.944;61.682;1.765;0.719
2010;AM;Santa Isabel do Rio Negro;-0.4166948319;-65.0200226395;18146.0;4.475;3.185;30.266;2.838;59.236
2010;AM;Santo Antônio do Içá;-3.1074863092;-67.9464851439;24481.0;7.422;2.23;63.69;0.331;26.327
2010;AM;São Gabriel da Cachoeira;-0.1364627881;-67.0836428963;37896.0;5.803;2.093;14.98;0.554;76.57
2010;AM;São Paulo de Olivença;-3.4665096235;-68.9448534881;31422.0;5.512;4.341;42.079;0.414;47.655
2010;AM;São Sebastião do Uatumã;-2.5701525797;-57.8703463558;10705.0;11.051;2.083;86.418;0.234;0.215
2010;AM;Silves;-2.8364274297;-58.2148008608;8444.0;14.685;0.509;84.012;0.438;0.355
2010;AM;Tabatinga;-4.2318836756;-69.9462443752;52272.0;12.091;2.487;56.577;0.427;28.419
2010;AM;Tapauá;-5.6242235178;-63.1870948672;19077.0;22.032;3.575;64.743;0.115;9.535
2010;AM;Tefé;-3.3483724939;-64.7084196633;61453.0;15.011;2.848;79.99;0.436;1.715
2010;AM;Tonantins;-2.8610912498;-67.7764822807;17079.0;7.676;5.773;68.054;0.509;17.987
2010;AM;Uarini;-2.9836092427;-65.1553456402;11891.0;16.937;11.126;66.597;0.597;4.743
2010;AM;Urucará;-2.5366116718;-57.7598281746;17094.0;13.338;1.562;84.258;0.111;0.731
2010;AM;Urucurituba;-3.1346331156;-58.1596410413;17837.0;14.319;2.439;83.013;0.179;0.05
2010;RR;Amajari;3.6521184454;-61.4205901727;9327.0;6.261;2.219;37.536;0.225;53.758
2010;RR;Alto Alegre;2.9938229477;-61.3140223901;16448.0;10.123;3.769;39.543;0.699;45.866
2010;RR;Boa Vista;2.8166819191;-60.670532673;284313.0;24.75;6.234;64.969;1.04;3.007
2010;RR;Bonfim;3.3502886191;-59.8780066289;10943.0;8.526;4.194;44.074;0.731;42.475
2010;RR;Cantá;2.6076663984;-60.6020628476;13902.0;13.897;5.057;67.81;0.798;12.437
2010;RR;Caracaraí;1.8038712473;-61.1491768701;18398.0;15.502;7.305;73.796;0.734;2.663
2010;RR;Caroebe;0.8726745072;-59.6948100737;8114.0;23.429;4.03;66.626;0.345;5.571
2010;RR;Iracema;2.1682147652;-61.052258585;8696.0;18.054;5.945;56.969;1.023;18.008
2010;RR;Mucajaí;2.4797722351;-60.9115185306;14792.0;17.084;4.854;73.601;0.838;3.624
2010;RR;Normandia;3.8829782853;-59.6352062836;8940.0;4.06;0.649;38.221;0.123;56.946
2010;RR;Pacaraima;4.4752593402;-61.1473063471;10433.0;11.521;2.607;30.049;0.374;55.449
2010;RR;Rorainópolis;0.9371953936;-60.425060494;24279.0;19.692;8.011;68.767;1.314;2.216
2010;RR;São João da Baliza;0.9471574275;-59.9060443452;6769.0;22.16;10.297;62.151;1.108;4.284
2010;RR;São Luiz;1.0181116274;-60.0282667742;6750.0;29.659;9.526;57.63;2.859;0.326
2010;RR;Uiramutã;4.5854403875;-60.195716148;8375.0;0.86;1.54;9.194;0.263;88.143
2010;PA;Abaetetuba;-1.7234698628;-48.8844038207;141100.0;21.741;6.405;71.232;0.565;0.057
2010;PA;Abel Figueiredo;-4.9513908955;-48.3967621258;6780.0;24.41;10.31;63.82;1.298;0.162
2010;PA;Acará;-1.9634365;-48.2004564318;53569.0;11.173;7.618;80.084;1.038;0.088
2010;PA;Afuá;-0.1591716938;-50.3914275892;35042.0;19.479;3.239;76.885;0.394;0.003
2010;PA;Água Azul do Norte;-6.8049488674;-50.4852745073;25057.0;27.09;7.722;61.803;3.368;0.016
2010;PA;Alenquer;-1.951397505;-54.7408623502;52626.0;20.488;6.772;71.666;1.015;0.059
2010;PA;Almeirim;-1.5273388028;-52.5768350868;33614.0;17.249;5.343;74.285;0.696;2.428
2010;PA;Altamira;-3.20565951;-52.2143763052;99075.0;25.525;8.592;60.545;1.592;3.746
2010;PA;Anajás;-0.984451394;-49.9450010405;24759.0;19.767;9.459;70.508;0.258;0.008
2010;PA;Ananindeua;-1.3687135683;-48.3720666542;471978.0;24.506;7.458;67.101;0.77;0.165
2010;PA;Anapu;-3.4761046351;-51.2016217985;20543.0;22.83;9.458;63.628;1.923;2.161
2010;PA;Augusto Corrêa;-1.02292101;-46.6416457857;40497.0;11.922;5.912;81.92;0.235;0.012
2010;PA;Aurora do Pará;-2.1293760132;-47.5561746036;26546.0;17.517;8.419;72.433;1.465;0.166
2010;PA;Aveiro;-3.6055952593;-55.3307343898;15849.0;12.606;5.66;69.809;0.738;11.187
2010;PA;Bagre;-1.8898080604;-50.2219869206;23864.0;18.367;9.676;71.229;0.725;0.004
2010;PA;Baião;-2.7919618614;-49.6727533733;36882.0;16.433;18.415;64.717;0.323;0.111
2010;PA;Bannach;-7.3510721924;-50.4060471215;3431.0;28.009;8.715;59.225;1.02;3.031
2010;PA;Barcarena;-1.505767005;-48.6270728925;99859.0;19.377;5.728;73.996;0.736;0.162
2010;PA;Belém;-1.459845;-48.4878256875;1393308.0;27.273;7.568;64.192;0.805;0.163
2010;PA;Belterra;-2.6490201695;-54.9426747393;16318.0;13.01;3.407;80.482;1.005;2.096
2010;PA;Benevides;-1.361437515;-48.2418364506;51651.0;20.433;8.248;70.128;0.937;0.254
2010;PA;Bom Jesus do Tocantins;-5.0473627043;-48.5990399591;15298.0;20.643;8.374;65.211;0.745;5.027
2010;PA;Bonito;-1.3674743569;-47.3058918169;13630.0;18.452;5.649;74.879;0.998;0.022
2010;PA;Bragança;-1.0535239562;-46.7657542137;113227.0;13.767;4.858;80.785;0.553;0.037
2010;PA;Brasil Novo;-3.297803704;-52.5434411923;15690.0;27.221;10.669;58.464;1.88;1.765
2010;PA;Brejo Grande do Araguaia;-5.7072961538;-48.4057604224;7317.0;19.393;7.257;71.915;0.929;0.506
2010;PA;Breu Branco;-3.7781354129;-49.5698796833;52493.0;18.562;6.957;74.09;0.33;0.061
2010;PA;Breves;-1.6907365;-50.480894799;92860.0;21.333;7.191;70.712;0.68;0.084
2010;PA;Bujaru;-1.5139914623;-48.0358750144;25695.0;12.543;11.411;75.672;0.366;0.008
2010;PA;Cachoeira do Piriá;-1.7528970049;-46.5473914166;26484.0;9.81;5.381;84.089;0.589;0.132
2010;PA;Cachoeira do Arari;-1.0087862656;-48.9606675774;20443.0;10.908;10.057;77.41;1.619;0.005
2010;PA;Cametá;-2.24683848;-49.497830169;120896.0;21.843;6.452;71.121;0.569;0.015
2010;PA;Canaã dos Carajás;-6.5321966156;-49.8489584319;26716.0;26.213;6.842;64.8;1.887;0.258
2010;PA;Capanema;-1.192441995;-47.1751261231;63639.0;26.342;3.991;68.95;0.542;0.174
2010;PA;Capitão Poço;-1.7461872932;-47.0628253774;51893.0;14.738;3.27;81.362;0.52;0.11
2010;PA;Castanhal;-1.295756805;-47.9266431419;173149.0;24.709;5.271;68.807;1.123;0.09
2010;PA;Chaves;-0.1624372901;-49.9893186051;21005.0;10.802;6.908;80.995;1.295;0.0
2010;PA;Colares;-0.932091244;-48.2887284319;11381.0;20.13;2.847;76.329;0.439;0.255
2010;PA;Conceição do Araguaia;-8.26486353;-49.2645008125;45557.0;24.295;9.854;63.338;2.191;0.323
2010;PA;Concórdia do Pará;-1.9845214628;-47.949886939;28216.0;14.85;7.425;77.293;0.425;0.007
2010;PA;Cumaru do Norte;-7.8111065369;-50.7715783775;10466.0;21.135;9.058;57.443;0.889;11.475
2010;PA;Curionópolis;-6.0968199522;-49.602214225;18288.0;20.91;7.431;70.319;1.28;0.06
2010;PA;Curralinho;-1.8094234197;-49.7915228471;28549.0;13.577;3.902;82.367;0.154;0.0
2010;PA;Curuá;-1.8899287043;-55.1196786087;12254.0;18.5;5.696;75.184;0.612;0.008
2010;PA;Curuçá;-0.73249551;-47.8512650859;34294.0;18.257;3.77;77.492;0.426;0.055
2010;PA;Dom Eliseu;-4.29077772;-47.555914886;51319.0;21.253;7.779;69.518;1.364;0.086
2010;PA;Eldorado do Carajás;-6.1035251611;-49.3739519422;31786.0;21.528;8.922;67.709;1.708;0.132
2010;PA;Faro;-2.1729752419;-56.7457530173;8177.0;17.402;2.739;78.843;0.245;0.77
2010;PA;Floresta do Araguaia;-7.5587008724;-49.6975784122;17768.0;25.957;8.29;62.866;2.713;0.174
2010;PA;Garrafão do Norte;-1.9316970431;-47.0450460173;25034.0;14.52;3.943;80.622;0.851;0.064
2010;PA;Goianésia do Pará;-3.842468;-49.1010449237;30436.0;24.826;8.871;65.275;0.851;0.177
2010;PA;Gurupá;-1.404918;-51.6436957234;29062.0;18.502;4.938;74.678;1.875;0.007
2010;PA;Igarapé-Açu;-1.124322;-47.622375492;35887.0;20.576;3.982;74.392;1.009;0.042
2010;PA;Igarapé-Miri;-1.983116;-48.9622994689;58077.0;22.863;7.81;68.812;0.506;0.009
2010;PA;Inhangapi;-1.4265819809;-47.9133927466;10037.0;11.228;13.111;75.032;0.618;0.01
2010;PA;Ipixuna do Pará;-2.5575285;-47.4997175888;51309.0;13.996;6.424;78.119;1.062;0.4
2010;PA;Irituia;-1.771474995;-47.4407556128;31364.0;16.835;5.71;77.088;0.354;0.013
2010;PA;Itaituba;-4.26372948;-55.9900488573;97493.0;22.349;10.726;65.143;0.971;0.81
2010;PA;Itupiranga;-5.1288370264;-49.3244258613;51220.0;21.519;9.137;67.362;1.304;0.677
2010;PA;Jacareacanga;-6.2235517314;-57.7663398584;14103.0;15.663;14.82;27.427;0.659;41.431
2010;PA;Jacundá;-4.448405475;-49.1127815626;51360.0;24.511;7.708;66.861;0.785;0.134
2010;PA;Juruti;-2.155252995;-56.0949976884;47086.0;13.465;3.39;81.192;1.741;0.212
2010;PA;Limoeiro do Ajuru;-1.8919485;-49.3815339012;25021.0;20.403;3.889;75.493;0.216;0.0
2010;PA;Mãe do Rio;-2.0477074408;-47.5522901795;27904.0;21.796;5.107;71.624;1.416;0.057
2010;PA;Magalhães Barata;-0.795850156;-47.5991818965;8115.0;21.688;1.75;76.118;0.431;0.012
2010;PA;Marabá;-5.3526057631;-49.1420253334;233666.0;20.975;7.964;69.824;1.035;0.202
2010;PA;Maracanã;-0.76241946;-47.4552679594;28376.0;21.546;2.509;75.712;0.159;0.074
2010;PA;Marapanim;-0.7121509963;-47.7025487538;26605.0;21.646;2.8;75.407;0.124;0.023
2010;PA;Marituba;-1.3464172656;-48.3405358778;108246.0;22.256;8.337;68.731;0.579;0.097
2010;PA;Medicilândia;-3.4454174122;-52.8883453507;27328.0;24.056;10.787;62.72;2.137;0.3
2010;PA;Melgaço;-1.8034466986;-50.7174646977;24808.0;15.12;5.434;78.66;0.782;0.004
2010;PA;Mocajuba;-2.5828729733;-49.5090234613;26731.0;22.431;6.375;70.009;1.1;0.086
2010;PA;Moju;-1.885889;-48.7671991274;70018.0;16.352;9.448;72.811;1.02;0.37
2010;PA;Monte Alegre;-2.003328;-54.0733747256;55462.0;19.628;4.237;75.069;0.943;0.123
2010;PA;Muaná;-1.5300262084;-49.2168324425;34204.0;20.445;6.181;72.74;0.626;0.009
2010;PA;Nova Esperança do Piriá;-2.267625989;-46.9620928837;20158.0;15.14;5.174;78.941;0.68;0.064
2010;PA;Nova Ipixuna;-4.923086307;-49.079886938;14645.0;18.935;8.529;71.622;0.71;0.205
2010;PA;Nova Timboteua;-1.2041436475;-47.3932022765;13670.0;19.868;4.36;75.421;0.351;0.0
2010;PA;Novo Progresso;-7.0348359133;-55.419870118;25124.0;42.167;8.219;48.48;0.705;0.43
2010;PA;Novo Repartimento;-4.2481485;-49.9486382443;62050.0;21.033;8.276;68.422;1.136;1.133
2010;PA;Óbidos;-1.9092354959;-55.5163235097;49333.0;19.547;7.364;71.08;0.793;1.216
2010;PA;Oeiras do Pará;-2.004734;-49.8551061088;28595.0;13.579;3.847;81.86;0.706;0.007
2010;PA;Oriximiná;-1.7637535;-55.8627995152;62794.0;15.804;10.628;68.019;0.662;4.886
2010;PA;Ourém;-1.5489471423;-47.1176193629;16311.0;14.732;6.658;78.033;0.478;0.098
2010;PA;Ourilândia do Norte;-6.7406170864;-51.0908327747;27359.0;22.3;5.647;64.944;1.356;5.753
2010;PA;Pacajá;-3.8303057038;-50.6348408304;39979.0;17.412;11.136;69.967;1.443;0.043
2010;PA;Palestina do Pará;-5.7499341062;-48.3217937262;7475.0;17.806;8.522;72.789;0.789;0.094
2010;PA;Paragominas;-2.9941905;-47.3569615611;97819.0;21.043;9.33;67.739;0.939;0.948
2010;PA;Parauapebas;-6.0727298876;-49.9007806343;153908.0;23.268;7.869;66.958;1.138;0.767
2010;PA;Pau d'Arco;-7.836794404;-50.0482755319;6033.0;19.924;7.973;66.816;0.729;4.558
2010;PA;Peixe-Boi;-1.1895692408;-47.3179270216;7854.0;24.23;7.156;67.991;0.598;0.025
2010;PA;Piçarra;-6.4536762346;-48.8684006672;12697.0;21.068;10.05;67.843;1.024;0.016
2010;PA;Placas;-3.8673155621;-54.2169681313;23934.0;21.367;9.489;68.267;0.769;0.109
2010;PA;Ponta de Pedras;-1.3965999975;-48.87178556;25999.0;18.097;6.219;75.303;0.362;0.019
2010;PA;Portel;-1.936451;-50.8224904422;52172.0;15.564;6.661;77.248;0.495;0.033
2010;PA;Porto de Moz;-1.7460900888;-52.242476919;33956.0;13.029;7.996;78.575;0.389;0.012
2010;PA;Prainha;-1.8056945;-53.4818139408;29349.0;12.61;2.365;84.8;0.218;0.007
2010;PA;Primavera;-0.9401115159;-47.1172512589;10268.0;21.961;3.769;72.663;1.597;0.01
2010;PA;Quatipuru;-0.9001158537;-47.0067869936;12411.0;25.929;4.343;69.535;0.169;0.024
2010;PA;Redenção;-8.0276045;-50.0296418255;75556.0;26.414;8.379;63.651;1.202;0.355
2010;PA;Rio Maria;-7.3111152447;-50.0464108775;17697.0;30.022;9.889;58.145;1.848;0.096
2010;PA;Rondon do Pará;-4.777821727;-48.0699737494;46964.0;22.2;7.389;69.511;0.56;0.341
2010;PA;Rurópolis;-4.09906539;-54.9058622599;40086.0;21.626;6.267;71.214;0.771;0.122
2010;PA;Salinópolis;-0.623638;-47.3531202632;37421.0;16.838;2.37;80.329;0.342;0.12
2010;PA;Salvaterra;-0.7545259744;-48.5131865994;20183.0;13.021;12.634;73.537;0.758;0.05
2010;PA;Santa Bárbara do Pará;-1.229439467;-48.2977406498;17141.0;15.863;7.654;75.993;0.42;0.07
2010;PA;Santa Cruz do Arari;-0.6599741256;-49.1716155661;8155.0;12.262;16.836;69.319;1.57;0.012
2010;PA;Santa Izabel do Pará;-1.2973959013;-48.163059941;59232.0;18.309;7.601;72.952;1.064;0.074
2010;PA;Santa Luzia do Pará;-1.5188278914;-46.9061692027;19424.0;19.182;4.633;73.085;0.216;2.883
2010;PA;Santa Maria das Barreiras;-8.8705505397;-49.7193518572;17206.0;23.91;9.247;64.658;1.546;0.639
2010;PA;Santa Maria do Pará;-1.3478664593;-47.5746954138;23026.0;20.186;3.136;75.528;0.599;0.552
2010;PA;Santana do Araguaia;-9.329424525;-50.3448043211;56153.0;21.039;11.511;64.672;2.661;0.118
2010;PA;Santarém;-2.43621333;-54.7185701673;294580.0;20.332;5.179;72.67;0.927;0.892
2010;PA;Santarém Novo;-0.9287195358;-47.4009247449;6141.0;11.887;4.674;83.016;0.423;0.0
2010;PA;Santo Antônio do Tauá;-1.1516925;-48.1324330748;26674.0;21.433;4.544;72.985;0.892;0.146
2010;PA;São Caetano de Odivelas;-0.74661776;-48.0258054981;16891.0;18.844;2.256;78.693;0.201;0.006
2010;PA;São Domingos do Araguaia;-5.549841;-48.7203734108;23130.0;22.672;10.0;65.564;1.708;0.056
2010;PA;São Domingos do Capim;-1.6758145;-47.7747845692;29846.0;12.045;5.954;81.612;0.389;0.0
2010;PA;São Félix do Xingu;-6.6424832783;-51.993782524;91340.0;25.012;12.063;60.054;1.455;1.417
2010;PA;São Francisco do Pará;-1.1701887847;-47.7905146107;15060.0;17.158;4.27;78.174;0.392;0.007
2010;PA;São Geraldo do Araguaia;-6.39895797;-48.5557124862;25587.0;22.156;9.798;65.647;1.208;1.192
2010;PA;São João da Ponta;-0.8510021453;-47.9207241656;5265.0;8.585;1.216;90.104;0.076;0.019
2010;PA;São João de Pirabas;-0.7664425315;-47.1726742979;20647.0;18.472;5.328;75.735;0.455;0.01
2010;PA;São João do Araguaia;-5.3590027244;-48.788633402;13155.0;17.165;10.011;71.593;1.148;0.084
2010;PA;São Miguel do Guamá;-1.6171359145;-47.4824089445;51567.0;11.612;5.571;82.314;0.465;0.037
2010;PA;São Sebastião da Boa Vista;-1.7188505;-49.5323121746;22904.0;18.137;1.834;79.855;0.175;0.0
2010;PA;Sapucaia;-6.9428571126;-49.7035807119;5047.0;26.412;5.488;67.188;0.773;0.139
2010;PA;Senador José Porfírio;-2.5948504183;-51.953056418;13045.0;13.683;8.149;74.358;0.452;3.358
2010;PA;Soure;-0.7259255;-48.5160126623;23001.0;15.143;12.799;70.701;1.174;0.183
2010;PA;Tailândia;-2.9370795;-48.9512816296;79297.0;23.085;9.4;65.508;1.926;0.081
2010;PA;Terra Alta;-1.0348266636;-47.9078083484;10262.0;20.932;2.855;75.862;0.322;0.029
2010;PA;Terra Santa;-2.1081144737;-56.4909047722;16949.0;20.119;3.127;76.04;0.555;0.159
2010;PA;Tomé-Açu;-2.4193668553;-48.1468965866;56518.0;19.422;7.81;70.875;1.362;0.531
2010;PA;Tracuateua;-1.0687840586;-46.8994783371;27455.0;10.162;2.069;87.561;0.204;0.004
2010;PA;Trairão;-4.6998191497;-55.9961700349;16875.0;23.745;9.57;62.341;2.376;1.967
2010;PA;Tucumã;-6.7499720074;-51.1395392466;33688.0;33.332;7.483;57.222;1.79;0.172
2010;PA;Tucuruí;-3.7668890843;-49.6671843672;97128.0;24.993;8.596;64.999;0.835;0.578
2010;PA;Ulianópolis;-3.75719301;-47.503144755;43341.0;22.454;10.203;66.274;1.029;0.039
2010;PA;Uruará;-3.7065285;-53.7370310505;44789.0;26.56;7.424;64.907;1.025;0.085
2010;PA;Vigia;-0.8555325737;-48.1414985852;47889.0;23.218;3.919;72.344;0.478;0.04
2010;PA;Viseu;-1.2032785267;-46.1387652161;56716.0;15.787;5.52;77.55;1.061;0.081
2010;PA;Vitória do Xingu;-2.8837657102;-52.0112603538;13431.0;22.456;7.9;66.406;2.278;0.96
2010;PA;Xinguara;-7.1015128271;-49.9427005844;40573.0;26.924;7.547;63.434;1.974;0.121
2010;AP;Serra do Navio;0.897841041;-52.0035384353;4380.0;24.977;4.589;70.114;0.297;0.023
2010;AP;Amapá;2.0539212447;-50.7932144703;8069.0;19.321;4.263;76.267;0.112;0.037
2010;AP;Pedra Branca do Amapari;0.7768828606;-51.9465942733;10772.0;16.701;6.851;67.694;0.557;8.197
2010;AP;Calçoene;2.4965590446;-50.9447727343;9000.0;18.167;15.4;65.489;0.767;0.178
2010;AP;Cutias;0.9710780554;-50.8016260299;4696.0;19.421;5.153;74.766;0.575;0.085
2010;AP;Ferreira Gomes;0.8539773931;-51.187429046;5800.0;16.517;13.707;69.5;0.121;0.155
2010;AP;Itaubal;0.6006532883;-50.7001794374;4265.0;14.982;7.128;77.069;0.727;0.094
2010;AP;Laranjal do Jari;-0.8556645;-52.5390207369;39942.0;19.648;7.879;71.779;0.506;0.188
2010;AP;Macapá;0.03895101;-51.057405457;398204.0;26.392;9.624;62.712;1.091;0.182
2010;AP;Mazagão;-0.1243963288;-51.2860768561;17032.0;17.784;11.144;67.361;3.499;0.211
2010;AP;Oiapoque;3.8511307326;-51.8305525553;20509.0;17.578;6.114;48.569;0.585;27.154
2010;AP;Porto Grande;0.7125547018;-51.414448823;16809.0;21.477;6.877;70.159;1.315;0.173
2010;AP;Pracuúba;1.7425084871;-50.7842537213;3793.0;14.316;11.047;73.557;0.949;0.132
2010;AP;Santana;-0.0383734791;-51.1728464651;101262.0;23.041;5.94;70.334;0.636;0.048
2010;AP;Tartarugalzinho;1.5098482403;-50.9127861523;12563.0;18.594;7.641;72.57;1.178;0.016
2010;AP;Vitória do Jari;-0.9189770885;-52.4196147796;12428.0;20.076;8.867;70.446;0.612;0.0
2010;TO;Abreulândia;-9.621790712;-49.1624375555;2391.0;28.607;6.817;62.233;2.133;0.209
2010;TO;Aguiarnópolis;-6.5471708206;-47.4704565879;5162.0;20.477;7.323;70.283;1.86;0.058
2010;TO;Aliança do Tocantins;-11.3037430465;-48.9412400221;5671.0;25.498;9.716;61.171;3.527;0.088
2010;TO;Almas;-11.5745234694;-47.1741716842;7586.0;13.354;13.894;70.446;2.228;0.079
2010;TO;Alvorada;-12.4788153208;-49.1268114067;8374.0;28.266;5.481;63.972;2.221;0.06
2010;TO;Ananás;-6.3628181541;-48.0797646062;9865.0;24.551;10.634;61.419;3.305;0.091
2010;TO;Angico;-6.3877527497;-47.8620778392;3175.0;22.835;10.835;64.976;1.323;0.031
2010;TO;Aparecida do Rio Negro;-9.9558777146;-47.9766700114;4213.0;19.416;9.898;70.093;0.38;0.214
2010;TO;Aragominas;-7.1643492714;-48.5234301923;5882.0;21.557;13.482;60.83;4.012;0.119
2010;TO;Araguacema;-8.8018025441;-49.5618126396;6317.0;18.237;9.941;71.363;0.427;0.032
2010;TO;Araguaçu;-12.9255837119;-49.8286124433;8786.0;35.363;7.671;55.919;0.876;0.171
2010;TO;Araguaína;-7.1913289397;-48.2087052519;150484.0;28.58;7.617;61.621;1.993;0.189
2010;TO;Araguanã;-6.58224942;-48.6437495469;5030.0;20.954;11.531;63.4;3.817;0.298
2010;TO;Araguatins;-5.650586473;-48.123507343;31329.0;20.645;8.561;68.703;1.976;0.115
2010;TO;Arapoema;-7.6525697354;-49.0756373853;6742.0;23.613;5.77;69.861;0.727;0.03
2010;TO;Arraias;-12.9344198593;-46.9461070586;10645.0;10.521;24.603;63.917;0.892;0.066
2010;TO;Augustinópolis;-5.4654142959;-47.880956791;15950.0;21.824;6.708;70.583;0.834;0.05
2010;TO;Aurora do Tocantins;-12.7084898611;-46.4070829809;3446.0;16.512;8.909;73.128;1.335;0.116
2010;TO;Axixá do Tocantins;-5.6243090659;-47.7741560325;9275.0;21.154;8.981;68.571;1.013;0.28
2010;TO;Babaçulândia;-7.2018645321;-47.758816127;10424.0;21.681;6.744;70.175;1.247;0.153
2010;TO;Bandeirantes do Tocantins;-7.7648591413;-48.5783806049;3122.0;29.821;8.616;57.623;3.94;0.0
2010;TO;Barra do Ouro;-7.6917665987;-47.6871349692;4123.0;20.252;5.942;72.981;0.825;0.0
2010;TO;Barrolândia;-9.8316533645;-48.7314605907;5349.0;30.006;3.515;66.05;0.374;0.056
2010;TO;Bernardo Sayão;-7.8685124833;-48.8990543467;4456.0;26.593;3.838;65.238;4.219;0.112
2010;TO;Bom Jesus do Tocantins;-8.9633480129;-48.1663804935;3768.0;20.913;7.033;71.205;0.796;0.053
2010;TO;Brasilândia do Tocantins;-8.3848893511;-48.4853744191;2064.0;18.653;5.281;75.0;1.017;0.048
2010;TO;Brejinho de Nazaré;-11.0108050562;-48.5586602282;5185.0;12.864;20.482;65.092;1.408;0.154
2010;TO;Buriti do Tocantins;-5.3135388564;-48.2232501281;9768.0;20.608;12.029;64.752;2.344;0.266
2010;TO;Cachoeirinha;-6.1132416465;-47.9141977786;2148.0;18.575;5.54;73.51;2.328;0.047
2010;TO;Campos Lindos;-7.9716813941;-46.8019743467;8139.0;14.535;8.121;76.729;0.614;0.0
2010;TO;Cariri do Tocantins;-11.8889974639;-49.171040729;3756.0;27.396;5.378;66.667;0.559;0.0
2010;TO;Carmolândia;-7.0314787779;-48.3959599306;2316.0;21.114;13.472;62.867;2.461;0.086
2010;TO;Carrasco Bonito;-5.3226613549;-48.0306334266;3688.0;18.926;13.313;67.354;0.325;0.081
2010;TO;Caseara;-9.2674062189;-49.9486922678;4601.0;15.453;5.912;78.179;0.456;0.0
2010;TO;Centenário;-8.9584636391;-47.3383985146;2566.0;18.005;3.352;78.293;0.351;0.0
2010;TO;Chapada de Areia;-10.1419885833;-49.183107858;1335.0;29.213;15.655;52.36;2.772;0.0
2010;TO;Chapada da Natividade;-11.6242678314;-47.7539048919;3277.0;14.312;16.173;69.301;0.122;0.092
2010;TO;Colinas do Tocantins;-8.0546246755;-48.4815945437;30838.0;29.577;7.163;61.042;1.988;0.23
2010;TO;Combinado;-12.818607672;-46.5520723403;4669.0;27.393;5.826;66.395;0.364;0.021
2010;TO;Conceição do Tocantins;-12.217277767;-47.2928688108;4182.0;12.147;24.462;60.282;3.085;0.024
2010;TO;Couto Magalhães;-8.3551183696;-49.1765715709;5009.0;25.494;13.037;58.095;2.815;0.559
2010;TO;Cristalândia;-10.5907246371;-49.1863002913;7234.0;20.473;7.133;70.39;1.673;0.332
2010;TO;Crixás do Tocantins;-11.1042742936;-48.9155138256;1564.0;19.501;10.806;68.095;1.343;0.256
2010;TO;Darcinópolis;-6.7123510015;-47.7521611103;5273.0;21.032;8.344;67.4;3.186;0.038
2010;TO;Dianópolis;-11.6252318781;-46.8204090669;19112.0;20.307;12.51;66.074;0.989;0.12
2010;TO;Divinópolis do Tocantins;-9.7953011402;-49.2054131874;6363.0;28.619;3.615;67.201;0.55;0.016
2010;TO;Dois Irmãos do Tocantins;-9.2612967098;-49.0673386443;7161.0;22.483;5.041;70.968;1.452;0.056
2010;TO;Dueré;-11.3412854168;-49.2658759162;4592.0;22.387;4.443;72.169;0.958;0.044
2010;TO;Esperantina;-5.3666080594;-48.5441476004;9476.0;11.851;10.447;75.971;1.71;0.021
2010;TO;Fátima;-10.7525087281;-48.8989826587;3805.0;23.364;5.23;68.725;2.654;0.026
2010;TO;Figueirópolis;-12.1367799832;-49.1738467307;5340.0;29.288;8.876;60.73;0.787;0.318
2010;TO;Filadélfia;-7.3376119059;-47.4849641415;8505.0;22.975;8.019;68.325;0.6;0.082
2010;TO;Formoso do Araguaia;-11.8051419686;-49.5268603629;18427.0;22.614;6.713;62.881;1.883;5.91
2010;TO;Fortaleza do Tabocão;-9.0589653011;-48.517426421;2419.0;23.646;6.986;67.714;1.654;0.0
2010;TO;Goianorte;-8.7705208048;-48.9368901924;4956.0;27.926;4.217;65.981;1.776;0.101
2010;TO;Goiatins;-7.7091723902;-47.3154354892;12064.0;19.753;8.961;56.117;1.625;13.544
2010;TO;Guaraí;-8.8361656575;-48.5086406065;23200.0;27.802;6.698;63.03;2.276;0.194
2010;TO;Gurupi;-11.7297723229;-49.0714774689;76755.0;31.021;7.614;60.185;0.945;0.236
2010;TO;Ipueiras;-11.2462886216;-48.4519262289;1639.0;12.874;3.722;83.038;0.0;0.366
2010;TO;Itacajá;-8.3909805523;-47.7681124027;7104.0;21.805;8.361;55.068;1.478;13.288
2010;TO;Itaguatins;-5.7753850884;-47.479935949;6029.0;16.437;6.635;76.331;0.514;0.083
2010;TO;Itapiratins;-8.3843295934;-48.1111996095;3532.0;22.508;10.504;63.25;3.709;0.028
2010;TO;Itaporã do Tocantins;-8.5688286116;-48.6932637032;2445.0;27.975;5.235;64.458;2.29;0.041
2010;TO;Jaú do Tocantins;-12.6529263693;-48.5946082927;3507.0;25.406;8.269;64.443;1.882;0.0
2010;TO;Juarina;-8.1174239676;-49.0986431854;2231.0;22.501;4.931;71.448;1.076;0.045
2010;TO;Lagoa da Confusão;-10.7886955576;-49.6200853391;10210.0;19.922;5.847;56.65;0.441;17.14
2010;TO;Lagoa do Tocantins;-10.296886697;-47.5614466303;3525.0;15.801;10.241;71.745;2.213;0.0
2010;TO;Lajeado;-9.7446824357;-48.3585039507;2773.0;32.925;47.53;18.392;0.974;0.18
2010;TO;Lavandeira;-12.7916587877;-46.5066757157;1605.0;16.262;9.408;74.143;0.187;0.0
2010;TO;Lizarda;-9.5945702878;-46.6751654558;3725.0;10.631;5.664;82.121;1.557;0.027
2010;TO;Luzinópolis;-6.1939896602;-47.8568280414;2622.0;21.93;8.924;68.917;0.114;0.114
2010;TO;Marianópolis do Tocantins;-9.7988803594;-49.6510339944;4352.0;26.126;11.098;59.398;3.079;0.299
2010;TO;Mateiros;-10.5444288461;-46.4124657431;2223.0;13.135;14.485;67.566;4.813;0.0
2010;TO;Maurilândia do Tocantins;-5.9525664212;-47.5048799602;3154.0;17.089;5.961;70.45;1.776;4.724
2010;TO;Miracema do Tocantins;-9.5683460776;-48.3879913115;20684.0;26.039;8.983;62.952;1.518;0.508
2010;TO;Miranorte;-9.5174047311;-48.5926319369;12623.0;34.453;7.938;55.534;1.901;0.174
2010;TO;Monte do Carmo;-10.7635421946;-48.1104200299;6716.0;12.701;11.629;74.226;1.385;0.06
2010;TO;Monte Santo do Tocantins;-10.0055914318;-48.9908906034;2085.0;30.887;7.194;59.76;2.158;0.0
2010;TO;Palmeiras do Tocantins;-6.6118623346;-47.5586835263;5740.0;22.596;7.648;69.268;0.488;0.0
2010;TO;Muricilândia;-7.1385192852;-48.606745277;3152.0;18.179;15.197;62.563;4.061;0.0
2010;TO;Natividade;-11.7053573825;-47.7272575338;9000.0;14.4;16.322;68.033;1.222;0.022
2010;TO;Nazaré;-6.3725579693;-47.6669771825;4386.0;17.898;8.071;72.481;1.55;0.0
2010;TO;Nova Olinda;-7.6333149107;-48.42480679;10686.0;24.874;5.503;68.201;1.394;0.028
2010;TO;Nova Rosalândia;-10.5668711393;-48.9061807245;3770.0;21.247;10.133;66.95;1.671;0.0
2010;TO;Novo Acordo;-9.9684864657;-47.6681483922;3762.0;16.082;6.061;76.156;1.356;0.346
2010;TO;Novo Alegre;-12.9099386744;-46.5772973537;2286.0;24.847;7.918;66.185;1.05;0.0
2010;TO;Novo Jardim;-11.8158750501;-46.6307872959;2457.0;16.606;6.309;76.801;0.285;0.0
2010;TO;Oliveira de Fátima;-10.7083627091;-48.9074015689;1037.0;24.108;6.943;68.66;0.193;0.096
2010;TO;Palmeirante;-7.8575613761;-47.934249709;4954.0;18.288;2.947;77.836;0.727;0.202
2010;TO;Palmeirópolis;-13.0398884337;-48.4134139552;7339.0;27.565;7.331;63.932;1.117;0.055
2010;TO;Paraíso do Tocantins;-10.171220755;-48.886630084;44417.0;33.6;5.367;58.995;1.92;0.117
2010;TO;Paranã;-12.6204814887;-47.8840837284;10338.0;8.358;18.891;68.698;4.024;0.029
2010;TO;Pau d'Arco;-7.5399983557;-49.363306481;4588.0;24.608;11.247;63.47;0.305;0.371
2010;TO;Pedro Afonso;-8.9644495924;-48.1775561127;11539.0;24.283;6.552;66.73;2.349;0.087
2010;TO;Peixe;-12.0297738309;-48.5378106263;10384.0;17.826;14.599;65.139;2.109;0.327
2010;TO;Pequizeiro;-8.5933406544;-48.9351798669;5054.0;25.564;6.371;65.235;2.493;0.336
2010;TO;Colméia;-8.7293718068;-48.7570665857;8611.0;34.468;8.64;56.01;0.79;0.093
2010;TO;Pindorama do Tocantins;-11.1382025847;-47.5756877173;4506.0;24.123;12.605;63.16;0.111;0.0
2010;TO;Piraquê;-6.7697770334;-48.2937073911;2920.0;20.651;14.315;62.5;2.397;0.137
2010;TO;Pium;-10.4409311179;-49.1666580116;6694.0;21.213;6.917;60.741;1.972;9.157
2010;TO;Ponte Alta do Bom Jesus;-12.0878129084;-46.4695867924;4544.0;10.849;5.458;80.832;2.861;0.0
2010;TO;Ponte Alta do Tocantins;-10.7406728487;-47.5411803583;7180.0;16.978;11.212;70.084;1.727;0.0
2010;TO;Porto Alegre do Tocantins;-11.6072590991;-47.0474256004;2796.0;13.233;11.946;73.212;1.609;0.0
2010;TO;Porto Nacional;-10.708569917;-48.4121534584;49146.0;22.492;13.513;61.271;2.472;0.252
2010;TO;Praia Norte;-5.3967128774;-47.8147317333;7659.0;18.436;10.759;68.508;2.272;0.026
2010;TO;Presidente Kennedy;-8.5299608276;-48.5043306701;3681.0;21.108;6.411;71.095;1.385;0.0
2010;TO;Pugmil;-10.4243071562;-48.8942204488;2369.0;26.382;10.933;62.094;0.591;0.0
2010;TO;Recursolândia;-8.7353604539;-47.238041195;3768.0;15.393;7.617;75.027;1.831;0.133
2010;TO;Riachinho;-6.4422113877;-48.141045502;4191.0;17.752;20.019;60.248;1.957;0.024
2010;TO;Rio da Conceição;-11.4049400239;-46.8803997046;1714.0;13.477;10.093;74.562;1.809;0.058
2010;TO;Rio dos Bois;-9.3437422387;-48.5330479716;2570.0;18.677;3.969;75.253;1.984;0.117
2010;TO;Rio Sono;-9.3477893341;-47.8999416391;6254.0;14.183;4.669;79.853;1.295;0.0
2010;TO;Sampaio;-5.3492956165;-47.8757924572;3864.0;16.486;15.399;65.062;2.614;0.44
2010;TO;Sandolândia;-12.5416001675;-49.9333881543;3326.0;32.832;8.388;56.945;1.443;0.391
2010;TO;Santa Fé do Araguaia;-7.149936385;-48.6939418034;6599.0;27.504;8.138;58.251;1.303;4.804
2010;TO;Santa Maria do Tocantins;-8.7749764493;-47.7452704192;2894.0;25.259;6.565;67.692;0.346;0.138
2010;TO;Santa Rita do Tocantins;-10.8664553694;-48.9092940074;2128.0;22.509;9.68;67.011;0.799;0.0
2010;TO;Santa Rosa do Tocantins;-11.4514039985;-48.1199542218;4568.0;8.165;12.741;77.671;1.423;0.0
2010;TO;Santa Tereza do Tocantins;-10.2823615278;-47.8062883215;2523.0;16.29;11.455;71.621;0.634;0.0
2010;TO;Santa Terezinha do Tocantins;-6.4369976184;-47.684285363;2474.0;26.758;8.407;64.834;0.0;0.0
2010;TO;São Bento do Tocantins;-6.0449992572;-47.9193922871;4608.0;18.099;11.979;68.099;1.194;0.629
2010;TO;São Félix do Tocantins;-10.173285854;-46.654980831;1437.0;10.021;11.969;73.069;4.941;0.0
2010;TO;São Miguel do Tocantins;-5.5538195288;-47.5730023394;10481.0;19.922;14.674;62.609;2.624;0.172
2010;TO;São Salvador do Tocantins;-12.7474334145;-48.2320849917;2910.0;12.199;10.756;73.265;3.436;0.344
2010;TO;São Sebastião do Tocantins;-5.2589614537;-48.203834149;4283.0;17.581;13.729;66.495;2.195;0.0
2010;TO;São Valério;-11.9730674595;-48.2329484334;4383.0;17.568;19.347;58.476;4.312;0.297
2010;TO;Silvanópolis;-11.1498613086;-48.1798241355;5068.0;13.516;16.081;70.067;0.335;0.0
2010;TO;Sítio Novo do Tocantins;-5.6047268567;-47.6374226505;9148.0;19.294;8.483;70.267;1.815;0.142
2010;TO;Sucupira;-11.9862215109;-48.9111262827;1742.0;25.086;15.672;58.668;0.574;0.0
2010;TO;Taguatinga;-12.3961417387;-46.4387317009;15051.0;16.922;6.345;74.786;1.894;0.053
2010;TO;Taipas do Tocantins;-12.1928372091;-46.9845717959;1945.0;10.231;6.838;80.925;1.954;0.051
2010;TO;Talismã;-12.7875384069;-49.0911184339;2562.0;25.839;14.559;56.87;2.381;0.351
2010;TO;Palmas;-10.1632533268;-48.3510437082;228330.0;32.39;9.352;55.415;2.626;0.217
2010;TO;Tocantínia;-9.558147734;-48.3758796714;6736.0;10.526;4.053;41.33;1.202;42.889
2010;TO;Tocantinópolis;-6.325634376;-47.4274129287;22619.0;21.004;8.86;62.549;0.177;7.41
2010;TO;Tupirama;-8.9805695494;-48.2066848031;1574.0;23.189;9.149;65.438;1.906;0.318
2010;TO;Tupiratins;-8.395529997;-48.1229957409;2097.0;17.072;19.552;59.227;4.006;0.143
2010;TO;Wanderlândia;-6.850125517;-47.95626773;10981.0;19.188;6.457;74.228;0.091;0.036
2010;TO;Xambioá;-6.41188502;-48.53160107;11484.0;21.717;11.773;63.314;3.126;0.07
2010;MA;Açailândia;-4.9513770002;-47.5066645931;104047.0;24.745;7.648;66.386;1.048;0.174
2010;MA;Afonso Cunha;-4.1350154769;-43.320869004;5905.0;12.362;7.062;78.239;2.337;0.0
2010;MA;Água Doce do Maranhão;-2.8402782791;-42.1155512017;11581.0;24.022;1.425;74.337;0.216;0.0
2010;MA;Alcântara;-2.4032765251;-44.4170125373;21851.0;16.246;26.086;57.009;0.513;0.146
2010;MA;Aldeias Altas;-4.6307794952;-43.4687348529;23952.0;12.65;9.473;75.973;1.879;0.025
2010;MA;Altamira do Maranhão;-4.1622692669;-45.4646758312;11063.0;18.847;5.324;74.266;1.546;0.018
2010;MA;Alto Alegre do Maranhão;-4.207227;-44.4482474945;24599.0;14.834;7.834;76.78;0.528;0.024
2010;MA;Alto Alegre do Pindaré;-3.6651703745;-45.8420796162;31057.0;15.839;9.721;73.391;0.95;0.1
2010;MA;Alto Parnaíba;-9.1083659322;-45.9273440133;10766.0;13.385;8.044;77.29;1.198;0.084
2010;MA;Amapá do Maranhão;-1.6809214951;-46.0091799004;6431.0;17.664;4.447;77.282;0.591;0.016
2010;MA;Amarante do Maranhão;-5.5576620002;-46.7506375455;37928.0;19.139;4.632;62.35;0.459;13.42
2010;MA;Anajatuba;-3.2575548421;-44.6206700278;25291.0;33.664;4.14;61.907;0.257;0.032
2010;MA;Anapurus;-3.6670346623;-43.1057925097;13939.0;17.211;4.161;77.825;0.796;0.007
2010;MA;Apicum-Açu;-1.5305915778;-45.0766520734;14959.0;16.672;12.073;70.299;0.943;0.013
2010;MA;Araguanã;-2.9491256233;-45.6687944761;13973.0;16.038;14.557;66.607;0.308;2.491
2010;MA;Araioses;-2.8892558464;-41.8991394499;42505.0;21.988;5.486;71.443;1.014;0.068
2010;MA;Arame;-4.886081505;-46.0136362778;31702.0;20.494;9.876;60.75;0.956;7.924
2010;MA;Arari;-3.4591709701;-44.7788346547;28488.0;35.06;7.161;57.322;0.397;0.06
2010;MA;Axixá;-2.8377968371;-44.0545858091;11407.0;16.832;8.959;73.814;0.377;0.018
2010;MA;Bacabal;-4.2315246298;-44.7815559641;99995.0;23.396;13.871;61.138;1.478;0.117
2010;MA;Bacabeira;-2.9858247788;-44.3154229866;14925.0;25.353;7.384;66.848;0.389;0.027
2010;MA;Bacuri;-1.7240463185;-45.1373489396;16604.0;11.311;28.933;56.715;2.957;0.084
2010;MA;Bacurituba;-2.7108719765;-44.7357420062;5293.0;8.464;29.322;60.759;1.455;0.0
2010;MA;Balsas;-7.5311699902;-46.0389926733;83528.0;22.477;7.827;67.495;2.027;0.174
2010;MA;Barão de Grajaú;-6.7589552056;-43.0264526994;17841.0;21.512;9.086;67.799;1.541;0.062
2010;MA;Barra do Corda;-5.5083395;-45.2390110161;82830.0;24.538;5.526;65.137;0.656;4.143
2010;MA;Barreirinhas;-2.7500859488;-42.8278025132;54930.0;18.729;4.464;76.273;0.506;0.027
2010;MA;Belágua;-3.1567722275;-43.5100616427;6524.0;18.179;4.568;76.686;0.429;0.138
2010;MA;Bela Vista do Maranhão;-3.7377332499;-45.2482458782;12049.0;24.483;11.769;62.603;1.112;0.033
2010;MA;Benedito Leite;-7.2187997954;-44.559856799;5469.0;27.848;6.235;65.222;0.567;0.128
2010;MA;Bequimão;-2.4620629951;-44.7857301569;20344.0;34.02;20.837;44.632;0.467;0.044
2010;MA;Bernardo do Mearim;-4.6302874908;-44.7643231035;5996.0;31.288;7.388;59.757;1.568;0.0
2010;MA;Boa Vista do Gurupi;-1.7932961358;-46.2987100525;7949.0;13.675;6.479;79.557;0.151;0.138
2010;MA;Bom Jardim;-3.5441609779;-45.6018893891;39049.0;17.109;9.67;68.962;1.521;2.738
2010;MA;Bom Jesus das Selvas;-4.4899683531;-46.8532412231;28459.0;13.328;8.296;72.315;2.548;3.514
2010;MA;Bom Lugar;-4.3755096015;-45.0311078563;14818.0;22.749;6.587;69.26;1.404;0.0
2010;MA;Brejo;-3.679178;-42.7508478268;33359.0;17.761;8.456;72.068;1.583;0.132
2010;MA;Brejo de Areia;-4.3306298975;-45.5820952718;5577.0;18.54;4.572;74.018;2.869;0.0
2010;MA;Buriti;-3.9455715;-42.9251061778;27013.0;18.858;5.594;74.557;0.977;0.015
2010;MA;Buriti Bravo;-5.8352881321;-43.8356215415;22899.0;18.8;13.988;66.33;0.882;0.0
2010;MA;Buriticupu;-4.3259477263;-46.4514953191;65237.0;22.009;6.607;69.559;1.15;0.676
2010;MA;Buritirana;-5.5889151417;-47.0172250932;14784.0;21.625;4.985;72.754;0.487;0.149
2010;MA;Cachoeira Grande;-2.9319210391;-44.0596850158;8446.0;20.684;4.251;73.348;0.616;1.101
2010;MA;Cajapió;-2.8828822032;-44.6733771646;10593.0;15.18;6.712;77.523;0.585;0.0
2010;MA;Cajari;-3.3238688309;-45.007965335;18338.0;14.549;5.879;79.093;0.458;0.022
2010;MA;Campestre do Maranhão;-6.1647166458;-47.3676328633;13369.0;24.018;5.109;70.207;0.441;0.224
2010;MA;Cândido Mendes;-1.4538891085;-45.7372683656;18505.0;17.892;8.787;72.299;0.989;0.032
2010;MA;Cantanhede;-3.6283643119;-44.3818161358;20448.0;12.358;5.829;81.553;0.24;0.02
2010;MA;Capinzal do Norte;-4.7212453888;-44.330436252;10698.0;19.368;8.301;71.443;0.879;0.009
2010;MA;Carolina;-7.3307830052;-47.4700918028;23959.0;24.596;7.838;65.157;2.22;0.188
2010;MA;Carutapera;-1.200602;-46.0231508346;22006.0;16.7;3.776;78.31;0.718;0.495
2010;MA;Caxias;-4.8616749902;-43.3585394285;155127.0;18.262;13.062;66.679;1.861;0.136
2010;MA;Cedral;-1.9979159256;-44.5307895278;10297.0;17.782;5.273;76.644;0.194;0.107
2010;MA;Central do Maranhão;-2.1913139076;-44.8318437025;7887.0;10.511;30.417;58.235;0.837;0.0
2010;MA;Centro do Guilherme;-2.4569850818;-46.0399601132;12565.0;21.584;11.023;64.91;2.475;0.008
2010;MA;Centro Novo do Maranhão;-2.1442916986;-46.128408955;17622.0;18.267;7.973;70.86;1.305;1.595
2010;MA;Chapadinha;-3.74002452;-43.3611207818;73350.0;24.402;5.741;68.53;1.276;0.05
2010;MA;Cidelândia;-5.1774210472;-47.7842327757;13681.0;21.731;8.208;68.869;1.155;0.037
2010;MA;Codó;-4.4513375001;-43.886080235;118038.0;14.181;13.13;71.532;1.069;0.088
2010;MA;Coelho Neto;-4.2547375001;-43.0140136155;46750.0;15.234;10.336;71.658;2.717;0.056
2010;MA;Colinas;-6.0273655202;-44.2497802305;39132.0;21.68;12.583;63.513;2.065;0.158
2010;MA;Conceição do Lago-Açu;-3.8411184579;-44.9030159052;14436.0;21.523;11.167;66.41;0.866;0.035
2010;MA;Coroatá;-4.128976;-44.1255992015;61725.0;21.934;9.294;68.094;0.65;0.028
2010;MA;Cururupu;-1.8255207812;-44.867761617;32652.0;13.233;19.132;65.886;1.586;0.162
2010;MA;Davinópolis;-5.5344562161;-47.4049963875;12579.0;21.933;8.737;68.511;0.7;0.119
2010;MA;Dom Pedro;-5.0384476352;-44.440009911;22681.0;25.29;6.018;67.801;0.869;0.022
2010;MA;Duque Bacelar;-4.1478190971;-42.9441802036;10649.0;12.978;4.883;81.848;0.291;0.0
2010;MA;Esperantinópolis;-4.8703008975;-44.886068699;18452.0;24.236;4.72;70.404;0.629;0.011
2010;MA;Estreito;-6.5680849802;-47.4478829861;35835.0;26.022;5.673;67.255;0.904;0.145
2010;MA;Feira Nova do Maranhão;-6.9631355406;-46.687355216;8126.0;15.001;3.581;80.236;1.181;0.0
2010;MA;Fernando Falcão;-6.1549784629;-44.9107074022;9241.0;20.95;4.026;47.884;0.693;26.447
2010;MA;Formosa da Serra Negra;-6.4353041056;-46.1863570069;17757.0;25.601;7.473;65.585;1.273;0.068
2010;MA;Fortaleza dos Nogueiras;-6.9659260875;-46.185557542;11646.0;23.158;10.338;64.065;2.439;0.0
2010;MA;Fortuna;-5.7362241325;-44.1606284272;15098.0;23.347;9.054;66.419;1.179;0.0
2010;MA;Godofredo Viana;-1.4098001867;-45.7717548081;10635.0;18.025;11.584;69.252;1.072;0.066
2010;MA;Gonçalves Dias;-5.1439555695;-44.3059065359;17482.0;23.905;9.267;63.803;3.015;0.011
2010;MA;Governador Archer;-5.0253878239;-44.2757565261;10205.0;16.286;6.281;76.051;1.382;0.0
2010;MA;Governador Edison Lobão;-5.7474117385;-47.368935839;15895.0;22.856;5.115;71.098;0.862;0.069
2010;MA;Governador Eugênio Barros;-5.3224910015;-44.246962646;15991.0;17.191;11.619;70.052;1.119;0.019
2010;MA;Governador Luiz Rocha;-5.4728646849;-44.0708873355;7337.0;16.642;6.27;75.412;1.649;0.027
2010;MA;Governador Newton Bello;-3.4297047199;-45.674501797;11917.0;13.032;6.201;79.617;1.15;0.0
2010;MA;Governador Nunes Freire;-2.13496236;-45.8814811328;25401.0;15.578;7.236;76.528;0.571;0.087
2010;MA;Graça Aranha;-5.4048212131;-44.3357912599;6140.0;20.945;8.827;68.029;2.199;0.0
2010;MA;Grajaú;-5.8185484313;-46.142395636;62093.0;24.752;7.22;60.281;1.089;6.659
2010;MA;Guimarães;-2.1350771584;-44.5977464563;12081.0;13.376;11.464;74.158;0.977;0.025
2010;MA;Humberto de Campos;-2.5912239723;-43.4650921443;26189.0;13.265;5.705;79.72;1.26;0.05
2010;MA;Icatu;-2.7748278631;-44.0658484686;25145.0;8.463;8.527;82.422;0.581;0.008
2010;MA;Igarapé do Meio;-3.6367085219;-45.1833277022;12550.0;17.49;15.713;64.502;2.271;0.024
2010;MA;Igarapé Grande;-4.6608538062;-44.8674033459;11041.0;26.909;9.238;62.685;1.114;0.054
2010;MA;Imperatriz;-5.5265240252;-47.4798108058;247505.0;30.624;8.14;59.785;1.248;0.202
2010;MA;Itaipava do Grajaú;-5.1445822618;-45.7926825035;14297.0;19.025;3.742;69.322;1.07;6.841
2010;MA;Itapecuru Mirim;-3.3990454801;-44.3542633904;62110.0;17.788;9.164;72.737;0.269;0.042
2010;MA;Itinga do Maranhão;-4.4550039984;-47.5279099638;24863.0;23.871;9.038;65.238;1.77;0.084
2010;MA;Jatobá;-5.8196669368;-44.2199147698;8526.0;20.103;5.993;71.323;2.463;0.117
2010;MA;Jenipapo dos Vieiras;-5.3694249264;-45.6333791074;15440.0;13.187;3.225;47.688;0.687;35.214
2010;MA;João Lisboa;-5.4536629416;-47.4050361498;20381.0;25.023;9.685;63.682;1.511;0.098
2010;MA;Joselândia;-4.9726933289;-44.6991525645;15433.0;20.638;5.709;72.656;0.927;0.071
2010;MA;Junco do Maranhão;-1.8746095975;-46.0707260732;4020.0;19.08;4.229;75.597;1.045;0.05
2010;MA;Lago da Pedra;-4.564744515;-45.1258913559;46083.0;21.644;7.467;69.117;1.76;0.013
2010;MA;Lago do Junco;-4.6076432177;-45.0513443921;10729.0;24.466;8.211;64.479;2.759;0.084
2010;MA;Lago Verde;-4.0387112953;-44.937635232;15412.0;21.652;5.1;72.71;0.539;0.0
2010;MA;Lagoa do Mato;-6.0452772966;-43.5275591166;10934.0;22.06;6.42;71.346;0.128;0.046
2010;MA;Lago dos Rodrigues;-4.6123757769;-44.9764423256;7794.0;25.622;5.953;67.488;0.924;0.013
2010;MA;Lagoa Grande do Maranhão;-4.9931237371;-45.3906142794;10517.0;17.98;7.635;73.88;0.494;0.01
2010;MA;Lajeado Novo;-6.1916092267;-47.0324475171;6923.0;26.853;7.02;64.062;0.823;1.242
2010;MA;Lima Campos;-4.5170459872;-44.4693403292;11423.0;26.412;17.412;53.681;2.381;0.114
2010;MA;Loreto;-7.0944541654;-45.1392416375;11390.0;17.884;5.11;75.724;1.238;0.044
2010;MA;Luís Domingues;-1.3254602444;-45.8953319921;6510.0;18.449;6.759;74.363;0.43;0.0
2010;MA;Magalhães de Almeida;-3.3966676742;-42.2015066914;17587.0;23.915;2.405;72.883;0.79;0.006
2010;MA;Maracaçumé;-2.0561645495;-45.9586390372;19155.0;18.898;5.586;75.129;0.376;0.01
2010;MA;Marajá do Sena;-4.6203133241;-45.4572376526;8051.0;15.389;10.098;72.5;2.012;0.0
2010;MA;Maranhãozinho;-2.2356169921;-45.8556114549;14065.0;17.604;7.643;67.167;1.557;6.029
2010;MA;Mata Roma;-3.6190455099;-43.1203894236;15150.0;12.554;6.792;80.383;0.271;0.0
2010;MA;Matinha;-3.09840003;-45.0364289401;21885.0;16.322;9.746;73.036;0.859;0.037
2010;MA;Matões;-5.5224650194;-43.2012082829;31011.0;13.95;9.419;74.299;2.315;0.016
2010;MA;Matões do Norte;-3.6275187802;-44.5502445069;13794.0;13.984;8.54;76.889;0.551;0.036
2010;MA;Milagres do Maranhão;-3.5822066414;-42.6107528325;8118.0;22.555;3.067;72.419;1.835;0.123
2010;MA;Mirador;-6.3775656954;-44.3626097939;20452.0;25.156;5.784;68.072;0.9;0.088
2010;MA;Miranda do Norte;-3.5626447744;-44.5842756917;24427.0;28.694;6.014;65.104;0.18;0.008
2010;MA;Mirinzal;-2.0642241916;-44.7857559865;14218.0;9.277;13.188;77.001;0.485;0.049
2010;MA;Monção;-3.49393248;-45.2475846706;31738.0;13.029;17.194;68.294;1.355;0.129
2010;MA;Montes Altos;-5.8285625042;-47.070439508;9412.0;25.659;5.068;58.712;1.498;9.063
2010;MA;Morros;-2.8614789531;-44.0445445432;17783.0;13.592;5.325;80.403;0.669;0.011
2010;MA;Nina Rodrigues;-3.4624642894;-43.9044847603;12464.0;18.453;17.892;62.773;0.85;0.032
2010;MA;Nova Colinas;-7.1205660036;-46.2593252229;4885.0;17.789;7.103;72.323;2.784;0.0
2010;MA;Nova Iorque;-6.7332033058;-44.0486267271;4590.0;21.721;10.719;66.645;0.915;0.0
2010;MA;Nova Olinda do Maranhão;-2.7998865441;-45.7045360408;19134.0;18.026;10.39;70.038;0.8;0.747
2010;MA;Olho d'Água das Cunhãs;-4.1372759298;-45.1195796205;18601.0;28.982;8.758;60.507;1.71;0.043
2010;MA;Olinda Nova do Maranhão;-2.9974776154;-45.0032353745;13181.0;15.234;12.01;72.119;0.539;0.099
2010;MA;Paço do Lumiar;-2.528063;-44.0986923548;105121.0;24.752;10.73;63.597;0.849;0.072
2010;MA;Palmeirândia;-2.6477742783;-44.9044638923;18764.0;14.069;14.213;71.104;0.602;0.011
2010;MA;Paraibano;-6.4318254141;-43.9857620488;20103.0;27.593;9.148;60.682;2.358;0.219
2010;MA;Parnarama;-5.6844671764;-43.0904013535;34586.0;14.298;8.339;75.828;1.527;0.009
2010;MA;Passagem Franca;-6.1739944256;-43.7817452259;17562.0;22.714;8.957;67.504;0.786;0.04
2010;MA;Pastos Bons;-6.6040277321;-44.0886025134;18067.0;28.987;6.36;62.916;1.672;0.066
2010;MA;Paulino Neves;-2.7182059898;-42.5454239809;14519.0;22.46;3.43;73.779;0.331;0.0
2010;MA;Paulo Ramos;-4.4479567659;-45.2399800047;20079.0;19.642;8.297;70.342;1.678;0.04
2010;MA;Pedreiras;-4.5693506881;-44.6037348763;39448.0;25.928;10.419;61.674;1.843;0.137
2010;MA;Pedro do Rosário;-2.9681146727;-45.3464537341;22732.0;9.828;14.535;74.419;1.166;0.053
2010;MA;Penalva;-3.2932333178;-45.1764616888;34267.0;11.154;15.338;72.653;0.84;0.015
2010;MA;Peri Mirim;-2.5730546485;-44.8502907001;13803.0;32.515;11.766;55.205;0.507;0.007
2010;MA;Peritoró;-4.3702251177;-44.3258535239;21201.0;16.193;10.33;72.459;1.005;0.014
2010;MA;Pindaré-Mirim;-3.6055005749;-45.3468679178;31152.0;19.456;12.144;66.959;1.207;0.234
2010;MA;Pinheiro;-2.5227405;-45.0839266013;78162.0;24.074;11.146;63.879;0.773;0.128
2010;MA;Pio XII;-3.8875875301;-45.1699603887;22016.0;25.077;7.068;65.952;1.799;0.104
2010;MA;Pirapemas;-3.7253290661;-44.2282808838;17381.0;14.441;9.309;75.404;0.794;0.052
2010;MA;Poção de Pedras;-4.7500252112;-44.9515514003;19708.0;24.609;3.075;71.205;1.096;0.015
2010;MA;Porto Franco;-6.3541818639;-47.3821649019;21530.0;27.645;5.314;65.648;1.124;0.269
2010;MA;Porto Rico do Maranhão;-1.8572232148;-44.5837478896;6030.0;16.169;13.599;69.768;0.431;0.033
2010;MA;Presidente Dutra;-5.2823742578;-44.4929188624;44731.0;30.306;7.552;60.531;1.442;0.17
2010;MA;Presidente Juscelino;-2.9282292461;-44.0767794214;11541.0;7.59;8.05;83.78;0.511;0.069
2010;MA;Presidente Médici;-2.3836640465;-45.8207086476;6374.0;15.328;9.398;73.988;0.988;0.298
2010;MA;Presidente Sarney;-2.5955305599;-45.3713022606;17165.0;15.887;5.622;78.217;0.251;0.023
2010;MA;Presidente Vargas;-3.4020115222;-44.0334018673;10717.0;14.192;6.662;78.697;0.448;0.0
2010;MA;Primeira Cruz;-2.510583172;-43.4424433047;13954.0;21.248;2.451;75.864;0.437;0.0
2010;MA;Raposa;-2.4150749026;-44.1025161642;26327.0;25.069;6.613;67.421;0.824;0.072
2010;MA;Riachão;-7.3645650002;-46.6233501429;20209.0;16.023;8.724;73.284;1.92;0.049
2010;MA;Ribamar Fiquene;-5.9338228588;-47.3834777871;7318.0;26.114;3.949;68.516;1.298;0.123
2010;MA;Rosário;-2.941543035;-44.2475185953;39576.0;16.348;7.113;76.198;0.288;0.053
2010;MA;Sambaíba;-7.1383508975;-45.344203198;5487.0;10.406;2.278;85.511;1.804;0.0
2010;MA;Santa Filomena do Maranhão;-5.4997668067;-44.5637140401;7061.0;27.39;3.484;68.191;0.935;0.0
2010;MA;Santa Helena;-2.2345325089;-45.3051611932;39110.0;26.965;13.429;58.947;0.632;0.028
2010;MA;Santa Inês;-3.65857452;-45.3782724523;77282.0;24.87;10.82;62.625;1.526;0.159
2010;MA;Santa Luzia;-3.968391465;-45.6650117249;74043.0;18.994;9.316;70.37;1.186;0.134
2010;MA;Santa Luzia do Paruá;-2.5461614748;-45.7764615616;22644.0;22.421;6.302;70.314;0.905;0.057
2010;MA;Santa Quitéria do Maranhão;-3.4984849951;-42.5628730097;29191.0;19.581;5.036;74.759;0.617;0.007
2010;MA;Santa Rita;-3.1341167657;-44.3199480819;32360.0;19.963;8.461;71.233;0.29;0.053
2010;MA;Santana do Maranhão;-3.1130683428;-42.4007677572;11661.0;16.139;2.59;80.971;0.274;0.026
2010;MA;Santo Amaro do Maranhão;-2.502721199;-43.2552849422;13820.0;20.152;2.967;76.563;0.311;0.007
2010;MA;Santo Antônio dos Lopes;-4.8738195756;-44.3614474338;14288.0;19.219;4.584;75.532;0.63;0.035
2010;MA;São Benedito do Rio Preto;-3.3327660037;-43.5299918702;17799.0;19.917;2.416;77.364;0.281;0.022
2010;MA;São Bento;-2.6970075;-44.8283451799;40736.0;19.467;23.098;56.358;1.053;0.025
2010;MA;São Bernardo;-3.3654365101;-42.4230096609;26476.0;14.175;3.139;82.191;0.438;0.057
2010;MA;São Domingos do Azeitão;-6.8044250098;-44.6504239103;6983.0;26.421;9.938;61.965;1.633;0.043
2010;MA;São Domingos do Maranhão;-5.5656420002;-44.3928792569;33607.0;24.596;6.505;67.816;0.988;0.095
2010;MA;São Félix de Balsas;-7.0846851542;-44.8114476615;4702.0;21.587;5.466;70.927;1.999;0.021
2010;MA;São Francisco do Brejão;-5.1302007872;-47.3911373986;10261.0;23.165;6.072;69.711;0.984;0.068
2010;MA;São Francisco do Maranhão;-6.2527979167;-42.8653217276;12146.0;17.586;14.112;63.939;4.182;0.181
2010;MA;São João Batista;-2.9533329125;-44.8117618531;19920.0;24.95;9.483;65.281;0.286;0.0
2010;MA;São João do Carú;-3.5608034069;-46.2549254827;12309.0;20.099;10.106;68.681;0.609;0.504
2010;MA;São João do Paraíso;-6.4662222864;-47.0506104205;10814.0;29.804;5.632;63.039;1.507;0.018
2010;MA;São João do Soter;-5.1157392644;-43.8181817951;17238.0;14.369;11.469;72.178;1.972;0.012
2010;MA;São João dos Patos;-6.4982081521;-43.7029101658;24928.0;32.658;11.012;54.97;1.199;0.16
2010;MA;São José de Ribamar;-2.55585852;-44.0575481151;163045.0;23.27;10.038;65.527;1.046;0.12
2010;MA;São José dos Basílios;-5.0486872452;-44.5824465176;7496.0;17.089;8.845;69.664;4.389;0.013
2010;MA;São Luís;-2.5318859851;-44.2979185642;1014834.0;29.105;13.2;56.426;1.09;0.179
2010;MA;São Luís Gonzaga do Maranhão;-4.3739184906;-44.6627084964;20153.0;21.014;12.42;64.998;1.568;0.0
2010;MA;São Mateus do Maranhão;-4.0345505101;-44.4685628111;39093.0;20.559;9.196;69.422;0.793;0.031
2010;MA;São Pedro da Água Branca;-5.0889109974;-48.4236235936;12028.0;17.675;5.022;76.114;1.064;0.125
2010;MA;São Pedro dos Crentes;-6.8285556408;-46.5325803474;4425.0;24.407;3.797;71.209;0.588;0.0
2010;MA;São Raimundo das Mangabeiras;-7.0269626572;-45.4848314302;17474.0;21.352;7.949;69.726;0.95;0.023
2010;MA;São Raimundo do Doca Bezerra;-5.1031818449;-45.0841627903;6090.0;19.097;2.085;77.586;1.232;0.0
2010;MA;São Roberto;-5.0173668824;-44.9919011593;5957.0;23.183;3.223;73.023;0.571;0.0
2010;MA;São Vicente Ferrer;-2.8907310644;-44.8869045766;20863.0;15.3;9.212;74.625;0.853;0.01
2010;MA;Satubinha;-4.0357354948;-45.2336295762;11990.0;18.565;8.807;71.71;0.909;0.008
2010;MA;Senador Alexandre Costa;-5.2610765444;-44.0563015064;10256.0;12.363;11.203;74.269;2.096;0.068
2010;MA;Senador La Rocque;-5.4418324952;-47.289191424;17998.0;22.558;5.545;70.991;0.717;0.189
2010;MA;Serrano do Maranhão;-1.8526455417;-45.1146408497;10940.0;4.296;39.013;55.75;0.896;0.046
2010;MA;Sítio Novo;-5.8706298913;-46.6949833407;17002.0;26.626;4.317;67.816;1.2;0.041
2010;MA;Sucupira do Norte;-6.4782844476;-44.1886027052;10444.0;24.33;9.498;62.361;3.619;0.191
2010;MA;Sucupira do Riachão;-6.4201084051;-43.5458533208;4613.0;18.448;9.755;71.602;0.173;0.022
2010;MA;Tasso Fragoso;-8.4798310179;-45.7441235175;7796.0;15.277;2.45;81.85;0.423;0.0
2010;MA;Timbiras;-4.253840505;-43.9384339738;27997.0;16.052;13.041;70.34;0.561;0.007
2010;MA;Timon;-5.1006811101;-42.8337278989;155460.0;16.387;11.376;70.126;2.007;0.104
2010;MA;Trizidela do Vale;-4.5701268566;-44.6106851966;18953.0;23.785;7.767;66.929;1.462;0.058
2010;MA;Tufilândia;-3.6764041184;-45.6339164757;5596.0;15.422;7.255;75.768;1.501;0.054
2010;MA;Tuntum;-5.24965554;-44.6490121517;39183.0;27.691;6.687;64.477;1.085;0.061
2010;MA;Turiaçu;-1.6690220477;-45.3691524172;33933.0;14.019;8.599;76.793;0.542;0.047
2010;MA;Turilândia;-2.228833525;-45.306765312;22846.0;18.292;15.11;64.182;2.394;0.022
2010;MA;Tutóia;-2.7635501969;-42.2768472077;52788.0;22.306;3.018;73.928;0.712;0.036
2010;MA;Urbano Santos;-3.2084094996;-43.4042484724;24573.0;15.13;3.186;80.942;0.728;0.012
2010;MA;Vargem Grande;-3.5418960001;-43.9166644902;49412.0;15.039;6.976;77.568;0.382;0.034
2010;MA;Viana;-3.2145625131;-45.0013066953;49489.0;21.005;10.261;67.878;0.782;0.075
2010;MA;Vila Nova dos Martírios;-5.1835115192;-48.1389264826;11258.0;23.486;8.394;67.579;0.355;0.187
2010;MA;Vitória do Mearim;-3.4820473645;-44.8695722406;31217.0;29.468;6.932;63.087;0.448;0.064
2010;MA;Vitorino Freire;-4.2911865001;-45.2441851432;31658.0;22.569;5.174;71.521;0.685;0.051
2010;MA;Zé Doca;-3.2754805;-45.6576978606;50173.0;20.457;9.473;69.033;0.875;0.161
2010;PI;Acauã;-8.2207866629;-41.0836378172;6749.0;70.84;8.283;19.87;1.008;0.0
2010;PI;Agricolândia;-5.7955019354;-42.6591831974;5098.0;15.006;9.631;71.969;3.197;0.196
2010;PI;Água Branca;-5.8932663379;-42.63513086;16451.0;22.047;7.386;68.184;2.383;0.0
2010;PI;Alagoinha do Piauí;-7.0081752801;-40.9346348169;7341.0;52.663;7.111;39.504;0.722;0.0
2010;PI;Alegrete do Piauí;-7.2453494663;-40.8578629896;5153.0;38.715;2.562;56.394;2.309;0.019
2010;PI;Alto Longá;-5.2509930114;-42.2103219622;13646.0;21.127;6.17;71.318;1.385;0.0
2010;PI;Altos;-5.0365464343;-42.4609480356;38822.0;15.035;6.597;77.209;1.12;0.039
2010;PI;Alvorada do Gurguéia;-8.4439590723;-43.8630715789;5050.0;18.356;12.475;66.871;2.257;0.04
2010;PI;Amarante;-6.2466107722;-42.853692823;17135.0;12.577;23.922;62.877;0.607;0.018
2010;PI;Angical do Piauí;-6.0872416921;-42.7438657484;6672.0;17.266;10.357;68.69;3.642;0.045
2010;PI;Anísio de Abreu;-9.1749185309;-43.0348533321;9098.0;24.181;4.287;70.576;0.956;0.0
2010;PI;Antônio Almeida;-7.219355834;-44.19653532;3039.0;11.681;14.413;64.067;9.839;0.0
2010;PI;Aroazes;-6.1128502563;-41.7974533388;5779.0;18.394;14.189;66.551;0.865;0.0
2010;PI;Aroeiras do Itaim;-7.278745465;-41.5632044183;2440.0;25.123;13.115;60.615;1.148;0.0
2010;PI;Arraial;-6.6508270275;-42.5365666247;4688.0;8.874;18.643;65.636;6.805;0.043
2010;PI;Assunção do Piauí;-5.8649144945;-41.0508299965;7503.0;27.416;7.61;62.628;2.319;0.027
2010;PI;Avelino Lopes;-10.1347450128;-43.9415101418;11067.0;23.918;4.997;69.504;1.581;0.0
2010;PI;Baixa Grande do Ribeiro;-7.8533519592;-45.2128152926;10516.0;19.418;4.498;73.897;2.187;0.0
2010;PI;Barra d'Alcântara;-6.5188730723;-42.1050020826;3852.0;19.367;5.374;74.325;0.935;0.0
2010;PI;Barras;-4.2430933543;-42.2953398573;44850.0;14.332;7.576;76.999;1.066;0.027
2010;PI;Barreiras do Piauí;-9.9212468267;-45.4777877055;3234.0;20.099;13.853;65.615;0.433;0.0
2010;PI;Barro Duro;-5.8123597078;-42.5133778221;6607.0;16.664;9.793;69.472;4.071;0.0
2010;PI;Batalha;-4.0204123358;-42.075218732;25774.0;14.441;4.384;79.32;1.847;0.008
2010;PI;Bela Vista do Piauí;-7.9721853196;-41.871379644;3778.0;68.767;7.914;22.049;1.271;0.0
2010;PI;Belém do Piauí;-7.3701396155;-40.9703021907;3284.0;29.568;1.309;66.839;2.192;0.091
2010;PI;Beneditinos;-5.4476028602;-42.3706167025;9911.0;16.739;6.003;75.946;1.312;0.0
2010;PI;Bertolínia;-7.6286247631;-43.9543877391;5319.0;18.255;11.374;68.171;2.068;0.132
2010;PI;Betânia do Piauí;-8.1456655773;-40.7966219288;6015.0;32.934;7.116;52.685;7.265;0.0
2010;PI;Boa Hora;-4.4090096058;-42.1252957359;6296.0;17.9;3.653;78.288;0.143;0.016
2010;PI;Bocaina;-6.9548423326;-41.3223406827;4369.0;41.291;4.875;53.079;0.755;0.0
2010;PI;Bom Jesus;-9.0709489837;-44.3605250848;22629.0;21.468;10.862;65.054;2.316;0.3
2010;PI;Bom Princípio do Piauí;-3.1898586876;-41.6452095701;5304.0;31.995;1.678;65.875;0.434;0.019
2010;PI;Bonfim do Piauí;-9.1665605393;-42.8796630651;5393.0;27.313;8.289;59.596;4.803;0.0
2010;PI;Boqueirão do Piauí;-4.4858196316;-42.1036271347;6193.0;10.786;6.007;83.142;0.048;0.016
2010;PI;Brasileira;-4.1378291077;-41.7892596436;7966.0;22.458;8.825;67.437;1.28;0.0
2010;PI;Brejo do Piauí;-8.2070647664;-42.8303018098;3850.0;17.714;2.156;78.052;2.078;0.0
2010;PI;Buriti dos Lopes;-3.1727213351;-41.8699088471;19074.0;23.063;8.016;67.464;1.442;0.016
2010;PI;Buriti dos Montes;-5.3120667826;-41.1018513937;7974.0;17.557;1.843;80.236;0.364;0.0
2010;PI;Cabeceiras do Piauí;-4.4713312938;-42.3083160653;9928.0;11.614;9.851;77.528;0.997;0.01
2010;PI;Cajazeiras do Piauí;-6.7941841175;-42.3967272946;3343.0;5.773;16.243;72.899;5.085;0.0
2010;PI;Cajueiro da Praia;-2.9292271718;-41.3471503622;7163.0;27.516;6.338;65.392;0.74;0.014
2010;PI;Caldeirão Grande do Piauí;-7.3315596518;-40.6374189127;5671.0;30.647;4.073;62.582;2.698;0.0
2010;PI;Campinas do Piauí;-7.654778128;-41.880745293;5408.0;12.518;15.865;70.987;0.629;0.0
2010;PI;Campo Alegre do Fidalgo;-8.3744803807;-41.8320133242;4693.0;31.792;5.817;60.58;1.811;0.0
2010;PI;Campo Grande do Piauí;-7.1359931202;-41.0312009604;5592.0;21.567;8.977;67.4;2.021;0.036
2010;PI;Campo Largo do Piauí;-3.8078689392;-42.6260410417;6803.0;9.863;8.011;80.215;1.896;0.015
2010;PI;Campo Maior;-4.8291139266;-42.1667446047;45177.0;16.546;5.18;77.396;0.872;0.007
2010;PI;Canavieira;-7.6946215595;-43.7194280334;3921.0;11.426;4.693;76.843;7.039;0.0
2010;PI;Canto do Buriti;-8.1082319197;-42.944021022;20020.0;25.1;6.903;65.529;2.448;0.02
2010;PI;Capitão de Campos;-4.4585592684;-41.9435219724;10953.0;18.114;4.364;76.591;0.913;0.018
2010;PI;Capitão Gervásio Oliveira;-8.4968378684;-41.8161163124;3878.0;30.789;19.082;50.129;0.0;0.0
2010;PI;Caracol;-9.2767652672;-43.3342004508;10212.0;23.982;11.859;60.341;3.77;0.049
2010;PI;Caraúbas do Piauí;-3.4785905375;-41.841208126;5525.0;24.145;2.896;72.869;0.09;0.0
2010;PI;Caridade do Piauí;-7.7286523876;-40.9903345468;4826.0;20.97;4.455;72.42;2.114;0.041
2010;PI;Castelo do Piauí;-5.3215438709;-41.5473162427;18336.0;22.153;10.569;63.76;3.49;0.027
2010;PI;Caxingó;-3.4269384028;-41.8826837611;5039.0;23.854;11.887;61.778;2.481;0.0
2010;PI;Cocal;-3.4704534897;-41.5568448346;26036.0;33.799;1.74;63.977;0.484;0.0
2010;PI;Cocal de Telha;-4.5538157239;-41.979047874;4525.0;15.425;8.663;74.895;0.994;0.022
2010;PI;Cocal dos Alves;-3.6060725908;-41.4554189108;5572.0;38.909;1.741;59.117;0.233;0.0
2010;PI;Coivaras;-5.0913083514;-42.2073159063;3811.0;15.586;6.035;76.542;1.811;0.026
2010;PI;Colônia do Gurguéia;-8.1875742163;-43.7960171561;6036.0;22.217;12.127;63.999;1.093;0.563
2010;PI;Colônia do Piauí;-7.223657564;-42.1771185064;7433.0;13.575;20.759;63.662;1.601;0.404
2010;PI;Conceição do Canindé;-7.8827041539;-41.5966339439;4475.0;27.151;5.899;63.642;3.307;0.0
2010;PI;Coronel José Dias;-8.8163694115;-42.4703571012;4541.0;24.62;4.536;70.271;0.573;0.0
2010;PI;Corrente;-10.4409360381;-45.1633125236;25407.0;18.845;16.956;59.657;4.448;0.094
2010;PI;Cristalândia do Piauí;-10.6478037518;-45.1860307001;7831.0;18.682;11.582;67.258;2.465;0.013
2010;PI;Cristino Castro;-8.8201862885;-44.2244147473;9981.0;21.25;10.229;68.31;0.14;0.07
2010;PI;Curimatá;-10.0312924303;-44.3007222329;10761.0;15.881;7.388;75.309;1.301;0.121
2010;PI;Currais;-9.0124338389;-44.403002153;4704.0;14.052;8.142;75.935;1.849;0.021
2010;PI;Curralinhos;-5.6204532294;-42.8322105193;4183.0;10.877;12.623;75.281;1.171;0.048
2010;PI;Curral Novo do Piauí;-7.8307971884;-40.9010694707;4869.0;23.229;4.272;61.08;11.419;0.0
2010;PI;Demerval Lobão;-5.3584654659;-42.6742286111;13278.0;19.129;10.74;69.438;0.685;0.008
2010;PI;Dirceu Arcoverde;-9.3352000441;-42.439569962;6675.0;29.408;3.715;66.846;0.03;0.0
2010;PI;Dom Expedito Lopes;-6.9579018427;-41.6523852113;6569.0;36.17;4.034;58.776;0.944;0.076
2010;PI;Domingos Mourão;-4.2534336345;-41.2718814489;4264.0;32.153;12.664;53.049;2.134;0.0
2010;PI;Dom Inocêncio;-9.0080749434;-41.9768511188;9245.0;38.161;6.349;54.116;1.374;0.0
2010;PI;Elesbão Veloso;-6.2017194613;-42.1381444495;14512.0;19.915;9.806;67.124;3.149;0.007
2010;PI;Eliseu Martins;-8.0964622896;-43.6648111317;4665.0;19.057;5.959;72.304;2.68;0.0
2010;PI;Esperantina;-3.8956045306;-42.2353645251;37767.0;22.075;9.278;65.97;2.619;0.058
2010;PI;Fartura do Piauí;-9.4786062863;-42.7944014032;5074.0;20.654;7.844;71.423;0.079;0.0
2010;PI;Flores do Piauí;-7.7917756018;-42.924305802;4366.0;16.491;8.566;69.24;5.703;0.0
2010;PI;Floresta do Piauí;-7.4667953749;-41.8003142914;2482.0;19.299;8.985;67.647;4.069;0.0
2010;PI;Floriano;-6.7696724338;-43.0206447383;57690.0;21.293;16.235;58.456;3.618;0.399
2010;PI;Francinópolis;-6.3952926226;-42.263366099;5235.0;8.634;9.819;76.466;5.081;0.0
2010;PI;Francisco Ayres;-6.6233435319;-42.6911278448;4477.0;15.747;9.471;69.377;5.405;0.0
2010;PI;Francisco Macedo;-7.3278710406;-40.7955673541;2879.0;22.543;5.175;71.9;0.382;0.0
2010;PI;Francisco Santos;-6.9941711375;-41.1361573365;8592.0;37.244;3.422;58.717;0.57;0.047
2010;PI;Fronteiras;-7.0884125329;-40.6172329307;11117.0;39.741;3.535;54.277;2.375;0.072
2010;PI;Geminiano;-7.1584176259;-41.3575797605;5475.0;32.658;7.233;59.014;1.078;0.018
2010;PI;Gilbués;-9.8345699055;-45.3469199782;10402.0;13.968;9.96;73.611;2.259;0.202
2010;PI;Guadalupe;-6.7852469087;-43.5669236545;10268.0;24.367;9.856;64.287;1.48;0.01
2010;PI;Guaribas;-9.3951113037;-43.6877210274;4401.0;22.927;6.544;66.053;4.476;0.0
2010;PI;Hugo Napoleão;-5.9877878907;-42.5625630466;3771.0;21.347;3.898;70.777;3.978;0.0
2010;PI;Ilha Grande;-2.8540086072;-41.819773184;8914.0;24.321;2.345;72.291;0.998;0.045
2010;PI;Inhuma;-6.6671203407;-41.7101940565;14845.0;23.132;7.969;65.45;3.402;0.047
2010;PI;Ipiranga do Piauí;-6.8269326783;-41.7399141279;9327.0;27.662;10.668;61.091;0.568;0.011
2010;PI;Isaías Coelho;-7.7343106967;-41.6794480825;8221.0;12.942;14.037;71.33;1.666;0.024
2010;PI;Itainópolis;-7.4512808131;-41.4800253105;11109.0;25.925;4.789;66.856;2.43;0.0
2010;PI;Itaueira;-7.6081166325;-43.0254965078;10678.0;20.097;13.626;63.645;2.491;0.14
2010;PI;Jacobina do Piauí;-7.9362644875;-41.2107620507;5722.0;43.167;6.641;48.375;1.818;0.0
2010;PI;Jaicós;-7.3531523272;-41.1464748135;18035.0;15.071;3.931;78.614;2.384;0.0
2010;PI;Jardim do Mulato;-6.0965775948;-42.6339595632;4309.0;16.431;11.72;71.084;0.766;0.0
2010;PI;Jatobá do Piauí;-4.7731589443;-41.8198222186;4656.0;11.147;3.565;84.601;0.687;0.0
2010;PI;Jerumenha;-7.0846321939;-43.5027430064;4390.0;13.667;18.884;63.303;3.941;0.205
2010;PI;João Costa;-8.4891257219;-42.4178485806;2960.0;24.561;4.054;66.588;4.797;0.0
2010;PI;Joaquim Pires;-3.5131035479;-42.1876898036;13817.0;16.082;6.695;70.724;6.492;0.007
2010;PI;Joca Marques;-3.4880338256;-42.427737079;5100.0;17.941;8.667;71.706;1.686;0.0
2010;PI;José de Freitas;-4.7630506395;-42.5783745315;37085.0;13.278;6.248;78.854;1.602;0.019
2010;PI;Juazeiro do Piauí;-5.1613727543;-41.7026007597;4757.0;23.86;6.433;66.933;2.754;0.021
2010;PI;Júlio Borges;-10.3267868137;-44.2437006324;5373.0;7.594;6.253;83.64;2.513;0.0
2010;PI;Jurema;-9.2220247205;-43.133109743;4517.0;26.279;2.413;70.534;0.753;0.022
2010;PI;Lagoinha do Piauí;-5.8365834406;-42.6273837299;2656.0;14.194;7.267;73.155;5.384;0.0
2010;PI;Lagoa Alegre;-4.5087297492;-42.616742539;8008.0;16.983;6.943;73.064;3.009;0.0
2010;PI;Lagoa do Barro do Piauí;-8.4824371152;-41.5302754057;4523.0;21.004;2.299;76.409;0.287;0.0
2010;PI;Lagoa de São Francisco;-4.3927463867;-41.6054686902;6422.0;39.692;1.339;58.564;0.389;0.016
2010;PI;Lagoa do Piauí;-5.4121441696;-42.6490132063;3863.0;11.83;14.082;73.751;0.337;0.0
2010;PI;Lagoa do Sítio;-6.5153476298;-41.5823863013;4850.0;18.619;3.34;77.897;0.144;0.0
2010;PI;Landri Sales;-7.2665999754;-43.9310455151;5281.0;12.195;17.307;64.098;6.4;0.0
2010;PI;Luís Correia;-2.8815665358;-41.6645672323;28406.0;32.159;3.77;62.948;1.056;0.067
2010;PI;Luzilândia;-3.4608176352;-42.3716375238;24721.0;22.661;5.752;70.519;1.06;0.008
2010;PI;Madeiro;-3.4842120052;-42.5051412465;7816.0;19.127;8.7;69.793;2.38;0.0
2010;PI;Manoel Emídio;-8.011358674;-43.8754746717;5213.0;21.063;9.707;67.428;1.784;0.019
2010;PI;Marcolândia;-7.4435566614;-40.6628542914;7812.0;24.386;3.827;70.123;1.562;0.102
2010;PI;Marcos Parente;-7.1192953775;-43.8883140086;4456.0;14.834;9.493;73.025;2.581;0.067
2010;PI;Massapê do Piauí;-7.4654826845;-41.1238546846;6220.0;21.029;7.476;65.386;6.077;0.032
2010;PI;Matias Olímpio;-3.7110272834;-42.5586289028;10473.0;21.551;10.876;66.113;1.442;0.019
2010;PI;Miguel Alves;-4.1682155823;-42.8931666493;32289.0;16.712;10.168;70.656;2.397;0.068
2010;PI;Miguel Leão;-5.6822417804;-42.7358295252;1253.0;13.009;6.225;79.968;0.718;0.08
2010;PI;Milton Brandão;-4.6999534776;-41.4479595412;6769.0;40.892;3.176;55.016;0.916;0.0
2010;PI;Monsenhor Gil;-5.5514856314;-42.6173989159;10333.0;13.065;14.294;72.428;0.135;0.077
2010;PI;Monsenhor Hipólito;-7.0035024726;-41.0328934036;7391.0;41.104;4.384;53.917;0.582;0.014
2010;PI;Monte Alegre do Piauí;-9.7558336681;-45.2957402209;10345.0;14.867;8.845;74.722;1.431;0.135
2010;PI;Morro Cabeça no Tempo;-9.7193194922;-43.9018743654;4068.0;16.445;2.212;80.31;1.032;0.0
2010;PI;Morro do Chapéu do Piauí;-3.7422550962;-42.309063395;6499.0;18.634;2.616;76.658;2.062;0.031
2010;PI;Murici dos Portelas;-3.3238597851;-42.0967690818;8464.0;18.679;10.279;67.84;3.19;0.012
2010;PI;Nazaré do Piauí;-6.9671284911;-42.6682272301;7321.0;12.867;17.402;67.778;1.817;0.137
2010;PI;Nazária;-5.346925;-42.8140484696;8068.0;11.502;15.059;67.898;5.516;0.025
2010;PI;Nossa Senhora de Nazaré;-4.6269320917;-42.1793030785;4556.0;16.352;6.168;76.119;1.361;0.0
2010;PI;Nossa Senhora dos Remédios;-3.9912253518;-42.6239510485;8206.0;14.282;7.933;72.496;5.264;0.024
2010;PI;Novo Oriente do Piauí;-6.4494051369;-41.9287223144;6498.0;18.206;9.757;71.868;0.169;0.0
2010;PI;Novo Santo Antônio;-5.286057644;-41.9345074979;3260.0;24.11;14.479;55.583;5.828;0.0
2010;PI;Oeiras;-7.016418006;-42.1314056604;35640.0;17.719;15.337;64.913;1.916;0.115
2010;PI;Olho d'Água do Piauí;-5.8471585734;-42.578551609;2626.0;16.565;8.72;69.002;5.712;0.0
2010;PI;Padre Marcos;-7.3547121155;-40.9058620824;6657.0;34.655;15.277;48.115;1.938;0.015
2010;PI;Paes Landim;-7.7755629145;-42.2569576294;4059.0;20.079;9.608;69.5;0.813;0.0
2010;PI;Pajeú do Piauí;-7.8525200922;-42.8169360898;3363.0;18.079;4.46;73.744;3.717;0.0
2010;PI;Palmeira do Piauí;-8.7295011188;-44.2325685792;4993.0;27.378;7.811;63.369;1.322;0.12
2010;PI;Palmeirais;-5.9797968361;-43.0618435229;13745.0;11.837;25.166;59.389;3.536;0.073
2010;PI;Paquetá;-7.1014662443;-41.7013852456;4147.0;29.515;12.322;57.053;1.109;0.0
2010;PI;Parnaguá;-10.2171809705;-44.6343146131;10276.0;15.016;13.429;67.935;3.591;0.029
2010;PI;Parnaíba;-2.9033601445;-41.778170592;145705.0;34.626;6.552;57.502;1.193;0.128
2010;PI;Passagem Franca do Piauí;-5.8562473203;-42.4405267463;4546.0;14.232;15.86;63.418;6.489;0.0
2010;PI;Patos do Piauí;-7.6807639351;-41.2522813963;6105.0;25.045;6.126;64.98;3.833;0.016
2010;PI;Pau d'Arco do Piauí;-5.2510934294;-42.3888654971;3757.0;15.358;5.297;78.041;1.304;0.0
2010;PI;Paulistana;-8.1414361349;-41.1470964851;19785.0;36.032;15.845;45.069;2.926;0.126
2010;PI;Pavussu;-7.9642869548;-43.2217523026;3663.0;18.728;3.631;76.222;1.392;0.027
2010;PI;Pedro II;-4.4270552654;-41.4585599331;37496.0;40.098;3.867;54.811;1.144;0.08
2010;PI;Pedro Laurentino;-8.0668825944;-42.28607367;2407.0;23.806;3.698;70.96;1.537;0.0
2010;PI;Nova Santa Rita;-8.0749647181;-42.0482620011;4187.0;26.511;16.002;51.612;5.851;0.024
2010;PI;Picos;-7.0813739122;-41.4688267147;73414.0;38.52;7.14;53.085;1.116;0.139
2010;PI;Pimenteiras;-6.2416884097;-41.4151586072;11733.0;31.083;8.233;60.061;0.614;0.009
2010;PI;Pio IX;-6.8326873012;-40.6182727863;17671.0;30.581;5.608;59.555;4.188;0.068
2010;PI;Piracuruca;-3.9292874936;-41.7090415496;27553.0;27.198;3.346;68.758;0.686;0.011
2010;PI;Piripiri;-4.2760686933;-41.7785048524;61834.0;25.604;5.565;66.919;1.848;0.063
2010;PI;Porto;-3.891422995;-42.7109259993;11897.0;15.407;10.053;74.304;0.235;0.0
2010;PI;Porto Alegre do Piauí;-6.9717246866;-44.1948371019;2559.0;13.834;19.969;61.43;4.767;0.0
2010;PI;Prata do Piauí;-5.6647976938;-42.2042236753;3085.0;19.417;3.436;75.429;1.686;0.032
2010;PI;Queimada Nova;-8.5854253469;-41.4170249222;8553.0;54.531;18.52;23.126;1.637;2.186
2010;PI;Redenção do Gurguéia;-9.4934482414;-44.5812141606;8400.0;16.548;20.988;61.702;0.738;0.024
2010;PI;Regeneração;-6.2401830211;-42.6850242313;17556.0;13.437;20.933;62.247;3.304;0.08
2010;PI;Riacho Frio;-10.1287276881;-44.9525300483;4241.0;18.581;16.27;64.961;0.165;0.024
2010;PI;Ribeira do Piauí;-7.6905755012;-42.7140434913;4263.0;12.831;17.593;61.201;8.327;0.047
2010;PI;Ribeiro Gonçalves;-7.558034245;-45.2456386843;6845.0;20.774;7.524;69.438;2.221;0.044
2010;PI;Rio Grande do Piauí;-7.7708571198;-43.140182786;6273.0;20.724;9.262;69.042;0.972;0.0
2010;PI;Santa Cruz do Piauí;-7.1776264961;-41.7619256891;6027.0;22.847;10.353;66.733;0.066;0.0
2010;PI;Santa Cruz dos Milagres;-5.8081209984;-41.9584459531;3794.0;9.568;10.912;76.463;3.057;0.0
2010;PI;Santa Filomena;-9.1067957053;-45.9205564411;6096.0;17.274;21.555;60.499;0.558;0.115
2010;PI;Santa Luz;-8.9446242169;-44.1295859063;5513.0;20.08;11.391;66.552;1.977;0.0
2010;PI;Santana do Piauí;-6.9490717639;-41.518480558;4917.0;35.55;2.054;62.172;0.224;0.0
2010;PI;Santa Rosa do Piauí;-6.8014550583;-42.2808138761;5149.0;16.799;17.693;63.721;1.787;0.0
2010;PI;Santo Antônio de Lisboa;-6.981848477;-41.2337647421;6007.0;35.076;3.363;60.879;0.566;0.117
2010;PI;Santo Antônio dos Milagres;-6.0467175963;-42.711196805;2059.0;13.647;4.42;77.756;4.128;0.049
2010;PI;Santo Inácio do Piauí;-7.4223368374;-41.91821286;3648.0;19.627;11.705;64.94;3.481;0.247
2010;PI;São Braz do Piauí;-9.0625605359;-42.9990725171;4313.0;28.75;3.895;65.453;1.878;0.023
2010;PI;São Félix do Piauí;-5.932867663;-42.1135025902;3069.0;31.509;8.83;57.185;2.476;0.0
2010;PI;São Francisco de Assis do Piauí;-8.2377547497;-41.6895971517;5567.0;61.793;5.874;29.298;2.982;0.054
2010;PI;São Francisco do Piauí;-7.2439761039;-42.538531987;6298.0;12.448;13.735;73.23;0.556;0.032
2010;PI;São Gonçalo do Gurguéia;-10.0299401062;-45.3014055106;2825.0;16.531;9.664;73.168;0.637;0.0
2010;PI;São Gonçalo do Piauí;-5.9896674395;-42.6988309841;4754.0;24.337;19.121;52.272;4.123;0.147
2010;PI;São João da Canabrava;-6.8189309895;-41.3460536519;4445.0;35.433;3.262;60.967;0.337;0.0
2010;PI;São João da Fronteira;-3.9385974341;-41.2562869593;5608.0;20.578;1.605;76.302;1.516;0.0
2010;PI;São João da Serra;-5.5087975378;-41.8992637511;6157.0;17.606;7.536;72.422;2.42;0.016
2010;PI;São João da Varjota;-6.9190178385;-41.8637422049;4651.0;9.568;30.144;57.407;2.838;0.043
2010;PI;São João do Arraial;-3.8131688736;-42.4531261733;7336.0;25.709;4.689;67.966;1.636;0.0
2010;PI;São João do Piauí;-8.348849688;-42.2564375329;19548.0;21.849;16.646;57.029;4.251;0.225
2010;PI;São José do Divino;-3.8057163565;-41.8301087692;5148.0;26.496;1.962;71.503;0.039;0.0
2010;PI;São José do Peixe;-7.4930087809;-42.5701794158;3700.0;14.108;11.73;72.135;1.973;0.054
2010;PI;São José do Piauí;-6.8706262447;-41.4794072342;6591.0;49.173;7.723;42.588;0.516;0.0
2010;PI;São Julião;-7.0853150046;-40.8369132448;5675.0;35.348;6.15;56.634;1.868;0.0
2010;PI;São Lourenço do Piauí;-9.1720018771;-42.5443519904;4427.0;25.954;4.427;69.438;0.181;0.0
2010;PI;São Luis do Piauí;-6.8281438298;-41.3228378192;2561.0;37.759;4.842;55.174;2.226;0.0
2010;PI;São Miguel da Baixa Grande;-5.8622986343;-42.1853773738;2110.0;26.872;8.436;60.995;3.649;0.047
2010;PI;São Miguel do Fidalgo;-7.5849691189;-42.3705290412;2976.0;12.601;31.888;54.603;0.907;0.0
2010;PI;São Miguel do Tapuio;-5.5006636991;-41.3197984895;18134.0;21.28;4.296;73.674;0.75;0.0
2010;PI;São Pedro do Piauí;-5.9139516466;-42.7236601721;13639.0;16.255;13.212;66.369;4.135;0.029
2010;PI;São Raimundo Nonato;-9.0153604824;-42.6922851642;32325.0;26.15;11.174;60.993;1.445;0.238
2010;PI;Sebastião Barros;-10.8166752206;-44.8332841775;3560.0;28.006;13.567;57.612;0.815;0.0
2010;PI;Sebastião Leal;-7.5773856302;-44.0676917696;4116.0;28.353;7.847;62.172;1.506;0.121
2010;PI;Sigefredo Pacheco;-4.9116891642;-41.7275592248;9619.0;19.534;3.285;76.37;0.811;0.0
2010;PI;Simões;-7.5991371657;-40.8175090684;14180.0;24.161;10.585;59.718;5.529;0.007
2010;PI;Simplício Mendes;-7.8579572939;-41.9109103617;12077.0;20.005;11.46;64.859;3.486;0.19
2010;PI;Socorro do Piauí;-7.8649380571;-42.5046917237;4522.0;14.706;12.185;66.984;6.126;0.0
2010;PI;Sussuapara;-7.0170105888;-41.3922677309;6229.0;45.866;3.387;50.586;0.161;0.0
2010;PI;Tamboril do Piauí;-8.4004317801;-42.9096888302;2753.0;14.784;1.053;81.911;2.252;0.0
2010;PI;Tanque do Piauí;-6.5963534674;-42.2839013405;2620.0;20.267;10.458;69.198;0.076;0.0
2010;PI;Teresina;-5.0863419523;-42.8052704582;814230.0;26.255;11.204;59.822;2.555;0.164
2010;PI;União;-4.5860181591;-42.862929716;42654.0;16.69;9.495;72.014;1.798;0.002
2010;PI;Uruçuí;-7.2295033446;-44.5602559239;20149.0;24.483;12.184;60.713;2.601;0.02
2010;PI;Valença do Piauí;-6.3981960227;-41.7405359913;20326.0;21.726;7.744;69.714;0.748;0.069
2010;PI;Várzea Branca;-9.2365410893;-42.969444535;4913.0;23.367;14.044;60.574;2.015;0.0
2010;PI;Várzea Grande;-6.5429475544;-42.2531016233;4336.0;21.933;11.024;66.674;0.3;0.069
2010;PI;Vera Mendes;-7.6028492829;-41.47973675;2986.0;27.026;3.583;67.448;1.942;0.0
2010;PI;Vila Nova do Piauí;-7.141046434;-40.9378013965;3076.0;43.303;3.609;51.008;2.048;0.033
2010;PI;Wall Ferraz;-7.2357790064;-41.9089536203;4280.0;18.481;6.238;72.173;3.107;0.0
2010;CE;Abaiara;-7.3569765959;-39.0475466362;10496.0;27.858;5.088;66.387;0.657;0.01
2010;CE;Acarape;-4.2231384094;-38.705623771;15338.0;17.74;3.605;78.563;0.091;0.0
2010;CE;Acaraú;-2.8853105401;-40.1182414712;57551.0;28.225;4.054;66.956;0.429;0.335
2010;CE;Acopiara;-6.092761995;-39.4557052762;51160.0;31.663;5.133;62.604;0.569;0.031
2010;CE;Aiuaba;-6.5632984401;-40.1231600776;16203.0;26.742;9.282;61.415;2.5;0.062
2010;CE;Alcântaras;-3.5869837692;-40.5446381226;10771.0;22.709;3.621;72.472;1.198;0.0
2010;CE;Altaneira;-6.9974983508;-39.7458206389;6856.0;30.747;7.439;60.662;1.152;0.0
2010;CE;Alto Santo;-5.5220817397;-38.2727781487;16359.0;34.403;4.346;58.922;2.317;0.012
2010;CE;Amontada;-3.3648778035;-39.8288227917;39232.0;24.684;3.505;70.639;1.116;0.056
2010;CE;Antonina do Norte;-6.7796878471;-39.9823868419;6984.0;43.084;18.385;37.6;0.916;0.014
2010;CE;Apuiarés;-3.9480185186;-39.4304227833;13925.0;32.883;4.711;60.589;1.774;0.043
2010;CE;Aquiraz;-3.9061945;-38.3898029589;72628.0;26.549;3.274;67.942;1.776;0.459
2010;CE;Aracati;-4.56706647;-37.7727525989;69159.0;29.626;5.395;64.028;0.86;0.091
2010;CE;Aracoiaba;-4.370393807;-38.8094409692;25391.0;25.454;5.415;67.551;1.556;0.024
2010;CE;Ararendá;-4.751938272;-40.831096735;10491.0;30.369;3.88;64.312;1.344;0.095
2010;CE;Araripe;-7.2061837892;-40.1374458094;20685.0;27.208;5.4;65.313;1.992;0.087
2010;CE;Aratuba;-4.416930645;-39.0475545618;11529.0;19.611;8.023;67.066;2.489;2.81
2010;CE;Arneiroz;-6.319425803;-40.1614437124;7650.0;31.961;4.301;63.02;0.706;0.013
2010;CE;Assaré;-6.8726071122;-39.8712747475;22445.0;35.326;5.168;58.891;0.561;0.053
2010;CE;Aurora;-6.940391832;-38.9769908769;24566.0;33.856;2.874;62.981;0.289;0.0
2010;CE;Baixio;-6.7271620493;-38.720125916;6026.0;31.779;4.464;62.015;1.676;0.066
2010;CE;Banabuiú;-5.315047304;-38.9257848049;17315.0;31.094;5.706;62.016;1.172;0.012
2010;CE;Barbalha;-7.3071721269;-39.3023163692;55319.0;23.366;6.96;67.778;1.732;0.165
2010;CE;Barreira;-4.2887622668;-38.6385018296;19573.0;14.183;1.548;84.065;0.199;0.005
2010;CE;Barro;-7.1682087267;-38.7798806461;21514.0;34.61;3.723;60.505;1.153;0.009
2010;CE;Barroquinha;-3.0091167462;-41.1394815382;14476.0;23.08;6.659;69.515;0.739;0.007
2010;CE;Baturité;-4.3312051564;-38.8800213756;33321.0;24.711;5.861;69.104;0.3;0.024
2010;CE;Beberibe;-4.1747632212;-38.1232730421;49311.0;29.119;3.318;66.642;0.856;0.065
2010;CE;Bela Cruz;-3.0551067243;-40.166842907;30878.0;27.576;3.851;68.126;0.415;0.032
2010;CE;Boa Viagem;-5.1257438701;-39.7332823425;52498.0;32.316;3.634;62.863;0.952;0.234
2010;CE;Brejo Santo;-7.4916380087;-38.9855138674;45193.0;31.266;4.16;63.481;1.033;0.06
2010;CE;Camocim;-2.9009665746;-40.8475277409;60158.0;23.106;4.448;71.512;0.879;0.055
2010;CE;Campos Sales;-7.0733835;-40.3790031302;26506.0;38.082;7.074;52.23;2.554;0.06
2010;CE;Canindé;-4.3553442897;-39.3103429529;74473.0;23.917;3.581;71.09;1.354;0.058
2010;CE;Capistrano;-4.4598966121;-38.9018287595;17062.0;21.938;5.949;71.053;1.037;0.023
2010;CE;Caridade;-4.2249600008;-39.193032915;20020.0;24.73;6.114;68.352;0.779;0.025
2010;CE;Cariré;-3.95161188;-40.4738448077;18347.0;29.852;5.778;63.078;1.281;0.011
2010;CE;Caririaçu;-7.041528;-39.2843720296;26393.0;27.375;3.986;66.889;1.364;0.386
2010;CE;Cariús;-6.5311279379;-39.4976886801;18567.0;43.049;5.079;50.951;0.894;0.027
2010;CE;Carnaubal;-4.1639885624;-40.9356315773;16746.0;42.93;3.207;53.249;0.555;0.06
2010;CE;Cascavel;-4.1314336782;-38.2396859407;66142.0;27.111;3.311;69.059;0.491;0.027
2010;CE;Catarina;-6.1275562908;-39.8794662283;18745.0;35.247;6.946;57.589;0.219;0.0
2010;CE;Catunda;-4.6515493857;-40.2058037894;9952.0;25.663;2.261;71.493;0.573;0.01
2010;CE;Caucaia;-3.736487;-38.6640175358;325440.0;27.675;5.483;64.585;1.425;0.831
2010;CE;Cedro;-6.6049605;-39.059743148;24527.0;40.351;7.38;50.968;1.26;0.041
2010;CE;Chaval;-3.0389011891;-41.2445958219;12615.0;22.79;4.899;70.908;1.379;0.024
2010;CE;Choró;-4.8425156593;-39.1374675316;12853.0;19.108;4.668;73.882;2.241;0.101
2010;CE;Chorozinho;-4.302170914;-38.5012856667;18915.0;29.368;4.716;65.472;0.354;0.09
2010;CE;Coreaú;-3.5494878611;-40.6569510758;21954.0;38.79;7.794;51.462;1.945;0.009
2010;CE;Crateús;-5.1769505508;-40.6684001308;72812.0;32.331;3.969;61.563;1.295;0.842
2010;CE;Crato;-7.2317527899;-39.4083902978;121428.0;31.107;8.032;59.669;1.091;0.1
2010;CE;Croatá;-4.4140572655;-40.9090450982;17069.0;22.989;2.396;71.762;2.853;0.0
2010;CE;Cruz;-2.9167080504;-40.1712787065;22479.0;32.977;4.929;61.715;0.365;0.013
2010;CE;Deputado Irapuan Pinheiro;-5.9089623738;-39.2615417651;9095.0;34.601;2.87;61.836;0.682;0.011
2010;CE;Ererê;-6.0313327299;-38.3472589621;6840.0;37.076;8.26;53.216;1.447;0.0
2010;CE;Eusébio;-3.8869728867;-38.4451218386;46033.0;31.569;5.98;60.487;1.781;0.182
2010;CE;Farias Brito;-6.9271099806;-39.5708350212;19007.0;30.825;4.646;62.635;1.841;0.053
2010;CE;Forquilha;-3.7989577431;-40.2587689981;21786.0;30.685;7.574;60.869;0.803;0.069
2010;CE;Fortaleza;-3.723805035;-38.589927555;2452151.0;36.777;4.519;57.227;1.352;0.125
2010;CE;Fortim;-4.4498049174;-37.798975486;14817.0;27.597;4.61;67.564;0.209;0.02
2010;CE;Frecheirinha;-3.7606119315;-40.8214052012;12991.0;32.9;3.572;62.428;1.085;0.015
2010;CE;General Sampaio;-4.0510412747;-39.4535299504;6218.0;26.407;4.696;67.24;1.656;0.0
2010;CE;Graça;-4.046938794;-40.7555248996;15049.0;33.464;4.997;60.363;1.163;0.013
2010;CE;Granja;-3.1189521562;-40.829938991;52645.0;21.259;5.195;70.839;2.682;0.025
2010;CE;Granjeiro;-6.8888843729;-39.2203088858;4629.0;28.105;3.586;67.531;0.734;0.043
2010;CE;Groaíras;-3.9119541292;-40.3821460239;10228.0;43.733;2.122;52.835;1.281;0.029
2010;CE;Guaiúba;-4.0402435005;-38.6344347805;24091.0;23.976;4.753;70.026;1.229;0.017
2010;CE;Guaraciaba do Norte;-4.1624510671;-40.7526331779;37775.0;31.193;3.129;62.822;2.745;0.111
2010;CE;Guaramiranga;-4.2620509186;-38.9406332851;4164.0;26.729;3.362;68.564;1.345;0.0
2010;CE;Hidrolândia;-4.4079994443;-40.4018171244;19325.0;33.05;4.673;60.937;1.314;0.026
2010;CE;Horizonte;-4.093278;-38.4942395586;55187.0;28.708;4.322;65.746;1.156;0.069
2010;CE;Ibaretama;-4.8186515779;-38.8216783127;12922.0;25.584;3.088;70.957;0.302;0.07
2010;CE;Ibiapina;-3.9361312622;-40.8939290198;23808.0;29.414;2.928;65.835;1.781;0.042
2010;CE;Ibicuitinga;-4.9691664228;-38.6408630486;11335.0;34.68;1.703;63.211;0.388;0.018
2010;CE;Icapuí;-4.7155494878;-37.3535630986;18392.0;37.5;6.709;55.231;0.522;0.038
2010;CE;Icó;-6.4030312519;-38.8630851789;65456.0;33.458;3.557;62.404;0.568;0.014
2010;CE;Iguatu;-6.36055472;-39.2999056782;96495.0;37.677;3.63;58.058;0.575;0.06
2010;CE;Independência;-5.3980281003;-40.3093482606;25573.0;39.901;4.861;53.709;1.505;0.023
2010;CE;Ipaporanga;-4.9006297857;-40.75796634;11343.0;26.43;3.967;68.051;1.543;0.009
2010;CE;Ipaumirim;-6.7883612602;-38.7159037441;12009.0;33.991;2.023;63.586;0.391;0.008
2010;CE;Ipu;-4.3134316852;-40.7187261447;40296.0;33.825;3.422;61.736;0.975;0.042
2010;CE;Ipueiras;-4.543785495;-40.7156965106;37858.0;29.772;3.352;65.305;1.519;0.053
2010;CE;Iracema;-5.8098425529;-38.3046616557;13722.0;41.116;6.894;49.104;2.813;0.073
2010;CE;Irauçuba;-3.7454188017;-39.7922381151;22324.0;23.764;3.418;72.138;0.654;0.027
2010;CE;Itaiçaba;-4.6834047119;-37.8216295137;7316.0;33.01;2.105;64.229;0.533;0.123
2010;CE;Itaitinga;-3.9704590163;-38.5264051495;35817.0;25.616;6.167;67.443;0.765;0.008
2010;CE;Itapajé;-3.6856731098;-39.5835332386;48350.0;29.731;3.632;65.624;0.939;0.074
2010;CE;Itapipoca;-3.4994355;-39.5834815758;116065.0;25.964;3.7;68.72;1.269;0.347
2010;CE;Itapiúna;-4.5547401747;-38.9206739559;18626.0;21.76;8.708;68.195;1.31;0.027
2010;CE;Itarema;-2.923348;-39.9156777489;37471.0;25.38;2.818;65.248;0.528;6.026
2010;CE;Itatira;-4.5289225623;-39.6179040159;18894.0;20.896;4.292;70.44;4.361;0.011
2010;CE;Jaguaretama;-5.6108895632;-38.7625262979;17863.0;33.718;7.378;56.513;2.368;0.022
2010;CE;Jaguaribara;-5.457502034;-38.4630972956;10399.0;34.984;5.251;58.659;1.087;0.019
2010;CE;Jaguaribe;-5.886459045;-38.6230050493;34409.0;35.104;4.406;59.144;1.311;0.035
2010;CE;Jaguaruana;-4.8395551683;-37.782391481;32236.0;44.422;5.903;48.93;0.67;0.074
2010;CE;Jardim;-7.5855364657;-39.2841644574;26688.0;20.234;4.729;73.329;1.705;0.004
2010;CE;Jati;-7.6927415948;-39.0051387612;7660.0;27.937;2.154;69.217;0.666;0.026
2010;CE;Jijoca de Jericoacoara;-2.8996827089;-40.4387354019;17002.0;32.19;1.812;65.786;0.129;0.082
2010;CE;Juazeiro do Norte;-7.210766;-39.3169933556;249934.0;33.374;4.748;60.7;1.035;0.142
2010;CE;Jucás;-6.5225492731;-39.5267762434;23807.0;35.729;3.717;60.087;0.458;0.008
2010;CE;Lavras da Mangabeira;-6.7547479768;-38.9672750539;31090.0;36.642;3.033;59.315;1.004;0.006
2010;CE;Limoeiro do Norte;-5.15023902;-38.0990948705;56264.0;46.79;6.262;45.667;1.241;0.041
2010;CE;Madalena;-4.8524341766;-39.5757886826;18088.0;23.944;5.263;69.532;1.194;0.066
2010;CE;Maracanaú;-3.876964451;-38.6244186466;209057.0;28.907;4.604;63.935;1.502;1.052
2010;CE;Maranguape;-3.89186946;-38.6858512477;113558.0;28.391;5.986;64.065;1.445;0.113
2010;CE;Marco;-3.120707025;-40.1516436427;24703.0;26.92;7.485;64.409;1.138;0.049
2010;CE;Martinópole;-3.2250122274;-40.6993551751;10214.0;19.591;2.878;77.198;0.333;0.0
2010;CE;Massapê;-3.5238705843;-40.3421348648;35191.0;18.246;7.096;72.746;1.887;0.026
2010;CE;Mauriti;-7.387398;-38.772795438;44240.0;31.508;4.417;62.957;1.006;0.113
2010;CE;Meruoca;-3.5390066623;-40.4508809568;13693.0;18.535;3.768;75.812;1.789;0.095
2010;CE;Milagres;-7.3104277968;-38.9431567662;28316.0;28.394;4.609;66.153;0.833;0.011
2010;CE;Milhã;-5.6795641009;-39.2035741816;13086.0;45.721;3.951;49.32;1.009;0.0
2010;CE;Miraíma;-3.5685999066;-39.970064882;12800.0;26.711;3.789;68.125;1.367;0.008
2010;CE;Missão Velha;-7.2432315138;-39.1451977079;34274.0;26.904;5.722;66.292;0.998;0.085
2010;CE;Mombaça;-5.74700454;-39.6244052479;42690.0;35.35;3.732;60.382;0.527;0.009
2010;CE;Monsenhor Tabosa;-4.7830912915;-40.0700674616;16705.0;25.382;2.359;59.695;0.988;11.577
2010;CE;Morada Nova;-5.0969520002;-38.3649073451;62061.0;40.657;3.806;54.902;0.603;0.032
2010;CE;Moraújo;-3.4663632744;-40.6835989271;8070.0;17.2;4.411;78.278;0.074;0.037
2010;CE;Morrinhos;-3.2288305343;-40.1241788929;20700.0;34.377;5.787;58.459;1.343;0.034
2010;CE;Mucambo;-3.9060299796;-40.7452804652;14102.0;38.519;6.403;54.163;0.915;0.0
2010;CE;Mulungu;-4.2995283201;-38.9930659239;11485.0;26.069;6.165;66.539;1.175;0.052
2010;CE;Nova Olinda;-7.0841028114;-39.6794854727;14256.0;27.28;5.605;64.745;2.139;0.231
2010;CE;Nova Russas;-4.7068083499;-40.5653033549;30965.0;29.601;3.488;65.306;1.511;0.094
2010;CE;Novo Oriente;-5.5338648355;-40.7747672682;27453.0;31.76;6.724;59.072;1.701;0.743
2010;CE;Ocara;-4.4850665445;-38.5985379828;24007.0;25.913;4.849;68.405;0.812;0.021
2010;CE;Orós;-6.2427987837;-38.9135959845;21389.0;33.405;2.534;63.706;0.327;0.028
2010;CE;Pacajus;-4.17054051;-38.4670222649;61838.0;27.687;4.158;66.96;1.156;0.039
2010;CE;Pacatuba;-3.9861200223;-38.618299312;72299.0;26.029;4.284;67.817;0.841;1.029
2010;CE;Pacoti;-4.2247654331;-38.9258889387;11607.0;22.09;6.307;69.001;2.55;0.052
2010;CE;Pacujá;-3.9783943861;-40.6967361073;5986.0;34.965;4.31;59.522;1.103;0.1
2010;CE;Palhano;-4.7439450768;-37.9662351611;8866.0;32.957;2.854;62.96;1.196;0.034
2010;CE;Palmácia;-4.1489817745;-38.8450290663;12005.0;23.057;7.164;69.088;0.691;0.0
2010;CE;Paracuru;-3.4116350092;-39.0295453441;31636.0;27.086;2.734;69.136;0.945;0.098
2010;CE;Paraipaba;-3.4361967279;-39.1481155272;30038.0;26.803;2.317;70.075;0.806;0.0
2010;CE;Parambu;-6.2103360017;-40.6942072413;31309.0;36.798;6.979;54.77;1.354;0.099
2010;CE;Paramoti;-4.097432332;-39.239466495;11308.0;27.414;2.662;68.933;0.99;0.0
2010;CE;Pedra Branca;-5.4546855;-39.7139376447;41890.0;27.205;2.774;69.205;0.812;0.005
2010;CE;Penaforte;-7.8299146121;-39.0741275241;8225.0;30.347;4.036;64.024;1.495;0.097
2010;CE;Pentecoste;-3.7962667362;-39.2670087315;35400.0;30.562;2.653;65.819;0.955;0.011
2010;CE;Pereiro;-6.045076902;-38.459136039;15757.0;37.812;1.555;59.136;1.453;0.044
2010;CE;Pindoretama;-4.0278039927;-38.3000879763;18683.0;28.149;6.369;64.294;1.06;0.128
2010;CE;Piquet Carneiro;-5.8085695598;-39.4194062555;15467.0;42.827;3.136;53.579;0.401;0.058
2010;CE;Pires Ferreira;-4.2421541432;-40.6465412478;10216.0;32.576;6.735;59.886;0.803;0.0
2010;CE;Poranga;-4.7439507319;-40.9263795103;12001.0;30.522;1.45;57.404;0.85;9.774
2010;CE;Porteiras;-7.5357464416;-39.1153314615;15061.0;25.29;3.818;70.009;0.876;0.007
2010;CE;Potengi;-7.0901794696;-40.0321325357;10276.0;33.525;6.481;59.702;0.292;0.0
2010;CE;Potiretama;-5.7216679037;-38.1579178532;6126.0;52.269;3.134;43.242;1.29;0.065
2010;CE;Quiterianópolis;-5.8470092293;-40.7044888468;19921.0;33.141;3.69;60.765;1.586;0.818
2010;CE;Quixadá;-4.9637;-39.0117446758;80604.0;29.172;5.794;63.259;1.741;0.035
2010;CE;Quixelô;-6.2512119004;-39.2022943665;15000.0;36.247;1.32;62.067;0.287;0.08
2010;CE;Quixeramobim;-5.1984048374;-39.294354227;71887.0;28.638;6.207;63.018;1.999;0.138
2010;CE;Quixeré;-5.0687289544;-37.9905222251;19412.0;38.085;2.916;58.629;0.35;0.021
2010;CE;Redenção;-4.2229581502;-38.7295707506;26415.0;18.887;4.111;76.021;0.875;0.106
2010;CE;Reriutaba;-4.1415676008;-40.5846120037;19455.0;36.042;3.125;59.507;1.218;0.108
2010;CE;Russas;-4.9397378154;-37.9754312969;69833.0;39.428;3.862;56.094;0.584;0.032
2010;CE;Saboeiro;-6.5364333525;-39.9045806984;15752.0;38.662;4.933;55.72;0.686;0.0
2010;CE;Salitre;-7.284528685;-40.4647520646;15453.0;25.691;9.086;62.422;2.776;0.026
2010;CE;Santana do Acaraú;-3.4597753417;-40.2094628598;29946.0;23.733;10.746;63.237;2.284;0.0
2010;CE;Santana do Cariri;-7.1808977833;-39.7379797815;17170.0;25.172;3.39;70.885;0.524;0.029
2010;CE;Santa Quitéria;-4.3332705;-40.1535078136;42763.0;26.109;4.27;67.54;2.063;0.019
2010;CE;São Benedito;-4.04472699;-40.8644898758;44178.0;35.663;2.977;60.043;1.245;0.072
2010;CE;São Gonçalo do Amarante;-3.6056325;-38.9720758653;43890.0;24.908;3.873;69.843;1.178;0.198
2010;CE;São João do Jaguaribe;-5.2686305505;-38.2719407044;7900.0;35.253;4.43;60.051;0.253;0.013
2010;CE;São Luís do Curu;-3.6730092532;-39.241606185;12332.0;27.295;2.433;69.972;0.292;0.008
2010;CE;Senador Pompeu;-5.5893437521;-39.3753253308;26469.0;33.114;6.891;55.673;4.288;0.034
2010;CE;Senador Sá;-3.351789628;-40.4637920044;6852.0;17.148;3.284;77.481;2.072;0.015
2010;CE;Sobral;-3.6880376838;-40.3486680337;188233.0;28.622;5.884;63.611;1.789;0.095
2010;CE;Solonópole;-5.726351291;-39.0082249132;17665.0;35.301;3.447;60.425;0.815;0.011
2010;CE;Tabuleiro do Norte;-5.2438038699;-38.1297371282;29204.0;46.99;3.996;47.887;1.113;0.014
2010;CE;Tamboril;-4.8339285832;-40.3190685133;25451.0;26.683;4.224;67.054;1.835;0.204
2010;CE;Tarrafas;-6.6825903147;-39.7584941949;8910.0;48.597;4.568;45.219;1.616;0.0
2010;CE;Tauá;-6.0029989399;-40.2926246551;55716.0;43.747;6.388;48.571;1.246;0.048
2010;CE;Tejuçuoca;-3.9897118086;-39.5768263617;16827.0;25.798;2.716;69.585;1.866;0.036
2010;CE;Tianguá;-3.722674;-40.9917056227;68892.0;31.481;6.043;60.547;1.893;0.036
2010;CE;Trairi;-3.2644201691;-39.2722318726;51422.0;23.751;3.003;72.498;0.71;0.039
2010;CE;Tururu;-3.5955952355;-39.434363537;14408.0;19.947;3.158;76.055;0.826;0.014
2010;CE;Ubajara;-3.8484914352;-40.907143928;31787.0;30.698;3.07;65.857;0.337;0.038
2010;CE;Umari;-6.6472443752;-38.7013257159;7545.0;38.383;4.586;56.223;0.808;0.0
2010;CE;Umirim;-3.6755618981;-39.3423844043;18802.0;20.955;2.292;75.864;0.872;0.016
2010;CE;Uruburetama;-3.6230168337;-39.5081780698;19765.0;24.751;2.838;71.713;0.693;0.005
2010;CE;Uruoca;-3.3132306604;-40.5611630277;12883.0;22.929;4.587;71.451;1.032;0.0
2010;CE;Varjota;-4.1828222828;-40.4789932741;17593.0;32.752;3.7;62.872;0.648;0.028
2010;CE;Várzea Alegre;-6.7918458556;-39.2989329971;38434.0;34.066;3.213;62.471;0.245;0.005
2010;CE;Viçosa do Ceará;-3.5660127532;-41.091629075;54955.0;20.793;2.195;76.302;0.651;0.058
2010;RN;Acari;-6.4420850889;-36.64373887;11035.0;50.992;4.286;44.259;0.462;0.0
2010;RN;Açu;-5.5719459992;-36.91792322;53227.0;35.202;7.725;55.459;1.524;0.09
2010;RN;Afonso Bezerra;-5.4987342681;-36.509148234;10844.0;27.398;7.885;63.851;0.867;0.0
2010;RN;Água Nova;-6.2047167188;-38.2908249542;2980.0;52.282;7.248;40.302;0.168;0.0
2010;RN;Alexandria;-6.4171363379;-38.0192888913;13507.0;40.757;3.709;53.987;1.421;0.126
2010;RN;Almino Afonso;-6.1574206925;-37.7631253024;4871.0;44.262;1.252;53.952;0.534;0.0
2010;RN;Alto do Rodrigues;-5.2938077876;-36.7594926142;12305.0;38.618;3.836;56.522;1.016;0.008
2010;RN;Angicos;-5.6603653291;-36.6054328738;11549.0;34.046;15.032;49.822;1.013;0.087
2010;RN;Antônio Martins;-6.2160044547;-37.8857345656;6907.0;48.719;4.068;47.01;0.203;0.0
2010;RN;Apodi;-5.6637698192;-37.7977844763;34763.0;42.499;3.317;53.646;0.518;0.02
2010;RN;Areia Branca;-4.9528976306;-37.1312717157;25315.0;31.681;8.118;59.502;0.652;0.047
2010;RN;Arez;-6.1937122745;-35.1606360959;12924.0;27.724;6.786;64.5;0.905;0.085
2010;RN;Campo Grande;-5.858114424;-37.3088725642;9289.0;44.892;4.941;49.661;0.441;0.065
2010;RN;Baía Formosa;-6.3699923042;-35.0090361818;8573.0;32.404;4.351;62.767;0.222;0.257
2010;RN;Baraúna;-5.0766181048;-37.6181801951;24182.0;32.851;6.282;58.329;2.489;0.05
2010;RN;Barcelona;-5.9481318483;-35.926794528;3950.0;38.658;2.127;58.456;0.759;0.0
2010;RN;Bento Fernandes;-5.6923833177;-35.8216988907;5113.0;25.445;2.64;69.646;2.23;0.039
2010;RN;Bodó;-5.9880452499;-36.4138377023;2425.0;41.938;4.165;52.0;1.814;0.082
2010;RN;Bom Jesus;-5.9863188523;-35.5888032898;9440.0;32.362;7.044;59.364;1.133;0.095
2010;RN;Brejinho;-6.1925790587;-35.357354054;11577.0;37.557;2.781;59.255;0.363;0.043
2010;RN;Caiçara do Norte;-5.0629944094;-36.0558571538;6016.0;31.499;8.677;58.926;0.881;0.017
2010;RN;Caiçara do Rio do Vento;-5.7590871428;-35.9997904111;3308.0;29.988;6.771;61.941;1.3;0.0
2010;RN;Caicó;-6.4591388314;-37.0964887712;62705.0;59.238;4.671;35.393;0.662;0.037
2010;RN;Campo Redondo;-6.2433830532;-36.1825045694;10266.0;41.847;2.192;55.27;0.692;0.0
2010;RN;Canguaretama;-6.3749252157;-35.128539664;30916.0;33.83;4.082;60.668;1.249;0.171
2010;RN;Caraúbas;-5.7911761029;-37.5537021978;19576.0;38.174;5.686;53.857;2.232;0.051
2010;RN;Carnaúba dos Dantas;-6.5607325174;-36.5952519215;7429.0;65.958;4.24;29.371;0.377;0.054
2010;RN;Carnaubais;-5.3397853943;-36.8346423564;9762.0;29.389;3.37;66.554;0.543;0.143
2010;RN;Ceará-Mirim;-5.6409835919;-35.4244869285;68141.0;27.035;8.908;62.315;1.635;0.107
2010;RN;Cerro Corá;-6.0348271931;-36.3457414415;10916.0;39.575;3.252;55.9;1.273;0.0
2010;RN;Coronel Ezequiel;-6.3834023903;-36.2147710444;5405.0;36.059;3.293;58.742;1.906;0.0
2010;RN;Coronel João Pessoa;-6.2601122114;-38.4402581627;4772.0;50.293;1.76;47.611;0.335;0.0
2010;RN;Cruzeta;-6.413176407;-36.7917053203;7967.0;53.345;4.77;41.634;0.238;0.013
2010;RN;Currais Novos;-6.264672219;-36.516219221;42652.0;50.148;5.674;43.126;0.989;0.063
2010;RN;Doutor Severiano;-6.0936873706;-38.3736830788;6492.0;45.271;4.082;50.015;0.632;0.0
2010;RN;Parnamirim;-5.9103697583;-35.2592090739;202453.0;48.313;4.441;46.147;0.999;0.101
2010;RN;Encanto;-6.1111342006;-38.3048789907;5231.0;51.921;1.835;45.555;0.669;0.019
2010;RN;Equador;-6.9458427491;-36.7164124289;5822.0;53.109;3.143;42.322;1.408;0.017
2010;RN;Espírito Santo;-6.3355717032;-35.3170907892;10475.0;34.253;6.396;58.396;0.926;0.029
2010;RN;Extremoz;-5.7027099362;-35.314025432;24569.0;29.224;8.535;60.914;1.091;0.236
2010;RN;Felipe Guerra;-5.6019617698;-37.6913850557;5734.0;39.03;2.965;57.935;0.07;0.0
2010;RN;Fernando Pedroza;-5.6960157815;-36.5324535354;2854.0;27.751;3.819;67.835;0.596;0.0
2010;RN;Florânia;-6.126951955;-36.8140762988;8959.0;49.436;4.989;44.369;1.205;0.0
2010;RN;Francisco Dantas;-6.0880967167;-38.1256497554;2874.0;49.861;1.148;48.887;0.104;0.0
2010;RN;Frutuoso Gomes;-6.1562327993;-37.840960754;4233.0;43.09;3.355;52.918;0.638;0.0
2010;RN;Galinhos;-5.0916897784;-36.27464007;2159.0;34.738;13.664;48.68;2.825;0.093
2010;RN;Goianinha;-6.25059039;-35.2177861245;22481.0;31.938;6.895;59.366;1.535;0.267
2010;RN;Governador Dix-Sept Rosado;-5.4589138421;-37.521911843;12374.0;38.056;8.647;52.521;0.776;0.0
2010;RN;Grossos;-4.9755148071;-37.15748416;9393.0;32.833;4.546;61.578;0.99;0.053
2010;RN;Guamaré;-5.1073629546;-36.3181443774;12404.0;33.804;12.681;51.217;2.193;0.105
2010;RN;Ielmo Marinho;-5.8153150383;-35.5528293751;12171.0;24.443;1.66;73.379;0.518;0.0
2010;RN;Ipanguaçu;-5.4971483533;-36.8528746047;13856.0;29.54;7.116;61.417;1.898;0.029
2010;RN;Ipueira;-6.8155507619;-37.1978561299;2077.0;57.872;5.585;36.206;0.337;0.0
2010;RN;Itajá;-5.643547609;-36.8698181053;6932.0;30.828;5.208;62.262;1.673;0.029
2010;RN;Itaú;-5.8379360734;-37.9882686257;5564.0;45.669;3.523;49.281;1.528;0.0
2010;RN;Jaçanã;-6.4249733474;-36.2055929077;7925.0;41.968;3.129;54.208;0.681;0.013
2010;RN;Jandaíra;-5.35528;-36.1305852719;6801.0;30.613;5.117;62.079;2.191;0.0
2010;RN;Janduís;-6.0160927029;-37.4092111089;5345.0;34.406;7.951;53.789;3.835;0.019
2010;RN;Boa Saúde;-6.1560980226;-35.6008919626;9011.0;31.994;2.774;64.355;0.855;0.022
2010;RN;Japi;-6.4605660133;-35.945934828;5522.0;35.06;0.942;63.401;0.598;0.0
2010;RN;Jardim de Angicos;-5.6526312124;-35.9699543298;2607.0;10.625;0.652;88.262;0.46;0.0
2010;RN;Jardim de Piranhas;-6.3800975492;-37.3492178523;13501.0;59.61;2.163;37.679;0.541;0.007
2010;RN;Jardim do Seridó;-6.5863362517;-36.7745815234;12113.0;65.318;3.971;30.083;0.57;0.058
2010;RN;João Câmara;-5.5384233834;-35.8167878739;32227.0;32.488;6.374;58.181;1.952;1.005
2010;RN;João Dias;-6.2761140978;-37.796960782;2601.0;38.87;2.307;57.055;1.769;0.0
2010;RN;José da Penha;-6.3126884428;-38.2844030705;5868.0;51.517;3.272;44.819;0.375;0.017
2010;RN;Jucurutu;-6.0334187841;-37.0202258294;17692.0;42.381;4.234;52.741;0.639;0.006
2010;RN;Jundiá;-6.2691693311;-35.3277885219;3582.0;36.516;5.891;56.924;0.642;0.028
2010;RN;Lagoa d'Anta;-6.3915023235;-35.5997951777;6227.0;39.505;9.716;48.723;1.574;0.482
2010;RN;Lagoa de Pedras;-6.149739102;-35.4334827322;6989.0;32.952;1.445;64.816;0.744;0.043
2010;RN;Lagoa de Velhos;-5.9999155193;-35.8706988331;2668.0;36.169;3.673;60.157;0.0;0.0
2010;RN;Lagoa Nova;-6.0976692964;-36.4589606696;13983.0;33.905;4.649;60.688;0.744;0.014
2010;RN;Lagoa Salgada;-6.1258182619;-35.4724975676;7564.0;34.717;2.01;63.102;0.119;0.053
2010;RN;Lajes;-5.6988303588;-36.2427351264;10381.0;33.234;2.678;62.094;1.994;0.0
2010;RN;Lajes Pintadas;-6.1514320721;-36.1184417929;4612.0;23.005;2.255;74.501;0.239;0.0
2010;RN;Lucrécia;-6.1169236352;-37.8156328477;3633.0;50.895;5.34;43.27;0.495;0.0
2010;RN;Luís Gomes;-6.4140281424;-38.3864203751;9610.0;40.853;5.983;52.425;0.739;0.0
2010;RN;Macaíba;-5.8572366196;-35.3552371336;69467.0;30.579;6.091;62.441;0.839;0.05
2010;RN;Macau;-5.1133676503;-36.6349731819;28954.0;31.906;12.872;53.682;1.451;0.09
2010;RN;Major Sales;-6.4037565657;-38.3234550212;3536.0;37.613;1.103;61.058;0.226;0.0
2010;RN;Marcelino Vieira;-6.2935497878;-38.1666126187;8265.0;53.926;5.191;39.915;0.968;0.0
2010;RN;Martins;-6.0963474929;-37.9113273957;8218.0;43.234;3.87;52.58;0.195;0.122
2010;RN;Maxaranguape;-5.5054562658;-35.2620748681;10441.0;22.086;5.574;71.42;0.919;0.0
2010;RN;Messias Targino;-6.0764975053;-37.5120589302;4188.0;32.402;4.943;61.27;1.385;0.0
2010;RN;Montanhas;-6.4822429389;-35.2876919576;11413.0;39.7;4.285;55.042;0.929;0.044
2010;RN;Monte Alegre;-6.0678766241;-35.3320992693;20685.0;33.619;4.511;60.972;0.894;0.005
2010;RN;Monte das Gameleiras;-6.4394660165;-35.7866071235;2261.0;46.793;5.44;45.334;2.433;0.0
2010;RN;Mossoró;-5.1938012347;-37.3568741367;259811.0;42.484;5.912;50.17;1.368;0.068
2010;RN;Natal;-5.7508985376;-35.2522547281;803727.0;44.964;4.911;49.037;0.98;0.108
2010;RN;Nísia Floresta;-6.0907141459;-35.2113095645;23508.0;31.334;6.372;61.243;0.961;0.089
2010;RN;Nova Cruz;-6.480064792;-35.4323003946;35490.0;41.214;2.888;55.162;0.71;0.025
2010;RN;Olho-d'Água do Borges;-5.9592583875;-37.7118209786;4295.0;45.495;3.05;50.57;0.885;0.0
2010;RN;Ouro Branco;-6.6996589474;-36.9462950767;4699.0;70.653;1.915;27.389;0.043;0.0
2010;RN;Paraná;-6.4853305013;-38.3111288501;3952.0;49.317;1.417;48.785;0.481;0.0
2010;RN;Paraú;-5.7770555176;-37.1016501353;3859.0;34.439;5.468;57.994;2.047;0.052
2010;RN;Parazinho;-5.2307807345;-35.8449895224;4845.0;27.307;4.087;67.121;1.486;0.0
2010;RN;Parelhas;-6.6887551972;-36.6578048562;20354.0;66.832;6.303;26.005;0.84;0.02
2010;RN;Rio do Fogo;-5.2715586596;-35.3848720422;10059.0;26.225;4.981;67.75;0.974;0.07
2010;RN;Passa e Fica;-6.4291154937;-35.6473522143;11100.0;40.559;2.928;55.351;1.135;0.027
2010;RN;Passagem;-6.274442213;-35.3755657141;2895.0;37.686;4.214;56.58;1.52;0.0
2010;RN;Patu;-6.1015320673;-37.6401023995;11964.0;50.318;8.292;40.02;1.362;0.008
2010;RN;Santa Maria;-5.8385187011;-35.6903638553;4762.0;29.063;0.819;70.055;0.063;0.0
2010;RN;Pau dos Ferros;-6.1147318387;-38.2032615201;27745.0;54.431;5.853;38.486;1.215;0.014
2010;RN;Pedra Grande;-5.1493874335;-35.8759906401;3521.0;26.271;4.743;66.998;1.988;0.0
2010;RN;Pedra Preta;-5.5819091562;-36.103135819;2590.0;28.764;0.888;70.309;0.0;0.039
2010;RN;Pedro Avelino;-5.5240021821;-36.3852292559;7171.0;31.655;2.956;64.356;0.976;0.056
2010;RN;Pedro Velho;-6.4331894882;-35.2229392417;14114.0;36.772;3.677;58.779;0.659;0.113
2010;RN;Pendências;-5.2567881709;-36.7191460403;13432.0;29.184;12.455;56.432;1.891;0.037
2010;RN;Pilões;-6.2657224402;-38.0444431555;3453.0;40.255;7.124;50.13;2.491;0.0
2010;RN;Poço Branco;-5.6188515041;-35.65501177;13949.0;27.701;2.516;69.231;0.545;0.007
2010;RN;Portalegre;-6.0243280135;-37.9851948257;7320.0;39.822;10.956;47.923;1.284;0.014
2010;RN;Porto do Mangue;-5.0696701522;-36.7805380667;5217.0;27.736;3.45;67.932;0.709;0.173
2010;RN;Serra Caiada;-6.1049127856;-35.7056053224;8768.0;37.637;6.991;53.98;1.369;0.023
2010;RN;Pureza;-5.4659185859;-35.5622682321;8424.0;28.158;6.387;63.272;2.172;0.012
2010;RN;Rafael Fernandes;-6.1864951981;-38.2225028857;4692.0;60.422;4.284;34.996;0.298;0.0
2010;RN;Rafael Godeiro;-6.0782966478;-37.7159740682;3063.0;63.173;3.559;32.55;0.718;0.0
2010;RN;Riacho da Cruz;-5.935802522;-37.9502747099;3165.0;36.177;10.585;49.921;2.875;0.442
2010;RN;Riacho de Santana;-6.2647305468;-38.3148330294;4156.0;52.526;1.805;45.621;0.048;0.0
2010;RN;Riachuelo;-5.8139469647;-35.8262747639;7067.0;26.093;3.523;69.648;0.736;0.0
2010;RN;Rodolfo Fernandes;-5.7879936117;-38.0628743291;4418.0;41.919;7.718;50.362;0.0;0.0
2010;RN;Tibau;-4.8414374104;-37.2513026681;3687.0;34.554;5.696;59.018;0.732;0.0
2010;RN;Ruy Barbosa;-5.879428941;-35.9354841632;3595.0;22.893;1.391;74.854;0.862;0.0
2010;RN;Santa Cruz;-6.2300756234;-36.0205165703;35797.0;41.752;4.632;52.088;1.4;0.129
2010;RN;Santana do Matos;-5.9577271554;-36.6541049651;13809.0;36.397;2.122;60.779;0.702;0.0
2010;RN;Santana do Seridó;-6.7701517529;-36.7368516419;2526.0;73.793;5.899;19.834;0.475;0.0
2010;RN;Santo Antônio;-6.3051739213;-35.475136984;22216.0;38.279;2.251;58.931;0.513;0.027
2010;RN;São Bento do Norte;-5.0595010601;-36.0354313534;2975.0;25.513;8.672;64.84;0.975;0.0
2010;RN;São Bento do Trairí;-6.3444812167;-36.0868875014;3905.0;38.822;3.892;55.928;1.332;0.026
2010;RN;São Fernando;-6.383861073;-37.1854030398;3401.0;68.392;2.529;28.727;0.353;0.0
2010;RN;São Francisco do Oeste;-6.0006365705;-38.1692961808;3874.0;51.007;4.388;42.54;2.039;0.026
2010;RN;São Gonçalo do Amarante;-5.7895555402;-35.3311560931;87668.0;32.774;7.558;58.303;1.291;0.074
2010;RN;São João do Sabugi;-6.71122435;-37.204139658;5922.0;57.548;4.036;37.234;1.182;0.0
2010;RN;São José de Mipibu;-6.0704657116;-35.2402746487;39776.0;34.443;4.362;60.396;0.742;0.058
2010;RN;São José do Campestre;-6.3155639806;-35.7121150331;12356.0;34.089;3.788;61.816;0.308;0.0
2010;RN;São José do Seridó;-6.4487985346;-36.8832588929;4231.0;62.775;6.074;30.3;0.827;0.024
2010;RN;São Miguel;-6.2123429186;-38.4963439737;22157.0;61.714;3.448;34.314;0.492;0.032
2010;RN;São Miguel do Gostoso;-5.1228571163;-35.6412835112;8670.0;30.473;10.83;56.367;2.18;0.15
2010;RN;São Paulo do Potengi;-5.8998203338;-35.7643696369;15843.0;35.763;4.564;59.559;0.101;0.013
2010;RN;São Pedro;-5.8979802825;-35.6403110302;6235.0;26.736;4.202;68.629;0.433;0.0
2010;RN;São Rafael;-5.8009342266;-36.8903975641;8111.0;47.318;2.047;49.747;0.814;0.074
2010;RN;São Tomé;-5.9730223471;-36.0736631486;10827.0;31.717;5.228;61.55;1.478;0.028
2010;RN;São Vicente;-6.2149638782;-36.6886618517;6028.0;53.268;1.493;44.808;0.299;0.133
2010;RN;Senador Elói de Souza;-6.0362264288;-35.6956637752;5637.0;28.224;4.204;67.447;0.124;0.0
2010;RN;Senador Georgino Avelino;-6.1586943344;-35.124176228;3924.0;31.218;5.199;63.481;0.102;0.0
2010;RN;Serra de São Bento;-6.4153669923;-35.7034898199;5743.0;37.715;5.38;56.643;0.261;0.0
2010;RN;Serra do Mel;-5.1652413482;-37.0413013452;10287.0;34.937;4.754;59.055;1.157;0.097
2010;RN;Serra Negra do Norte;-6.6639843364;-37.3949730106;7770.0;44.44;4.299;50.399;0.837;0.026
2010;RN;Serrinha;-6.2770915257;-35.501343234;6581.0;32.609;1.96;64.929;0.471;0.03
2010;RN;Serrinha dos Pintos;-6.1141293698;-37.9615790489;4540.0;64.912;6.057;28.216;0.683;0.132
2010;RN;Severiano Melo;-5.7781877653;-37.956580706;5752.0;41.081;3.581;53.373;1.965;0.0
2010;RN;Sítio Novo;-6.1040915828;-35.9104491799;5020.0;46.713;1.474;51.693;0.12;0.0
2010;RN;Taboleiro Grande;-5.9267522922;-38.0435675406;2317.0;52.223;9.754;37.721;0.302;0.0
2010;RN;Taipu;-5.6196666753;-35.5988465613;11836.0;27.29;6.497;65.098;1.014;0.101
2010;RN;Tangará;-6.1973573683;-35.8001895983;14175.0;36.804;4.346;57.975;0.875;0.0
2010;RN;Tenente Ananias;-6.4775437122;-38.1792978897;9883.0;43.114;2.904;52.96;1.022;0.0
2010;RN;Tenente Laurentino Cruz;-6.1472301595;-36.7206601449;5406.0;41.472;1.683;56.715;0.129;0.0
2010;RN;Tibau do Sul;-6.1880717593;-35.0926003672;11385.0;31.805;7.422;59.842;0.878;0.053
2010;RN;Timbaúba dos Batistas;-6.4632892631;-37.2713399064;2295.0;49.935;5.098;44.532;0.436;0.0
2010;RN;Touros;-5.2026068014;-35.4552931657;31086.0;29.92;4.108;65.061;0.824;0.087
2010;RN;Triunfo Potiguar;-5.8669590186;-37.1837968506;3368.0;37.292;3.088;58.403;1.01;0.208
2010;RN;Umarizal;-5.9899019796;-37.8132584901;10659.0;47.331;2.42;49.385;0.844;0.019
2010;RN;Upanema;-5.6417976593;-37.260146942;12992.0;38.377;3.618;57.766;0.239;0.0
2010;RN;Várzea;-6.3487998907;-35.3747906644;5236.0;41.157;2.731;55.749;0.344;0.019
2010;RN;Venha-Ver;-6.3194228369;-38.4912301677;3821.0;58.309;1.23;40.382;0.079;0.0
2010;RN;Vera Cruz;-6.0456084818;-35.4281095272;10719.0;44.762;3.256;51.451;0.457;0.075
2010;RN;Viçosa;-5.9918571747;-37.947409016;1618.0;27.503;6.613;65.822;0.0;0.062
2010;RN;Vila Flor;-6.3127918709;-35.0761274954;2872.0;29.875;5.536;63.092;1.288;0.209
2010;PB;Água Branca;-7.5110701506;-37.6422090443;9449.0;40.639;1.693;56.535;1.101;0.032
2010;PB;Aguiar;-7.0948057625;-38.1775818446;5530.0;40.705;1.609;57.016;0.651;0.018
2010;PB;Alagoa Grande;-7.036775;-35.6338919827;28479.0;29.801;8.403;60.989;0.794;0.014
2010;PB;Alagoa Nova;-7.0577988253;-35.7594565398;19681.0;28.881;5.015;64.57;1.534;0.0
2010;PB;Alagoinha;-6.9481404046;-35.5454913506;13576.0;26.665;5.377;66.824;1.083;0.052
2010;PB;Alcantil;-7.7414770383;-36.0606043309;5239.0;40.981;3.989;54.839;0.191;0.0
2010;PB;Algodão de Jandaíra;-6.9046940378;-36.0060933988;2366.0;36.813;8.664;54.311;0.211;0.0
2010;PB;Alhandra;-7.4329953022;-34.9119851554;18007.0;31.615;8.019;58.616;1.605;0.144
2010;PB;São João do Rio do Peixe;-6.7344308283;-38.4454535708;18201.0;47.091;5.016;45.926;1.813;0.154
2010;PB;Amparo;-7.5672115216;-37.0647752481;2088.0;40.278;2.874;53.879;2.874;0.096
2010;PB;Aparecida;-6.7836951415;-38.0833382545;7676.0;33.872;9.862;54.039;2.228;0.0
2010;PB;Araçagi;-6.8516966175;-35.3832990883;17224.0;40.444;7.629;51.37;0.546;0.012
2010;PB;Arara;-6.8261917212;-35.7595417216;12653.0;35.256;2.371;61.661;0.711;0.0
2010;PB;Araruna;-6.5314470213;-35.7359805119;18879.0;37.984;2.595;59.044;0.376;0.0
2010;PB;Areia;-6.965515;-35.7033914011;23829.0;30.475;9.006;57.913;2.228;0.378
2010;PB;Areia de Baraúnas;-7.123695013;-36.9435079584;1927.0;34.146;1.245;61.339;3.269;0.0
2010;PB;Areial;-7.0499610887;-35.9228094313;6470.0;37.295;3.478;58.331;0.896;0.0
2010;PB;Aroeiras;-7.5484620227;-35.7155929489;19082.0;39.341;2.814;57.216;0.555;0.073
2010;PB;Assunção;-7.0763269437;-36.7331874761;3522.0;32.765;5.082;61.868;0.17;0.114
2010;PB;Baía da Traição;-6.679529123;-34.949931095;8012.0;14.84;1.922;12.107;0.15;70.981
2010;PB;Bananeiras;-6.749637275;-35.6315999028;21851.0;38.126;3.771;56.698;1.373;0.032
2010;PB;Baraúna;-6.6424050352;-36.253041353;4220.0;34.692;5.687;58.412;1.209;0.0
2010;PB;Barra de Santana;-7.5228337806;-35.9963140811;8206.0;44.029;1.84;53.778;0.353;0.0
2010;PB;Barra de Santa Rosa;-6.7202526776;-36.0597726422;14157.0;37.268;4.952;56.262;1.49;0.028
2010;PB;Barra de São Miguel;-7.7526706262;-36.3215359678;5611.0;56.585;4.616;38.211;0.588;0.0
2010;PB;Bayeux;-7.132276485;-34.9291858201;99716.0;36.035;10.053;51.353;2.229;0.33
2010;PB;Belém;-6.6940426098;-35.5362740821;17093.0;35.278;2.352;61.704;0.608;0.059
2010;PB;Belém do Brejo do Cruz;-6.1885749977;-37.5395024823;7143.0;33.977;3.304;60.423;2.296;0.0
2010;PB;Bernardino Batista;-6.4535477932;-38.5488692212;3075.0;35.285;4.846;58.829;1.041;0.0
2010;PB;Boa Ventura;-7.4222821453;-38.2189508765;5751.0;35.194;7.425;55.625;1.756;0.0
2010;PB;Boa Vista;-7.2579130806;-36.2353736588;6227.0;51.1;5.091;42.605;0.931;0.273
2010;PB;Bom Jesus;-6.8179576512;-38.655142807;2400.0;36.583;5.208;56.708;1.5;0.0
2010;PB;Bom Sucesso;-6.445046723;-37.9300236974;5035.0;38.371;3.098;58.352;0.179;0.0
2010;PB;Bonito de Santa Fé;-7.3107630819;-38.5164953051;10804.0;30.415;2.823;65.735;1.009;0.019
2010;PB;Boqueirão;-7.4826479199;-36.1334047507;16888.0;44.434;3.878;51.238;0.361;0.089
2010;PB;Igaracy;-7.1793192914;-38.1466946448;6156.0;45.045;3.947;50.276;0.731;0.0
2010;PB;Borborema;-6.8043058831;-35.5993759656;5111.0;32.557;8.198;58.599;0.607;0.039
2010;PB;Brejo do Cruz;-6.3477076068;-37.5001626417;13123.0;41.713;1.844;55.071;1.372;0.0
2010;PB;Brejo dos Santos;-6.3761833082;-37.8237101751;6198.0;49.645;1.662;48.29;0.403;0.0
2010;PB;Caaporã;-7.5142876414;-34.917850144;20362.0;24.703;8.344;64.193;2.706;0.054
2010;PB;Cabaceiras;-7.4906698737;-36.2843418898;5035.0;51.301;4.489;44.211;0.0;0.0
2010;PB;Cabedelo;-6.9669830633;-34.8394300208;57944.0;39.345;7.506;50.711;1.698;0.74
2010;PB;Cachoeira dos Índios;-6.9239358528;-38.6783031917;9546.0;34.161;4.085;60.434;1.32;0.0
2010;PB;Cacimba de Areia;-7.1284733769;-37.1582169542;3557.0;33.793;3.627;61.822;0.759;0.0
2010;PB;Cacimba de Dentro;-6.640016747;-35.7928209014;16748.0;31.222;2.287;65.865;0.549;0.078
2010;PB;Cacimbas;-7.2123593026;-37.0604021094;6814.0;25.814;7.514;60.948;5.709;0.015
2010;PB;Caiçara;-6.6174697909;-35.4691142821;7220.0;34.252;4.543;60.859;0.291;0.055
2010;PB;Cajazeiras;-6.8904645;-38.5605303718;58446.0;43.582;4.539;50.862;0.999;0.017
2010;PB;Cajazeirinhas;-6.9626928132;-37.7991843341;3033.0;42.928;13.386;43.258;0.429;0.0
2010;PB;Caldas Brandão;-7.171751437;-35.342382092;5637.0;40.11;6.99;52.599;0.248;0.053
2010;PB;Camalaú;-7.8912420951;-36.8316105815;5749.0;36.876;4.14;57.506;1.479;0.0
2010;PB;Campina Grande;-7.22149704;-35.8838591148;385210.0;43.835;5.736;49.082;1.197;0.15
2010;PB;Capim;-6.9108443749;-35.1677387141;5601.0;41.136;5.535;50.991;2.089;0.25
2010;PB;Caraúbas;-7.7310993724;-36.4954780727;3899.0;36.599;3.052;57.861;2.488;0.0
2010;PB;Carrapateira;-7.0396542415;-38.3442167253;2378.0;65.559;1.976;32.002;0.463;0.0
2010;PB;Casserengue;-6.7837603257;-35.8163048295;7058.0;31.964;2.069;65.826;0.128;0.014
2010;PB;Catingueira;-7.1252097836;-37.6107199033;4812.0;32.71;4.904;62.012;0.374;0.0
2010;PB;Catolé do Rocha;-6.346752995;-37.7485000906;28759.0;42.999;6.141;49.459;1.318;0.083
2010;PB;Caturité;-7.4196183207;-36.0206588241;4543.0;48.228;1.783;49.725;0.242;0.022
2010;PB;Conceição;-7.5602250866;-38.5091579595;18363.0;34.591;4.596;59.674;1.067;0.071
2010;PB;Condado;-6.9123067773;-37.6039713346;6584.0;43.332;4.967;50.926;0.729;0.046
2010;PB;Conde;-7.2635718267;-34.9071513371;21400.0;28.813;12.78;56.168;1.682;0.556
2010;PB;Congo;-7.7925707775;-36.6615328552;4687.0;35.524;3.691;60.38;0.384;0.021
2010;PB;Coremas;-7.0169182842;-37.9455372752;15149.0;47.713;8.298;42.901;1.05;0.04
2010;PB;Coxixola;-7.6287969606;-36.6048295219;1771.0;48.278;0.734;49.859;1.073;0.056
2010;PB;Cruz do Espírito Santo;-7.1413369619;-35.0914891262;16257.0;31.414;4.687;62.957;0.917;0.025
2010;PB;Cubati;-6.8623606092;-36.3479297162;6866.0;46.344;6.19;45.805;1.573;0.087
2010;PB;Cuité;-6.4855553012;-36.1532081655;19978.0;38.427;2.543;58.374;0.641;0.015
2010;PB;Cuitegi;-6.8958137426;-35.5257412327;6889.0;30.483;9.987;58.397;1.074;0.058
2010;PB;Cuité de Mamanguape;-6.9141574734;-35.2528248925;6202.0;33.409;2.838;63.447;0.29;0.016
2010;PB;Curral de Cima;-6.7174300292;-35.2670572688;5209.0;27.414;4.742;67.46;0.384;0.0
2010;PB;Curral Velho;-7.5380851077;-38.2003914462;2505.0;32.335;3.872;61.557;2.236;0.0
2010;PB;Damião;-6.6318974073;-35.9099425358;4900.0;34.653;2.061;61.388;1.898;0.0
2010;PB;Desterro;-7.2914475304;-37.0921693225;7991.0;33.2;5.794;53.748;7.208;0.05
2010;PB;Vista Serrana;-6.7406872724;-37.5679145327;3512.0;62.016;7.289;30.097;0.598;0.0
2010;PB;Diamante;-7.4235834212;-38.2650442086;6616.0;22.854;6.817;68.758;1.572;0.0
2010;PB;Dona Inês;-6.6021227352;-35.6225406506;10517.0;31.131;5.258;63.117;0.475;0.019
2010;PB;Duas Estradas;-6.6881329547;-35.4181768048;3638.0;38.4;2.969;57.752;0.88;0.0
2010;PB;Emas;-7.1079922324;-37.7145859751;3317.0;38.137;6.452;54.718;0.693;0.0
2010;PB;Esperança;-7.020685;-35.858593287;31095.0;42.878;3.155;53.16;0.791;0.016
2010;PB;Fagundes;-7.3630616044;-35.7846088758;11405.0;35.721;2.911;60.684;0.561;0.123
2010;PB;Frei Martinho;-6.4045158524;-36.4520440619;2933.0;41.084;3.614;53.904;1.398;0.0
2010;PB;Gado Bravo;-7.5829411773;-35.7906509035;8376.0;42.061;2.71;54.656;0.573;0.0
2010;PB;Guarabira;-6.852715;-35.4899649849;55326.0;40.298;5.589;53.21;0.797;0.107
2010;PB;Gurinhém;-7.1232156684;-35.4281860624;13872.0;30.507;5.392;63.574;0.512;0.014
2010;PB;Gurjão;-7.2462216609;-36.4862761218;3159.0;40.139;5.888;52.865;1.108;0.0
2010;PB;Ibiara;-7.4978512245;-38.4055678575;6031.0;32.051;2.504;65.246;0.199;0.0
2010;PB;Imaculada;-7.3885372613;-37.5100748564;11352.0;29.951;2.74;66.041;1.268;0.0
2010;PB;Ingá;-7.2950269135;-35.6176892168;18180.0;32.354;4.587;62.233;0.82;0.006
2010;PB;Itabaiana;-7.3309315;-35.3375333859;24481.0;40.248;5.22;53.736;0.67;0.127
2010;PB;Itaporanga;-7.3039804631;-38.1525731067;23192.0;45.395;7.369;45.912;1.306;0.017
2010;PB;Itapororoca;-6.829920163;-35.2462957146;16997.0;39.607;2.153;57.104;1.1;0.035
2010;PB;Itatuba;-7.374957755;-35.62816125;10201.0;31.575;10.185;57.749;0.48;0.01
2010;PB;Jacaraú;-6.6129685867;-35.2942824484;13935.0;41.88;4.334;52.802;0.761;0.222
2010;PB;Jericó;-6.5561949909;-37.8086413774;7538.0;40.727;1.446;57.283;0.544;0.0
2010;PB;João Pessoa;-7.14938202;-34.8733848135;723514.0;44.277;6.676;47.221;1.556;0.27
2010;PB;Juarez Távora;-7.1663446273;-35.5911781067;7459.0;32.739;6.194;60.316;0.751;0.0
2010;PB;Juazeirinho;-7.0653683106;-36.5707010055;16776.0;34.758;5.836;56.903;2.42;0.083
2010;PB;Junco do Seridó;-6.9933376489;-36.7164412261;6643.0;39.154;4.576;55.668;0.602;0.0
2010;PB;Juripiranga;-7.3702907732;-35.2394540486;10237.0;30.937;2.305;66.181;0.508;0.068
2010;PB;Juru;-7.5343071384;-37.819264489;9826.0;36.617;1.771;59.709;1.903;0.0
2010;PB;Lagoa;-6.5942086133;-37.9150900701;4681.0;45.119;1.688;52.788;0.406;0.0
2010;PB;Lagoa de Dentro;-6.6705990497;-35.3770436482;7370.0;36.052;2.185;61.18;0.583;0.0
2010;PB;Lagoa Seca;-7.1584124886;-35.8514401351;25900.0;39.17;4.363;55.151;1.282;0.035
2010;PB;Lastro;-6.5165306258;-38.1792184928;2841.0;39.564;4.153;55.333;0.95;0.0
2010;PB;Livramento;-7.3790028228;-36.948629304;7164.0;42.532;4.076;51.717;1.619;0.056
2010;PB;Logradouro;-6.6153714223;-35.4432993556;3942.0;39.65;2.74;57.078;0.507;0.025
2010;PB;Lucena;-6.8988493384;-34.8746090974;11730.0;26.999;8.909;60.631;3.035;0.426
2010;PB;Mãe d'Água;-7.2570490927;-37.428160995;4019.0;33.043;2.463;64.12;0.373;0.0
2010;PB;Malta;-6.9071851235;-37.5177757104;5613.0;40.032;5.576;53.75;0.641;0.0
2010;PB;Mamanguape;-6.8337151469;-35.1238932021;42303.0;35.336;4.692;58.506;1.158;0.307
2010;PB;Manaíra;-7.7046141416;-38.1530716661;10759.0;28.283;3.513;64.746;3.458;0.0
2010;PB;Marcação;-6.770054174;-35.0139243935;7609.0;10.685;1.275;10.409;0.158;77.474
2010;PB;Mari;-7.056384;-35.3185424166;21176.0;37.906;5.143;55.875;1.025;0.052
2010;PB;Marizópolis;-6.844674277;-38.3553961304;6173.0;40.013;6.253;52.535;1.183;0.016
2010;PB;Massaranduba;-7.1801994711;-35.7375152077;12902.0;38.839;3.945;55.17;2.046;0.0
2010;PB;Mataraca;-6.6005186544;-35.0485576738;7407.0;35.129;4.091;57.095;0.864;2.822
2010;PB;Matinhas;-7.1211683437;-35.7709374162;4321.0;30.988;4.675;62.763;1.574;0.0
2010;PB;Mato Grosso;-6.5426334912;-37.7115726982;2702.0;27.313;1.554;70.984;0.148;0.0
2010;PB;Matureia;-7.2659300019;-37.3504338851;5939.0;32.295;10.473;51.524;5.708;0.0
2010;PB;Mogeiro;-7.3094805323;-35.482424602;12491.0;33.192;5.964;59.571;1.185;0.088
2010;PB;Montadas;-7.0890963385;-35.9582754293;4990.0;42.285;1.323;55.431;0.962;0.0
2010;PB;Monte Horebe;-7.2095264023;-38.5836574944;4508.0;37.134;8.496;51.442;2.928;0.0
2010;PB;Monteiro;-7.892217;-37.1226806806;30852.0;35.09;3.812;60.012;1.021;0.065
2010;PB;Mulungu;-7.0278860316;-35.4651434243;9469.0;35.389;8.058;56.067;0.401;0.084
2010;PB;Natuba;-7.6409788248;-35.5561446826;10566.0;39.674;7.6;51.06;1.543;0.123
2010;PB;Nazarezinho;-6.9127009191;-38.3189125786;7280.0;44.766;1.799;53.022;0.398;0.014
2010;PB;Nova Floresta;-6.4561399418;-36.2024954255;10533.0;38.033;4.31;55.673;1.984;0.0
2010;PB;Nova Olinda;-7.4768427808;-38.0410502008;6070.0;26.573;5.321;66.112;1.993;0.0
2010;PB;Nova Palmeira;-6.6766058426;-36.4187129744;4361.0;48.659;3.6;44.6;3.004;0.138
2010;PB;Olho d'Água;-7.2249726485;-37.7526855286;6931.0;60.525;5.511;33.646;0.303;0.014
2010;PB;Olivedos;-6.9882256223;-36.2436652194;3627.0;49.242;3.529;46.871;0.358;0.0
2010;PB;Ouro Velho;-7.6186521245;-37.1543789425;2928.0;36.954;7.206;54.918;0.786;0.137
2010;PB;Parari;-7.3167001008;-36.6583244439;1256.0;54.538;4.061;40.287;1.115;0.0
2010;PB;Passagem;-7.1328195967;-37.0543919437;2233.0;39.006;2.463;57.456;1.075;0.0
2010;PB;Patos;-7.0244916682;-37.2769133373;100674.0;46.943;5.575;46.132;1.251;0.099
2010;PB;Paulista;-6.5940615798;-37.621055674;11788.0;39.489;2.842;56.413;1.239;0.017
2010;PB;Pedra Branca;-7.4265644261;-38.0722463078;3721.0;38.511;7.068;53.937;0.484;0.0
2010;PB;Pedra Lavrada;-6.7578814606;-36.4720503638;7475.0;53.592;3.572;41.913;0.883;0.04
2010;PB;Pedras de Fogo;-7.4015385;-35.1131779827;27032.0;35.358;5.608;57.499;1.495;0.041
2010;PB;Piancó;-7.192569876;-37.9265190012;15465.0;49.376;3.595;46.537;0.478;0.013
2010;PB;Picuí;-6.5101356574;-36.3470460251;18222.0;41.746;6.015;50.379;1.751;0.11
2010;PB;Pilar;-7.2598879849;-35.2598804076;11191.0;33.134;10.41;54.338;1.885;0.232
2010;PB;Pilões;-6.8692205282;-35.6155405947;6978.0;28.103;5.417;64.46;2.021;0.0
2010;PB;Pilõezinhos;-6.840568783;-35.530585704;5155.0;28.885;4.481;65.684;0.912;0.039
2010;PB;Pirpirituba;-6.7808000985;-35.4977157928;10326.0;32.191;5.384;61.205;1.211;0.01
2010;PB;Pitimbu;-7.482413396;-34.8139304143;17024.0;22.333;8.758;67.123;1.615;0.17
2010;PB;Pocinhos;-7.0786172694;-36.056442281;17032.0;44.939;4.985;49.219;0.822;0.035
2010;PB;Poço Dantas;-6.407175642;-38.4971655332;3751.0;40.496;1.28;57.558;0.64;0.027
2010;PB;Poço de José de Moura;-6.5769188159;-38.5099999913;3978.0;32.152;2.74;62.645;2.464;0.0
2010;PB;Pombal;-6.769855485;-37.7982672714;32110.0;47.175;7.558;43.631;1.442;0.193
2010;PB;Prata;-7.6969830843;-37.0823339752;3854.0;32.797;5.553;60.145;1.505;0.0
2010;PB;Princesa Isabel;-7.733866459;-37.9936640096;21283.0;36.696;3.825;57.779;1.687;0.014
2010;PB;Puxinanã;-7.1489066441;-35.9584940731;12923.0;43.411;3.064;53.246;0.209;0.07
2010;PB;Queimadas;-7.3607915;-35.8994339112;41049.0;40.827;3.126;55.363;0.675;0.01
2010;PB;Quixabá;-7.0308176066;-37.1470987043;1699.0;35.55;8.122;53.737;2.59;0.0
2010;PB;Remígio;-6.966292952;-35.7958331901;17581.0;35.737;2.889;61.1;0.262;0.011
2010;PB;Pedro Régis;-6.6444714973;-35.2930058538;5765.0;40.555;2.376;56.93;0.121;0.017
2010;PB;Riachão;-6.5426765279;-35.6627216944;3266.0;19.657;5.511;74.832;0.0;0.0
2010;PB;Riachão do Bacamarte;-7.2505947733;-35.6553876583;4264.0;33.724;6.801;59.029;0.352;0.094
2010;PB;Riachão do Poço;-7.1515036157;-35.261242692;4164.0;43.348;2.834;53.122;0.696;0.0
2010;PB;Riacho de Santo Antônio;-7.6902953445;-36.1567097727;1722.0;44.193;1.626;53.717;0.465;0.0
2010;PB;Riacho dos Cavalos;-6.4364942491;-37.653835391;8314.0;50.794;2.285;46.103;0.818;0.0
2010;PB;Rio Tinto;-6.8084485;-35.078852226;22976.0;31.041;4.426;53.095;1.088;10.35
2010;PB;Salgadinho;-7.1030347331;-36.8455028943;3508.0;30.958;8.694;56.784;3.335;0.228
2010;PB;Salgado de São Félix;-7.3553573137;-35.4433017395;11976.0;40.022;4.559;54.893;0.518;0.008
2010;PB;Santa Cecília;-7.7429059622;-35.8774744666;6658.0;42.22;1.292;56.278;0.165;0.045
2010;PB;Santa Cruz;-6.5350141675;-38.060555592;6471.0;53.964;2.905;43.038;0.046;0.046
2010;PB;Santa Helena;-6.7186941996;-38.6427896707;5369.0;33.563;1.471;64.109;0.857;0.0
2010;PB;Santa Inês;-7.6277797185;-38.5595999296;3539.0;33.088;6.979;58.604;1.328;0.0
2010;PB;Santa Luzia;-6.8718632619;-36.92167833;14719.0;48.814;6.916;43.271;0.985;0.014
2010;PB;Santana de Mangueira;-7.5512134095;-38.3325811539;5331.0;30.332;2.439;67.042;0.188;0.0
2010;PB;Santana dos Garrotes;-7.3876444597;-37.9850430999;7266.0;38.095;4.707;54.253;2.945;0.0
2010;PB;Joca Claudino;-6.4840552967;-38.4791522142;2615.0;26.386;6.386;65.774;1.453;0.0
2010;PB;Santa Rita;-7.1380845;-34.9658392783;120269.0;32.178;8.34;57.742;1.575;0.165
2010;PB;Santa Teresinha;-7.0841917053;-37.4417177955;4581.0;40.406;2.663;56.036;0.895;0.0
2010;PB;Santo André;-7.2204891228;-36.6309754331;2638.0;46.058;5.118;44.693;4.056;0.076
2010;PB;São Bento;-6.4893075408;-37.4493496644;30879.0;43.638;3.245;52.194;0.907;0.016
2010;PB;São Bentinho;-6.890308509;-37.7227213006;4138.0;45.65;7.298;46.858;0.193;0.0
2010;PB;São Domingos do Cariri;-7.6329907025;-36.4359294005;2420.0;48.388;1.364;49.38;0.868;0.0
2010;PB;São Domingos;-6.8159249809;-37.9426027474;2855.0;32.504;14.711;49.212;3.538;0.035
2010;PB;São Francisco;-6.6192799824;-38.0971412339;3364.0;46.819;9.304;41.112;2.765;0.0
2010;PB;São João do Cariri;-7.3902013358;-36.5315209359;4344.0;41.045;2.072;56.192;0.645;0.046
2010;PB;São João do Tigre;-8.0810428894;-36.8457433216;4396.0;29.072;10.214;59.577;0.955;0.182
2010;PB;São José da Lagoa Tapada;-6.9442314894;-38.1577701893;7564.0;38.247;3.649;57.443;0.621;0.04
2010;PB;São José de Caiana;-7.2491596311;-38.2978233702;6010.0;35.674;4.21;60.017;0.083;0.017
2010;PB;São José de Espinharas;-6.8441796085;-37.32511484;4760.0;38.445;6.492;51.513;3.529;0.021
2010;PB;São José dos Ramos;-7.2471273572;-35.3779610545;5508.0;34.604;6.3;57.843;1.216;0.036
2010;PB;São José de Piranhas;-7.1208699574;-38.5010748206;19096.0;46.549;5.106;47.607;0.738;0.0
2010;PB;São José de Princesa;-7.7429694508;-38.0988027203;4219.0;32.709;4.409;61.531;1.351;0.0
2010;PB;São José do Bonfim;-7.1609149774;-37.3092447285;3233.0;32.694;2.041;64.337;0.928;0.0
2010;PB;São José do Brejo do Cruz;-6.2129153407;-37.3538296762;1684.0;36.876;1.9;60.273;0.95;0.0
2010;PB;São José do Sabugi;-6.7755314068;-36.7974932182;4010.0;50.224;1.945;45.91;1.746;0.175
2010;PB;São José dos Cordeiros;-7.392642697;-36.8027778195;3985.0;42.459;1.28;55.659;0.602;0.0
2010;PB;São Mamede;-6.9302283714;-37.0948573852;7748.0;50.387;3.536;44.876;1.149;0.052
2010;PB;São Miguel de Taipu;-7.2492335304;-35.2104513919;6696.0;34.573;9.543;55.212;0.672;0.0
2010;PB;São Sebastião de Lagoa de Roça;-7.1009459552;-35.8664139115;11041.0;37.071;5.606;56.662;0.652;0.009
2010;PB;São Sebastião do Umbuzeiro;-8.1571187547;-37.008416978;3235.0;34.621;2.566;61.886;0.835;0.093
2010;PB;Sapé;-7.087111;-35.2304326165;50143.0;35.708;3.911;59.398;0.929;0.054
2010;PB;São Vicente do Seridó;-6.8569085632;-36.4107641096;10230.0;30.929;6.481;61.114;1.457;0.02
2010;PB;Serra Branca;-7.4805025245;-36.6556668629;12973.0;41.633;5.342;52.139;0.794;0.092
2010;PB;Serra da Raiz;-6.6855176501;-35.4427388369;3204.0;31.429;6.273;61.517;0.749;0.031
2010;PB;Serra Grande;-7.2141477578;-38.374894787;2975.0;23.731;3.664;71.832;0.739;0.034
2010;PB;Serra Redonda;-7.1825494247;-35.6742704972;7050.0;38.0;4.326;56.624;1.05;0.0
2010;PB;Serraria;-6.8170889428;-35.6441425708;6238.0;32.575;3.11;63.354;0.93;0.032
2010;PB;Sertãozinho;-6.750797546;-35.4417507457;4395.0;29.01;3.732;66.962;0.228;0.068
2010;PB;Sobrado;-7.1445756136;-35.238195479;7373.0;35.711;2.767;60.911;0.61;0.0
2010;PB;Solânea;-6.7598975;-35.6561584077;26693.0;37.838;4.361;56.052;1.667;0.082
2010;PB;Soledade;-7.0587413778;-36.3626648604;13739.0;43.773;3.254;52.631;0.313;0.029
2010;PB;Sossêgo;-6.7675275289;-36.2482238788;3169.0;44.651;2.304;52.225;0.757;0.063
2010;PB;Sousa;-6.763378005;-38.2296050806;65803.0;44.338;8.062;45.872;1.605;0.123
2010;PB;Sumé;-7.6710536151;-36.8802761457;16060.0;38.288;4.209;56.743;0.61;0.149
2010;PB;Tacima;-6.4889169425;-35.6388366565;10262.0;35.13;4.736;59.501;0.624;0.01
2010;PB;Taperoá;-7.209539351;-36.8289985343;14936.0;38.056;4.867;55.818;1.198;0.06
2010;PB;Tavares;-7.6357084462;-37.8785919325;14103.0;36.893;6.765;53.903;2.368;0.071
2010;PB;Teixeira;-7.2237029086;-37.2515615776;14153.0;35.872;4.098;57.832;2.183;0.014
2010;PB;Tenório;-6.9382604029;-36.6279998744;2813.0;44.046;1.849;53.893;0.213;0.0
2010;PB;Triunfo;-6.5768355074;-38.5980983313;9220.0;37.397;5.369;56.909;0.325;0.0
2010;PB;Uiraúna;-6.5249270951;-38.4070270102;14584.0;43.315;6.178;48.3;2.174;0.034
2010;PB;Umbuzeiro;-7.6982063294;-35.6714708229;9298.0;42.299;3.463;53.635;0.516;0.086
2010;PB;Várzea;-6.7708072468;-36.9927210043;2504.0;60.823;6.989;31.589;0.559;0.04
2010;PB;Vieirópolis;-6.5457135517;-38.2778434981;5045.0;44.936;3.191;49.812;2.061;0.0
2010;PB;Zabelê;-8.0768741972;-37.0935519729;2075.0;41.349;1.59;56.916;0.145;0.0
2010;PE;Abreu e Lima;-7.90444899;-34.8991305847;94429.0;33.49;8.57;56.615;0.873;0.452
2010;PE;Afogados da Ingazeira;-7.7483275858;-37.6376860181;35088.0;44.146;3.483;51.599;0.721;0.051
2010;PE;Afrânio;-8.5110912838;-41.0057973411;17585.0;46.233;11.515;41.029;1.109;0.114
2010;PE;Agrestina;-8.455973;-35.9467768375;22679.0;50.192;6.649;42.462;0.635;0.062
2010;PE;Água Preta;-8.7091225523;-35.5185573512;33095.0;26.578;4.961;67.769;0.68;0.012
2010;PE;Águas Belas;-9.1145895;-37.1219571686;40235.0;30.225;3.823;55.723;1.096;9.134
2010;PE;Alagoinha;-8.466270523;-36.7754560083;13759.0;40.584;5.015;53.579;0.545;0.276
2010;PE;Aliança;-7.6047298085;-35.2285014971;37415.0;30.317;6.513;62.392;0.617;0.16
2010;PE;Altinho;-8.4895925;-36.0596997586;22353.0;39.735;3.718;56.1;0.438;0.009
2010;PE;Amaraji;-8.378487;-35.450772921;21939.0;36.925;2.931;59.747;0.342;0.055
2010;PE;Angelim;-8.8903742079;-36.2848143555;10202.0;36.552;4.176;58.92;0.343;0.01
2010;PE;Araçoiaba;-7.7856418725;-35.0939665275;18156.0;26.173;8.394;64.794;0.6;0.039
2010;PE;Araripina;-7.5781415;-40.502460575;77302.0;26.829;8.309;62.82;1.987;0.056
2010;PE;Arcoverde;-8.4239405;-37.0565055646;68793.0;35.851;5.919;56.068;1.58;0.581
2010;PE;Barra de Guabiraba;-8.4209350376;-35.6628188858;12776.0;40.521;3.413;55.839;0.219;0.008
2010;PE;Barreiros;-8.8141379901;-35.1990859873;40732.0;28.228;6.594;64.419;0.683;0.076
2010;PE;Belém de Maria;-8.6212019106;-35.8399240901;11353.0;39.056;3.303;57.218;0.414;0.009
2010;PE;Belém do São Francisco;-8.7461845;-38.965567;20253.0;19.646;8.764;67.402;2.024;2.163
2010;PE;Belo Jardim;-8.3352954394;-36.420035083;72432.0;41.043;3.149;55.311;0.407;0.09
2010;PE;Betânia;-8.2698407896;-38.0387381366;12003.0;28.56;12.239;58.652;0.533;0.017
2010;PE;Bezerros;-8.2353595;-35.7544879459;58668.0;54.681;2.819;41.91;0.518;0.072
2010;PE;Bodocó;-7.779342627;-39.936163185;35158.0;22.777;4.133;71.748;1.283;0.06
2010;PE;Bom Conselho;-9.1633829849;-36.6793143857;45503.0;31.081;3.923;64.33;0.512;0.154
2010;PE;Bom Jardim;-7.7995121807;-35.5871395023;37826.0;41.202;4.587;53.656;0.545;0.011
2010;PE;Bonito;-8.4722605;-35.7285279259;37566.0;42.767;2.792;53.966;0.431;0.043
2010;PE;Brejão;-9.0272491507;-36.5646966593;8844.0;37.981;5.71;55.043;1.165;0.102
2010;PE;Brejinho;-7.345671276;-37.287334554;7307.0;36.239;3.982;57.151;2.628;0.0
2010;PE;Brejo da Madre de Deus;-8.1489565;-36.3703914413;45180.0;39.531;3.617;56.089;0.653;0.111
2010;PE;Buenos Aires;-7.72437221;-35.3295704142;12537.0;30.829;7.737;60.892;0.518;0.024
2010;PE;Buíque;-8.6220590407;-37.1569881148;52105.0;21.867;3.426;71.807;1.762;1.138
2010;PE;Cabo de Santo Agostinho;-8.2898642303;-35.0384889718;185023.0;31.428;8.886;58.574;0.975;0.136
2010;PE;Cabrobó;-8.5151054833;-39.309841338;30873.0;24.306;9.325;53.432;1.15;11.787
2010;PE;Cachoeirinha;-8.486831073;-36.2359914118;18819.0;42.813;5.51;51.241;0.367;0.069
2010;PE;Caetés;-8.7755948448;-36.6248040076;26577.0;41.167;2.969;54.472;1.358;0.034
2010;PE;Calçado;-8.7383779437;-36.3332880795;11125.0;32.413;2.804;64.548;0.234;0.0
2010;PE;Calumbi;-7.9384273267;-38.1537459243;5648.0;29.161;3.063;67.227;0.531;0.018
2010;PE;Camaragibe;-8.0205217675;-34.9957213564;144466.0;34.831;8.608;55.351;1.074;0.136
2010;PE;Camocim de São Félix;-8.3621380401;-35.7651947266;17104.0;48.106;4.215;47.316;0.351;0.012
2010;PE;Camutanga;-7.4070824199;-35.2827906438;8156.0;35.581;2.783;61.121;0.49;0.025
2010;PE;Canhotinho;-8.8838705622;-36.1935748781;24521.0;35.41;3.838;60.405;0.347;0.0
2010;PE;Capoeiras;-8.7361426797;-36.6237980173;19593.0;45.567;3.976;49.921;0.536;0.0
2010;PE;Carnaíba;-7.8030582189;-37.7933989026;18574.0;40.191;4.361;54.269;1.007;0.172
2010;PE;Carnaubeira da Penha;-8.3206079647;-38.7434219469;11782.0;13.801;2.241;49.694;0.645;33.619
2010;PE;Carpina;-7.8468867164;-35.2580606059;74856.0;33.81;6.705;58.295;1.077;0.114
2010;PE;Caruaru;-8.285898;-35.9670733601;314912.0;50.415;3.658;45.083;0.722;0.122
2010;PE;Casinhas;-7.7432065679;-35.7253231034;13766.0;46.143;2.55;50.93;0.37;0.007
2010;PE;Catende;-8.6703075;-35.7216666573;37820.0;35.045;4.926;59.159;0.658;0.212
2010;PE;Cedro;-7.7174692333;-39.2371382153;10778.0;30.776;5.604;62.757;0.826;0.037
2010;PE;Chã de Alegria;-7.9979007802;-35.2137267362;12404.0;25.726;5.176;68.244;0.83;0.024
2010;PE;Chã Grande;-8.2401127765;-35.4647408125;20137.0;44.073;3.268;51.979;0.621;0.06
2010;PE;Condado;-7.589382255;-35.1041184907;24282.0;30.018;6.219;63.508;0.247;0.008
2010;PE;Correntes;-9.1286655015;-36.3297018953;17419.0;34.267;4.036;61.324;0.373;0.0
2010;PE;Cortês;-8.4751512173;-35.5415869;12452.0;31.786;3.815;63.837;0.562;0.0
2010;PE;Cumaru;-8.0150324429;-35.6946989631;17183.0;46.948;3.87;48.693;0.477;0.012
2010;PE;Cupira;-8.6112826602;-35.9502573664;23390.0;45.22;2.322;52.044;0.359;0.056
2010;PE;Custódia;-8.089002;-37.6410965907;33855.0;37.56;5.19;56.024;1.087;0.139
2010;PE;Dormentes;-8.4486569865;-40.7707358131;16917.0;50.854;4.091;44.151;0.863;0.041
2010;PE;Escada;-8.36252199;-35.2361574244;63517.0;29.148;5.378;64.858;0.595;0.02
2010;PE;Exu;-7.516307;-39.7227283393;31636.0;23.239;3.569;72.275;0.869;0.047
2010;PE;Feira Nova;-7.9487277422;-35.3905979865;20571.0;37.076;5.124;57.095;0.705;0.0
2010;PE;Fernando de Noronha;-3.8520214008;-32.4351863281;2630.0;39.658;9.924;49.81;0.57;0.038
2010;PE;Ferreiros;-7.4454942053;-35.2440702124;11430.0;37.787;3.202;58.688;0.306;0.017
2010;PE;Flores;-7.8617144749;-37.9714561138;22169.0;36.601;2.612;60.043;0.74;0.005
2010;PE;Floresta;-8.6008265;-38.571239342;29285.0;21.953;5.631;64.251;1.81;6.355
2010;PE;Frei Miguelinho;-7.9444582474;-35.9231276419;14293.0;58.476;1.203;39.943;0.315;0.063
2010;PE;Gameleira;-8.5838357705;-35.3866107835;27912.0;26.913;6.664;65.352;1.003;0.068
2010;PE;Garanhuns;-8.88890553;-36.4930502821;129408.0;40.707;4.765;53.105;1.233;0.19
2010;PE;Glória do Goitá;-7.9996084721;-35.2923223923;29019.0;31.852;5.39;61.832;0.886;0.041
2010;PE;Goiana;-7.5592318549;-34.9983762972;75641.0;29.878;7.267;62.051;0.718;0.086
2010;PE;Granito;-7.7092532823;-39.6192863432;6855.0;16.309;2.845;78.308;2.524;0.015
2010;PE;Gravatá;-8.2059995;-35.5714923938;76458.0;49.902;2.822;46.696;0.505;0.075
2010;PE;Iati;-9.0457092509;-36.8472759684;18360.0;33.529;2.484;63.301;0.664;0.022
2010;PE;Ibimirim;-8.5387622082;-37.6900466897;26954.0;26.182;3.213;62.161;1.391;7.053
2010;PE;Ibirajuba;-8.5805349356;-36.1804630924;7534.0;42.408;4.261;52.92;0.305;0.106
2010;PE;Igarassu;-7.82837199;-34.9105833876;102021.0;28.204;7.571;62.996;1.185;0.044
2010;PE;Iguaracy;-7.8447743013;-37.5188211185;11779.0;34.018;3.549;62.178;0.246;0.008
2010;PE;Inajá;-8.9020460789;-37.8244851112;19081.0;17.703;6.231;65.505;1.986;8.574
2010;PE;Ingazeira;-7.6777971945;-37.4576704744;4496.0;45.641;3.158;50.601;0.601;0.0
2010;PE;Ipojuca;-8.3969865;-35.0634719379;80637.0;27.959;8.59;62.547;0.774;0.13
2010;PE;Ipubi;-7.6497045;-40.1502087502;28120.0;23.19;5.569;69.605;1.611;0.025
2010;PE;Itacuruba;-8.7245150648;-38.6863416893;4369.0;17.967;23.69;49.142;2.358;6.844
2010;PE;Itaíba;-8.9400544004;-37.4189484589;26256.0;29.57;2.232;67.356;0.743;0.099
2010;PE;Ilha de Itamaracá;-7.7465733177;-34.823950567;21884.0;24.538;6.448;67.766;1.033;0.215
2010;PE;Itambé;-7.40926386;-35.1106273574;35398.0;31.572;7.15;60.28;0.963;0.034
2010;PE;Itapetim;-7.3784285284;-37.188439311;13881.0;47.122;3.508;48.066;1.073;0.231
2010;PE;Itapissuma;-7.7740347647;-34.8892710487;23769.0;24.839;9.243;64.748;1.09;0.08
2010;PE;Itaquitinga;-7.6663936085;-35.1026145695;15692.0;23.228;5.143;69.876;1.714;0.038
2010;PE;Jaboatão dos Guararapes;-8.1653914674;-34.9211734673;644616.0;36.709;7.968;54.028;1.058;0.237
2010;PE;Jaqueira;-8.727969878;-35.7973952138;11501.0;35.197;6.547;57.004;1.156;0.096
2010;PE;Jataúba;-7.9872577772;-36.4988285484;15819.0;35.609;2.225;61.957;0.177;0.032
2010;PE;Jatobá;-9.1850699925;-38.2750376624;13963.0;22.689;5.364;49.846;0.544;21.557
2010;PE;João Alfredo;-7.860188727;-35.591502369;30743.0;42.654;3.516;53.684;0.111;0.036
2010;PE;Joaquim Nabuco;-8.6268982995;-35.5292418262;15773.0;30.102;5.135;63.735;0.995;0.032
2010;PE;Jucati;-8.7070289644;-36.4903865237;10604.0;38.476;5.545;55.262;0.585;0.132
2010;PE;Jupi;-8.7060968528;-36.4117337385;13705.0;37.3;3.546;58.796;0.321;0.036
2010;PE;Jurema;-8.719667174;-36.1359544906;14541.0;41.765;2.049;55.636;0.509;0.041
2010;PE;Lagoa do Carro;-7.8442324952;-35.3126019234;16007.0;37.609;4.648;56.981;0.706;0.056
2010;PE;Lagoa de Itaenga;-7.9323781785;-35.2928036525;20659.0;28.341;6.903;62.438;2.246;0.073
2010;PE;Lagoa do Ouro;-9.1241718379;-36.4643169318;12132.0;42.705;2.258;54.591;0.445;0.0
2010;PE;Lagoa dos Gatos;-8.6492548646;-35.9071210443;15615.0;38.604;3.554;56.939;0.897;0.006
2010;PE;Lagoa Grande;-8.995051485;-40.2707251265;22760.0;24.591;7.359;66.002;1.815;0.233
2010;PE;Lajedo;-8.6628568658;-36.3214966175;36628.0;43.218;3.309;52.52;0.928;0.025
2010;PE;Limoeiro;-7.880198;-35.455261051;55439.0;42.138;5.474;51.655;0.696;0.036
2010;PE;Macaparana;-7.5556806987;-35.4498749787;23925.0;37.643;5.066;56.673;0.619;0.0
2010;PE;Machados;-7.6885724856;-35.5141405623;13596.0;38.254;3.038;58.297;0.412;0.0
2010;PE;Manari;-8.9601081446;-37.6268229455;18083.0;23.718;1.344;74.423;0.453;0.061
2010;PE;Maraial;-8.7830776013;-35.8141175725;12230.0;33.132;3.949;62.494;0.409;0.016
2010;PE;Mirandiba;-8.1202438022;-38.7345645823;14308.0;12.678;11.881;67.333;2.264;5.843
2010;PE;Moreno;-8.11869453;-35.0948690999;56696.0;30.907;6.658;61.787;0.543;0.104
2010;PE;Nazaré da Mata;-7.737688;-35.2213386962;30796.0;26.568;12.557;59.992;0.835;0.049
2010;PE;Olinda;-7.9926600753;-34.8613103898;377763.0;36.599;9.411;52.509;1.224;0.258
2010;PE;Orobó;-7.7378951337;-35.6029820967;22878.0;46.442;6.045;47.023;0.485;0.004
2010;PE;Orocó;-8.6179456461;-39.5952457761;13180.0;14.37;12.102;69.393;2.253;1.882
2010;PE;Ouricuri;-7.883151975;-40.0814625767;64358.0;29.518;5.988;63.549;0.886;0.059
2010;PE;Palmares;-8.6790825;-35.5883359938;59525.0;34.816;6.688;57.623;0.837;0.037
2010;PE;Palmeirina;-9.0016832851;-36.3273109987;8189.0;36.83;2.308;60.276;0.574;0.012
2010;PE;Panelas;-8.667242285;-36.0015757987;25645.0;37.337;5.518;56.51;0.62;0.016
2010;PE;Paranatama;-8.920145338;-36.6584292681;11001.0;37.96;2.382;58.622;1.027;0.009
2010;PE;Parnamirim;-8.0901383272;-39.575786823;20224.0;33.475;2.626;63.247;0.638;0.015
2010;PE;Passira;-7.9788839418;-35.5816849952;28628.0;40.708;3.71;55.289;0.283;0.01
2010;PE;Paudalho;-7.897135005;-35.1791510624;51357.0;29.055;5.448;64.895;0.559;0.043
2010;PE;Paulista;-7.943188;-34.8847916197;300460.0;38.079;9.819;50.432;1.394;0.276
2010;PE;Pedra;-8.4984765;-36.9427981489;20944.0;29.588;4.058;65.465;0.879;0.01
2010;PE;Pesqueira;-8.3554561078;-36.6955147219;62931.0;32.529;2.453;49.302;0.882;14.834
2010;PE;Petrolândia;-8.9773434644;-38.2207335453;32492.0;26.994;5.561;59.513;1.293;6.639
2010;PE;Petrolina;-9.397375515;-40.4999993347;293960.0;31.861;7.566;59.26;1.067;0.245
2010;PE;Poção;-8.1862270089;-36.7058798977;11242.0;40.295;2.82;55.417;0.587;0.881
2010;PE;Pombos;-8.14435986;-35.3961953582;24046.0;40.63;3.065;55.623;0.599;0.083
2010;PE;Primavera;-8.3313760861;-35.3539433949;13439.0;36.141;7.887;54.803;0.967;0.201
2010;PE;Quipapá;-8.8278850221;-36.01198953;24186.0;31.733;5.582;61.99;0.546;0.149
2010;PE;Quixaba;-7.7181264101;-37.8464456195;6739.0;35.673;2.686;61.048;0.594;0.0
2010;PE;Recife;-8.0627624831;-34.8889419446;1537688.0;41.417;8.31;49.078;0.956;0.238
2010;PE;Riacho das Almas;-8.1270327806;-35.8608749475;19162.0;50.12;2.938;46.676;0.256;0.01
2010;PE;Ribeirão;-8.51111604;-35.3761308237;44439.0;33.306;7.136;58.975;0.522;0.061
2010;PE;Rio Formoso;-8.6621710853;-35.1554328172;22151.0;24.342;9.941;64.137;1.418;0.163
2010;PE;Sairé;-8.3276135393;-35.7102477663;11240.0;51.975;3.861;43.461;0.694;0.009
2010;PE;Salgadinho;-7.9394837414;-35.6380612405;9312.0;43.192;9.762;46.607;0.44;0.0
2010;PE;Salgueiro;-8.0706775221;-39.1208509811;56629.0;27.159;8.967;59.81;0.461;3.602
2010;PE;Saloá;-8.9759954809;-36.6927291742;15309.0;34.078;3.377;61.219;1.143;0.183
2010;PE;Sanharó;-8.3629619689;-36.5625071954;21955.0;36.188;4.368;58.479;0.897;0.068
2010;PE;Santa Cruz;-8.2379611184;-40.3376876556;13594.0;38.774;2.634;57.238;1.302;0.051
2010;PE;Santa Cruz da Baixa Verde;-7.8214696823;-38.1531381818;11768.0;33.863;6.815;57.682;1.564;0.076
2010;PE;Santa Cruz do Capibaribe;-7.9551895;-36.2039500171;87582.0;44.562;3.468;50.779;1.112;0.08
2010;PE;Santa Filomena;-8.1605111673;-40.615775185;13371.0;29.085;2.042;68.02;0.808;0.045
2010;PE;Santa Maria da Boa Vista;-8.8041265;-39.8242357255;39435.0;16.805;10.696;70.105;1.717;0.677
2010;PE;Santa Maria do Cambucá;-7.8318134262;-35.885243339;13021.0;43.568;5.146;50.956;0.323;0.008
2010;PE;Santa Terezinha;-7.3703557393;-37.4800327233;10991.0;41.206;4.922;53.353;0.519;0.0
2010;PE;São Benedito do Sul;-8.8104382342;-35.9311226194;13941.0;29.56;5.071;62.513;2.805;0.05
2010;PE;São Bento do Una;-8.5198675206;-36.4462983616;53242.0;40.898;4.156;54.192;0.704;0.049
2010;PE;São Caetano;-8.3273605;-36.1373597958;35274.0;43.698;3.249;52.362;0.536;0.156
2010;PE;São João;-8.8775593754;-36.3682530765;21312.0;34.389;3.116;61.242;1.211;0.042
2010;PE;São Joaquim do Monte;-8.4321515;-35.8094911721;20488.0;47.828;2.411;49.463;0.293;0.005
2010;PE;São José da Coroa Grande;-8.8941951307;-35.1457070847;18180.0;24.824;7.25;67.25;0.649;0.028
2010;PE;São José do Belmonte;-7.8617400547;-38.75945378;32617.0;25.885;5.408;67.771;0.766;0.169
2010;PE;São José do Egito;-7.4740251833;-37.2750721852;31829.0;41.481;4.835;52.402;1.213;0.069
2010;PE;São Lourenço da Mata;-7.995938;-35.0412775393;102895.0;33.068;8.918;56.972;0.913;0.13
2010;PE;São Vicente Ferrer;-7.5922127326;-35.4901218809;17000.0;38.053;2.847;58.765;0.294;0.041
2010;PE;Serra Talhada;-7.98799752;-38.2963149475;79232.0;36.182;5.158;57.568;0.881;0.211
2010;PE;Serrita;-7.9543403981;-39.2926231744;18331.0;25.558;3.595;70.247;0.551;0.049
2010;PE;Sertânia;-8.07245;-37.2673901013;33787.0;35.656;3.812;59.41;1.098;0.024
2010;PE;Sirinhaém;-8.5933695;-35.1164053547;40296.0;23.208;8.8;67.049;0.931;0.012
2010;PE;Moreilândia;-7.6299826881;-39.5537537311;11132.0;28.243;3.539;67.328;0.889;0.0
2010;PE;Solidão;-7.6021256842;-37.647470237;5744.0;57.26;3.325;38.475;0.818;0.122
2010;PE;Surubim;-7.8351570573;-35.7567841034;58515.0;48.618;1.552;49.492;0.32;0.019
2010;PE;Tabira;-7.591136513;-37.5402657742;26427.0;49.328;3.016;47.255;0.386;0.015
2010;PE;Tacaimbó;-8.3156107248;-36.2904043048;12725.0;44.33;3.717;50.963;0.967;0.024
2010;PE;Tacaratu;-9.1056996443;-38.1534611597;22068.0;19.245;6.294;54.287;1.618;18.556
2010;PE;Tamandaré;-8.7046892785;-35.0906465455;20715.0;23.538;5.127;70.895;0.352;0.087
2010;PE;Taquaritinga do Norte;-7.9021598258;-36.0433376713;24903.0;46.34;1.807;51.733;0.112;0.008
2010;PE;Terezinha;-9.0577780595;-36.6214759482;6737.0;38.029;2.405;58.72;0.757;0.089
2010;PE;Terra Nova;-8.2303579786;-39.3744218379;9278.0;24.854;4.732;70.015;0.399;0.0
2010;PE;Timbaúba;-7.511745674;-35.318772121;53825.0;37.115;6.848;54.935;0.962;0.139
2010;PE;Toritama;-8.0066502709;-36.056843493;35553.0;44.908;2.233;52.153;0.63;0.076
2010;PE;Tracunhaém;-7.8026886127;-35.237922814;13055.0;25.936;8.043;65.722;0.299;0.0
2010;PE;Trindade;-7.7617946257;-40.2655906093;26116.0;26.095;4.036;67.12;2.726;0.023
2010;PE;Triunfo;-7.8308763588;-38.1070603447;15006.0;40.824;5.051;53.339;0.56;0.227
2010;PE;Tupanatinga;-8.7515816593;-37.3402334718;24425.0;29.736;4.979;60.884;1.466;2.936
2010;PE;Tuparetama;-7.5987594648;-37.3111818113;7925.0;38.915;3.609;56.278;1.199;0.0
2010;PE;Venturosa;-8.5765269012;-36.8783720839;16052.0;39.995;2.66;56.504;0.648;0.193
2010;PE;Verdejante;-7.9328837046;-38.9742826043;9142.0;20.171;5.458;72.752;1.335;0.284
2010;PE;Vertente do Lério;-7.7748194553;-35.8530027397;7873.0;48.99;1.346;49.435;0.229;0.0
2010;PE;Vertentes;-7.9057426035;-35.989305931;18222.0;39.584;2.47;57.282;0.615;0.049
2010;PE;Vicência;-7.6529595;-35.3203006893;30732.0;36.229;7.103;56.098;0.563;0.007
2010;PE;Vitória de Santo Antão;-8.118748;-35.2938642411;129970.0;38.594;5.37;55.421;0.555;0.061
2010;PE;Xexéu;-8.8033134055;-35.6242353158;14093.0;30.434;4.513;63.755;1.178;0.121
2010;AL;Água Branca;-9.2670254971;-37.940715176;19377.0;17.665;6.802;74.036;0.573;0.924
2010;AL;Anadia;-9.6840837851;-36.3008135714;17424.0;33.058;7.564;58.689;0.677;0.011
2010;AL;Arapiraca;-9.7559070107;-36.6572965063;214006.0;36.508;5.648;56.805;0.84;0.199
2010;AL;Atalaia;-9.5013867465;-36.0214273163;44322.0;28.604;9.596;59.672;2.053;0.074
2010;AL;Barra de Santo Antônio;-9.4092781094;-35.5002980958;14230.0;27.772;9.023;62.417;0.773;0.014
2010;AL;Barra de São Miguel;-9.8389982517;-35.9074498726;7574.0;28.822;5.664;64.603;0.885;0.026
2010;AL;Batalha;-9.674593028;-37.1270918945;17076.0;26.359;5.276;66.497;1.769;0.1
2010;AL;Belém;-9.5686482313;-36.4944979894;4551.0;30.543;7.361;60.536;1.362;0.198
2010;AL;Belo Monte;-9.8269888548;-37.2784386582;7030.0;39.303;6.472;53.001;1.067;0.156
2010;AL;Boca da Mata;-9.6451445673;-36.2117249001;25776.0;32.135;4.586;62.407;0.807;0.066
2010;AL;Branquinha;-9.2465831083;-36.0200335332;10583.0;25.834;7.389;64.991;1.776;0.009
2010;AL;Cacimbinhas;-9.4051627511;-36.996869626;10195.0;26.66;5.238;66.876;1.167;0.059
2010;AL;Cajueiro;-9.3896605751;-36.1563785914;20409.0;25.557;6.188;67.652;0.593;0.01
2010;AL;Campestre;-8.8483753532;-35.5667177265;6598.0;30.388;5.744;63.292;0.485;0.091
2010;AL;Campo Alegre;-9.783416039;-36.3524347522;50816.0;26.496;7.004;64.924;1.539;0.037
2010;AL;Campo Grande;-9.9569226033;-36.7908400521;9032.0;26.727;2.58;70.184;0.365;0.144
2010;AL;Canapi;-9.1173802976;-37.6056471506;17250.0;30.823;3.426;64.661;1.061;0.029
2010;AL;Capela;-9.4129315555;-36.0750084924;17077.0;29.794;5.545;63.413;1.195;0.053
2010;AL;Carneiros;-9.4806797209;-37.3747504206;8290.0;23.462;2.593;73.269;0.663;0.012
2010;AL;Chã Preta;-9.2614224594;-36.2993814519;7146.0;31.71;4.198;63.378;0.63;0.084
2010;AL;Coité do Nóia;-9.6384872708;-36.5796842002;10926.0;37.562;7.194;54.961;0.247;0.037
2010;AL;Colônia Leopoldina;-8.91268827;-35.7197808594;20019.0;33.363;3.242;61.527;1.858;0.01
2010;AL;Coqueiro Seco;-9.637554271;-35.7953630017;5526.0;25.823;8.831;64.748;0.561;0.036
2010;AL;Coruripe;-10.1265472504;-36.1760783105;52130.0;30.242;7.788;60.015;1.694;0.261
2010;AL;Craíbas;-9.6199337974;-36.7723914019;22641.0;33.987;5.468;59.936;0.565;0.044
2010;AL;Delmiro Gouveia;-9.3845744469;-37.9992334862;48096.0;27.023;5.805;66.107;0.757;0.308
2010;AL;Dois Riachos;-9.3856708115;-37.0898496479;10880.0;23.824;3.346;71.921;0.91;0.0
2010;AL;Estrela de Alagoas;-9.3874053066;-36.758333111;17251.0;28.451;4.243;66.176;1.101;0.029
2010;AL;Feira Grande;-9.9004371989;-36.6776855005;21321.0;35.819;4.648;57.826;0.521;1.187
2010;AL;Feliz Deserto;-10.2923806199;-36.3071875177;4345.0;24.488;8.101;65.409;1.749;0.253
2010;AL;Flexeiras;-9.27323546;-35.7243716386;12325.0;25.371;6.848;66.385;1.371;0.024
2010;AL;Girau do Ponciano;-9.8873641522;-36.830313903;36600.0;20.653;3.423;75.637;0.287;0.0
2010;AL;Ibateguara;-8.9769852176;-35.9311844564;15149.0;34.557;5.849;58.05;1.538;0.007
2010;AL;Igaci;-9.5336886595;-36.6281597165;25188.0;32.357;2.656;63.999;0.865;0.123
2010;AL;Igreja Nova;-10.1292988372;-36.6533450125;23292.0;28.508;6.856;63.511;1.052;0.073
2010;AL;Inhapi;-9.2238987733;-37.752636521;17898.0;21.477;4.419;70.259;2.118;1.726
2010;AL;Jacaré dos Homens;-9.6366588283;-37.207833409;5413.0;23.905;6.023;69.924;0.055;0.092
2010;AL;Jacuípe;-8.8403005076;-35.4609975081;6997.0;30.57;4.673;64.042;0.715;0.0
2010;AL;Japaratinga;-9.0889743543;-35.258658354;7754.0;23.381;2.399;73.923;0.297;0.0
2010;AL;Jaramataia;-9.6583519388;-37.0035959132;5558.0;30.694;2.375;66.355;0.558;0.018
2010;AL;Jequiá da Praia;-10.0095918936;-36.027334043;12029.0;28.947;5.819;63.605;1.613;0.017
2010;AL;Joaquim Gomes;-9.1359791463;-35.7490302589;22575.0;26.219;5.006;61.546;0.979;6.25
2010;AL;Jundiá;-8.9388767542;-35.5555972975;4202.0;29.391;5.831;62.613;2.094;0.071
2010;AL;Junqueiro;-9.9316103897;-36.4715218222;23836.0;35.094;4.334;59.343;1.183;0.046
2010;AL;Lagoa da Canoa;-9.8308756565;-36.73578926;18250.0;26.192;4.751;68.329;0.658;0.071
2010;AL;Limoeiro de Anadia;-9.7386131678;-36.5038970865;26992.0;33.284;4.368;61.941;0.396;0.011
2010;AL;Maceió;-9.6608221516;-35.7016299135;932748.0;36.746;7.471;54.353;1.17;0.259
2010;AL;Major Isidoro;-9.5266440679;-36.9847996142;18897.0;30.672;7.292;61.158;0.847;0.032
2010;AL;Maragogi;-9.0154564858;-35.2230154091;28749.0;24.15;6.661;68.002;1.099;0.087
2010;AL;Maravilha;-9.2339970634;-37.356635422;10284.0;31.107;2.898;65.111;0.836;0.049
2010;AL;Marechal Deodoro;-9.7391557024;-35.8930686988;45977.0;28.466;8.348;61.55;1.44;0.196
2010;AL;Maribondo;-9.577249956;-36.3066028985;13619.0;32.587;6.241;60.004;1.16;0.007
2010;AL;Mar Vermelho;-9.4477726435;-36.385040024;3652.0;30.559;5.23;63.308;0.904;0.0
2010;AL;Mata Grande;-9.1148062576;-37.7252240649;24698.0;25.982;4.304;68.317;0.543;0.854
2010;AL;Matriz de Camaragibe;-9.1585258247;-35.5335548298;23785.0;24.326;6.861;67.114;0.992;0.706
2010;AL;Messias;-9.3918122251;-35.8403783005;15682.0;28.81;9.361;57.556;3.813;0.459
2010;AL;Minador do Negrão;-9.3036832606;-36.8649157725;5275.0;26.73;9.422;61.991;1.858;0.0
2010;AL;Monteirópolis;-9.6023275389;-37.2452720989;6935.0;20.115;10.959;67.195;1.716;0.014
2010;AL;Murici;-9.3163011443;-35.9475555857;26710.0;29.023;8.218;61.419;1.284;0.056
2010;AL;Novo Lino;-8.9431588081;-35.6609637181;12060.0;30.763;5.821;62.479;0.672;0.265
2010;AL;Olho d'Água das Flores;-9.5336012753;-37.2978907898;20364.0;26.237;4.464;68.43;0.702;0.167
2010;AL;Olho d'Água do Casado;-9.5014462653;-37.8362428165;8491.0;24.108;2.355;72.736;0.53;0.271
2010;AL;Olho d'Água Grande;-10.05849496;-36.8067459677;4957.0;33.871;3.409;62.699;0.02;0.0
2010;AL;Olivença;-9.5194564834;-37.1908187181;11047.0;25.147;1.249;73.07;0.525;0.009
2010;AL;Ouro Branco;-9.163415364;-37.354443729;10912.0;35.337;5.288;58.11;1.182;0.082
2010;AL;Palestina;-9.6730971856;-37.3311364505;5112.0;14.769;20.423;62.48;2.308;0.02
2010;AL;Palmeira dos Índios;-9.4061587984;-36.6309840973;70368.0;33.9;5.267;57.815;0.637;2.382
2010;AL;Pão de Açúcar;-9.7470418503;-37.4351388566;23811.0;17.404;6.938;73.71;1.793;0.155
2010;AL;Pariconha;-9.2578843852;-38.0098260716;10264.0;16.066;3.196;47.896;0.663;32.18
2010;AL;Paripueira;-9.4663134783;-35.5591051843;11347.0;29.673;10.064;59.425;0.731;0.106
2010;AL;Passo de Camaragibe;-9.244846658;-35.4912752632;14763.0;21.554;6.442;70.169;1.836;0.0
2010;AL;Paulo Jacinto;-9.3733643824;-36.3727420946;7426.0;34.958;4.794;59.426;0.808;0.013
2010;AL;Penedo;-10.2961102979;-36.5804602141;60378.0;27.406;7.688;63.656;1.164;0.086
2010;AL;Piaçabuçu;-10.4073624263;-36.4343520081;17203.0;26.158;13.12;58.571;2.139;0.012
2010;AL;Pilar;-9.6068942927;-35.94851752;33305.0;29.632;9.272;60.096;0.988;0.012
2010;AL;Pindoba;-9.4762107998;-36.2865406443;2866.0;30.53;7.467;61.445;0.523;0.035
2010;AL;Piranhas;-9.6235592003;-37.7503929131;23045.0;23.372;6.136;68.87;1.48;0.143
2010;AL;Poço das Trincheiras;-9.3029136554;-37.2792980528;13872.0;26.802;6.56;65.369;1.175;0.094
2010;AL;Porto Calvo;-9.0524483141;-35.3983344556;25708.0;28.151;5.38;65.435;0.984;0.051
2010;AL;Porto de Pedras;-9.1560861631;-35.2970152177;8429.0;22.292;5.801;69.878;1.851;0.178
2010;AL;Porto Real do Colégio;-10.1737325642;-36.8246292915;19334.0;26.001;2.415;61.343;0.926;9.315
2010;AL;Quebrangulo;-9.3235470554;-36.4772220767;11480.0;31.429;2.43;65.627;0.47;0.044
2010;AL;Rio Largo;-9.4861576083;-35.8524223086;68481.0;29.792;7.202;61.153;1.69;0.164
2010;AL;Roteiro;-9.8321894902;-35.9812102214;6653.0;27.161;5.05;66.376;1.323;0.09
2010;AL;Santa Luzia do Norte;-9.5967677417;-35.8234877699;6891.0;23.393;12.045;63.024;1.364;0.174
2010;AL;Santana do Ipanema;-9.3722843627;-37.2454070204;44932.0;31.942;4.204;62.141;1.5;0.214
2010;AL;Santana do Mundaú;-9.1650332208;-36.225234117;10961.0;35.9;7.317;56.199;0.52;0.064
2010;AL;São Brás;-10.1203099966;-36.8989486552;6718.0;31.215;8.321;59.467;0.729;0.268
2010;AL;São José da Laje;-9.0110658819;-36.0573877321;22686.0;33.139;5.439;59.336;2.028;0.057
2010;AL;São José da Tapera;-9.5493957404;-37.3837077657;30088.0;19.622;7.252;70.204;2.908;0.013
2010;AL;São Luís do Quitunde;-9.3141173692;-35.5654908366;32412.0;24.445;4.72;70.138;0.682;0.015
2010;AL;São Miguel dos Campos;-9.7799345761;-36.0942642744;54577.0;31.118;8.582;58.241;1.852;0.207
2010;AL;São Miguel dos Milagres;-9.267186295;-35.3691193336;7163.0;23.412;16.013;57.239;3.281;0.056
2010;AL;São Sebastião;-9.9316573889;-36.551091902;32010.0;37.354;3.764;56.823;0.469;1.59
2010;AL;Satuba;-9.5694278678;-35.8285402271;14603.0;28.385;6.019;64.172;1.294;0.13
2010;AL;Senador Rui Palmeira;-9.463391449;-37.4536462478;13047.0;19.177;7.182;69.449;4.185;0.008
2010;AL;Tanque d'Arca;-9.5319624423;-36.4367415959;6122.0;30.186;5.276;61.875;2.646;0.016
2010;AL;Taquarana;-9.6423201054;-36.496767692;19020.0;33.197;5.4;60.247;0.862;0.294
2010;AL;Teotônio Vilela;-9.907497883;-36.3555631422;41152.0;29.848;7.776;60.323;1.84;0.214
2010;AL;Traipu;-9.971059382;-37.0060056722;25702.0;24.839;5.311;68.932;0.654;0.265
2010;AL;União dos Palmares;-9.1595241165;-36.0331428428;62358.0;34.406;7.311;56.734;1.317;0.233
2010;AL;Viçosa;-9.3770543545;-36.2483932029;25407.0;30.098;6.927;62.239;0.72;0.016
2010;SE;Amparo de São Francisco;-10.1339710339;-36.9274836892;2275.0;21.934;11.077;66.374;0.615;0.0
2010;SE;Aquidabã;-10.2925180922;-37.0221808561;20056.0;27.692;4.153;65.871;2.279;0.005
2010;SE;Aracaju;-10.9072157979;-37.0482126395;571131.0;31.991;10.19;56.132;1.305;0.381
2010;SE;Arauá;-11.2645047799;-37.6123374341;10878.0;19.572;14.019;64.801;1.572;0.037
2010;SE;Areia Branca;-10.7581922508;-37.3133626004;16857.0;24.043;9.385;65.433;0.872;0.267
2010;SE;Barra dos Coqueiros;-10.9067992471;-37.0412415493;24976.0;20.079;11.019;67.705;1.009;0.188
2010;SE;Boquim;-11.1463916304;-37.623573478;25527.0;24.566;8.434;66.392;0.58;0.027
2010;SE;Brejo Grande;-10.4189433106;-36.471820244;7742.0;23.818;12.723;61.483;1.963;0.013
2010;SE;Campo do Brito;-10.7433351539;-37.4963563345;16749.0;30.862;6.371;62.541;0.209;0.018
2010;SE;Canhoba;-10.1387436557;-36.9738449754;3956.0;24.722;9.226;66.001;0.025;0.025
2010;SE;Canindé de São Francisco;-9.6541040673;-37.7879637221;24686.0;26.521;2.252;70.481;0.648;0.097
2010;SE;Capela;-10.5060996319;-37.0548329946;30761.0;20.35;8.267;70.297;0.966;0.12
2010;SE;Carira;-10.3580170969;-37.7019192069;20007.0;33.778;9.252;55.291;1.639;0.04
2010;SE;Carmópolis;-10.646818584;-36.9908161852;13503.0;21.484;9.887;67.504;1.081;0.044
2010;SE;Cedro de São João;-10.2477649415;-36.8840359529;5633.0;37.848;3.0;58.122;1.012;0.018
2010;SE;Cristinápolis;-11.4735577971;-37.7546596351;16519.0;17.501;9.462;72.311;0.599;0.127
2010;SE;Cumbe;-10.3570250323;-37.1878992757;3813.0;30.344;8.392;58.904;2.36;0.0
2010;SE;Divina Pastora;-10.6773757002;-37.1493449602;4326.0;19.995;21.452;55.409;2.427;0.717
2010;SE;Estância;-11.2679486493;-37.4400108537;64409.0;20.565;9.115;68.664;1.562;0.093
2010;SE;Feira Nova;-10.2705325209;-37.3161177207;5324.0;24.061;1.784;72.765;1.296;0.094
2010;SE;Frei Paulo;-10.5400847469;-37.5418762487;13874.0;28.24;4.908;66.664;0.187;0.0
2010;SE;Gararu;-9.9673514679;-37.0843724853;11405.0;26.953;2.701;69.61;0.658;0.079
2010;SE;General Maynard;-10.6865298124;-36.9879844295;2929.0;16.593;18.607;63.947;0.785;0.068
2010;SE;Gracho Cardoso;-10.2261996604;-37.1960546323;5645.0;33.392;3.543;61.683;1.364;0.018
2010;SE;Ilha das Flores;-10.4342758299;-36.5386352409;8348.0;24.078;5.307;68.711;1.893;0.012
2010;SE;Indiaroba;-11.5185072682;-37.5150947929;15831.0;14.806;11.604;69.25;4.1;0.24
2010;SE;Itabaiana;-10.6857160383;-37.4268609403;86967.0;40.075;4.813;54.808;0.245;0.059
2010;SE;Itabaianinha;-11.2767854369;-37.7874111399;38910.0;30.558;6.867;61.663;0.833;0.08
2010;SE;Itabi;-10.1234895922;-37.0996499528;4972.0;31.718;3.801;64.079;0.342;0.06
2010;SE;Itaporanga d'Ajuda;-10.9967327673;-37.3078269331;30419.0;20.126;12.364;65.163;2.265;0.082
2010;SE;Japaratuba;-10.5894668148;-36.9417863038;16864.0;17.6;7.904;72.836;1.536;0.125
2010;SE;Japoatã;-10.3465099142;-36.8007564644;12938.0;23.62;5.89;69.331;1.152;0.008
2010;SE;Lagarto;-10.9153009699;-37.6663534097;94861.0;31.569;6.156;61.009;1.075;0.19
2010;SE;Laranjeiras;-10.797029509;-37.1605681987;26902.0;15.4;17.961;65.14;1.115;0.383
2010;SE;Macambira;-10.6641499738;-37.5434453913;6401.0;24.934;3.249;71.614;0.203;0.0
2010;SE;Malhada dos Bois;-10.3464515201;-36.918902204;3456.0;23.322;8.391;67.477;0.81;0.0
2010;SE;Malhador;-10.6600442409;-37.311459944;12042.0;23.95;6.859;69.092;0.05;0.05
2010;SE;Maruim;-10.7369324036;-37.0833143406;16343.0;21.012;15.156;63.152;0.281;0.398
2010;SE;Moita Bonita;-10.5790438595;-37.3457494007;11001.0;39.224;3.363;56.849;0.518;0.045
2010;SE;Monte Alegre de Sergipe;-10.0258616274;-37.5614258473;13627.0;30.359;3.845;65.385;0.389;0.022
2010;SE;Muribeca;-10.4274274735;-36.9570014376;7344.0;22.263;8.783;66.435;1.634;0.885
2010;SE;Neópolis;-10.3158782273;-36.5767181794;18506.0;21.15;11.186;65.811;1.729;0.124
2010;SE;Nossa Senhora Aparecida;-10.3946514574;-37.454438546;8508.0;28.115;1.845;69.734;0.282;0.024
2010;SE;Nossa Senhora da Glória;-10.2156868491;-37.4199214593;32497.0;39.41;3.406;56.507;0.554;0.123
2010;SE;Nossa Senhora das Dores;-10.4920543731;-37.1937112099;24580.0;32.417;4.573;61.697;1.139;0.175
2010;SE;Nossa Senhora de Lourdes;-10.0786160367;-37.0504728834;6238.0;30.426;3.815;63.835;1.876;0.048
2010;SE;Nossa Senhora do Socorro;-10.8487541757;-37.12849613;160817.0;24.534;13.393;59.511;2.104;0.458
2010;SE;Pacatuba;-10.4498997629;-36.6479863948;13137.0;21.946;3.814;73.708;0.502;0.03
2010;SE;Pedra Mole;-10.6181191604;-37.686027213;2974.0;16.207;7.666;75.656;0.471;0.0
2010;SE;Pedrinhas;-11.1935033961;-37.6811281604;8833.0;21.748;10.166;66.365;1.098;0.623
2010;SE;Pinhão;-10.5666899532;-37.7221107205;5973.0;17.01;9.493;73.146;0.352;0.0
2010;SE;Pirambu;-10.7410561555;-36.8597462117;8369.0;26.395;8.388;62.743;2.39;0.084
2010;SE;Poço Redondo;-9.8057902083;-37.6842137118;30880.0;23.98;4.171;70.486;1.302;0.062
2010;SE;Poço Verde;-10.7075986489;-38.1766582213;21983.0;33.444;3.807;62.28;0.405;0.064
2010;SE;Porto da Folha;-9.9192588724;-37.2766348495;27146.0;37.523;5.684;54.343;1.068;1.381
2010;SE;Propriá;-10.2082073153;-36.8420993591;28451.0;31.96;10.906;55.281;1.409;0.443
2010;SE;Riachão do Dantas;-11.0664022904;-37.729341225;19386.0;17.843;6.525;75.028;0.583;0.021
2010;SE;Riachuelo;-10.7316512985;-37.1934568326;9355.0;15.318;12.571;70.112;1.871;0.128
2010;SE;Ribeirópolis;-10.5451904693;-37.4329390299;17173.0;42.316;2.667;54.708;0.227;0.082
2010;SE;Rosário do Catete;-10.694589979;-37.0313228649;9221.0;17.851;16.658;63.974;1.377;0.141
2010;SE;Salgado;-11.0221187749;-37.4777553589;19365.0;24.426;7.286;67.224;0.935;0.129
2010;SE;Santa Luzia do Itanhy;-11.3533173973;-37.4498421802;12969.0;17.203;17.904;61.076;3.771;0.046
2010;SE;Santana do São Francisco;-10.2876719724;-36.599579348;7038.0;21.441;12.134;64.095;2.231;0.099
2010;SE;Santa Rosa de Lima;-10.6462336647;-37.1977318456;3749.0;22.326;18.565;57.535;1.574;0.0
2010;SE;Santo Amaro das Brotas;-10.7820113826;-37.0563110977;11410.0;21.858;10.771;66.266;0.841;0.263
2010;SE;São Cristóvão;-11.0136768571;-37.2094987839;78864.0;22.758;12.003;63.296;1.551;0.392
2010;SE;São Domingos;-10.7923257834;-37.5684292045;10271.0;23.036;5.18;71.132;0.506;0.146
2010;SE;São Francisco;-10.3464864527;-36.8862396609;3393.0;18.951;1.356;79.664;0.029;0.0
2010;SE;São Miguel do Aleixo;-10.3877721948;-37.3839764494;3698.0;25.419;4.137;70.227;0.216;0.0
2010;SE;Simão Dias;-10.7380617977;-37.8094305823;38701.0;30.689;5.209;62.877;0.953;0.271
2010;SE;Siriri;-10.6050355731;-37.1122253408;8004.0;19.615;7.171;70.165;2.886;0.162
2010;SE;Telha;-10.2091732237;-36.8838500416;2957.0;33.006;7.034;58.404;1.42;0.135
2010;SE;Tobias Barreto;-11.1843298681;-37.9990006951;48032.0;34.567;6.498;57.718;0.997;0.221
2010;SE;Tomar do Geru;-11.3680522747;-37.8453707753;12855.0;27.764;6.34;64.947;0.848;0.101
2010;SE;Umbaúba;-11.3798724697;-37.6611466731;22434.0;22.319;10.707;65.231;1.703;0.04
2010;BA;Abaíra;-13.2535318933;-41.6616084802;8316.0;45.166;3.848;50.457;0.481;0.048
2010;BA;Abaré;-8.7234182457;-39.1165879396;17064.0;12.06;9.511;72.404;1.746;4.278
2010;BA;Acajutiba;-11.66261283;-38.0182863706;14653.0;22.098;13.929;62.315;1.59;0.068
2010;BA;Adustina;-10.52957157;-38.1155058348;15702.0;32.798;5.114;61.056;0.987;0.045
2010;BA;Água Fria;-11.8729309976;-38.768077795;15731.0;7.978;19.649;70.282;1.901;0.191
2010;BA;Érico Cardoso;-13.4223477953;-42.1361637333;10859.0;33.447;13.979;51.745;0.764;0.064
2010;BA;Aiquara;-14.1272774886;-39.8857780091;4602.0;14.928;21.904;62.256;0.891;0.022
2010;BA;Alagoinhas;-12.1341825924;-38.4226157693;141947.0;17.235;22.532;58.407;1.477;0.35
2010;BA;Alcobaça;-17.5189333438;-39.1942143207;21271.0;16.266;24.376;57.825;1.208;0.324
2010;BA;Almadina;-14.7060477475;-39.6359031752;6357.0;18.185;21.488;59.022;1.196;0.11
2010;BA;Amargosa;-13.0344513622;-39.5981225035;34351.0;20.413;19.502;59.431;0.579;0.076
2010;BA;Amélia Rodrigues;-12.4001884013;-38.7555569164;25190.0;8.472;27.447;63.358;0.584;0.139
2010;BA;América Dourada;-11.4496458648;-41.4371632791;15961.0;17.342;18.764;62.145;1.61;0.138
2010;BA;Anagé;-14.6113255925;-41.1271131685;25516.0;33.003;6.412;59.672;0.835;0.078
2010;BA;Andaraí;-12.801350646;-41.324641804;13960.0;12.106;16.289;70.559;1.039;0.007
2010;BA;Andorinha;-10.3442400415;-39.832335701;14414.0;27.654;6.258;64.444;1.471;0.173
2010;BA;Angical;-12.0066827725;-44.6958234827;14073.0;28.516;9.998;60.172;1.251;0.064
2010;BA;Anguera;-12.1495870701;-39.2484989183;10242.0;8.494;16.93;73.98;0.557;0.039
2010;BA;Antas;-10.4127021693;-38.3310416783;17072.0;38.156;5.436;56.08;0.234;0.094
2010;BA;Antônio Cardoso;-12.4348389095;-39.1186615355;11554.0;7.435;50.649;41.016;0.788;0.113
2010;BA;Antônio Gonçalves;-10.5757977913;-40.2756586986;11015.0;20.99;9.351;68.634;0.999;0.027
2010;BA;Aporá;-11.6553942919;-38.0799953495;17731.0;25.915;10.095;63.482;0.462;0.045
2010;BA;Apuarema;-13.8532288488;-39.7421321165;7459.0;19.936;9.934;69.875;0.241;0.013
2010;BA;Aracatu;-14.426630242;-41.4616853207;13743.0;33.544;5.254;60.729;0.437;0.036
2010;BA;Araçás;-12.2151996675;-38.1982880172;11561.0;11.496;25.041;61.682;1.427;0.355
2010;BA;Araci;-11.3357278753;-38.9609581594;51571.0;22.852;7.336;68.99;0.752;0.07
2010;BA;Aramari;-12.0881829783;-38.5030663542;10036.0;7.473;24.213;67.348;0.957;0.01
2010;BA;Arataca;-15.2608729974;-39.4132815657;10392.0;17.581;15.05;66.195;1.01;0.164
2010;BA;Aratuípe;-13.080596541;-39.002910866;8599.0;10.524;23.456;63.786;1.837;0.395
2010;BA;Aurelino Leal;-14.316949448;-39.3219966377;13595.0;12.416;21.574;64.619;1.287;0.103
2010;BA;Baianópolis;-12.3041247008;-44.5360980467;13850.0;30.029;4.917;64.347;0.708;0.0
2010;BA;Baixa Grande;-11.959357489;-40.1668609095;20060.0;18.325;11.466;69.222;0.957;0.03
2010;BA;Banzaê;-10.5740919358;-38.6118696306;11814.0;30.87;3.47;47.071;0.203;18.385
2010;BA;Barra;-11.0889548205;-43.1436385525;49325.0;16.213;12.779;69.823;1.139;0.047
2010;BA;Barra da Estiva;-13.620204563;-41.3316958705;21187.0;37.967;6.565;54.972;0.425;0.071
2010;BA;Barra do Choça;-14.8642730428;-40.5763729896;34788.0;28.355;9.084;61.205;0.874;0.483
2010;BA;Barra do Mendes;-11.8088282813;-42.0591284157;13987.0;27.99;6.091;65.232;0.586;0.1
2010;BA;Barra do Rocha;-14.2100292485;-39.6013860899;6313.0;14.842;18.074;66.07;0.459;0.554
2010;BA;Barreiras;-12.1449248884;-45.004168437;137425.0;27.698;9.742;60.89;1.484;0.186
2010;BA;Barro Alto;-11.761063923;-41.9120960648;13612.0;33.081;4.797;60.696;1.344;0.081
2010;BA;Barrocas;-11.5291128521;-39.0786688809;14191.0;29.885;14.967;54.344;0.74;0.063
2010;BA;Barro Preto;-14.8097543871;-39.4733346714;6453.0;10.925;14.474;73.733;0.449;0.418
2010;BA;Belmonte;-15.8613964918;-38.8803032386;21798.0;14.13;13.267;71.273;0.775;0.555
2010;BA;Belo Campo;-15.0334961972;-41.260033479;16021.0;26.259;6.66;66.769;0.262;0.05
2010;BA;Biritinga;-11.620110263;-38.8121589229;14836.0;13.568;17.431;67.053;1.699;0.249
2010;BA;Boa Nova;-14.362607943;-40.2005218938;15411.0;29.498;9.928;59.445;0.889;0.24
2010;BA;Boa Vista do Tupim;-12.6613221925;-40.605742824;17991.0;18.053;19.232;60.297;2.129;0.289
2010;BA;Bom Jesus da Lapa;-13.2541143731;-43.4171416421;63480.0;22.606;18.168;57.361;1.504;0.361
2010;BA;Bom Jesus da Serra;-14.3729222944;-40.5011763298;10113.0;33.966;6.259;59.211;0.455;0.109
2010;BA;Boninal;-12.7151207923;-41.8243284848;13695.0;19.555;15.86;63.476;1.059;0.051
2010;BA;Bonito;-11.9695725021;-41.2684027882;14834.0;22.091;10.415;64.682;2.38;0.431
2010;BA;Boquira;-12.82082283;-42.7301154012;22037.0;31.738;4.542;62.531;1.134;0.054
2010;BA;Botuporã;-13.3808662137;-42.529277559;11154.0;27.864;8.705;61.96;1.3;0.17
2010;BA;Brejões;-13.1055364832;-39.7934915927;14282.0;22.455;16.657;59.039;1.533;0.315
2010;BA;Brejolândia;-12.4866933421;-43.9656645943;11077.0;29.087;9.055;61.145;0.713;0.0
2010;BA;Brotas de Macaúbas;-12.0026355373;-42.6246912893;10717.0;32.043;5.86;60.894;1.185;0.019
2010;BA;Brumado;-14.2054382407;-41.6670695037;64602.0;43.446;5.187;50.901;0.362;0.104
2010;BA;Buerarema;-14.9564408366;-39.3025196058;18605.0;15.48;16.334;66.455;0.742;0.989
2010;BA;Buritirama;-10.7117914663;-43.6313808982;19600.0;21.704;3.679;72.939;1.551;0.128
2010;BA;Caatiba;-14.9785506352;-40.4102724753;11420.0;23.494;8.722;67.609;0.175;0.0
2010;BA;Cabaceiras do Paraguaçu;-12.5371357854;-39.1867130922;17327.0;10.36;27.5;60.841;1.172;0.127
2010;BA;Cachoeira;-12.5962107985;-38.969398069;32026.0;10.382;40.654;46.381;2.173;0.409
2010;BA;Caculé;-14.5042061971;-42.2214140996;22236.0;40.56;5.783;52.914;0.652;0.09
2010;BA;Caém;-11.0930915175;-40.4373119407;10368.0;15.326;14.217;68.432;1.91;0.116
2010;BA;Caetanos;-14.3385629674;-40.9092896392;13639.0;35.252;3.571;60.562;0.587;0.029
2010;BA;Caetité;-14.0667543191;-42.4857114475;47515.0;41.442;7.707;49.923;0.735;0.194
2010;BA;Cafarnaum;-11.6913562191;-41.4722215133;17209.0;17.688;8.269;72.869;1.151;0.023
2010;BA;Cairu;-13.4876034013;-39.0432543551;15374.0;15.5;18.323;63.9;2.153;0.124
2010;BA;Caldeirão Grande;-11.0221557769;-40.3073703595;12491.0;20.279;7.99;70.651;0.809;0.272
2010;BA;Camacan;-15.4176268518;-39.4963673315;31472.0;17.203;17.145;63.298;1.141;1.214
2010;BA;Camaçari;-12.69881676;-38.3257400621;242966.0;17.359;22.056;58.627;1.584;0.375
2010;BA;Camamu;-13.9470763406;-39.1005697175;35180.0;14.315;30.864;52.806;1.654;0.361
2010;BA;Campo Alegre de Lourdes;-9.517154114;-43.0122984391;28090.0;21.937;9.316;64.888;3.855;0.004
2010;BA;Campo Formoso;-10.5056615545;-40.3188209871;66616.0;24.719;11.692;61.575;1.894;0.119
2010;BA;Canápolis;-13.0759114977;-44.2050289854;9410.0;38.31;6.111;54.793;0.723;0.064
2010;BA;Canarana;-11.687583314;-41.765492232;24067.0;25.117;8.26;65.629;0.918;0.075
2010;BA;Canavieiras;-15.6797774765;-38.9473758746;32336.0;18.416;14.479;65.401;1.169;0.535
2010;BA;Candeal;-11.80497023;-39.1237184955;8895.0;11.265;23.474;64.283;0.978;0.0
2010;BA;Candeias;-12.6719227053;-38.5435962675;83158.0;9.947;27.16;61.289;1.55;0.053
2010;BA;Candiba;-14.4131865031;-42.8644023352;13210.0;30.167;7.668;61.476;0.613;0.076
2010;BA;Cândido Sales;-15.5060663508;-41.2411175946;27918.0;29.06;7.11;63.138;0.63;0.061
2010;BA;Cansanção;-10.6667499149;-39.4966050065;32908.0;23.994;5.303;69.779;0.738;0.185
2010;BA;Canudos;-9.8906729609;-39.0240712427;15732.0;24.301;6.445;67.385;1.341;0.528
2010;BA;Capela do Alto Alegre;-11.6700816433;-39.8353553091;11527.0;33.79;8.554;56.58;0.911;0.165
2010;BA;Capim Grosso;-11.3815744576;-40.0110006117;26577.0;31.463;10.479;57.433;0.493;0.132
2010;BA;Caraíbas;-14.7220694937;-41.2654313237;10222.0;40.52;3.434;55.439;0.597;0.01
2010;BA;Caravelas;-17.7333705275;-39.2533822214;21414.0;16.76;18.38;63.613;1.051;0.196
2010;BA;Cardeal da Silva;-11.9407674064;-37.945476583;8899.0;11.26;25.362;60.389;2.686;0.303
2010;BA;Carinhanha;-14.3020069036;-43.7617772009;28380.0;21.265;10.44;66.889;1.346;0.06
2010;BA;Casa Nova;-9.1785945741;-40.9757969269;64940.0;32.706;7.472;58.314;1.366;0.143
2010;BA;Castro Alves;-12.7658326369;-39.4265194303;25408.0;12.968;23.119;62.685;0.827;0.401
2010;BA;Catolândia;-12.3160059385;-44.8597702834;2612.0;27.144;9.112;62.366;1.263;0.115
2010;BA;Catu;-12.3551865589;-38.3762943036;51077.0;13.049;18.327;66.809;1.694;0.121
2010;BA;Caturama;-13.3282013504;-42.2964066437;8843.0;45.335;6.05;48.174;0.441;0.0
2010;BA;Central;-11.1379885829;-42.1123489751;17013.0;26.985;8.488;63.963;0.394;0.17
2010;BA;Chorrochó;-8.975477804;-39.1023700774;10734.0;14.617;11.17;72.377;1.686;0.149
2010;BA;Cícero Dantas;-10.5921715319;-38.3834191279;32300.0;38.87;6.325;53.817;0.82;0.167
2010;BA;Cipó;-11.1011435641;-38.5171293979;15755.0;25.052;11.0;63.84;0.038;0.07
2010;BA;Coaraci;-14.6368142028;-39.5523042559;20964.0;18.503;14.215;66.204;0.987;0.091
2010;BA;Cocos;-14.1710775452;-44.5456688581;18153.0;38.594;5.415;54.503;1.256;0.231
2010;BA;Conceição da Feira;-12.5039919119;-38.9997807982;20391.0;8.563;41.253;48.752;1.192;0.24
2010;BA;Conceição do Almeida;-12.7780203224;-39.1709464494;17889.0;10.828;28.615;59.83;0.688;0.039
2010;BA;Conceição do Coité;-11.5618258459;-39.2816841782;62040.0;28.198;14.745;56.088;0.885;0.084
2010;BA;Conceição do Jacuípe;-12.322946459;-38.7636737165;30123.0;10.862;27.547;59.516;1.846;0.229
2010;BA;Conde;-11.813431761;-37.6069779821;23620.0;14.746;19.687;63.751;1.596;0.22
2010;BA;Condeúba;-14.8904103648;-41.9708095383;16897.0;30.97;3.871;64.887;0.219;0.053
2010;BA;Contendas do Sincorá;-13.7554968279;-41.046318064;4663.0;28.93;8.042;62.32;0.708;0.0
2010;BA;Coração de Maria;-12.2479210101;-38.7505165474;22401.0;9.544;28.834;60.122;1.451;0.049
2010;BA;Cordeiros;-15.0372341089;-41.9357339067;8168.0;31.44;1.494;67.03;0.037;0.0
2010;BA;Coribe;-13.8278416058;-44.4530364349;14307.0;31.67;5.927;61.131;1.272;0.0
2010;BA;Coronel João Sá;-10.2793954002;-37.9329643376;17066.0;31.794;2.373;65.083;0.621;0.129
2010;BA;Correntina;-13.3417718212;-44.6410867012;31249.0;29.579;10.423;59.032;0.909;0.058
2010;BA;Cotegipe;-12.0285973836;-44.2524761377;13636.0;22.778;8.236;67.63;0.99;0.367
2010;BA;Cravolândia;-13.362623064;-39.8127117487;5041.0;21.96;15.156;61.892;0.972;0.02
2010;BA;Crisópolis;-11.5177899236;-38.1517158173;20046.0;25.691;5.547;67.889;0.833;0.04
2010;BA;Cristópolis;-12.231450809;-44.4118418963;13280.0;34.601;7.131;57.312;0.934;0.023
2010;BA;Cruz das Almas;-12.6637862128;-39.1007361428;58606.0;13.993;26.122;58.762;0.954;0.169
2010;BA;Curaçá;-8.989032118;-39.9080810189;32168.0;16.728;8.614;71.394;1.439;1.825
2010;BA;Dário Meira;-14.4350474388;-39.9024656528;12836.0;20.271;14.522;64.381;0.623;0.203
2010;BA;Dias d'Ávila;-12.6043684168;-38.2979935899;66440.0;17.151;21.368;59.113;2.082;0.286
2010;BA;Dom Basílio;-13.7633265546;-41.7708775807;11355.0;54.408;1.805;43.558;0.229;0.0
2010;BA;Dom Macedo Costa;-12.9114892623;-39.1880941696;3874.0;18.327;21.76;59.448;0.413;0.052
2010;BA;Elísio Medrado;-12.9433258382;-39.5204855551;7947.0;26.526;18.9;53.605;0.491;0.478
2010;BA;Encruzilhada;-15.5345801803;-40.9091207501;23766.0;23.605;7.41;68.282;0.526;0.177
2010;BA;Entre Rios;-11.9372613704;-38.0787770198;39872.0;12.367;20.31;65.886;1.417;0.02
2010;BA;Esplanada;-11.7994094961;-37.9449814741;32802.0;18.029;18.539;61.008;1.829;0.594
2010;BA;Euclides da Cunha;-10.5058180637;-39.0142487251;56289.0;22.214;5.555;69.843;0.666;1.721
2010;BA;Eunápolis;-16.3751672323;-39.584171941;100196.0;25.477;12.132;60.529;0.971;0.89
2010;BA;Fátima;-10.600170214;-38.2086747829;17652.0;35.962;4.243;58.316;1.439;0.04
2010;BA;Feira da Mata;-14.2105645058;-44.2834639384;6184.0;36.772;8.263;53.525;1.439;0.0
2010;BA;Feira de Santana;-12.2292842525;-38.9600330963;556637.0;19.918;23.074;55.844;0.963;0.201
2010;BA;Filadélfia;-10.7384641099;-40.1378268768;16740.0;20.335;9.821;68.471;1.225;0.149
2010;BA;Firmino Alves;-14.9849353753;-39.9214417636;5384.0;25.52;11.59;61.33;0.687;0.873
2010;BA;Floresta Azul;-14.8627983966;-39.6565235874;10660.0;20.647;11.21;66.97;0.75;0.422
2010;BA;Formosa do Rio Preto;-11.0470324907;-45.1909909097;22528.0;19.886;8.749;69.687;1.545;0.133
2010;BA;Gandu;-13.7437807885;-39.4863240793;30335.0;18.85;15.596;64.691;0.722;0.142
2010;BA;Gavião;-11.4708954591;-39.78611293;4561.0;30.037;10.239;58.825;0.899;0.0
2010;BA;Gentio do Ouro;-11.4275313127;-42.5047423861;10622.0;39.456;7.108;53.257;0.179;0.0
2010;BA;Glória;-9.3401731836;-38.2592732301;15076.0;28.131;5.651;56.116;0.69;9.412
2010;BA;Gongogi;-14.3237132993;-39.467239655;8357.0;12.229;19.253;66.77;1.46;0.287
2010;BA;Governador Mangabeira;-12.6015538384;-39.0340236148;19818.0;7.862;33.313;57.604;1.105;0.116
2010;BA;Guajeru;-14.5469622717;-41.9371481669;10412.0;26.037;3.458;69.862;0.615;0.029
2010;BA;Guanambi;-14.225315027;-42.7785619667;78833.0;36.091;9.927;52.769;1.001;0.212
2010;BA;Guaratinga;-16.5812160356;-39.7812844708;22165.0;21.236;6.682;71.365;0.596;0.122
2010;BA;Heliópolis;-10.675298788;-38.2802330423;13192.0;38.66;8.263;52.35;0.69;0.038
2010;BA;Iaçu;-12.7691377865;-40.213365235;25736.0;17.248;13.922;67.512;1.208;0.109
2010;BA;Ibiassucê;-14.2767025345;-42.2557743547;10062.0;43.878;7.742;46.889;1.411;0.08
2010;BA;Ibicaraí;-14.8657631414;-39.5915412035;24272.0;22.182;11.598;64.506;1.393;0.321
2010;BA;Ibicoara;-13.4263272088;-41.2720658081;17282.0;22.613;11.185;65.479;0.648;0.075
2010;BA;Ibicuí;-14.8430903651;-39.9898321057;15785.0;28.711;8.597;62.034;0.64;0.019
2010;BA;Ibipeba;-11.6375264432;-42.0112484399;17008.0;28.675;12.876;57.214;1.099;0.135
2010;BA;Ibipitanga;-12.8791061453;-42.4912287412;14171.0;44.203;3.458;51.634;0.692;0.014
2010;BA;Ibiquera;-12.6499286126;-40.9354210019;4866.0;14.468;10.358;73.633;1.541;0.0
2010;BA;Ibirapitanga;-14.1650324961;-39.3744665327;22598.0;14.877;28.622;55.018;1.323;0.159
2010;BA;Ibirapuã;-17.6841971442;-40.1063094115;7956.0;24.937;12.016;59.804;0.98;2.262
2010;BA;Ibirataia;-14.0672690808;-39.6409188889;18943.0;15.547;11.55;72.338;0.517;0.048
2010;BA;Ibitiara;-12.6455137042;-42.2132943235;15508.0;20.731;12.013;66.836;0.393;0.026
2010;BA;Ibititá;-11.5527707224;-41.9751521501;17840.0;28.178;12.853;58.072;0.88;0.017
2010;BA;Ibotirama;-12.184013569;-43.218696265;25424.0;20.607;11.89;65.698;0.252;1.554
2010;BA;Ichu;-11.7552498737;-39.1887163055;5255.0;30.257;21.941;46.66;0.666;0.476
2010;BA;Igaporã;-13.7679764775;-42.7178798075;15205.0;37.593;10.168;51.49;0.71;0.039
2010;BA;Igrapiúna;-13.8204024423;-39.1400807979;13343.0;13.063;33.83;50.798;2.173;0.135
2010;BA;Iguaí;-14.7579625256;-40.0975134506;25705.0;26.835;7.504;65.135;0.49;0.035
2010;BA;Ilhéus;-14.7933202697;-39.0431842869;184236.0;19.542;18.723;58.619;0.953;2.164
2010;BA;Inhambupe;-11.7891274641;-38.3540192706;36306.0;17.738;16.298;64.4;1.363;0.201
2010;BA;Ipecaetá;-12.3141993063;-39.3060256384;15331.0;17.866;17.898;63.779;0.437;0.02
2010;BA;Ipiaú;-14.1374736713;-39.7356541802;44390.0;17.975;12.989;68.229;0.631;0.176
2010;BA;Ipirá;-12.1602868809;-39.7407084849;59339.0;21.657;14.604;62.2;1.212;0.327
2010;BA;Ipupiara;-11.8288274009;-42.6106888539;9285.0;53.193;3.694;42.865;0.237;0.011
2010;BA;Irajuba;-13.2566101534;-40.0838518009;7002.0;26.135;9.769;63.653;0.386;0.057
2010;BA;Iramaia;-13.2936511934;-40.9695824783;11990.0;20.067;13.044;66.239;0.5;0.15
2010;BA;Iraquara;-12.2435010164;-41.6179588574;22601.0;18.725;6.796;73.665;0.695;0.119
2010;BA;Irará;-12.0337039632;-38.7716507784;27466.0;7.868;32.961;58.039;1.045;0.087
2010;BA;Irecê;-11.3033796243;-41.8588604759;66181.0;32.074;10.509;56.185;1.095;0.136
2010;BA;Itabela;-16.5758360568;-39.5532377751;28390.0;20.423;11.247;66.844;0.895;0.592
2010;BA;Itaberaba;-12.532254089;-40.3069949197;61631.0;21.854;16.618;59.782;1.279;0.467
2010;BA;Itabuna;-14.7890395486;-39.273108952;204667.0;22.092;14.213;62.531;0.802;0.362
2010;BA;Itacaré;-14.2782492856;-38.9948415531;24312.0;12.208;29.409;56.433;1.427;0.522
2010;BA;Itaetê;-12.9820339945;-40.9634187749;14924.0;16.189;20.497;61.244;1.91;0.161
2010;BA;Itagi;-14.1617937178;-40.0136249931;13051.0;19.393;10.582;69.818;0.146;0.061
2010;BA;Itagibá;-14.2865141678;-39.8485155566;15193.0;21.615;18.291;58.961;0.856;0.276
2010;BA;Itagimirim;-16.0881432759;-39.6151918109;7110.0;22.25;11.533;64.149;1.913;0.155
2010;BA;Itaguaçu da Bahia;-11.0087222104;-42.4011571243;13209.0;22.644;11.151;65.539;0.575;0.091
2010;BA;Itaju do Colônia;-15.1401935524;-39.7247246149;7309.0;21.549;13.668;59.995;1.095;3.694
2010;BA;Itajuípe;-14.6780189898;-39.3817881541;21081.0;16.769;15.004;66.671;1.38;0.176
2010;BA;Itamaraju;-17.0423375997;-39.5330398846;63069.0;15.735;6.954;75.624;0.461;1.226
2010;BA;Itamari;-13.7748367559;-39.6763483469;7903.0;18.676;23.295;57.776;0.177;0.076
2010;BA;Itambé;-15.248019194;-40.6240417224;23089.0;23.968;11.897;62.831;1.126;0.178
2010;BA;Itanagra;-12.2681631439;-38.0381809412;7598.0;8.594;24.362;65.675;0.908;0.461
2010;BA;Itanhém;-17.1663329037;-40.327048649;20216.0;30.817;9.319;58.736;0.871;0.257
2010;BA;Itaparica;-12.8814890528;-38.6840303113;20725.0;9.356;22.084;67.706;0.729;0.125
2010;BA;Itapé;-14.8948079608;-39.4299627284;10995.0;19.0;15.907;64.393;0.373;0.327
2010;BA;Itapebi;-15.9721666551;-39.5285413926;10495.0;19.057;18.914;59.524;1.553;0.953
2010;BA;Itapetinga;-15.2461671887;-40.2473809072;68273.0;26.937;11.687;60.186;0.908;0.281
2010;BA;Itapicuru;-11.3109527006;-38.2186123755;32261.0;20.04;6.017;73.724;0.205;0.015
2010;BA;Itapitanga;-14.4211947387;-39.5663618837;10207.0;17.566;12.776;69.09;0.549;0.02
2010;BA;Itaquara;-13.4464090028;-39.9382435936;7678.0;26.048;9.977;63.519;0.456;0.0
2010;BA;Itarantim;-15.6578300416;-40.0615452744;18539.0;27.472;8.835;62.776;0.841;0.076
2010;BA;Itatim;-12.7092465331;-39.7037746062;14522.0;24.866;12.67;61.651;0.62;0.193
2010;BA;Itiruçu;-13.5323986079;-40.1461722977;12693.0;22.493;12.487;64.114;0.906;0.0
2010;BA;Itiúba;-10.6919012257;-39.8532769742;36113.0;19.824;8.39;70.468;1.254;0.064
2010;BA;Itororó;-15.119037314;-40.0717033442;19914.0;22.356;10.018;66.325;1.175;0.126
2010;BA;Ituaçu;-13.8074071462;-41.3109815271;18127.0;40.282;7.525;51.354;0.701;0.138
2010;BA;Ituberá;-13.7361569057;-39.1490424919;26591.0;17.25;23.978;57.617;0.955;0.199
2010;BA;Iuiú;-14.4121460364;-43.5564026155;10900.0;24.266;10.569;63.009;2.073;0.083
2010;BA;Jaborandi;-13.625934002;-44.4659699897;8973.0;29.488;6.999;63.011;0.502;0.0
2010;BA;Jacaraci;-14.8491905702;-42.4306087706;13651.0;38.847;2.381;58.311;0.418;0.044
2010;BA;Jacobina;-11.1850621601;-40.5130176279;79247.0;23.831;13.842;60.491;1.416;0.421
2010;BA;Jaguaquara;-13.5306986308;-39.9702551832;51011.0;25.796;15.695;57.521;0.774;0.214
2010;BA;Jaguarari;-10.2628542593;-40.1936114662;30343.0;25.063;6.252;66.572;1.964;0.148
2010;BA;Jaguaripe;-13.1150638884;-38.8914186277;16467.0;10.172;26.198;62.458;1.166;0.006
2010;BA;Jandaíra;-11.5657484739;-37.7868684912;10331.0;9.496;4.917;85.113;0.426;0.048
2010;BA;Jequié;-13.8556640077;-40.0886073275;151895.0;26.287;13.23;59.495;0.754;0.234
2010;BA;Jeremoabo;-10.0622424076;-38.3518191467;37680.0;25.918;7.189;65.963;0.77;0.159
2010;BA;Jiquiriçá;-13.2523063493;-39.5765017781;14118.0;20.392;21.136;57.076;1.367;0.028
2010;BA;Jitaúna;-14.0174286979;-39.8896321767;14115.0;19.66;13.744;66.086;0.418;0.092
2010;BA;João Dourado;-11.3464052247;-41.6599891798;22542.0;23.929;11.308;62.679;1.939;0.146
2010;BA;Juazeiro;-9.4107170962;-40.5035521594;197965.0;25.113;11.624;61.352;1.57;0.341
2010;BA;Jucuruçu;-16.8445161458;-40.1588126299;10290.0;16.385;2.332;81.069;0.214;0.0
2010;BA;Jussara;-11.0545549484;-41.9797319275;15052.0;27.963;9.341;61.852;0.837;0.007
2010;BA;Jussari;-15.1904562989;-39.4949398663;6474.0;16.45;13.809;69.184;0.479;0.077
2010;BA;Jussiape;-13.5129503421;-41.5901420146;8031.0;45.088;8.318;46.009;0.498;0.087
2010;BA;Lafaiete Coutinho;-13.6529994248;-40.2106058828;3901.0;23.43;15.406;59.523;1.154;0.487
2010;BA;Lagoa Real;-14.0300289856;-42.1457118364;13934.0;47.854;7.851;43.713;0.56;0.022
2010;BA;Laje;-13.1796486825;-39.4275521529;22201.0;17.751;29.364;52.029;0.694;0.162
2010;BA;Lajedão;-17.612130938;-40.3458465321;3733.0;28.181;6.751;63.649;1.42;0.0
2010;BA;Lajedinho;-12.3603741929;-40.9037099703;3936.0;16.819;14.431;66.997;1.753;0.0
2010;BA;Lajedo do Tabocal;-13.4725200036;-40.2252295032;8305.0;28.669;10.632;59.434;0.999;0.265
2010;BA;Lamarão;-11.7915777404;-38.8929803339;9560.0;9.446;20.178;68.672;1.506;0.199
2010;BA;Lapão;-11.3801390539;-41.8319086534;25646.0;24.452;15.012;59.194;1.049;0.292
2010;BA;Lauro de Freitas;-12.8967176089;-38.3234616103;163296.0;22.625;24.396;51.061;1.631;0.287
2010;BA;Lençóis;-12.5640631156;-41.3940311361;10368.0;13.667;20.476;63.947;1.427;0.482
2010;BA;Licínio de Almeida;-14.6758660768;-42.5026836359;12311.0;37.698;5.743;55.991;0.463;0.106
2010;BA;Livramento de Nossa Senhora;-13.6495009052;-41.8403872818;42693.0;42.822;9.671;46.93;0.499;0.077
2010;BA;Luís Eduardo Magalhães;-12.0783722562;-45.8004644065;60105.0;32.902;7.011;58.797;1.18;0.11
2010;BA;Macajuba;-12.1413926806;-40.3651796434;11229.0;19.343;11.479;66.88;2.298;0.0
2010;BA;Macarani;-15.5673161525;-40.4220441103;17093.0;29.562;8.893;60.294;1.112;0.14
2010;BA;Macaúbas;-13.0236716699;-42.6946657469;47051.0;37.78;6.287;54.979;0.814;0.14
2010;BA;Macururé;-9.1747059109;-39.0595150265;8073.0;22.098;11.681;63.619;2.205;0.396
2010;BA;Madre de Deus;-12.7403126545;-38.6027685669;17376.0;11.873;15.867;70.799;1.295;0.167
2010;BA;Maetinga;-14.6612663591;-41.4836566953;7038.0;32.296;5.826;61.836;0.028;0.014
2010;BA;Maiquinique;-15.6197717026;-40.2605151186;8782.0;27.169;7.698;63.79;1.264;0.08
2010;BA;Mairi;-11.7111106231;-40.1497825192;19326.0;24.32;9.185;65.834;0.652;0.01
2010;BA;Malhada;-14.3403832841;-43.7716203177;16014.0;10.435;9.76;78.356;1.355;0.094
2010;BA;Malhada de Pedras;-14.3779454038;-41.8786983401;8468.0;44.65;4.487;50.673;0.154;0.035
2010;BA;Manoel Vitorino;-14.145932206;-40.2420162477;14387.0;34.545;5.741;59.255;0.445;0.014
2010;BA;Mansidão;-10.71582896;-44.0364854096;12592.0;8.998;8.108;81.75;1.024;0.119
2010;BA;Maracás;-13.4376744923;-40.4312875474;24613.0;29.757;10.226;58.522;1.235;0.26
2010;BA;Maragogipe;-12.7751199192;-38.9188814372;42815.0;17.029;22.49;59.316;1.137;0.028
2010;BA;Maraú;-14.1055306717;-39.0249517557;19101.0;10.738;32.213;56.17;0.864;0.016
2010;BA;Marcionílio Souza;-13.0035103723;-40.5345299893;10500.0;15.19;11.686;71.695;1.419;0.01
2010;BA;Mascote;-15.5659880327;-39.3024004527;14640.0;17.322;16.339;63.463;2.52;0.355
2010;BA;Mata de São João;-12.5299707907;-38.2972993248;40183.0;11.664;25.566;60.416;2.15;0.204
2010;BA;Matina;-13.9126360111;-42.8429324443;11145.0;27.376;12.472;59.462;0.673;0.018
2010;BA;Medeiros Neto;-17.3704094821;-40.220174208;21560.0;27.472;6.832;64.481;0.904;0.311
2010;BA;Miguel Calmon;-11.4283442062;-40.5960696127;26475.0;20.971;11.796;66.84;0.347;0.045
2010;BA;Milagres;-12.8705749151;-39.8591271005;10306.0;25.432;7.811;66.02;0.66;0.078
2010;BA;Mirangaba;-10.9561172849;-40.5747927022;16279.0;17.808;15.277;65.029;1.824;0.061
2010;BA;Mirante;-14.2398179211;-40.7735665979;10507.0;40.411;2.798;56.258;0.523;0.01
2010;BA;Monte Santo;-10.4401577407;-39.3327059521;52338.0;37.47;5.155;56.854;0.449;0.073
2010;BA;Morpará;-11.5580425446;-43.277913407;8280.0;23.659;5.338;70.58;0.362;0.06
2010;BA;Morro do Chapéu;-11.5501261105;-41.1590965078;35164.0;21.181;16.67;60.295;1.632;0.222
2010;BA;Mortugaba;-15.0164072904;-42.3804489223;12477.0;32.147;5.514;61.93;0.401;0.008
2010;BA;Mucugê;-13.0038942045;-41.3732130119;10545.0;25.159;10.384;63.471;0.872;0.114
2010;BA;Mucuri;-18.0885397389;-39.5475458898;36026.0;21.718;17.015;59.71;1.238;0.319
2010;BA;Mulungu do Morro;-11.9672200211;-41.6438000096;12249.0;22.467;5.364;70.814;1.306;0.049
2010;BA;Mundo Novo;-11.8647227486;-40.4714981501;24395.0;20.102;10.141;68.813;0.931;0.012
2010;BA;Muniz Ferreira;-12.9973037019;-39.1129817012;7317.0;17.63;21.935;59.915;0.506;0.014
2010;BA;Muquém do São Francisco;-12.0682612649;-43.5518599151;10272.0;15.012;12.607;69.86;0.925;1.597
2010;BA;Muritiba;-12.6233724415;-38.9886888174;28899.0;12.388;28.098;57.839;1.533;0.142
2010;BA;Mutuípe;-13.2293733237;-39.504163852;21449.0;18.187;24.416;56.264;1.03;0.103
2010;BA;Nazaré;-13.0351482202;-39.0106225829;27274.0;14.439;22.567;62.026;0.829;0.139
2010;BA;Nilo Peçanha;-13.6044944204;-39.1129855091;12530.0;13.376;15.778;69.928;0.902;0.016
2010;BA;Nordestina;-10.8320535248;-39.4291308507;12371.0;24.113;3.888;71.336;0.606;0.057
2010;BA;Nova Canaã;-14.7935980877;-40.145174652;16713.0;29.241;9.687;60.39;0.592;0.09
2010;BA;Nova Fátima;-11.6083983892;-39.6322170919;7602.0;23.875;7.669;67.338;0.934;0.184
2010;BA;Nova Ibiá;-13.809907366;-39.6256860495;6648.0;16.998;23.736;58.589;0.632;0.045
2010;BA;Nova Itarana;-13.0330498856;-40.0692497333;7435.0;22.999;12.71;63.067;1.063;0.161
2010;BA;Nova Redenção;-12.8188675675;-41.0688595103;8034.0;15.248;18.322;64.376;2.054;0.0
2010;BA;Nova Soure;-11.2380081972;-38.484613927;24136.0;20.186;11.278;67.807;0.588;0.141
2010;BA;Nova Viçosa;-17.8933917822;-39.3720115381;38556.0;21.286;17.012;60.11;1.198;0.394
2010;BA;Novo Horizonte;-12.801997364;-42.1677884485;10673.0;37.29;9.519;51.813;1.34;0.037
2010;BA;Novo Triunfo;-10.3420182309;-38.415581348;15051.0;38.37;8.817;52.036;0.751;0.027
2010;BA;Olindina;-11.3583061402;-38.3310801961;24943.0;19.841;7.886;71.295;0.922;0.056
2010;BA;Oliveira dos Brejinhos;-12.32058895;-42.8970197687;21831.0;22.967;4.553;71.554;0.902;0.023
2010;BA;Ouriçangas;-12.0068519179;-38.6284167702;8298.0;6.315;37.744;53.507;2.434;0.0
2010;BA;Ourolândia;-10.9646176504;-41.081811729;16425.0;21.029;13.766;61.936;2.819;0.451
2010;BA;Palmas de Monte Alto;-14.2573509944;-43.1705121315;20775.0;24.034;13.396;58.542;3.822;0.207
2010;BA;Palmeiras;-12.5100711046;-41.5773369327;8410.0;15.91;16.052;65.886;1.581;0.571
2010;BA;Paramirim;-13.4424266572;-42.2406487777;21001.0;36.255;9.128;54.312;0.267;0.038
2010;BA;Paratinga;-12.6906971249;-43.1820250756;29504.0;16.442;12.564;69.092;1.773;0.129
2010;BA;Paripiranga;-10.6759923133;-37.8704477007;27778.0;38.44;4.46;56.415;0.673;0.011
2010;BA;Pau Brasil;-15.4636188169;-39.6487820361;10852.0;17.425;12.578;47.503;1.152;21.342
2010;BA;Paulo Afonso;-9.4033316974;-38.2183289682;108396.0;32.646;5.462;60.038;1.018;0.836
2010;BA;Pé de Serra;-11.8311793086;-39.609425329;13752.0;27.596;8.108;62.609;1.411;0.276
2010;BA;Pedrão;-12.1435872038;-38.6490014216;6876.0;5.817;31.719;60.82;1.629;0.015
2010;BA;Pedro Alexandre;-10.0100715805;-37.8992615844;16995.0;14.092;4.201;81.094;0.606;0.006
2010;BA;Piatã;-13.1644568683;-41.7706230393;17982.0;30.825;8.887;58.953;1.262;0.072
2010;BA;Pilão Arcado;-9.997771056;-42.4847567625;32860.0;19.321;7.182;71.369;1.999;0.128
2010;BA;Pindaí;-14.4899875405;-42.6870333191;15628.0;23.88;5.554;69.587;0.902;0.077
2010;BA;Pindobaçu;-10.7342066124;-40.3571591936;20121.0;23.93;12.847;59.604;3.156;0.462
2010;BA;Pintadas;-11.8080365091;-39.9082386319;10342.0;18.207;8.374;72.433;0.938;0.048
2010;BA;Piraí do Norte;-13.7612250393;-39.3745221879;9799.0;15.4;17.104;66.252;1.235;0.01
2010;BA;Piripá;-14.9468709101;-41.7248658273;12783.0;24.22;5.046;70.516;0.188;0.031
2010;BA;Piritiba;-11.7372340018;-40.5513277059;22399.0;20.894;10.09;68.244;0.661;0.112
2010;BA;Planaltino;-13.2566087534;-40.3683973567;8822.0;29.132;10.156;59.25;1.383;0.079
2010;BA;Planalto;-14.6701699702;-40.4846403764;24481.0;32.715;5.608;60.908;0.752;0.016
2010;BA;Poções;-14.5223245426;-40.3651272938;44701.0;30.8;7.32;60.748;0.902;0.23
2010;BA;Pojuca;-12.4292631349;-38.3271668771;33066.0;14.97;25.516;57.863;1.497;0.154
2010;BA;Ponto Novo;-10.8671478313;-40.1353928451;15742.0;20.715;6.289;71.833;1.15;0.013
2010;BA;Porto Seguro;-16.4490561794;-39.0621135239;126928.0;23.571;12.74;58.858;0.633;4.198
2010;BA;Potiraguá;-15.5924563117;-39.8756600706;9810.0;21.244;13.629;64.006;0.754;0.367
2010;BA;Prado;-17.3295639894;-39.2292384212;27627.0;15.536;15.304;60.332;0.898;7.931
2010;BA;Presidente Dutra;-11.2965040663;-41.9909309024;13750.0;32.444;7.142;60.036;0.378;0.0
2010;BA;Presidente Jânio Quadros;-14.685395367;-41.6824426344;13652.0;37.789;3.575;57.72;0.85;0.066
2010;BA;Presidente Tancredo Neves;-13.4708417736;-39.4240598299;23846.0;18.687;16.946;62.736;1.51;0.122
2010;BA;Queimadas;-10.9763905292;-39.6264068266;24602.0;24.815;7.028;67.088;0.813;0.256
2010;BA;Quijingue;-10.75167233;-39.206609254;27228.0;17.409;2.92;78.632;0.342;0.698
2010;BA;Quixabeira;-11.4086852033;-40.1214965949;9554.0;24.471;7.808;67.574;0.136;0.01
2010;BA;Rafael Jambeiro;-12.4074173545;-39.5006356829;22874.0;16.98;10.768;71.352;0.844;0.057
2010;BA;Remanso;-9.6239067892;-42.0796675417;38957.0;29.271;11.898;56.424;2.246;0.162
2010;BA;Retirolândia;-11.4896669832;-39.4241777923;12055.0;31.024;8.669;59.403;0.904;0.0
2010;BA;Riachão das Neves;-11.74624753;-44.9164697719;21937.0;16.47;8.734;73.305;1.427;0.064
2010;BA;Riachão do Jacuípe;-11.8059790259;-39.3830354939;33172.0;27.433;13.276;58.191;0.938;0.163
2010;BA;Riacho de Santana;-13.6065881421;-42.93834712;30646.0;37.059;13.457;48.473;0.907;0.104
2010;BA;Ribeira do Amparo;-11.0391582801;-38.4305538667;14276.0;21.231;4.742;73.242;0.736;0.049
2010;BA;Ribeira do Pombal;-10.8362780748;-38.5360987874;47518.0;32.463;8.952;57.084;0.793;0.707
2010;BA;Ribeirão do Largo;-15.4640596335;-40.7438597619;8591.0;24.409;8.125;66.209;1.245;0.012
2010;BA;Rio de Contas;-13.588607787;-41.8187905564;13007.0;47.751;14.531;36.473;1.238;0.008
2010;BA;Rio do Antônio;-14.4085096465;-42.075055335;14815.0;46.406;4.887;48.424;0.27;0.013
2010;BA;Rio do Pires;-13.1186631387;-42.2878777528;11918.0;47.902;5.202;46.241;0.646;0.008
2010;BA;Rio Real;-11.4849354254;-37.9335777751;37164.0;24.532;7.491;67.503;0.35;0.124
2010;BA;Rodelas;-8.8449965336;-38.7723090007;7775.0;30.045;10.534;46.508;0.617;12.296
2010;BA;Ruy Barbosa;-12.2893169588;-40.5003712306;29887.0;19.718;15.522;63.837;0.796;0.127
2010;BA;Salinas da Margarida;-12.8779970546;-38.7579439509;13456.0;5.648;40.101;52.044;1.724;0.483
2010;BA;Salvador;-13.0147719115;-38.488061484;2675254.0;18.901;27.8;51.679;1.338;0.283
2010;BA;Santa Bárbara;-11.9569028341;-38.9661390064;19064.0;13.093;17.158;66.959;2.659;0.131
2010;BA;Santa Brígida;-9.7318909595;-38.1278183663;15060.0;25.75;5.013;68.898;0.173;0.166
2010;BA;Santa Cruz Cabrália;-16.3380965838;-39.0131825841;26264.0;18.428;9.286;56.911;0.453;14.922
2010;BA;Santa Cruz da Vitória;-14.9600783107;-39.81183597;6673.0;18.792;7.388;73.116;0.629;0.075
2010;BA;Santa Inês;-13.2986872233;-39.8276053255;10363.0;20.583;14.359;64.238;0.801;0.019
2010;BA;Santaluz;-11.2533600345;-39.3773777963;33838.0;22.02;9.451;67.04;1.138;0.352
2010;BA;Santa Luzia;-15.4327879846;-39.332493425;13344.0;14.239;17.199;67.041;1.289;0.232
2010;BA;Santa Maria da Vitória;-13.3935452501;-44.1983088658;40309.0;30.256;9.616;58.999;0.878;0.251
2010;BA;Santana;-12.9807511747;-44.0532579029;24750.0;32.76;6.372;59.669;1.095;0.105
2010;BA;Santanópolis;-12.028406888;-38.8671618077;8776.0;10.221;26.003;62.842;0.923;0.011
2010;BA;Santa Rita de Cássia;-11.0080450699;-44.5190497203;26250.0;22.088;7.627;68.644;1.501;0.141
2010;BA;Santa Teresinha;-12.7728517712;-39.5211400562;9648.0;19.351;13.485;66.066;0.985;0.114
2010;BA;Santo Amaro;-12.5491401087;-38.7090314625;57800.0;7.609;38.438;51.398;2.441;0.114
2010;BA;Santo Antônio de Jesus;-12.9680077697;-39.261131258;90985.0;22.285;23.142;53.685;0.769;0.119
2010;BA;Santo Estêvão;-12.4288932289;-39.2531902035;47880.0;13.874;21.587;63.659;0.821;0.058
2010;BA;São Desidério;-12.3608954905;-44.9740962396;27657.0;26.265;6.74;66.323;0.636;0.036
2010;BA;São Domingos;-11.4634661342;-39.5262647672;9226.0;22.653;6.969;68.99;1.138;0.249
2010;BA;São Félix;-12.605713252;-38.9687185314;14098.0;10.689;29.252;57.873;1.688;0.497
2010;BA;São Félix do Coribe;-13.4042182498;-44.1968725575;13048.0;32.311;8.438;57.978;0.95;0.322
2010;BA;São Felipe;-12.845078215;-39.0840148984;20305.0;17.902;22.59;58.276;1.177;0.054
2010;BA;São Francisco do Conde;-12.6299828044;-38.6757980533;33183.0;6.747;40.014;50.863;2.143;0.232
2010;BA;São Gabriel;-11.2267073343;-41.8742692011;18427.0;26.613;9.025;63.89;0.418;0.054
2010;BA;São Gonçalo dos Campos;-12.4303098042;-38.9497724306;33283.0;7.436;41.958;49.971;0.592;0.042
2010;BA;São José da Vitória;-15.0781782114;-39.3389205029;5715.0;12.633;26.684;59.108;0.525;1.05
2010;BA;São José do Jacuípe;-11.5053260938;-40.0236558829;10180.0;27.122;9.804;62.387;0.639;0.049
2010;BA;São Miguel das Matas;-13.0517330821;-39.455780426;10414.0;22.412;32.149;44.978;0.394;0.067
2010;BA;São Sebastião do Passé;-12.512724643;-38.4953098454;42153.0;9.492;31.279;56.748;2.382;0.1
2010;BA;Sapeaçu;-12.7351614751;-39.1948084366;16585.0;12.216;28.369;58.577;0.754;0.084
2010;BA;Sátiro Dias;-11.6008090454;-38.5913537821;18964.0;22.78;18.003;57.382;1.677;0.158
2010;BA;Saubara;-12.7369036248;-38.77060683;11201.0;7.481;35.158;54.709;2.535;0.116
2010;BA;Saúde;-10.9411051662;-40.4185507431;11845.0;18.269;12.672;67.953;1.055;0.051
2010;BA;Seabra;-12.4187631865;-41.7682012411;41798.0;25.831;11.261;62.029;0.797;0.081
2010;BA;Sebastião Laranjeiras;-14.5748223923;-42.9441131531;10371.0;22.38;4.551;72.008;1.061;0.0
2010;BA;Senhor do Bonfim;-10.4567714932;-40.18998454;74419.0;26.306;8.319;63.615;1.626;0.133
2010;BA;Serra do Ramalho;-13.5644659881;-43.5807307421;31638.0;20.504;11.875;65.32;2.064;0.237
2010;BA;Sento Sé;-9.7403798046;-41.8909969156;37425.0;20.379;8.128;69.777;1.643;0.072
2010;BA;Serra Dourada;-12.7625947393;-43.9523372559;18112.0;26.667;6.007;66.359;0.867;0.099
2010;BA;Serra Preta;-12.1597268274;-39.3325039203;15400.0;12.357;18.435;66.955;1.74;0.513
2010;BA;Serrinha;-11.6595317244;-39.0081326288;76762.0;21.307;17.494;59.882;1.036;0.28
2010;BA;Serrolândia;-11.4160318981;-40.299905217;12344.0;24.506;9.77;65.311;0.308;0.105
2010;BA;Simões Filho;-12.7839414834;-38.4115191932;118047.0;12.914;26.945;57.985;1.898;0.259
2010;BA;Sítio do Mato;-13.0857927061;-43.4664411673;12050.0;17.419;15.535;65.137;1.842;0.066
2010;BA;Sítio do Quinto;-10.3641586478;-38.2003708811;12592.0;30.909;6.059;62.429;0.461;0.143
2010;BA;Sobradinho;-9.4708066385;-40.7915948464;22000.0;24.586;10.845;62.964;0.968;0.636
2010;BA;Souto Soares;-12.0925960034;-41.6442483899;15899.0;26.977;6.485;65.721;0.786;0.031
2010;BA;Tabocas do Brejo Velho;-12.7073009223;-44.0111890671;11431.0;32.184;4.444;61.219;2.073;0.079
2010;BA;Tanhaçu;-14.0255080592;-41.2543335107;20013.0;39.324;4.967;55.319;0.34;0.05
2010;BA;Tanque Novo;-13.5465603207;-42.4906125115;16128.0;37.525;6.988;55.115;0.322;0.05
2010;BA;Tanquinho;-11.9716930935;-39.1005471654;8008.0;10.477;33.067;55.569;0.862;0.025
2010;BA;Taperoá;-13.5309926332;-39.1006222479;18748.0;11.788;21.154;66.279;0.736;0.043
2010;BA;Tapiramutá;-11.8523411105;-40.7887003323;16516.0;17.71;11.474;70.078;0.733;0.006
2010;BA;Teixeira de Freitas;-17.5377498817;-39.7445176868;138341.0;27.499;10.689;60.073;1.144;0.596
2010;BA;Teodoro Sampaio;-12.3014071565;-38.6419275419;7895.0;5.535;20.291;72.312;1.849;0.013
2010;BA;Teofilândia;-11.4829246318;-39.0058128587;21482.0;18.499;22.344;56.266;2.63;0.261
2010;BA;Teolândia;-13.601106007;-39.4893857886;14836.0;13.339;19.864;64.499;2.224;0.074
2010;BA;Terra Nova;-12.4030919014;-38.6231018592;12803.0;4.811;22.729;70.468;1.898;0.094
2010;BA;Tremedal;-14.9724717723;-41.4095763196;17029.0;32.263;4.856;62.581;0.294;0.006
2010;BA;Tucano;-10.9643001696;-38.7859480015;52418.0;33.66;6.248;59.296;0.471;0.324
2010;BA;Uauá;-9.8326541656;-39.4880641705;24294.0;33.0;4.623;60.97;1.116;0.292
2010;BA;Ubaíra;-13.2680894849;-39.6620325672;19750.0;21.787;13.134;64.709;0.344;0.025
2010;BA;Ubaitaba;-14.3104363678;-39.3225474058;20691.0;15.152;21.947;61.93;0.594;0.377
2010;BA;Ubatã;-14.2114665539;-39.5226677884;25004.0;14.062;15.721;68.953;1.108;0.156
2010;BA;Uibaí;-11.3381145645;-42.1337955488;13625.0;30.994;10.789;57.196;0.925;0.095
2010;BA;Umburanas;-10.7292712188;-41.3329141303;17000.0;18.0;6.759;73.718;1.506;0.018
2010;BA;Una;-15.2942080649;-39.074712888;24110.0;10.365;12.617;74.218;1.083;1.717
2010;BA;Urandi;-14.7632421838;-42.6589988098;16466.0;28.544;4.646;66.452;0.352;0.006
2010;BA;Uruçuca;-14.5920354535;-39.2838018788;19837.0;17.911;18.299;62.429;1.144;0.217
2010;BA;Utinga;-12.083317663;-41.0958288508;18173.0;21.119;9.69;68.332;0.627;0.231
2010;BA;Valença;-13.3703415065;-39.0723502472;88668.0;17.298;20.11;61.208;1.156;0.228
2010;BA;Valente;-11.4124895358;-39.4642460663;24560.0;30.513;6.572;61.954;0.786;0.175
2010;BA;Várzea da Roça;-11.5989862635;-40.1406370839;13786.0;37.408;9.502;52.169;0.638;0.283
2010;BA;Várzea do Poço;-11.5239795326;-40.3189181998;8661.0;31.013;6.57;61.864;0.496;0.058
2010;BA;Várzea Nova;-11.2572312023;-40.9458459311;13073.0;22.045;14.075;62.059;1.668;0.153
2010;BA;Varzedo;-12.975312565;-39.3934758347;9109.0;17.598;17.422;64.354;0.582;0.044
2010;BA;Vera Cruz;-12.9357333313;-38.6191597463;37567.0;10.602;26.742;61.892;0.655;0.109
2010;BA;Vereda;-17.2239340594;-40.0844849278;6800.0;29.985;7.221;62.0;0.353;0.441
2010;BA;Vitória da Conquista;-14.8480048116;-40.8398095372;306864.0;32.456;10.129;56.845;0.455;0.115
2010;BA;Wagner;-12.2842507899;-41.1696269859;8983.0;15.129;9.106;74.864;0.623;0.278
2010;BA;Wanderley;-12.120150314;-43.8889295199;12485.0;27.201;6.68;64.75;1.37;0.0
2010;BA;Wenceslau Guimarães;-13.6885877525;-39.4796708032;22189.0;13.966;20.316;64.437;1.145;0.135
2010;BA;Xique-Xique;-10.8249744181;-42.7255080012;45536.0;19.292;14.459;65.293;0.758;0.198
2010;MG;Abadia dos Dourados;-18.4875649589;-47.3968324406;6704.0;69.779;4.356;25.567;0.283;0.015
2010;MG;Abaeté;-19.1558476941;-45.4461914172;22690.0;54.178;6.708;38.083;0.903;0.128
2010;MG;Abre Campo;-20.3014452838;-42.4809899867;13311.0;41.004;6.656;51.371;0.969;0.0
2010;MG;Acaiaca;-20.3604089313;-43.1482389018;3920.0;19.694;18.98;58.367;2.781;0.179
2010;MG;Açucena;-19.0767128936;-42.5462108797;10276.0;20.134;9.605;68.976;1.119;0.165
2010;MG;Água Boa;-17.9910530496;-42.3896432301;15195.0;22.04;6.509;70.668;0.777;0.007
2010;MG;Água Comprida;-20.0593124134;-48.1080767742;2025.0;60.691;8.938;29.333;1.037;0.0
2010;MG;Aguanil;-20.9374322025;-45.3894653435;4054.0;65.047;5.846;28.466;0.444;0.197
2010;MG;Águas Formosas;-17.0823043196;-40.9352279399;18479.0;27.718;4.989;66.73;0.46;0.103
2010;MG;Águas Vermelhas;-15.7453199452;-41.4587883041;12722.0;25.586;5.494;68.401;0.519;0.0
2010;MG;Aimorés;-19.4919501493;-41.0733274628;24959.0;39.208;5.453;54.129;0.813;0.397
2010;MG;Aiuruoca;-21.9758966559;-44.6028244646;6162.0;69.312;7.757;22.168;0.633;0.13
2010;MG;Alagoa;-22.1711356644;-44.6380988672;2709.0;70.838;2.658;25.803;0.701;0.0
2010;MG;Albertina;-22.1997644819;-46.6116025734;2913.0;81.497;3.776;14.59;0.137;0.0
2010;MG;Além Paraíba;-21.8768037119;-42.6959466025;34349.0;44.246;19.934;35.078;0.638;0.105
2010;MG;Alfenas;-21.4281781229;-45.9489181992;73773.0;68.215;6.601;24.433;0.605;0.146
2010;MG;Alfredo Vasconcelos;-21.1394234648;-43.7738899527;6075.0;60.115;5.07;34.469;0.313;0.033
2010;MG;Almenara;-16.1806161744;-40.6976511833;38775.0;28.557;8.864;61.751;0.73;0.098
2010;MG;Alpercata;-18.9868312565;-41.9891291116;7172.0;29.169;9.579;60.318;0.906;0.028
2010;MG;Alpinópolis;-20.8618546557;-46.3894825348;18488.0;71.825;4.603;22.772;0.763;0.038
2010;MG;Alterosa;-21.2558699519;-46.1453205615;13717.0;75.957;2.027;21.63;0.343;0.044
2010;MG;Alto Caparaó;-20.444361121;-41.87308374;5297.0;60.921;3.455;35.246;0.264;0.113
2010;MG;Alto Rio Doce;-21.0221461476;-43.4188706642;12159.0;54.116;7.525;36.903;1.291;0.164
2010;MG;Alvarenga;-19.4144696868;-41.7264422739;4444.0;39.491;3.15;55.693;1.598;0.068
2010;MG;Alvinópolis;-20.1147634824;-43.0660832381;15261.0;35.293;12.647;51.176;0.858;0.026
2010;MG;Alvorada de Minas;-18.7335930244;-43.3660843434;3546.0;8.686;5.358;84.659;1.213;0.085
2010;MG;Amparo do Serra;-20.5100666871;-42.8072021534;5053.0;36.097;21.433;41.916;0.534;0.02
2010;MG;Andradas;-22.0728073441;-46.5755830009;37270.0;79.45;2.855;17.349;0.327;0.019
2010;MG;Cachoeira de Pajeú;-15.9651758417;-41.4964103684;8959.0;23.987;4.666;71.068;0.268;0.011
2010;MG;Andrelândia;-21.7369681987;-44.3176990379;12173.0;63.025;11.024;25.113;0.682;0.156
2010;MG;Angelândia;-17.7277898321;-42.2664504899;8003.0;21.867;8.384;67.925;1.824;0.0
2010;MG;Antônio Carlos;-21.3185803699;-43.7556410098;11114.0;51.611;7.468;40.615;0.279;0.027
2010;MG;Antônio Dias;-19.6514666726;-42.869545209;9565.0;32.159;14.177;51.981;1.683;0.0
2010;MG;Antônio Prado de Minas;-21.0182320588;-42.1093426501;1671.0;55.416;12.328;31.478;0.778;0.0
2010;MG;Araçaí;-19.2003638594;-44.2469237129;2243.0;26.572;9.006;64.111;0.223;0.089
2010;MG;Aracitaba;-21.339268736;-43.3815562385;2058.0;50.146;7.094;42.225;0.534;0.0
2010;MG;Araçuaí;-16.8517813954;-42.0642065495;36013.0;21.326;9.174;68.653;0.522;0.325
2010;MG;Araguari;-18.6482695268;-48.191605379;109801.0;60.094;6.2;32.847;0.783;0.076
2010;MG;Arantina;-21.9161042282;-44.2469542481;2823.0;77.79;7.651;14.524;0.035;0.0
2010;MG;Araponga;-20.6656617313;-42.5262731;8152.0;26.509;13.187;59.495;0.81;0.0
2010;MG;Araporã;-18.4419093766;-49.1900866447;6144.0;42.204;5.518;50.96;1.318;0.0
2010;MG;Arapuá;-19.0338552875;-46.1545977685;2775.0;83.82;4.829;10.847;0.324;0.18
2010;MG;Araújos;-19.9467853402;-45.1667022785;7883.0;67.284;3.59;28.606;0.52;0.0
2010;MG;Araxá;-19.5913298028;-46.94000989;93672.0;59.993;8.764;29.775;1.297;0.171
2010;MG;Arceburgo;-21.3601814752;-46.9443541317;9509.0;66.726;5.153;27.984;0.126;0.011
2010;MG;Arcos;-20.2825631199;-45.5436318712;36597.0;62.246;6.858;30.246;0.596;0.055
2010;MG;Areado;-21.3583823575;-46.1465594661;13731.0;72.821;5.79;20.683;0.648;0.058
2010;MG;Argirita;-21.6075545063;-42.8364467678;2901.0;47.191;19.821;32.161;0.758;0.069
2010;MG;Aricanduva;-17.8677629385;-42.5592310546;4770.0;30.755;4.843;62.055;2.327;0.021
2010;MG;Arinos;-15.9217716943;-46.1077521361;17674.0;21.201;6.954;69.82;1.997;0.028
2010;MG;Astolfo Dutra;-21.3112038508;-42.8596443142;13049.0;54.272;8.246;36.984;0.429;0.069
2010;MG;Ataléia;-18.0459198092;-41.1105583899;14455.0;20.56;11.768;66.731;0.886;0.055
2010;MG;Augusto de Lima;-18.1125481037;-44.2752188423;4960.0;14.335;7.077;75.867;2.661;0.06
2010;MG;Baependi;-21.9576108079;-44.8903706628;18307.0;74.665;5.637;19.413;0.251;0.033
2010;MG;Baldim;-19.2864373042;-43.9570406413;7913.0;25.894;6.774;65.967;1.327;0.038
2010;MG;Bambuí;-20.0118916914;-45.9790448126;22734.0;62.541;5.476;31.512;0.369;0.101
2010;MG;Bandeira;-15.8849769792;-40.5588864206;4987.0;28.013;6.898;64.728;0.341;0.02
2010;MG;Bandeira do Sul;-21.7248685443;-46.3852629849;5338.0;66.71;5.732;27.482;0.075;0.0
2010;MG;Barão de Cocais;-19.9358474343;-43.484882469;28442.0;30.03;10.136;58.498;1.164;0.172
2010;MG;Barão de Monte Alto;-21.2478823447;-42.2391465797;5720.0;39.685;19.808;38.724;1.696;0.087
2010;MG;Barbacena;-21.2249153847;-43.7761933161;126284.0;62.386;7.571;29.356;0.598;0.089
2010;MG;Barra Longa;-20.2836358985;-43.0371967111;6143.0;31.418;16.848;50.138;1.595;0.0
2010;MG;Barroso;-21.176286999;-43.9753811243;19599.0;49.094;11.205;38.696;0.847;0.158
2010;MG;Bela Vista de Minas;-19.825846764;-43.0969322664;10004.0;24.11;20.232;55.178;0.46;0.02
2010;MG;Belmiro Braga;-21.950131302;-43.4157207679;3403.0;42.786;27.064;29.856;0.294;0.0
2010;MG;Belo Horizonte;-19.9375242938;-43.9264531735;2375103.0;46.736;10.153;41.9;1.064;0.146
2010;MG;Belo Oriente;-19.2246449994;-42.4872826002;23397.0;23.657;11.643;63.983;0.675;0.043
2010;MG;Belo Vale;-20.4066578718;-44.0285276542;7536.0;54.047;11.452;33.997;0.504;0.0
2010;MG;Berilo;-16.9503017553;-42.4613537743;12300.0;17.049;20.675;61.593;0.642;0.041
2010;MG;Bertópolis;-17.0609628122;-40.5722458501;4498.0;21.587;3.402;63.295;0.489;11.227
2010;MG;Berizal;-15.6107836517;-41.7467850899;4370.0;31.716;4.737;62.746;0.755;0.046
2010;MG;Betim;-19.9653792401;-44.1975511033;378083.0;33.145;10.822;55.089;0.812;0.132
2010;MG;Bias Fortes;-21.6087474848;-43.7565748275;3793.0;52.755;16.03;30.873;0.343;0.0
2010;MG;Bicas;-21.722105121;-43.0620472621;13653.0;63.568;11.917;23.973;0.425;0.117
2010;MG;Biquinhas;-18.7847516602;-45.504651716;2630.0;46.502;4.03;49.468;0.0;0.0
2010;MG;Boa Esperança;-21.0905310792;-45.5644089308;38516.0;56.094;10.544;32.327;0.987;0.049
2010;MG;Bocaina de Minas;-22.1696084676;-44.3973057605;5007.0;73.078;3.855;22.688;0.379;0.0
2010;MG;Bocaiuva;-17.1121047332;-43.8144435712;46654.0;25.736;8.353;65.349;0.536;0.026
2010;MG;Bom Despacho;-19.7375963339;-45.2541151986;45624.0;55.594;5.214;38.39;0.736;0.066
2010;MG;Bom Jardim de Minas;-21.9458997849;-44.189374456;6501.0;71.374;5.461;22.243;0.6;0.323
2010;MG;Bom Jesus da Penha;-21.0172693112;-46.5235436139;3887.0;69.488;1.364;28.634;0.489;0.026
2010;MG;Bom Jesus do Amparo;-19.7041372739;-43.4735149245;5491.0;29.175;15.225;54.271;1.238;0.091
2010;MG;Bom Jesus do Galho;-19.8244720395;-42.3157265526;15364.0;35.18;6.19;58.377;0.241;0.013
2010;MG;Bom Repouso;-22.4768368285;-46.1478822021;10457.0;87.903;1.138;10.127;0.755;0.077
2010;MG;Bom Sucesso;-21.0304160944;-44.7555027233;17243.0;43.154;10.932;44.111;1.798;0.006
2010;MG;Bonfim;-20.3254910996;-44.2329110849;6818.0;59.46;4.033;34.805;1.701;0.0
2010;MG;Bonfinópolis de Minas;-16.5707647861;-45.9883406572;5865.0;28.372;9.787;58.994;2.847;0.0
2010;MG;Bonito de Minas;-15.3238044715;-44.7580284449;9673.0;14.525;9.79;74.506;1.168;0.01
2010;MG;Borda da Mata;-22.2724082578;-46.1671682395;17118.0;80.535;2.465;16.486;0.479;0.035
2010;MG;Botelhos;-21.6516638757;-46.3954931503;14920.0;67.453;4.256;27.688;0.355;0.248
2010;MG;Botumirim;-16.8629245519;-43.0104324369;6497.0;24.965;9.05;65.03;0.893;0.062
2010;MG;Brasilândia de Minas;-16.9986005536;-46.015401759;14222.0;23.71;15.469;58.838;1.976;0.007
2010;MG;Brasília de Minas;-16.2058726888;-44.4275330931;31213.0;25.64;8.288;65.313;0.73;0.029
2010;MG;Brás Pires;-20.848456436;-43.2391225993;4637.0;39.681;9.036;51.111;0.173;0.0
2010;MG;Braúnas;-19.0535966189;-42.715352637;5030.0;32.565;7.356;58.588;1.451;0.04
2010;MG;Brazópolis;-22.4731102415;-45.6153258183;14661.0;81.938;2.551;15.094;0.396;0.02
2010;MG;Brumadinho;-20.1441744103;-44.2001876091;33973.0;47.485;8.301;42.722;1.386;0.106
2010;MG;Bueno Brandão;-22.4361670056;-46.3533880872;10892.0;88.074;1.588;9.98;0.312;0.046
2010;MG;Buenópolis;-17.8742562843;-44.1807884588;10292.0;21.667;9.347;67.781;1.185;0.019
2010;MG;Bugre;-19.422212675;-42.2594570123;3992.0;33.617;6.062;59.294;0.902;0.125
2010;MG;Buritis;-15.62650549;-46.4240408012;22737.0;27.589;8.26;61.873;2.177;0.101
2010;MG;Buritizeiro;-17.3594207726;-44.9551936819;26922.0;19.556;14.943;63.762;1.519;0.219
2010;MG;Cabeceira Grande;-16.0282748032;-47.0849893051;6453.0;29.785;9.856;57.338;2.34;0.682
2010;MG;Cabo Verde;-21.4692919516;-46.3999705002;13823.0;65.326;5.824;28.554;0.253;0.043
2010;MG;Cachoeira da Prata;-19.5264353263;-44.4410509536;3654.0;33.032;9.606;55.857;1.505;0.0
2010;MG;Cachoeira de Minas;-22.3539840612;-45.7821375141;11034.0;87.946;2.084;9.779;0.136;0.054
2010;MG;Cachoeira Dourada;-18.5126898158;-49.5017341333;2505.0;41.756;9.261;48.184;0.679;0.12
2010;MG;Caetanópolis;-19.2937130281;-44.4130373375;10218.0;30.339;9.18;59.738;0.617;0.127
2010;MG;Caeté;-19.8871411326;-43.6647873511;40750.0;31.185;8.231;59.791;0.677;0.115
2010;MG;Caiana;-20.6968289779;-41.9229821869;4968.0;56.884;9.199;33.394;0.503;0.02
2010;MG;Cajuri;-20.7889426719;-42.7939202734;4047.0;38.053;13.096;48.678;0.173;0.0
2010;MG;Caldas;-21.9233359583;-46.3877891099;13633.0;81.809;5.061;12.154;0.33;0.645
2010;MG;Camacho;-20.6269158528;-45.158792672;3154.0;69.848;9.543;20.07;0.539;0.0
2010;MG;Camanducaia;-22.7567463578;-46.1468632893;21080.0;68.748;2.419;27.927;0.811;0.095
2010;MG;Cambuí;-22.6110971634;-46.0580193633;26488.0;81.928;3.058;14.437;0.476;0.102
2010;MG;Cambuquira;-21.8554097676;-45.2925205085;12602.0;51.968;11.609;35.59;0.69;0.143
2010;MG;Campanário;-18.2411235319;-41.7301317866;3564.0;18.21;11.251;68.013;0.786;1.74
2010;MG;Campanha;-21.835356704;-45.3984486739;15433.0;62.282;8.346;29.068;0.272;0.032
2010;MG;Campestre;-21.711454834;-46.2481585071;20686.0;79.45;3.751;16.378;0.387;0.034
2010;MG;Campina Verde;-19.5354556029;-49.4811690506;19324.0;57.674;8.72;32.928;0.668;0.01
2010;MG;Campo Azul;-16.5040634893;-44.8118582138;3684.0;24.511;12.649;62.595;0.244;0.0
2010;MG;Campo Belo;-20.8953162458;-45.2758613611;51544.0;60.279;8.87;30.209;0.51;0.132
2010;MG;Campo do Meio;-21.1093257176;-45.8307571405;11476.0;60.265;7.093;31.57;1.002;0.07
2010;MG;Campo Florido;-19.7654453933;-48.5730034682;6870.0;48.515;10.859;40.044;0.247;0.335
2010;MG;Campos Altos;-19.6988958418;-46.1737099168;14206.0;55.638;8.144;35.682;0.535;0.0
2010;MG;Campos Gerais;-21.2386979074;-45.7569073652;27600.0;61.293;6.58;31.489;0.605;0.033
2010;MG;Canaã;-20.6873760387;-42.6130114531;4628.0;42.524;6.072;50.022;1.361;0.022
2010;MG;Canápolis;-18.721663722;-49.2040544544;11365.0;49.793;6.749;42.288;1.047;0.123
2010;MG;Cana Verde;-21.0234516664;-45.1859253147;5589.0;60.816;10.181;28.681;0.286;0.036
2010;MG;Candeias;-20.7703500412;-45.2768566965;14595.0;69.394;7.352;22.871;0.329;0.055
2010;MG;Cantagalo;-18.5317179063;-42.6257272922;4195.0;24.648;10.536;63.957;0.858;0.0
2010;MG;Caparaó;-20.5255883674;-41.907190295;5209.0;62.853;7.852;28.854;0.384;0.058
2010;MG;Capela Nova;-20.9166679077;-43.6124218664;4755.0;65.089;3.281;30.873;0.736;0.021
2010;MG;Capelinha;-17.6953852202;-42.5160753735;34803.0;26.259;4.485;68.822;0.42;0.014
2010;MG;Capetinga;-20.6204991279;-47.0574368007;7089.0;70.038;5.135;24.446;0.381;0.0
2010;MG;Capim Branco;-19.5455422093;-44.1331662414;8881.0;25.391;9.695;63.551;1.362;0.0
2010;MG;Capinópolis;-18.6822937338;-49.5744822394;15290.0;47.835;6.442;44.598;1.027;0.098
2010;MG;Capitão Andrade;-19.0790244576;-41.8650973291;4925.0;36.061;6.558;55.289;2.051;0.041
2010;MG;Capitão Enéas;-16.3209151364;-43.7054128999;14206.0;19.189;8.651;70.787;1.359;0.014
2010;MG;Capitólio;-20.6146635995;-46.0545138881;8183.0;77.551;4.815;16.461;1.063;0.11
2010;MG;Caputira;-20.1708899895;-42.2719878999;9030.0;35.404;6.589;57.818;0.177;0.011
2010;MG;Caraí;-17.1929041661;-41.6983072512;22343.0;15.146;5.098;79.492;0.251;0.013
2010;MG;Caranaíba;-20.8702194156;-43.7394664789;3288.0;36.466;11.344;50.547;1.642;0.0
2010;MG;Carandaí;-20.9543694555;-43.8054753702;23346.0;51.585;5.247;42.264;0.857;0.047
2010;MG;Carangola;-20.7325505083;-42.0322245231;32296.0;52.877;10.447;35.89;0.737;0.05
2010;MG;Caratinga;-19.7896349231;-42.1437070452;85239.0;43.955;7.756;46.683;1.506;0.1
2010;MG;Carbonita;-17.5302458346;-43.0144602005;9148.0;36.434;6.46;56.111;0.962;0.033
2010;MG;Careaçu;-22.0380848512;-45.6876774051;6298.0;69.197;4.557;25.786;0.413;0.048
2010;MG;Carlos Chagas;-17.703331044;-40.7673997961;20069.0;27.41;8.939;62.709;0.882;0.06
2010;MG;Carmésia;-19.0870863874;-43.1458403032;2446.0;23.262;5.029;60.957;0.572;10.18
2010;MG;Carmo da Cachoeira;-21.4610604283;-45.2246230942;11836.0;41.07;11.482;46.528;0.912;0.008
2010;MG;Carmo da Mata;-20.559210002;-44.8683827333;10927.0;54.672;11.037;33.861;0.375;0.055
2010;MG;Carmo de Minas;-22.1181266346;-45.1327634856;13750.0;57.287;6.415;36.109;0.153;0.036
2010;MG;Carmo do Cajuru;-20.1860938307;-44.7714781373;20012.0;63.092;8.71;27.369;0.745;0.085
2010;MG;Carmo do Paranaíba;-18.9972890251;-46.3142888776;29735.0;63.333;6.0;29.931;0.737;0.0
2010;MG;Carmo do Rio Claro;-20.9729965301;-46.1219647341;20426.0;72.32;2.913;24.317;0.392;0.059
2010;MG;Carmópolis de Minas;-20.5396421743;-44.6325277075;17048.0;64.201;4.024;31.036;0.739;0.0
2010;MG;Carneirinho;-19.6973263173;-50.6914274937;9471.0;57.08;4.076;37.472;1.32;0.053
2010;MG;Carrancas;-21.4916256214;-44.6436090229;3948.0;44.073;17.984;37.107;0.735;0.101
2010;MG;Carvalhópolis;-21.7760729207;-45.845639185;3341.0;80.964;3.143;15.534;0.329;0.03
2010;MG;Carvalhos;-21.9967053816;-44.4660150728;4556.0;77.261;3.885;18.459;0.241;0.154
2010;MG;Casa Grande;-20.7934512868;-43.9314665941;2244.0;61.631;3.654;32.665;2.05;0.0
2010;MG;Cascalho Rico;-18.5785902483;-47.875998783;2857.0;62.023;3.465;34.267;0.105;0.14
2010;MG;Cássia;-20.5828560244;-46.9240358606;17412.0;63.95;5.376;30.06;0.505;0.109
2010;MG;Conceição da Barra de Minas;-21.1317693675;-44.4778082132;3954.0;44.866;9.408;43.703;2.023;0.0
2010;MG;Cataguases;-21.3892484232;-42.6920846108;69757.0;59.005;14.123;26.135;0.648;0.089
2010;MG;Catas Altas;-20.0748929432;-43.414805735;4846.0;34.998;10.111;53.508;1.383;0.0
2010;MG;Catas Altas da Noruega;-20.687087621;-43.5050592005;3462.0;25.188;15.858;56.181;2.773;0.0
2010;MG;Catuji;-17.3010807061;-41.5231268654;6708.0;17.263;10.972;70.17;1.565;0.03
2010;MG;Catuti;-15.3573788763;-42.9635229642;5102.0;27.479;11.074;60.27;1.019;0.157
2010;MG;Caxambu;-21.9793115398;-44.9314985914;21705.0;61.742;8.381;29.33;0.438;0.111
2010;MG;Cedro do Abaeté;-19.1471676521;-45.712194936;1210.0;42.81;9.174;46.446;1.405;0.165
2010;MG;Central de Minas;-18.7574605377;-41.3104050537;6772.0;45.378;8.018;46.353;0.251;0.0
2010;MG;Centralina;-18.5853855112;-49.1962825701;10265.0;51.31;6.917;40.302;1.364;0.107
2010;MG;Chácara;-21.6729132233;-43.2187700295;2792.0;65.365;11.605;22.851;0.107;0.072
2010;MG;Chalé;-20.0442533446;-41.692207008;5645.0;52.861;3.844;43.029;0.23;0.035
2010;MG;Chapada do Norte;-17.0866959813;-42.5407487605;15189.0;8.651;23.109;67.99;0.25;0.0
2010;MG;Chapada Gaúcha;-15.2998087151;-45.62558444;10805.0;21.971;6.293;70.19;1.185;0.361
2010;MG;Chiador;-22.0037126009;-43.0590388471;2785.0;51.993;18.097;28.797;1.113;0.0
2010;MG;Cipotânea;-20.9055357479;-43.3679772078;6547.0;57.904;9.21;32.412;0.473;0.0
2010;MG;Claraval;-20.398376081;-47.2877612862;4542.0;66.05;3.567;29.921;0.44;0.022
2010;MG;Claro dos Poções;-17.0776850229;-44.2087100149;7775.0;27.151;9.029;63.087;0.72;0.013
2010;MG;Cláudio;-20.444574655;-44.7684225279;25771.0;60.11;6.857;32.393;0.504;0.136
2010;MG;Coimbra;-20.858659528;-42.8059391026;7054.0;58.236;8.279;32.988;0.34;0.156
2010;MG;Coluna;-18.2204050352;-42.8436545123;9024.0;18.717;4.743;76.363;0.133;0.044
2010;MG;Comendador Gomes;-19.7002146271;-49.0814302053;2972.0;55.989;8.042;35.027;0.942;0.0
2010;MG;Comercinho;-16.2965954748;-41.7911317349;8298.0;29.561;2.736;67.414;0.265;0.024
2010;MG;Conceição da Aparecida;-21.0966200708;-46.2031272496;9820.0;74.47;2.22;23.004;0.265;0.041
2010;MG;Conceição das Pedras;-22.1611757088;-45.4536794627;2749.0;86.504;2.037;11.131;0.291;0.036
2010;MG;Conceição das Alagoas;-19.9231135062;-48.3818741295;23043.0;55.522;6.471;36.38;1.515;0.113
2010;MG;Conceição de Ipanema;-19.9307803587;-41.6924492632;4456.0;44.861;6.62;48.362;0.157;0.0
2010;MG;Conceição do Mato Dentro;-19.0451899945;-43.4234357675;17908.0;23.28;13.195;62.453;0.849;0.223
2010;MG;Conceição do Pará;-19.7490562324;-44.8958756116;5158.0;47.228;7.193;43.971;1.57;0.039
2010;MG;Conceição do Rio Verde;-21.8776655592;-45.0837688661;12949.0;52.938;9.846;36.35;0.803;0.062
2010;MG;Conceição dos Ouros;-22.4174754897;-45.7963266585;10388.0;88.535;1.04;10.214;0.202;0.01
2010;MG;Cônego Marinho;-15.2962703182;-44.4151547108;7101.0;19.307;14.378;63.4;2.408;0.507
2010;MG;Confins;-19.6299482494;-43.9955960876;5936.0;25.438;7.059;66.897;0.606;0.0
2010;MG;Congonhal;-22.1525607581;-46.0536623723;10468.0;78.305;1.958;19.421;0.315;0.0
2010;MG;Congonhas;-20.5046427886;-43.8568926497;48519.0;38.888;10.091;49.611;1.352;0.058
2010;MG;Congonhas do Norte;-18.8164519608;-43.6876316327;4942.0;17.968;6.576;75.091;0.364;0.0
2010;MG;Conquista;-19.9369306256;-47.5432832203;6526.0;65.63;6.053;27.521;0.751;0.046
2010;MG;Conselheiro Lafaiete;-20.6608517994;-43.7884446647;116512.0;48.357;9.79;41.105;0.685;0.063
2010;MG;Conselheiro Pena;-19.1756232015;-41.4719740204;22242.0;38.05;8.345;52.252;1.191;0.162
2010;MG;Consolação;-22.5504650358;-45.9222507202;1727.0;81.76;3.937;13.665;0.637;0.0
2010;MG;Contagem;-19.9434459057;-44.0663446487;603362.0;39.319;10.191;49.041;1.316;0.134
2010;MG;Coqueiral;-21.1865745237;-45.4408055668;9289.0;63.538;9.517;26.763;0.172;0.011
2010;MG;Coração de Jesus;-16.6893234477;-44.3584952947;26033.0;23.778;8.355;66.708;1.11;0.05
2010;MG;Cordisburgo;-19.1285333207;-44.3220674519;8667.0;27.98;5.55;66.067;0.381;0.023
2010;MG;Cordislândia;-21.7912077552;-45.7005297277;3435.0;52.111;5.619;42.096;0.116;0.058
2010;MG;Corinto;-18.3635162871;-44.4562256497;23914.0;22.251;11.194;65.472;1.037;0.046
2010;MG;Coroaci;-18.6180835059;-42.2830278915;10270.0;24.499;7.332;67.283;0.721;0.166
2010;MG;Coromandel;-18.4738505976;-47.2015477282;27547.0;67.172;4.04;28.192;0.559;0.036
2010;MG;Coronel Fabriciano;-19.5250528393;-42.6243465773;103694.0;38.338;9.979;50.521;0.996;0.166
2010;MG;Coronel Murta;-16.6102682357;-42.1848038231;9117.0;30.449;10.058;57.76;0.066;1.667
2010;MG;Coronel Pacheco;-21.5764151525;-43.2688579711;2983.0;47.134;15.488;35.669;1.71;0.0
2010;MG;Coronel Xavier Chaves;-21.0245950067;-44.2286242458;3301.0;47.955;21.085;29.658;1.212;0.091
2010;MG;Córrego Danta;-19.8264100219;-45.8984710284;3391.0;60.307;7.019;32.645;0.029;0.0
2010;MG;Córrego do Bom Jesus;-22.6299218874;-46.0179092076;3730.0;87.989;1.367;10.509;0.134;0.0
2010;MG;Córrego Fundo;-20.4555253223;-45.553395446;5790.0;73.161;3.938;22.642;0.259;0.0
2010;MG;Córrego Novo;-19.8347854823;-42.4001378803;3127.0;31.82;5.405;62.296;0.448;0.032
2010;MG;Couto de Magalhães de Minas;-18.072059306;-43.475348775;4204.0;18.149;14.248;65.176;1.57;0.856
2010;MG;Crisólita;-17.2375343951;-40.9148952781;6047.0;24.839;9.823;64.859;0.43;0.05
2010;MG;Cristais;-20.8752331535;-45.518503849;11286.0;66.791;8.621;24.118;0.47;0.0
2010;MG;Cristália;-16.7126340057;-42.859550912;5760.0;17.17;3.941;77.899;0.972;0.017
2010;MG;Cristiano Otoni;-20.8408523331;-43.7978363805;5007.0;52.227;8.189;38.526;0.919;0.14
2010;MG;Cristina;-22.2083205227;-45.2628086074;10210.0;76.572;9.5;13.702;0.215;0.01
2010;MG;Crucilândia;-20.3932917694;-44.3378369394;4757.0;70.465;4.057;24.574;0.778;0.126
2010;MG;Cruzeiro da Fortaleza;-18.9386473164;-46.6733926485;3934.0;69.319;8.083;22.318;0.28;0.0
2010;MG;Cruzília;-21.8389511789;-44.8110234837;14591.0;65.163;10.787;23.473;0.555;0.021
2010;MG;Cuparaque;-18.9666415321;-41.1031257418;4680.0;33.632;5.876;59.209;1.282;0.0
2010;MG;Curral de Dentro;-15.939326781;-41.8559797796;6913.0;26.862;6.162;66.18;0.781;0.014
2010;MG;Curvelo;-18.7554807216;-44.4283989683;74219.0;27.315;7.53;64.396;0.726;0.032
2010;MG;Datas;-18.4533026488;-43.656714638;5211.0;21.685;14.124;63.136;0.902;0.154
2010;MG;Delfim Moreira;-22.502008746;-45.2725963577;7971.0;75.524;2.409;21.628;0.364;0.075
2010;MG;Delfinópolis;-20.3458462167;-46.8581796122;6830.0;72.767;5.783;20.747;0.703;0.0
2010;MG;Delta;-19.9774726891;-47.7729714325;8089.0;34.12;9.977;54.024;1.793;0.087
2010;MG;Descoberto;-21.4602039707;-42.9720691788;4768.0;59.585;11.326;28.775;0.294;0.021
2010;MG;Desterro de Entre Rios;-20.6546306804;-44.3436660059;7002.0;74.336;3.071;22.065;0.528;0.0
2010;MG;Desterro do Melo;-21.1471785182;-43.5196002212;3015.0;72.007;3.317;24.345;0.332;0.0
2010;MG;Diamantina;-18.2420927242;-43.5944568222;45880.0;25.436;12.999;59.667;1.759;0.139
2010;MG;Diogo de Vasconcelos;-20.4875057995;-43.1965768272;3848.0;30.795;18.009;48.285;2.911;0.0
2010;MG;Dionísio;-19.8439966743;-42.7823684408;8739.0;28.058;14.327;57.077;0.492;0.046
2010;MG;Divinésia;-20.9900103367;-43.0110812038;3293.0;50.562;5.284;43.729;0.395;0.03
2010;MG;Divino;-20.6129771965;-42.1477393353;19133.0;50.071;6.977;41.797;1.113;0.042
2010;MG;Divino das Laranjeiras;-18.7731284728;-41.4832539383;4937.0;35.629;6.137;58.031;0.182;0.02
2010;MG;Divinolândia de Minas;-18.8052604138;-42.6218202062;7024.0;31.093;9.752;55.908;3.047;0.199
2010;MG;Divinópolis;-20.1420739746;-44.8938855339;213016.0;61.651;7.706;29.51;1.048;0.085
2010;MG;Divisa Alegre;-15.7239399549;-41.3400243278;5884.0;23.249;8.855;66.706;1.156;0.034
2010;MG;Divisa Nova;-21.5172644643;-46.2029411062;5763.0;55.058;5.31;38.938;0.677;0.017
2010;MG;Divisópolis;-15.72463536;-41.002582397;8974.0;29.441;7.455;62.269;0.646;0.189
2010;MG;Dom Bosco;-16.6507498919;-46.2714498988;3814.0;30.519;13.031;53.985;2.465;0.0
2010;MG;Dom Cavati;-19.3791630319;-42.1103240465;5209.0;40.008;6.278;53.1;0.576;0.038
2010;MG;Dom Joaquim;-18.9645501866;-43.261348004;4535.0;20.772;12.37;66.02;0.728;0.11
2010;MG;Dom Silvério;-20.1622049297;-42.970872967;5196.0;43.61;13.222;42.706;0.443;0.019
2010;MG;Dom Viçoso;-22.2536741087;-45.1591686739;2994.0;88.611;3.607;7.749;0.033;0.0
2010;MG;Dona Euzébia;-21.3238746965;-42.8069340638;6001.0;47.309;10.465;40.96;1.216;0.05
2010;MG;Dores de Campos;-21.10408756;-44.0230465709;9299.0;64.523;6.205;29.025;0.183;0.065
2010;MG;Dores de Guanhães;-19.0542617835;-42.9267218923;5223.0;22.209;9.956;66.111;1.666;0.057
2010;MG;Dores do Indaiá;-19.4616294368;-45.6026558325;13778.0;58.492;7.476;33.111;0.777;0.145
2010;MG;Dores do Turvo;-20.9812733744;-43.1951945185;4462.0;54.012;5.155;40.565;0.247;0.022
2010;MG;Doresópolis;-20.2884509606;-45.9051968862;1440.0;66.528;4.861;24.653;3.958;0.0
2010;MG;Douradoquara;-18.4338340923;-47.6119749499;1841.0;67.952;4.02;27.431;0.543;0.054
2010;MG;Durandé;-20.2072388772;-41.7942616474;7423.0;41.978;7.046;50.815;0.081;0.081
2010;MG;Elói Mendes;-21.6093127849;-45.5664342008;25220.0;60.48;6.499;32.252;0.718;0.052
2010;MG;Engenheiro Caldas;-19.1981028703;-42.0498416858;10280.0;33.084;8.716;57.675;0.389;0.136
2010;MG;Engenheiro Navarro;-17.2877532078;-43.9494147387;7122.0;23.083;7.709;68.099;1.095;0.014
2010;MG;Entre Folhas;-19.6277833509;-42.2323599753;5175.0;37.449;3.768;58.222;0.56;0.0
2010;MG;Entre Rios de Minas;-20.6713572038;-44.0670816813;14242.0;58.693;5.105;34.96;1.222;0.021
2010;MG;Ervália;-20.833506558;-42.659367465;17946.0;49.192;4.842;45.492;0.435;0.039
2010;MG;Esmeraldas;-19.7592007438;-44.3148069192;60271.0;26.522;12.276;59.866;1.112;0.224
2010;MG;Espera Feliz;-20.6437078083;-41.913935017;22856.0;55.303;8.807;35.286;0.569;0.035
2010;MG;Espinosa;-14.9252718112;-42.8129818449;31113.0;31.829;6.37;60.997;0.607;0.196
2010;MG;Espírito Santo do Dourado;-22.0475136418;-45.9540125199;4429.0;86.769;2.348;10.793;0.09;0.0
2010;MG;Estiva;-22.4630450604;-46.0163518066;10845.0;82.6;2.6;14.394;0.396;0.009
2010;MG;Estrela Dalva;-21.7422852764;-42.4583710299;2470.0;47.692;23.32;28.947;0.04;0.0
2010;MG;Estrela do Indaiá;-19.5202378221;-45.792432562;3516.0;52.617;7.793;39.363;0.228;0.0
2010;MG;Estrela do Sul;-18.7412931757;-47.6889748021;7446.0;53.263;6.554;39.175;0.94;0.067
2010;MG;Eugenópolis;-21.0972225307;-42.1922770819;10540.0;50.759;10.266;36.85;2.059;0.066
2010;MG;Ewbank da Câmara;-21.5416361511;-43.5075913951;3753.0;35.385;11.218;52.305;1.092;0.0
2010;MG;Extrema;-22.858190072;-46.3221617404;28599.0;71.565;4.109;23.662;0.608;0.056
2010;MG;Fama;-21.405761529;-45.8323121024;2350.0;73.149;4.213;21.957;0.681;0.0
2010;MG;Faria Lemos;-20.8017449435;-42.0138461767;3376.0;42.121;18.009;39.336;0.504;0.03
2010;MG;Felício dos Santos;-18.0775631171;-43.2451709348;5142.0;21.879;7.935;69.798;0.389;0.0
2010;MG;São Gonçalo do Rio Preto;-18.0063941615;-43.3845437324;3056.0;24.28;12.696;62.042;0.982;0.0
2010;MG;Felisburgo;-16.6383331501;-40.7585704995;6877.0;21.754;2.806;74.669;0.742;0.029
2010;MG;Felixlândia;-18.7543565615;-44.8965866174;14121.0;24.906;4.617;70.257;0.135;0.085
2010;MG;Fernandes Tourinho;-19.151000645;-42.0809784804;3030.0;32.013;6.766;60.561;0.66;0.0
2010;MG;Ferros;-19.2364195947;-43.0197136171;10837.0;29.104;10.612;59.814;0.471;0.0
2010;MG;Fervedouro;-20.7327756858;-42.2781805292;10349.0;42.796;4.918;50.401;1.855;0.029
2010;MG;Florestal;-19.8945182325;-44.4301155625;6600.0;44.152;5.742;49.909;0.182;0.015
2010;MG;Formiga;-20.4648835525;-45.4264281831;65128.0;65.66;6.013;27.699;0.539;0.089
2010;MG;Formoso;-14.9517425979;-46.2399795368;8177.0;22.074;9.05;67.164;1.688;0.024
2010;MG;Fortaleza de Minas;-20.848492512;-46.7126434064;4098.0;69.668;4.636;25.525;0.171;0.0
2010;MG;Fortuna de Minas;-19.5639009597;-44.443397045;2705.0;30.092;15.194;51.719;2.957;0.037
2010;MG;Francisco Badaró;-16.9906912878;-42.3497731637;10248.0;14.842;9.026;75.859;0.234;0.039
2010;MG;Francisco Dumont;-17.3199488056;-44.2342065278;4863.0;28.172;6.107;65.556;0.103;0.062
2010;MG;Francisco Sá;-16.4756808657;-43.4887352815;24912.0;25.755;9.622;62.661;1.842;0.12
2010;MG;Franciscópolis;-17.9590435726;-42.0073128119;5800.0;13.534;8.672;76.707;1.086;0.0
2010;MG;Frei Gaspar;-18.0711850281;-41.4294207856;5879.0;15.53;10.733;72.512;1.225;0.0
2010;MG;Frei Inocêncio;-18.5617897298;-41.9012165865;8920.0;20.583;11.827;66.525;0.942;0.123
2010;MG;Frei Lagonegro;-18.1650807121;-42.7652952386;3329.0;23.25;3.364;72.875;0.511;0.0
2010;MG;Fronteira;-20.2883005579;-49.2042820251;14040.0;49.85;7.671;41.382;1.047;0.05
2010;MG;Fronteira dos Vales;-16.8920152174;-40.9250786594;4687.0;26.968;5.163;63.751;4.118;0.0
2010;MG;Fruta de Leite;-16.116418423;-42.532221936;5940.0;25.539;6.734;66.835;0.875;0.017
2010;MG;Frutal;-20.0258978751;-48.9391537103;53468.0;64.343;7.182;27.585;0.786;0.105
2010;MG;Funilândia;-19.369987333;-44.0630858804;3855.0;24.669;9.831;62.153;3.346;0.0
2010;MG;Galiléia;-19.0054736425;-41.5361971686;6951.0;32.47;10.473;55.129;1.683;0.245
2010;MG;Gameleiras;-15.0768220675;-43.1194808392;5139.0;40.514;2.977;54.777;1.712;0.019
2010;MG;Glaucilândia;-16.8502186918;-43.6964058978;2962.0;19.379;4.22;75.49;0.912;0.0
2010;MG;Goiabeira;-18.9817133371;-41.2228216103;3053.0;33.344;4.291;60.989;1.376;0.0
2010;MG;Goianá;-21.5324178277;-43.191482397;3659.0;46.297;13.036;40.312;0.355;0.0
2010;MG;Gonçalves;-22.6576191871;-45.8565920385;4220.0;87.346;3.057;9.218;0.379;0.0
2010;MG;Gonzaga;-18.8248250014;-42.4772238729;5921.0;26.431;7.887;65.462;0.22;0.0
2010;MG;Gouveia;-18.4429725027;-43.7339867458;11681.0;24.287;9.46;65.217;1.019;0.017
2010;MG;Governador Valadares;-18.8528824033;-41.947081334;263647.0;33.703;9.38;55.553;1.237;0.127
2010;MG;Grão Mogol;-16.5664951548;-42.8880128801;15024.0;20.327;6.902;71.592;1.145;0.033
2010;MG;Grupiara;-18.4930238023;-47.724798435;1373.0;71.449;4.661;23.234;0.655;0.0
2010;MG;Guanhães;-18.7771507902;-42.9370490952;31262.0;31.102;7.901;59.977;0.918;0.102
2010;MG;Guapé;-20.756724512;-45.9183838607;13872.0;67.013;6.697;25.296;0.901;0.094
2010;MG;Guaraciaba;-20.571703501;-43.0112816472;10223.0;26.881;12.178;59.356;1.555;0.029
2010;MG;Guaraciama;-17.0115274631;-43.6687777058;4718.0;18.27;4.409;76.939;0.382;0.0
2010;MG;Guaranésia;-21.3055603707;-46.7954912203;18714.0;66.207;4.489;28.973;0.278;0.053
2010;MG;Guarani;-21.3626691859;-43.046456684;8678.0;47.085;18.875;33.798;0.184;0.058
2010;MG;Guarará;-21.7327203008;-43.0389524781;3929.0;54.365;13.489;31.586;0.56;0.0
2010;MG;Guarda-Mor;-17.7712998978;-47.1010758535;6565.0;33.602;7.007;57.989;1.401;0.0
2010;MG;Guaxupé;-21.3037814647;-46.713537231;49430.0;70.192;4.76;24.641;0.348;0.059
2010;MG;Guidoval;-21.1442385033;-42.8008173121;7205.0;54.296;10.507;33.477;1.721;0.0
2010;MG;Guimarânia;-18.8380192151;-46.7972650323;7265.0;61.239;4.597;33.613;0.509;0.041
2010;MG;Guiricema;-21.0106733748;-42.7188124698;8707.0;70.426;5.157;23.808;0.597;0.011
2010;MG;Gurinhatã;-19.2137484368;-49.786273294;6137.0;54.88;3.406;41.258;0.456;0.0
2010;MG;Heliodora;-22.0647444405;-45.5445766341;6121.0;79.072;5.636;15.177;0.098;0.016
2010;MG;Iapu;-19.4402724492;-42.2146925148;10315.0;44.644;4.76;49.113;1.464;0.019
2010;MG;Ibertioga;-21.429472482;-43.9681238351;5036.0;57.288;5.997;36.239;0.477;0.0
2010;MG;Ibiá;-19.4751117154;-46.538611419;23218.0;53.424;8.692;37.113;0.663;0.108
2010;MG;Ibiaí;-16.8598724484;-44.9141068387;7839.0;20.143;14.032;65.544;0.281;0.0
2010;MG;Ibiracatu;-15.6654666513;-44.1677094358;6155.0;28.27;1.495;69.586;0.65;0.0
2010;MG;Ibiraci;-20.4701548793;-47.1308034907;12176.0;61.72;6.472;31.242;0.435;0.131
2010;MG;Ibirité;-20.0280377507;-44.0566646388;158954.0;31.097;11.951;55.342;1.504;0.106
2010;MG;Ibitiúra de Minas;-22.0570551562;-46.4376032821;3382.0;86.221;1.981;11.561;0.207;0.03
2010;MG;Ibituruna;-21.1464850112;-44.7384635852;2866.0;46.022;8.409;43.44;2.128;0.0
2010;MG;Icaraí de Minas;-16.2140127771;-44.9027768021;10746.0;20.128;7.556;71.478;0.651;0.186
2010;MG;Igarapé;-20.0699086841;-44.3011578803;34851.0;35.098;8.614;54.647;1.486;0.155
2010;MG;Igaratinga;-19.9538862483;-44.7004951349;9264.0;56.304;5.343;36.14;2.159;0.054
2010;MG;Iguatama;-20.1760739664;-45.709140106;8029.0;50.617;7.51;41.686;0.162;0.025
2010;MG;Ijaci;-21.1720656159;-44.9287829737;5859.0;41.065;9.797;48.08;1.058;0.0
2010;MG;Ilicínea;-20.9403890168;-45.8284636231;11488.0;63.257;8.069;27.89;0.766;0.017
2010;MG;Imbé de Minas;-19.5958756425;-41.9624807645;6424.0;42.559;3.752;53.425;0.265;0.0
2010;MG;Inconfidentes;-22.32148713;-46.3338013988;6908.0;79.314;2.432;17.472;0.536;0.246
2010;MG;Indaiabira;-15.4923847143;-42.2035848205;7330.0;31.883;3.915;64.106;0.082;0.014
2010;MG;Indianópolis;-19.0424949328;-47.9179923167;6190.0;48.239;4.394;45.347;2.019;0.0
2010;MG;Ingaí;-21.4037168147;-44.9224226367;2629.0;48.612;13.199;36.782;1.407;0.0
2010;MG;Inhapim;-19.5501147218;-42.121930935;24294.0;41.344;5.129;52.696;0.786;0.045
2010;MG;Inhaúma;-19.4923673885;-44.3909455266;5760.0;28.628;13.368;57.361;0.625;0.017
2010;MG;Inimutaba;-18.7314405299;-44.3662617661;6724.0;22.739;8.209;67.058;1.904;0.089
2010;MG;Ipaba;-19.4132508262;-42.4181656694;16708.0;31.153;8.307;59.51;0.904;0.126
2010;MG;Ipanema;-19.8003359539;-41.71735332;18170.0;45.201;6.456;47.909;0.396;0.039
2010;MG;Ipatinga;-19.4810320973;-42.5203511114;239468.0;41.036;8.249;49.79;0.8;0.126
2010;MG;Ipiaçu;-18.6948803087;-49.9457732111;4107.0;51.79;6.209;41.222;0.633;0.146
2010;MG;Ipuiúna;-22.0995205122;-46.1908292322;9521.0;72.608;7.373;19.494;0.399;0.126
2010;MG;Iraí de Minas;-18.9818583455;-47.4629914178;6467.0;60.275;5.412;33.632;0.68;0.0
2010;MG;Itabira;-19.6381694926;-43.223951619;109783.0;28.668;12.881;57.301;1.067;0.083
2010;MG;Itabirinha;-18.5567992809;-41.2331827153;10692.0;32.52;6.21;59.306;1.889;0.075
2010;MG;Itabirito;-20.2541765124;-43.8021429839;45449.0;44.905;9.356;44.243;1.463;0.033
2010;MG;Itacambira;-17.0644351817;-43.3104021871;4988.0;31.516;4.751;62.229;1.504;0.0
2010;MG;Itacarambi;-15.1026418649;-44.0931858021;17720.0;16.733;13.166;66.97;0.756;2.376
2010;MG;Itaguara;-20.390678217;-44.4867779578;12372.0;73.238;9.57;16.772;0.42;0.0
2010;MG;Itaipé;-17.4042316438;-41.6732295732;11798.0;25.453;7.908;65.621;1.017;0.0
2010;MG;Itajubá;-22.4306005745;-45.4645825045;90658.0;76.34;4.776;18.471;0.368;0.045
2010;MG;Itamarandiba;-17.8585173258;-42.8491577569;32175.0;33.653;6.449;58.782;0.995;0.121
2010;MG;Itamarati de Minas;-21.4194556178;-42.8185933585;4079.0;47.536;14.979;36.063;1.422;0.0
2010;MG;Itambacuri;-18.0343299629;-41.682267382;22808.0;19.454;9.159;70.309;0.921;0.158
2010;MG;Itambé do Mato Dentro;-19.4209634657;-43.3228953039;2283.0;29.566;2.847;67.28;0.307;0.0
2010;MG;Itamogi;-21.0784433613;-47.0474677839;10349.0;78.539;2.899;18.379;0.174;0.01
2010;MG;Itamonte;-22.2851269734;-44.8682875036;14003.0;75.577;3.356;20.838;0.164;0.064
2010;MG;Itanhandu;-22.2950796549;-44.9359219047;14175.0;80.035;4.649;15.125;0.183;0.007
2010;MG;Itanhomi;-19.1716889296;-41.8649318371;11856.0;40.604;4.529;53.306;1.518;0.042
2010;MG;Itaobim;-16.559525917;-41.4989769804;21001.0;26.718;4.847;67.778;0.59;0.067
2010;MG;Itapagipe;-19.9032958274;-49.3698210446;13656.0;69.215;7.147;22.627;0.893;0.117
2010;MG;Itapecerica;-20.4728898996;-45.1246798889;21377.0;64.392;6.596;28.259;0.463;0.29
2010;MG;Itapeva;-22.7697403889;-46.2195568578;8664.0;80.344;3.289;16.136;0.185;0.046
2010;MG;Itatiaiuçu;-20.1986423604;-44.4291636129;9928.0;43.231;8.582;46.948;1.209;0.03
2010;MG;Itaú de Minas;-20.7381893868;-46.7529537831;14945.0;77.156;4.844;17.578;0.395;0.027
2010;MG;Itaúna;-20.0744355868;-44.578276578;85458.0;58.126;7.071;33.92;0.82;0.063
2010;MG;Itaverava;-20.674727471;-43.6043223481;5799.0;40.507;8.57;49.802;1.017;0.103
2010;MG;Itinga;-16.601429392;-41.7781780722;14407.0;21.941;6.337;71.354;0.361;0.007
2010;MG;Itueta;-19.3923977847;-41.2256319128;5830.0;49.16;4.477;45.969;0.395;0.0
2010;MG;Ituiutaba;-18.9730676809;-49.4622351892;97171.0;56.404;7.631;35.209;0.678;0.078
2010;MG;Itumirim;-21.3137963381;-44.875787846;6139.0;46.604;15.426;36.602;1.368;0.0
2010;MG;Iturama;-19.7319475242;-50.2019735754;34456.0;53.578;7.404;37.628;1.329;0.061
2010;MG;Itutinga;-21.2960563593;-44.6588381542;3913.0;52.492;12.19;34.551;0.613;0.153
2010;MG;Jaboticatubas;-19.5222886182;-43.747333633;17134.0;23.958;9.496;65.134;1.319;0.093
2010;MG;Jacinto;-16.1411618529;-40.2914288341;12134.0;24.378;4.714;70.735;0.173;0.0
2010;MG;Jacuí;-21.0176021589;-46.7420103807;7502.0;80.339;3.492;15.649;0.493;0.027
2010;MG;Jacutinga;-22.2866380298;-46.6123411663;22772.0;76.906;3.636;19.006;0.413;0.04
2010;MG;Jaguaraçu;-19.6470726974;-42.7529990592;2990.0;32.542;13.545;52.14;1.672;0.1
2010;MG;Jaíba;-15.3429340536;-43.670328876;33587.0;23.619;10.662;64.194;1.402;0.122
2010;MG;Jampruca;-18.4615985742;-41.8101692474;5067.0;17.663;17.723;62.562;2.013;0.039
2010;MG;Janaúba;-15.7990284584;-43.3076829438;66802.0;26.641;11.278;61.173;0.708;0.199
2010;MG;Januária;-15.487872814;-44.3598053349;65463.0;20.198;14.21;64.027;1.376;0.189
2010;MG;Japaraíba;-20.1416175951;-45.5041178059;3939.0;62.706;5.915;30.185;1.193;0.0
2010;MG;Japonvar;-16.0009569336;-44.2761272372;8298.0;30.742;1.687;66.847;0.711;0.012
2010;MG;Jeceaba;-20.5330334383;-43.9852319173;5395.0;38.962;6.803;53.012;1.186;0.037
2010;MG;Jenipapo de Minas;-17.0804230781;-42.2560474559;7116.0;15.065;13.673;70.897;0.337;0.028
2010;MG;Jequeri;-20.4463030375;-42.6822636839;12848.0;38.808;10.282;49.541;1.339;0.031
2010;MG;Jequitaí;-17.2163725571;-44.4416872766;8005.0;19.6;11.505;67.858;0.862;0.175
2010;MG;Jequitibá;-19.2376735102;-44.0280763937;5156.0;28.433;7.099;63.732;0.737;0.0
2010;MG;Jequitinhonha;-16.4417689424;-41.0071154424;24131.0;26.414;7.584;65.215;0.684;0.104
2010;MG;Jesuânia;-21.9984256961;-45.2908769704;4768.0;76.867;2.831;20.029;0.252;0.021
2010;MG;Joaíma;-16.654729638;-41.0230530137;14941.0;27.689;7.175;64.393;0.689;0.054
2010;MG;Joanésia;-19.1686956741;-42.6747016823;5425.0;32.995;6.636;60.147;0.203;0.018
2010;MG;João Monlevade;-19.8056386938;-43.1745712713;73610.0;38.269;13.502;47.227;0.901;0.101
2010;MG;João Pinheiro;-17.7418529396;-46.1754635513;45260.0;34.852;10.678;52.068;2.32;0.082
2010;MG;Joaquim Felício;-17.7552943066;-44.1736047178;4305.0;17.166;15.633;67.062;0.139;0.0
2010;MG;Jordânia;-15.9010651064;-40.1800141591;10324.0;26.724;6.248;66.835;0.174;0.019
2010;MG;José Gonçalves de Minas;-16.9071819766;-42.6071746086;4553.0;25.807;7.336;66.484;0.373;0.0
2010;MG;José Raydan;-18.2174949412;-42.5005902688;4376.0;20.521;4.616;74.474;0.366;0.023
2010;MG;Josenópolis;-16.5445254003;-42.5131370187;4566.0;19.93;1.927;77.53;0.548;0.066
2010;MG;Nova União;-19.688103368;-43.5799944147;5555.0;31.071;9.253;59.082;0.576;0.018
2010;MG;Juatuba;-19.9557908623;-44.3413314409;22202.0;32.371;9.968;55.603;1.883;0.176
2010;MG;Juiz de Fora;-21.7609243087;-43.3488172725;516244.0;56.926;14.686;27.596;0.668;0.124
2010;MG;Juramento;-16.851270455;-43.5901936206;4113.0;24.119;6.467;68.539;0.851;0.024
2010;MG;Juruaia;-21.2493559381;-46.5805964847;9238.0;91.189;1.656;6.993;0.162;0.0
2010;MG;Juvenília;-14.2635945629;-44.15958971;5708.0;28.224;14.699;55.992;1.034;0.053
2010;MG;Ladainha;-17.6244796697;-41.7404499397;16994.0;15.141;12.963;69.895;0.777;1.224
2010;MG;Lagamar;-18.1769616223;-46.8125356351;7600.0;59.303;2.171;37.75;0.776;0.0
2010;MG;Lagoa da Prata;-20.0237653293;-45.5416920321;45984.0;56.661;8.516;34.529;0.246;0.048
2010;MG;Lagoa dos Patos;-16.9784492005;-44.5783346323;4225.0;19.408;5.041;73.089;2.343;0.118
2010;MG;Lagoa Dourada;-20.918598617;-44.07111644;12256.0;64.564;8.624;26.15;0.579;0.082
2010;MG;Lagoa Formosa;-18.7755725804;-46.406528792;17161.0;57.468;3.112;38.535;0.88;0.006
2010;MG;Lagoa Grande;-17.8380469909;-46.5179054004;8631.0;41.559;4.924;50.423;3.082;0.012
2010;MG;Lagoa Santa;-19.6258505201;-43.8952876969;52520.0;37.81;10.01;51.12;0.912;0.149
2010;MG;Lajinha;-20.1641701468;-41.6452930379;19609.0;46.417;7.287;45.831;0.444;0.02
2010;MG;Lambari;-21.9743155557;-45.3524788135;19554.0;72.563;4.802;22.318;0.292;0.026
2010;MG;Lamim;-20.7920574263;-43.4744670606;3452.0;47.856;11.095;40.209;0.695;0.145
2010;MG;Laranjal;-21.3636296129;-42.4806742916;6465.0;71.06;12.668;15.514;0.681;0.077
2010;MG;Lassance;-17.8951151805;-44.5793585587;6484.0;23.581;11.073;65.114;0.231;0.0
2010;MG;Lavras;-21.2428702373;-44.9999311091;92200.0;53.749;13.009;31.931;1.148;0.164
2010;MG;Leandro Ferreira;-19.719223472;-45.0262837853;3205.0;54.665;8.019;36.537;0.78;0.0
2010;MG;Leme do Prado;-17.0838668462;-42.6956826242;4804.0;27.415;7.161;65.154;0.229;0.042
2010;MG;Leopoldina;-21.5307293645;-42.6418441295;51126.0;50.092;19.315;29.824;0.706;0.063
2010;MG;Liberdade;-22.0243587048;-44.3151409364;5346.0;70.108;7.838;21.624;0.412;0.019
2010;MG;Lima Duarte;-21.8410955181;-43.796383224;16149.0;54.951;11.375;33.259;0.279;0.136
2010;MG;Limeira do Oeste;-19.5477771593;-50.5752903742;6890.0;48.128;5.747;45.065;1.03;0.029
2010;MG;Lontra;-15.902058353;-44.3061148191;8397.0;36.299;2.822;60.593;0.286;0.0
2010;MG;Luisburgo;-20.4383761083;-42.1064719036;6234.0;50.754;3.657;44.241;1.347;0.0
2010;MG;Luislândia;-16.1153114862;-44.586048427;6400.0;22.797;10.594;64.562;2.047;0.0
2010;MG;Luminárias;-21.5123199002;-44.9061064797;5422.0;63.722;6.75;29.196;0.295;0.037
2010;MG;Luz;-19.7962466219;-45.6838812681;17486.0;51.258;6.674;41.096;0.892;0.08
2010;MG;Machacalis;-17.0773703529;-40.7204221322;6976.0;24.814;3.971;70.972;0.244;0.0
2010;MG;Machado;-21.6783538965;-45.9217640832;38688.0;57.018;9.442;33.17;0.326;0.044
2010;MG;Madre de Deus de Minas;-21.4773220689;-44.3408859115;4904.0;64.927;10.787;23.206;1.06;0.02
2010;MG;Malacacheta;-17.84162254;-42.076076701;18776.0;21.815;7.552;69.28;1.294;0.059
2010;MG;Mamonas;-15.0516469178;-42.9559643493;6321.0;38.965;1.107;58.804;1.123;0.0
2010;MG;Manga;-14.7559221144;-43.9367615224;19812.0;18.842;10.282;68.438;1.832;0.606
2010;MG;Manhuaçu;-20.2586800833;-42.0338482904;79574.0;47.296;8.251;43.445;0.892;0.116
2010;MG;Manhumirim;-20.3639991115;-41.9626798074;21382.0;48.139;9.62;41.699;0.491;0.051
2010;MG;Mantena;-18.780699875;-40.9785257407;27111.0;35.83;7.137;55.704;1.261;0.066
2010;MG;Maravilhas;-19.5146797201;-44.6760761302;7163.0;39.788;9.382;50.202;0.586;0.042
2010;MG;Mar de Espanha;-21.8668933766;-43.0084067544;11749.0;58.958;17.959;22.64;0.409;0.034
2010;MG;Maria da Fé;-22.3072187776;-45.3710536908;14216.0;73.073;4.143;22.257;0.514;0.014
2010;MG;Mariana;-20.3744932309;-43.4161404121;54219.0;30.137;18.211;49.047;2.359;0.245
2010;MG;Marilac;-18.5049724111;-42.0816889526;4219.0;14.672;14.956;69.59;0.735;0.047
2010;MG;Mário Campos;-20.0536364124;-44.1858252962;13192.0;34.915;12.356;51.122;1.19;0.417
2010;MG;Maripá de Minas;-21.692262751;-42.9683499275;2788.0;56.671;12.231;29.053;2.044;0.0
2010;MG;Marliéria;-19.7064561098;-42.7373790359;4012.0;30.783;14.506;52.642;2.044;0.025
2010;MG;Marmelópolis;-22.4465170978;-45.1600478025;2968.0;76.112;0.573;23.248;0.067;0.0
2010;MG;Martinho Campos;-19.3297423483;-45.2386503971;12611.0;55.293;5.067;37.673;0.912;1.055
2010;MG;Martins Soares;-20.258229196;-41.8757909082;7173.0;45.964;6.803;46.647;0.516;0.07
2010;MG;Mata Verde;-15.6876678048;-40.7385334085;7874.0;23.139;3.505;72.543;0.8;0.013
2010;MG;Materlândia;-18.4727736734;-43.0573759059;4595.0;12.035;12.709;74.342;0.762;0.152
2010;MG;Mateus Leme;-19.9908681368;-44.4289912352;27856.0;40.117;7.496;51.081;1.239;0.068
2010;MG;Matias Barbosa;-21.8694792711;-43.3191619888;13435.0;48.731;13.74;37.261;0.268;0.0
2010;MG;Matias Cardoso;-14.8502838777;-43.9178264366;9978.0;17.228;24.093;58.328;0.22;0.13
2010;MG;Matipó;-20.2871482525;-42.3414864061;17639.0;32.332;9.893;57.345;0.42;0.011
2010;MG;Mato Verde;-15.397321553;-42.8665147238;12684.0;40.5;7.884;51.364;0.244;0.008
2010;MG;Matozinhos;-19.561910281;-44.0839745679;33955.0;27.519;9.377;61.973;0.995;0.135
2010;MG;Matutina;-19.2266120633;-45.9835170335;3761.0;79.42;6.381;14.012;0.186;0.0
2010;MG;Medeiros;-19.9933078776;-46.2266888204;3444.0;64.315;4.355;30.575;0.668;0.087
2010;MG;Medina;-16.224795621;-41.4763090669;21026.0;23.908;4.547;71.293;0.228;0.024
2010;MG;Mendes Pimentel;-18.6617777406;-41.4056151687;6331.0;34.26;7.361;57.574;0.806;0.0
2010;MG;Mercês;-21.1920649247;-43.3410701614;10368.0;61.024;8.295;30.372;0.299;0.01
2010;MG;Mesquita;-19.2243458125;-42.6056610568;6069.0;28.423;5.948;65.546;0.082;0.0
2010;MG;Minas Novas;-17.2154581636;-42.5967587107;30794.0;24.742;10.145;63.879;1.159;0.075
2010;MG;Minduri;-21.6775434808;-44.6092928195;3840.0;43.281;18.776;36.875;0.833;0.234
2010;MG;Mirabela;-16.2584529385;-44.1606437772;13042.0;26.292;7.453;65.465;0.744;0.046
2010;MG;Miradouro;-20.8944190662;-42.3461498563;10251.0;54.717;7.736;37.177;0.244;0.127
2010;MG;Miraí;-21.1939817415;-42.6160395903;13808.0;54.425;10.175;34.625;0.76;0.014
2010;MG;Miravânia;-14.7478394007;-44.4120754278;4549.0;42.954;15.454;39.261;1.693;0.638
2010;MG;Moeda;-20.330268843;-44.0475686705;4689.0;44.53;11.026;41.523;2.666;0.256
2010;MG;Moema;-19.8386998979;-45.4253101337;7028.0;58.423;5.378;35.899;0.185;0.114
2010;MG;Monjolos;-18.3236856183;-44.1193167724;2360.0;15.636;7.797;75.932;0.593;0.042
2010;MG;Monsenhor Paulo;-21.7617721381;-45.5450741387;8161.0;64.232;4.105;31.418;0.245;0.0
2010;MG;Montalvânia;-14.4203647786;-44.3636205826;15862.0;28.704;6.405;64.134;0.738;0.019
2010;MG;Monte Alegre de Minas;-18.8691667166;-48.877116909;19619.0;58.464;9.929;31.118;0.413;0.076
2010;MG;Monte Azul;-15.1553385887;-42.873165494;21994.0;40.247;2.492;56.834;0.427;0.0
2010;MG;Monte Belo;-21.3271458475;-46.3682455768;13061.0;76.64;2.465;20.274;0.559;0.061
2010;MG;Monte Carmelo;-18.7290384401;-47.4959724312;45772.0;57.505;6.39;34.978;0.992;0.135
2010;MG;Monte Formoso;-16.86649383;-41.2545787418;4656.0;29.575;6.637;62.865;0.924;0.0
2010;MG;Monte Santo de Minas;-21.1904748351;-46.9771185471;21234.0;67.298;3.73;28.478;0.452;0.042
2010;MG;Montes Claros;-16.72270664;-43.8654224344;361915.0;32.057;7.655;59.036;1.079;0.173
2010;MG;Monte Sião;-22.4335488212;-46.5737026934;21203.0;77.975;2.934;18.625;0.448;0.019
2010;MG;Montezuma;-15.1711441585;-42.5074736992;7464.0;35.33;5.895;58.454;0.322;0.0
2010;MG;Morada Nova de Minas;-18.6074447216;-45.3555023481;8255.0;50.151;6.311;42.835;0.678;0.024
2010;MG;Morro da Garça;-18.5472184629;-44.6035310348;2660.0;17.932;11.692;67.857;2.519;0.0
2010;MG;Morro do Pilar;-19.2183422251;-43.3748041823;3399.0;21.3;14.828;60.018;3.854;0.0
2010;MG;Munhoz;-22.612782689;-46.3603709348;6257.0;78.968;2.413;17.804;0.783;0.032
2010;MG;Muriaé;-21.1320467915;-42.3610748979;100765.0;54.07;8.978;36.111;0.768;0.072
2010;MG;Mutum;-19.8071892243;-41.4391385241;26661.0;40.809;5.938;52.762;0.45;0.041
2010;MG;Muzambinho;-21.3730127527;-46.5268046885;20430.0;80.343;4.004;15.252;0.299;0.103
2010;MG;Nacip Raydan;-18.4579241927;-42.2517915937;3154.0;23.779;7.768;67.787;0.666;0.0
2010;MG;Nanuque;-17.8389933519;-40.3517388336;40834.0;26.052;9.558;63.447;0.695;0.247
2010;MG;Naque;-19.2235434749;-42.3347084489;6341.0;23.924;13.72;62.104;0.252;0.0
2010;MG;Natalândia;-16.5038364836;-46.4975343553;3280.0;34.177;9.299;55.457;1.067;0.0
2010;MG;Natércia;-22.1184737389;-45.5182345057;4658.0;84.156;4.787;10.97;0.064;0.021
2010;MG;Nazareno;-21.2176969672;-44.6172346644;7954.0;45.059;9.869;44.908;0.113;0.05
2010;MG;Nepomuceno;-21.234576935;-45.2374291198;25733.0;51.607;11.336;34.881;2.095;0.082
2010;MG;Ninheira;-15.3238019192;-41.7487889594;9815.0;30.321;2.068;67.183;0.418;0.01
2010;MG;Nova Belém;-18.4940908208;-41.1036878324;3732.0;27.894;9.137;56.86;6.109;0.0
2010;MG;Nova Era;-19.7644230686;-43.0354568497;17528.0;28.115;17.429;52.487;1.917;0.051
2010;MG;Nova Lima;-19.9838929939;-43.8497833626;80993.0;37.233;9.964;51.751;0.93;0.122
2010;MG;Nova Módica;-18.4416056135;-41.501336274;3790.0;22.77;11.636;62.401;3.193;0.0
2010;MG;Nova Ponte;-19.1688916493;-47.6705707497;12812.0;48.853;8.039;42.132;0.976;0.0
2010;MG;Nova Porteirinha;-15.8022101967;-43.3025512295;7398.0;30.211;11.841;56.691;1.108;0.149
2010;MG;Nova Resende;-21.1266519126;-46.4170291046;15374.0;84.363;1.724;13.601;0.286;0.026
2010;MG;Nova Serrana;-19.8758673806;-44.9855787363;73699.0;42.789;6.094;49.546;1.522;0.049
2010;MG;Novo Cruzeiro;-17.4748888552;-41.8753915421;30725.0;17.302;12.091;69.24;1.302;0.065
2010;MG;Novo Oriente de Minas;-17.4091656809;-41.2220966101;10339.0;23.861;5.89;68.856;1.393;0.0
2010;MG;Novorizonte;-16.0195385668;-42.416780837;4963.0;30.445;3.365;65.787;0.403;0.0
2010;MG;Olaria;-21.8647729424;-43.9309268802;1976.0;55.921;9.565;32.439;2.075;0.0
2010;MG;Olhos-d'Água;-17.4018999265;-43.5714109825;5267.0;19.841;13.803;65.084;1.272;0.0
2010;MG;Olímpio Noronha;-22.0669598145;-45.2641356959;2533.0;60.797;9.435;29.412;0.316;0.039
2010;MG;Oliveira;-20.6975157762;-44.8264108665;39466.0;55.501;11.79;32.149;0.552;0.008
2010;MG;Oliveira Fortes;-21.3394932743;-43.4625438692;2123.0;64.249;6.312;28.968;0.33;0.141
2010;MG;Onça de Pitangui;-19.7455244846;-44.80838218;3055.0;44.354;9.362;45.041;1.244;0.0
2010;MG;Oratórios;-20.4309959521;-42.8063392208;4493.0;29.201;23.681;44.402;2.56;0.156
2010;MG;Orizânia;-20.5041213742;-42.2029460821;7284.0;37.246;4.338;47.652;10.763;0.0
2010;MG;Ouro Branco;-20.5235831235;-43.6947707969;35268.0;43.206;10.366;45.143;1.219;0.065
2010;MG;Ouro Fino;-22.2835244239;-46.3800808288;31568.0;78.82;3.003;17.682;0.329;0.165
2010;MG;Ouro Preto;-20.3867763679;-43.5064475197;70281.0;31.176;14.425;52.518;1.611;0.27
2010;MG;Ouro Verde de Minas;-18.069339095;-41.2687094923;6016.0;23.753;14.644;60.638;0.781;0.183
2010;MG;Padre Carvalho;-16.3651032683;-42.5207448266;5834.0;23.312;2.451;73.809;0.429;0.0
2010;MG;Padre Paraíso;-17.0763186514;-41.4849648092;18849.0;20.383;6.175;72.227;1.21;0.005
2010;MG;Paineiras;-18.9022172144;-45.5387576862;4631.0;60.052;2.958;36.342;0.626;0.022
2010;MG;Pains;-20.3709172455;-45.6608131833;8014.0;56.838;12.566;29.785;0.736;0.075
2010;MG;Pai Pedro;-15.5370659875;-43.0705559756;5934.0;17.813;14.83;66.717;0.59;0.051
2010;MG;Paiva;-21.2878522493;-43.4188333733;1558.0;64.698;4.236;31.001;0.064;0.0
2010;MG;Palma;-21.3725611559;-42.3158258828;6545.0;48.342;20.229;30.68;0.749;0.0
2010;MG;Palmópolis;-16.7344674967;-40.4203975984;6931.0;26.98;7.604;64.911;0.13;0.375
2010;MG;Papagaios;-19.4555367596;-44.7447017251;14175.0;41.94;9.503;45.954;2.568;0.035
2010;MG;Paracatu;-17.2197419102;-46.875418891;84718.0;25.459;15.592;57.703;1.132;0.114
2010;MG;Pará de Minas;-19.8647379639;-44.6053801879;84214.0;54.822;5.883;38.236;1.015;0.044
2010;MG;Paraguaçu;-21.5473160268;-45.7326954708;20245.0;68.14;6.268;25.048;0.499;0.044
2010;MG;Paraisópolis;-22.5551927715;-45.781703528;19379.0;81.351;3.168;15.171;0.201;0.108
2010;MG;Paraopeba;-19.2814289521;-44.4031168703;22561.0;27.268;11.959;60.108;0.643;0.022
2010;MG;Passabém;-19.3509824792;-43.1438137395;1766.0;27.067;10.589;62.344;0.0;0.0
2010;MG;Passa Quatro;-22.3897981316;-44.9696386731;15582.0;83.603;3.6;12.502;0.244;0.051
2010;MG;Passa Tempo;-20.6523877473;-44.493417199;8197.0;71.258;10.016;18.263;0.451;0.012
2010;MG;Passa-Vinte;-22.2089768784;-44.2310487921;2079.0;61.905;8.177;29.63;0.289;0.0
2010;MG;Passos;-20.7192119019;-46.611412568;106290.0;62.372;8.739;28.266;0.556;0.067
2010;MG;Patis;-16.0792763597;-44.0827053067;5579.0;18.839;2.42;78.329;0.376;0.036
2010;MG;Patos de Minas;-18.5925708199;-46.5159156766;138710.0;59.335;4.12;35.586;0.908;0.05
2010;MG;Patrocínio;-18.9408129613;-46.9974382402;82471.0;59.709;7.313;32.062;0.863;0.052
2010;MG;Patrocínio do Muriaé;-21.1517112745;-42.2126532983;5287.0;54.492;9.003;34.897;1.608;0.0
2010;MG;Paula Cândido;-20.870161533;-42.9831550987;9271.0;42.509;13.968;43.232;0.28;0.011
2010;MG;Paulistas;-18.4317377127;-42.8726250989;4918.0;15.047;7.889;76.454;0.59;0.02
2010;MG;Pavão;-17.4326895767;-41.0001132091;8589.0;23.414;8.523;66.271;1.793;0.0
2010;MG;Peçanha;-18.5468889888;-42.5631862675;17260.0;27.103;6.408;66.304;0.18;0.006
2010;MG;Pedra Azul;-16.0059227891;-41.2817519782;23839.0;20.164;6.431;72.763;0.562;0.08
2010;MG;Pedra Bonita;-20.5200184906;-42.3321344917;6673.0;56.691;5.35;37.345;0.614;0.0
2010;MG;Pedra do Anta;-20.5960112648;-42.7159333248;3365.0;33.492;7.845;58.633;0.03;0.0
2010;MG;Pedra do Indaiá;-20.2535964014;-45.2098100906;3875.0;73.368;5.058;21.058;0.516;0.0
2010;MG;Pedra Dourada;-20.8299461552;-42.154538669;2191.0;37.243;5.751;56.504;0.411;0.091
2010;MG;Pedralva;-22.2542260031;-45.4659715176;11467.0;76.576;4.823;18.183;0.375;0.044
2010;MG;Pedras de Maria da Cruz;-15.5990124532;-44.3924439592;10315.0;24.925;9.947;63.771;1.348;0.01
2010;MG;Pedrinópolis;-19.2277204067;-47.4606173926;3490.0;61.261;5.587;32.063;0.946;0.143
2010;MG;Pedro Leopoldo;-19.618395891;-44.0458839603;58740.0;30.826;9.011;59.052;1.006;0.106
2010;MG;Pedro Teixeira;-21.7068071497;-43.7454590572;1785.0;82.409;9.972;7.563;0.056;0.0
2010;MG;Pequeri;-21.8369041285;-43.1262861746;3165.0;48.183;15.45;35.829;0.474;0.063
2010;MG;Pequi;-19.6279870911;-44.6534418965;4076.0;45.265;6.796;47.35;0.564;0.025
2010;MG;Perdigão;-19.9551229354;-45.0793625823;8912.0;57.843;4.275;37.511;0.359;0.011
2010;MG;Perdizes;-19.3386575249;-47.2920084471;14404.0;61.788;5.012;32.533;0.535;0.132
2010;MG;Perdões;-21.0945188676;-45.0930878294;20087.0;55.424;11.395;32.409;0.752;0.02
2010;MG;Periquito;-19.1544849011;-42.234724628;7036.0;21.006;11.967;64.426;2.601;0.0
2010;MG;Pescador;-18.353628729;-41.6016228176;4128.0;16.764;10.683;71.463;1.09;0.0
2010;MG;Piau;-21.5046175294;-43.3291251743;2841.0;51.918;13.27;32.629;2.147;0.035
2010;MG;Piedade de Caratinga;-19.759212625;-42.0742639716;7110.0;44.473;4.177;50.619;0.661;0.07
2010;MG;Piedade de Ponte Nova;-20.2476646154;-42.7352388987;4062.0;31.782;22.723;44.092;1.403;0.0
2010;MG;Piedade do Rio Grande;-21.4697328736;-44.2025017472;4709.0;52.601;8.388;37.396;1.55;0.064
2010;MG;Piedade dos Gerais;-20.4610103538;-44.2279160102;4640.0;61.638;4.138;32.953;1.121;0.151
2010;MG;Pimenta;-20.4831953924;-45.7990870292;8236.0;71.661;5.221;22.924;0.182;0.012
2010;MG;Pingo-d'Água;-19.7286082528;-42.4086657784;4420.0;17.783;9.525;71.81;0.86;0.023
2010;MG;Pintópolis;-16.0549897299;-45.1495068806;7211.0;15.601;11.039;71.654;1.692;0.014
2010;MG;Piracema;-20.5089958628;-44.478471775;6406.0;55.339;8.211;35.436;0.952;0.062
2010;MG;Pirajuba;-19.9085049086;-48.6966380638;4656.0;58.054;6.143;34.966;0.773;0.064
2010;MG;Piranga;-20.6851438162;-43.2873455534;17217.0;31.097;16.083;51.664;1.057;0.099
2010;MG;Piranguçu;-22.5264938454;-45.493271705;5217.0;86.237;1.744;11.884;0.134;0.0
2010;MG;Piranguinho;-22.4118730678;-45.5347391786;8016.0;77.395;2.894;19.349;0.287;0.075
2010;MG;Pirapetinga;-21.6559720072;-42.3484310466;10364.0;53.232;12.428;33.616;0.627;0.096
2010;MG;Pirapora;-17.3495820956;-44.9510653805;53368.0;22.169;10.919;66.03;0.688;0.195
2010;MG;Piraúba;-21.2765501293;-43.0181308109;10862.0;50.23;12.622;36.301;0.819;0.028
2010;MG;Pitangui;-19.6805972413;-44.8901188907;25311.0;55.336;10.482;33.061;1.007;0.115
2010;MG;Piumhi;-20.4708828676;-45.9605686668;31883.0;65.916;6.59;26.547;0.812;0.135
2010;MG;Planura;-20.138663202;-48.6999188552;10384.0;53.592;5.682;39.831;0.78;0.116
2010;MG;Poço Fundo;-21.78469255;-45.9649695632;15959.0;76.728;4.725;18.065;0.432;0.05
2010;MG;Poços de Caldas;-21.7873635786;-46.566410045;152435.0;70.733;6.513;22.039;0.565;0.15
2010;MG;Pocrane;-19.6201444044;-41.6290012533;8986.0;40.585;4.296;54.93;0.122;0.067
2010;MG;Pompéu;-19.2209571771;-45.0018708585;29105.0;34.688;13.977;49.308;1.55;0.478
2010;MG;Ponte Nova;-20.4166434225;-42.9096842699;57390.0;37.36;15.574;45.928;1.049;0.089
2010;MG;Ponto Chique;-16.6330397392;-45.0631345096;3966.0;21.836;11.75;63.918;2.093;0.403
2010;MG;Ponto dos Volantes;-16.7545196333;-41.5078082034;11345.0;20.926;3.42;74.747;0.899;0.009
2010;MG;Porteirinha;-15.746837727;-43.0285226494;37627.0;30.909;6.315;61.987;0.757;0.032
2010;MG;Porto Firme;-20.6682669694;-43.0914109084;10417.0;41.163;9.273;49.419;0.106;0.038
2010;MG;Poté;-17.8013694473;-41.7883855249;15667.0;22.455;10.187;66.694;0.626;0.038
2010;MG;Pouso Alegre;-22.2303029952;-45.9371442758;130615.0;74.191;5.059;20.07;0.585;0.095
2010;MG;Pouso Alto;-22.1909422926;-44.9753435743;6213.0;72.236;5.344;22.179;0.193;0.048
2010;MG;Prados;-21.0560144581;-44.0732802772;8391.0;49.076;5.399;45.179;0.322;0.024
2010;MG;Prata;-19.3082112063;-48.9238460695;25802.0;51.469;11.034;36.393;1.085;0.019
2010;MG;Pratápolis;-20.744184454;-46.8609173417;8807.0;65.357;4.928;29.249;0.42;0.045
2010;MG;Pratinha;-19.7569452523;-46.3784486441;3265.0;60.123;3.124;36.263;0.398;0.092
2010;MG;Presidente Bernardes;-20.765677501;-43.1900555792;5537.0;52.736;14.466;32.617;0.144;0.036
2010;MG;Presidente Juscelino;-18.6407817384;-44.0541822752;3908.0;16.965;17.272;65.558;0.205;0.0
2010;MG;Presidente Kubitschek;-18.6154898026;-43.5574479487;2959.0;15.309;10.51;72.998;1.183;0.0
2010;MG;Presidente Olegário;-18.4147419739;-46.417788688;18577.0;53.362;3.058;42.789;0.743;0.048
2010;MG;Alto Jequitibá;-20.4229271109;-41.9671751127;8318.0;66.747;3.571;29.358;0.313;0.012
2010;MG;Prudente de Morais;-19.4835603824;-44.1583906671;9573.0;27.222;9.631;61.684;1.4;0.063
2010;MG;Quartel Geral;-19.2676900955;-45.558863386;3303.0;58.644;11.111;29.488;0.727;0.03
2010;MG;Queluzito;-20.7423844777;-43.8800273028;1861.0;71.574;3.546;24.664;0.215;0.0
2010;MG;Raposos;-19.9655987692;-43.8047741981;15342.0;26.32;11.543;59.236;2.855;0.046
2010;MG;Raul Soares;-20.101958852;-42.4541675367;23818.0;39.084;7.175;52.523;1.18;0.038
2010;MG;Recreio;-21.5337846188;-42.4713945673;10299.0;51.005;18.448;29.547;0.981;0.019
2010;MG;Reduto;-20.2426797035;-41.9851988576;6569.0;44.512;9.24;43.964;2.086;0.198
2010;MG;Resende Costa;-20.9173692443;-44.2394035043;10913.0;66.013;8.788;24.723;0.458;0.018
2010;MG;Resplendor;-19.3254839309;-41.2539671082;17089.0;37.1;7.519;52.098;1.094;2.189
2010;MG;Ressaquinha;-21.055300917;-43.7587060939;4711.0;56.4;6.135;36.192;1.061;0.212
2010;MG;Riachinho;-16.2168261724;-46.0027468183;8007.0;25.365;6.769;65.58;2.273;0.012
2010;MG;Riacho dos Machados;-15.9980341607;-43.0445637318;9360.0;26.453;6.1;66.528;0.908;0.011
2010;MG;Ribeirão das Neves;-19.7660220155;-44.0858236491;296317.0;26.547;13.724;57.747;1.753;0.228
2010;MG;Ribeirão Vermelho;-21.190414325;-45.0647821085;3826.0;50.444;14.271;34.37;0.784;0.131
2010;MG;Rio Acima;-20.0951301629;-43.7908543768;9090.0;25.985;11.705;60.836;1.21;0.264
2010;MG;Rio Casca;-20.2265128665;-42.6522301992;14201.0;28.061;13.105;56.566;2.07;0.197
2010;MG;Rio Doce;-20.2446457034;-42.8956813088;2465.0;36.836;17.282;44.422;1.298;0.162
2010;MG;Rio do Prado;-16.6094078455;-40.5718939338;5217.0;26.375;14.28;59.095;0.173;0.077
2010;MG;Rio Espera;-20.8580800986;-43.4653334003;6070.0;55.371;9.275;34.415;0.939;0.0
2010;MG;Rio Manso;-20.2616823652;-44.3102050446;5276.0;56.444;6.368;36.827;0.36;0.0
2010;MG;Rio Novo;-21.4832491499;-43.1286689153;8712.0;57.484;16.885;25.344;0.253;0.034
2010;MG;Rio Paranaíba;-19.1912383018;-46.2427530916;11885.0;64.089;8.616;26.714;0.564;0.017
2010;MG;Rio Pardo de Minas;-15.6130780189;-42.5412319787;29099.0;33.737;2.588;63.16;0.498;0.017
2010;MG;Rio Piracicaba;-19.9549411681;-43.1798237457;14149.0;34.745;18.496;45.706;0.954;0.099
2010;MG;Rio Pomba;-21.2721906098;-43.1778056454;17110.0;55.336;11.777;32.209;0.544;0.134
2010;MG;Rio Preto;-22.0869222525;-43.8294656656;5292.0;56.255;9.429;33.919;0.34;0.057
2010;MG;Rio Vermelho;-18.3011105692;-43.0224390981;13645.0;17.845;11.323;69.615;1.217;0.0
2010;MG;Ritápolis;-21.0232532704;-44.3234775238;4925.0;55.33;2.822;40.731;1.036;0.081
2010;MG;Rochedo de Minas;-21.6314596315;-43.0220685054;2116.0;49.953;11.862;37.24;0.945;0.0
2010;MG;Rodeiro;-21.2007050792;-42.8686762586;6867.0;56.575;14.504;28.644;0.248;0.029
2010;MG;Romaria;-18.8834800349;-47.5817549005;3596.0;63.293;6.201;30.228;0.25;0.028
2010;MG;Rosário da Limeira;-20.9812982014;-42.5060599702;4247.0;51.048;4.544;39.981;4.427;0.0
2010;MG;Rubelita;-16.4029664157;-42.2647623324;7772.0;23.52;5.069;69.094;2.277;0.039
2010;MG;Rubim;-16.3729735167;-40.5369414739;9919.0;25.658;6.23;67.386;0.655;0.071
2010;MG;Sabará;-19.8924945121;-43.8255570903;126269.0;28.023;15.415;54.865;1.597;0.101
2010;MG;Sabinópolis;-18.6718146532;-43.0882036429;15704.0;20.301;12.22;65.996;1.433;0.051
2010;MG;Sacramento;-19.8635763394;-47.4365553164;23896.0;63.538;6.168;29.574;0.628;0.092
2010;MG;Salinas;-16.1698557321;-42.2935064723;39178.0;30.622;3.239;65.274;0.773;0.092
2010;MG;Salto da Divisa;-15.9975707022;-39.9507560236;6859.0;20.834;9.098;68.888;1.166;0.015
2010;MG;Santa Bárbara;-19.9655911927;-43.405220988;27876.0;29.922;12.355;56.303;1.245;0.176
2010;MG;Santa Bárbara do Leste;-19.9757926674;-42.1408405819;7682.0;39.547;5.884;53.84;0.664;0.065
2010;MG;Santa Bárbara do Monte Verde;-21.9572670151;-43.7017741664;2788.0;51.22;11.549;36.298;0.861;0.072
2010;MG;Santa Bárbara do Tugúrio;-21.2462083895;-43.5589487843;4570.0;51.707;3.742;44.289;0.263;0.0
2010;MG;Santa Cruz de Minas;-21.1194710322;-44.2232578484;7865.0;52.142;6.828;40.089;0.903;0.038
2010;MG;Santa Cruz de Salinas;-16.0943556353;-41.7503545267;4397.0;34.524;1.046;64.362;0.045;0.023
2010;MG;Santa Cruz do Escalvado;-20.2382772553;-42.8184528533;4992.0;31.791;10.917;55.308;1.783;0.2
2010;MG;Santa Efigênia de Minas;-18.8198378232;-42.4393126686;4600.0;26.239;6.435;65.413;1.717;0.196
2010;MG;Santa Fé de Minas;-16.6873734528;-45.4136331222;3968.0;19.43;18.372;61.794;0.353;0.05
2010;MG;Santa Helena de Minas;-16.9363075336;-40.6862886421;6055.0;18.035;5.615;63.237;0.595;12.519
2010;MG;Santa Juliana;-19.3112989337;-47.5271443344;11337.0;60.183;4.137;34.859;0.776;0.044
2010;MG;Santa Luzia;-19.7676168525;-43.8500072606;202942.0;27.746;13.631;57.355;1.133;0.134
2010;MG;Santa Margarida;-20.3779254268;-42.2525357803;15011.0;48.005;7.488;43.748;0.746;0.013
2010;MG;Santa Maria de Itabira;-19.4590107743;-43.1101498441;10552.0;24.176;24.934;49.611;1.279;0.0
2010;MG;Santa Maria do Salto;-16.2475726794;-40.146933015;5284.0;27.82;3.88;67.96;0.132;0.208
2010;MG;Santa Maria do Suaçuí;-18.1922522025;-42.4178024505;14395.0;22.049;7.051;70.184;0.653;0.063
2010;MG;Santana da Vargem;-21.2489621802;-45.5071210487;7231.0;50.851;8.477;40.299;0.36;0.014
2010;MG;Santana de Cataguases;-21.2840280786;-42.5546049491;3622.0;62.479;9.967;26.836;0.718;0.0
2010;MG;Santana de Pirapama;-19.0068859969;-44.0381025081;8009.0;25.946;7.08;66.787;0.187;0.0
2010;MG;Santana do Deserto;-21.9496920444;-43.1723178337;3860.0;43.212;23.238;32.539;0.959;0.052
2010;MG;Santana do Garambéu;-21.6018318574;-44.11087343;2234.0;44.852;7.699;47.449;0.0;0.0
2010;MG;Santana do Jacaré;-20.9016774924;-45.1280485696;4607.0;54.309;9.16;35.251;1.216;0.065
2010;MG;Santana do Manhuaçu;-20.1085461651;-41.9234974642;8582.0;34.479;7.656;57.12;0.722;0.023
2010;MG;Santana do Paraíso;-19.3690985236;-42.552582949;27265.0;32.43;12.21;52.397;2.479;0.484
2010;MG;Santana do Riacho;-19.1700918689;-43.7114593034;4023.0;29.108;6.861;60.428;3.48;0.124
2010;MG;Santana dos Montes;-20.7897348515;-43.705998279;3822.0;45.212;11.538;41.392;1.805;0.052
2010;MG;Santa Rita de Caldas;-22.0264354861;-46.3386257814;9027.0;84.923;4.531;10.302;0.244;0.0
2010;MG;Santa Rita de Jacutinga;-22.1484611222;-44.1004418544;4993.0;69.217;7.631;22.552;0.541;0.06
2010;MG;Santa Rita de Minas;-19.8752101702;-42.1317808369;6547.0;36.948;8.92;52.757;1.314;0.061
2010;MG;Santa Rita de Ibitipoca;-21.5612300794;-43.9167605188;3583.0;52.665;8.122;39.157;0.056;0.0
2010;MG;Santa Rita do Itueto;-19.3598130147;-41.3792782175;5697.0;42.672;5.406;51.325;0.597;0.0
2010;MG;Santa Rita do Sapucaí;-22.2533298264;-45.7039881925;37754.0;71.762;6.548;21.317;0.323;0.05
2010;MG;Santa Rosa da Serra;-19.532621138;-45.9706644274;3224.0;49.473;4.56;43.672;2.078;0.217
2010;MG;Santa Vitória;-18.8439479826;-50.1234651115;18138.0;46.56;5.695;45.633;1.963;0.149
2010;MG;Santo Antônio do Amparo;-20.9462485658;-44.9186749352;17345.0;39.458;11.116;48.308;1.02;0.098
2010;MG;Santo Antônio do Aventureiro;-21.7558281759;-42.8116372461;3538.0;62.041;14.104;23.064;0.791;0.0
2010;MG;Santo Antônio do Grama;-20.3125002779;-42.613898797;4085.0;32.191;10.061;57.136;0.588;0.024
2010;MG;Santo Antônio do Itambé;-18.4689716455;-43.3037794095;4135.0;8.634;19.468;69.722;2.152;0.024
2010;MG;Santo Antônio do Jacinto;-16.5376834097;-40.1753373252;11775.0;23.949;4.824;70.845;0.28;0.102
2010;MG;Santo Antônio do Monte;-20.0872192489;-45.2939359191;25975.0;68.37;5.363;25.679;0.554;0.035
2010;MG;Santo Antônio do Retiro;-15.3426335373;-42.6243765157;6955.0;32.336;6.456;61.035;0.173;0.0
2010;MG;Santo Antônio do Rio Abaixo;-19.2256798038;-43.2530571824;1777.0;30.219;10.242;57.625;1.913;0.0
2010;MG;Santo Hipólito;-18.28781019;-44.2216982205;3238.0;15.565;13.249;70.815;0.371;0.0
2010;MG;Santos Dumont;-21.4575319947;-43.5537521653;46284.0;53.008;14.039;31.966;0.92;0.067
2010;MG;São Bento Abade;-21.5790480165;-45.0753606267;4577.0;34.411;11.296;53.769;0.524;0.0
2010;MG;São Brás do Suaçuí;-20.6265040685;-43.9526746479;3513.0;38.599;8.796;51.21;1.395;0.0
2010;MG;São Domingos das Dores;-19.5294460673;-42.0095079969;5408.0;37.463;4.105;58.266;0.166;0.0
2010;MG;São Domingos do Prata;-19.8710279004;-42.9603634004;17357.0;32.84;14.588;51.357;1.1;0.115
2010;MG;São Félix de Minas;-18.5861055945;-41.4903528288;3382.0;28.859;7.333;62.714;1.094;0.0
2010;MG;São Francisco;-15.9525638056;-44.8613127424;53828.0;18.392;10.809;70.307;0.455;0.037
2010;MG;São Francisco de Paula;-20.7135317999;-44.9826306199;6483.0;55.175;7.404;37.298;0.123;0.0
2010;MG;São Francisco de Sales;-19.8651143583;-49.7655663179;5776.0;60.474;13.331;24.965;1.212;0.017
2010;MG;São Francisco do Glória;-20.7923014187;-42.2682205327;5178.0;49.054;10.139;39.05;1.68;0.077
2010;MG;São Geraldo;-20.9208475279;-42.8376641332;10263.0;53.932;8.828;37.016;0.185;0.039
2010;MG;São Geraldo da Piedade;-18.8440313419;-42.2891350679;4389.0;16.655;13.124;67.715;2.392;0.114
2010;MG;São Geraldo do Baixio;-18.9188085164;-41.3636282369;3486.0;35.542;8.95;54.389;1.09;0.029
2010;MG;São Gonçalo do Abaeté;-18.341112928;-45.8342461504;6264.0;42.481;7.567;48.946;0.99;0.016
2010;MG;São Gonçalo do Pará;-19.9856847319;-44.8571889838;10398.0;55.366;6.703;37.007;0.817;0.106
2010;MG;São Gonçalo do Rio Abaixo;-19.8318007018;-43.3480400193;9777.0;22.42;14.268;62.33;0.982;0.0
2010;MG;São Gonçalo do Sapucaí;-21.8919051421;-45.5946377949;23906.0;60.759;4.903;33.74;0.577;0.021
2010;MG;São Gotardo;-19.3127001913;-46.0531440401;31819.0;53.257;7.606;37.619;1.411;0.107
2010;MG;São João Batista do Glória;-20.6390368456;-46.5034614693;6887.0;76.434;4.08;19.326;0.029;0.131
2010;MG;São João da Lagoa;-16.8520551567;-44.3490885622;4656.0;22.122;6.379;70.039;1.439;0.021
2010;MG;São João da Mata;-21.9348528245;-45.9265298076;2731.0;89.345;2.929;7.616;0.11;0.0
2010;MG;São João da Ponte;-15.9245130655;-44.0089551085;25358.0;25.266;5.892;67.793;1.041;0.008
2010;MG;São João das Missões;-14.8825334839;-44.0812622895;11715.0;6.786;3.662;21.647;0.162;67.742
2010;MG;São João del-Rei;-21.1355089743;-44.2609727347;84469.0;57.206;8.363;33.5;0.82;0.111
2010;MG;São João do Manhuaçu;-20.395499866;-42.1521577505;10245.0;36.672;5.31;57.121;0.888;0.01
2010;MG;São João do Manteninha;-18.7278374866;-41.1587484426;5188.0;31.727;8.655;57.382;2.178;0.058
2010;MG;São João do Oriente;-19.3376661343;-42.156459895;7874.0;38.214;3.848;57.785;0.076;0.076
2010;MG;São João do Pacuí;-16.5383751446;-44.5295709891;4060.0;18.547;9.039;71.897;0.517;0.0
2010;MG;São João do Paraíso;-15.3184380951;-42.0114224428;22319.0;33.456;2.025;63.972;0.533;0.013
2010;MG;São João Evangelista;-18.5451868295;-42.7760481434;15553.0;22.999;7.934;68.321;0.701;0.045
2010;MG;São João Nepomuceno;-21.5356970636;-43.0112857685;25057.0;55.729;14.331;28.487;1.221;0.231
2010;MG;São Joaquim de Bicas;-20.0634684606;-44.2662730161;25535.0;30.809;10.793;56.844;1.449;0.106
2010;MG;São José da Barra;-20.7220909662;-46.3193295709;6778.0;71.894;5.621;21.496;0.841;0.148
2010;MG;São José da Lapa;-19.6986268215;-43.9599562982;19799.0;30.532;11.425;57.139;0.879;0.025
2010;MG;São José da Safira;-18.3251174568;-42.1464105249;4075.0;21.644;11.313;66.847;0.098;0.098
2010;MG;São José da Varginha;-19.7048059868;-44.561059733;4198.0;48.071;7.194;44.378;0.357;0.0
2010;MG;São José do Alegre;-22.3290552486;-45.5301876075;3996.0;70.12;3.003;26.426;0.35;0.1
2010;MG;São José do Divino;-18.483263322;-41.3912087844;3834.0;27.36;7.668;63.798;1.148;0.026
2010;MG;São José do Goiabal;-19.927983217;-42.7098601269;5636.0;26.082;17.317;55.021;1.561;0.018
2010;MG;São José do Jacuri;-18.2758107503;-42.6666267692;6553.0;23.913;6.104;69.052;0.916;0.015
2010;MG;São José do Mantimento;-20.0059989819;-41.7490728164;2592.0;56.79;8.218;34.336;0.656;0.0
2010;MG;São Lourenço;-22.1177686714;-45.0533731031;41657.0;71.008;5.757;22.856;0.286;0.094
2010;MG;São Miguel do Anta;-20.7059175905;-42.7208990463;6760.0;39.201;8.757;51.864;0.059;0.118
2010;MG;São Pedro da União;-21.1334584955;-46.6213268893;5040.0;89.048;2.183;8.452;0.317;0.0
2010;MG;São Pedro dos Ferros;-20.1719098245;-42.5239009348;8356.0;29.488;14.445;54.847;1.209;0.012
2010;MG;São Pedro do Suaçuí;-18.3655057595;-42.6002319397;5570.0;22.908;8.438;68.187;0.467;0.0
2010;MG;São Romão;-16.3686392158;-45.0691351971;10276.0;15.998;17.332;65.852;0.808;0.01
2010;MG;São Roque de Minas;-20.2506708115;-46.3689949346;6686.0;75.86;6.701;16.482;0.927;0.03
2010;MG;São Sebastião da Bela Vista;-22.1550057868;-45.7547892089;4948.0;62.328;3.759;33.65;0.263;0.0
2010;MG;São Sebastião da Vargem Alegre;-21.0738303381;-42.6386658919;2798.0;70.944;3.431;25.411;0.179;0.036
2010;MG;São Sebastião do Anta;-19.5001070899;-41.9795988985;5739.0;34.954;2.283;60.185;2.579;0.0
2010;MG;São Sebastião do Maranhão;-18.0913715113;-42.5657456967;10647.0;18.991;1.869;78.98;0.141;0.019
2010;MG;São Sebastião do Oeste;-20.2740951952;-45.003133987;5805.0;64.961;3.204;31.404;0.396;0.034
2010;MG;São Sebastião do Paraíso;-20.9180654486;-46.9864718256;64980.0;66.111;4.838;28.395;0.576;0.08
2010;MG;São Sebastião do Rio Preto;-19.2857666703;-43.1747344223;1613.0;37.88;5.766;52.883;3.224;0.248
2010;MG;São Sebastião do Rio Verde;-22.2150562279;-44.9777360534;2110.0;72.891;1.801;25.261;0.047;0.0
2010;MG;São Tiago;-20.9009463499;-44.5039924427;10561.0;62.551;9.317;27.829;0.208;0.095
2010;MG;São Tomás de Aquino;-20.784994387;-47.0967829719;7093.0;56.633;6.02;36.458;0.691;0.197
2010;MG;São Tomé das Letras;-21.7207227802;-44.9870084546;6655.0;59.053;9.512;30.774;0.616;0.045
2010;MG;São Vicente de Minas;-21.6974718375;-44.4546835036;7008.0;44.649;16.966;36.915;1.356;0.114
2010;MG;Sapucaí-Mirim;-22.7515963809;-45.7409257376;6241.0;79.635;2.403;17.417;0.481;0.064
2010;MG;Sardoá;-18.7832653469;-42.3661292229;5594.0;28.924;6.525;62.746;1.68;0.125
2010;MG;Sarzedo;-20.0345349208;-44.1458673613;25814.0;32.754;11.277;53.982;1.801;0.186
2010;MG;Setubinha;-17.5970190167;-42.1664383108;10885.0;12.485;14.368;71.98;1.158;0.009
2010;MG;Sem-Peixe;-20.1025363692;-42.8419017302;2847.0;28.732;9.413;61.328;0.527;0.0
2010;MG;Senador Amaral;-22.5887215666;-46.1802335938;5219.0;85.438;2.338;11.171;1.054;0.0
2010;MG;Senador Cortes;-21.8025169575;-42.9443320994;1988.0;44.215;27.918;26.861;1.006;0.0
2010;MG;Senador Firmino;-20.9180596003;-43.1041303933;7230.0;60.692;7.068;31.715;0.498;0.028
2010;MG;Senador José Bento;-22.1666066777;-46.1794726958;1868.0;82.173;3.587;13.758;0.482;0.0
2010;MG;Senador Modestino Gonçalves;-17.9460246708;-43.2229754715;4570.0;24.967;11.751;62.735;0.547;0.0
2010;MG;Senhora de Oliveira;-20.7938997632;-43.337731994;5683.0;51.909;7.302;40.718;0.07;0.0
2010;MG;Senhora do Porto;-18.89800802;-43.0817557208;3497.0;24.764;11.696;63.197;0.343;0.0
2010;MG;Senhora dos Remédios;-21.0330829642;-43.5863819522;10196.0;61.642;4.453;32.63;1.255;0.02
2010;MG;Sericita;-20.4715553545;-42.4820072656;7128.0;40.797;5.976;52.988;0.182;0.056
2010;MG;Seritinga;-21.9113492777;-44.5214453518;1789.0;68.865;5.422;25.713;0.0;0.0
2010;MG;Serra Azul de Minas;-18.362279725;-43.1744593091;4220.0;11.398;8.673;79.455;0.474;0.0
2010;MG;Serra da Saudade;-19.4405622458;-45.7965895747;815.0;45.767;3.926;50.307;0.0;0.0
2010;MG;Serra dos Aimorés;-17.7857470183;-40.2431685749;8412.0;27.021;8.809;62.744;1.189;0.238
2010;MG;Serra do Salitre;-19.1117957635;-46.6921087262;10549.0;51.095;10.115;37.435;1.213;0.142
2010;MG;Serrania;-21.546680652;-46.0431449358;7542.0;60.077;10.78;28.6;0.464;0.08
2010;MG;Serranópolis de Minas;-15.8087837821;-42.8743863931;4425.0;30.463;11.819;56.384;1.22;0.113
2010;MG;Serranos;-21.8887817979;-44.5067541647;1995.0;62.757;4.812;31.729;0.702;0.0
2010;MG;Serro;-18.6044422453;-43.3886312681;20835.0;13.832;9.105;75.796;1.219;0.048
2010;MG;Sete Lagoas;-19.4582874188;-44.2395946156;214151.0;33.025;9.074;56.546;1.232;0.123
2010;MG;Silveirânia;-21.1646375385;-43.2178784698;2192.0;65.739;8.942;24.544;0.776;0.0
2010;MG;Silvianópolis;-22.0279972639;-45.8324471456;6027.0;80.355;4.048;15.032;0.564;0.0
2010;MG;Simão Pereira;-21.9648567892;-43.3149558126;2537.0;35.396;28.538;36.066;0.0;0.0
2010;MG;Simonésia;-20.1220295974;-42.0038567487;18298.0;41.103;5.503;50.995;2.295;0.104
2010;MG;Sobrália;-19.2355492879;-42.0986538397;5830.0;38.748;7.015;51.201;2.933;0.103
2010;MG;Soledade de Minas;-22.0592064058;-45.041022642;5676.0;73.714;5.321;20.825;0.123;0.018
2010;MG;Tabuleiro;-21.3575776594;-43.2456052646;4079.0;62.344;9.782;27.384;0.49;0.0
2010;MG;Taiobeiras;-15.8115214377;-42.2279155456;30917.0;34.703;4.344;60.436;0.518;0.0
2010;MG;Taparuba;-19.7614695843;-41.6158581306;3137.0;43.322;5.642;50.972;0.064;0.0
2010;MG;Tapira;-19.9255792183;-46.8219153622;4112.0;60.141;2.626;36.017;1.07;0.146
2010;MG;Tapiraí;-19.8858056069;-46.0185702098;1873.0;58.462;2.349;38.975;0.214;0.0
2010;MG;Taquaraçu de Minas;-19.6738480484;-43.6871427897;3794.0;26.647;10.938;60.807;1.45;0.158
2010;MG;Tarumirim;-19.2814948728;-42.0077345774;14293.0;36.353;5.128;58.273;0.245;0.0
2010;MG;Teixeiras;-20.6490665251;-42.8626438044;11355.0;49.793;13.598;35.535;1.004;0.07
2010;MG;Teófilo Otoni;-17.862539808;-41.5096351658;134744.0;26.573;11.356;61.059;0.859;0.153
2010;MG;Timóteo;-19.5840503585;-42.6439423108;81243.0;39.67;12.962;45.571;1.641;0.156
2010;MG;Tiradentes;-21.1070434368;-44.1726923811;6961.0;58.325;6.694;33.846;1.02;0.115
2010;MG;Tiros;-19.0039173801;-45.9635510992;6906.0;71.489;3.707;23.646;1.144;0.014
2010;MG;Tocantins;-21.175549526;-43.0186995084;15823.0;47.203;11.035;40.934;0.689;0.139
2010;MG;Tocos do Moji;-22.3716455947;-46.0964468007;3950.0;90.43;1.215;7.949;0.405;0.0
2010;MG;Toledo;-22.7433948081;-46.3789726565;5764.0;86.572;1.197;12.023;0.173;0.035
2010;MG;Tombos;-20.9025892251;-42.0146816211;9537.0;50.414;15.969;32.62;0.818;0.178
2010;MG;Três Corações;-21.6959657769;-45.2549368732;72765.0;47.847;12.836;38.554;0.638;0.125
2010;MG;Três Marias;-18.205921224;-45.2257352467;28318.0;27.686;5.682;66.159;0.424;0.049
2010;MG;Três Pontas;-21.3687699217;-45.515474797;53860.0;49.673;10.312;39.398;0.566;0.05
2010;MG;Tumiritinga;-18.9766076612;-41.6379804794;6293.0;24.71;11.839;61.592;1.796;0.064
2010;MG;Tupaciguara;-18.5993525644;-48.6937358802;24188.0;53.266;6.032;39.759;0.897;0.045
2010;MG;Turmalina;-17.2864120943;-42.7304145448;18055.0;35.32;2.481;61.141;1.036;0.022
2010;MG;Turvolândia;-21.8793890057;-45.7967357927;4658.0;68.313;2.211;27.973;1.503;0.0
2010;MG;Ubá;-21.1185969515;-42.9367864644;101519.0;52.844;10.272;35.607;1.126;0.151
2010;MG;Ubaí;-16.2974045209;-44.7870862055;11681.0;21.496;15.067;62.298;1.139;0.0
2010;MG;Ubaporanga;-19.6413620049;-42.1092163271;12040.0;35.889;6.179;57.566;0.332;0.033
2010;MG;Uberaba;-19.7135346071;-47.9836248956;295988.0;61.878;9.114;27.96;0.912;0.137
2010;MG;Uberlândia;-18.9189986093;-48.2779501847;603980.0;55.804;8.323;34.595;1.125;0.153
2010;MG;Umburatiba;-17.2536072103;-40.5726450205;2705.0;27.505;9.982;59.482;1.701;1.331
2010;MG;Unaí;-16.3590084925;-46.8999565953;77565.0;39.188;6.761;52.476;1.483;0.093
2010;MG;União de Minas;-19.5297366441;-50.3308029414;4418.0;46.469;7.017;44.726;1.788;0.0
2010;MG;Uruana de Minas;-16.0600251971;-46.2562288734;3235.0;26.801;4.235;67.79;1.144;0.031
2010;MG;Urucânia;-20.3508704157;-42.7412284517;10291.0;22.816;17.063;57.681;2.41;0.029
2010;MG;Urucuia;-16.132091017;-45.7370281844;13604.0;15.723;7.255;76.522;0.5;0.0
2010;MG;Vargem Alegre;-19.6007202041;-42.2998154823;6461.0;34.948;8.575;54.93;1.548;0.0
2010;MG;Vargem Bonita;-20.3267766484;-46.3724569794;2163.0;60.656;1.156;38.049;0.139;0.0
2010;MG;Vargem Grande do Rio Pardo;-15.4024006159;-42.3092908663;4733.0;38.094;2.768;58.927;0.211;0.0
2010;MG;Varginha;-21.5570800391;-45.4318861443;123081.0;58.479;9.173;31.746;0.546;0.056
2010;MG;Varjão de Minas;-18.3837044638;-46.0335015457;6054.0;43.855;5.203;49.604;1.107;0.231
2010;MG;Várzea da Palma;-17.5975701771;-44.7303465827;35809.0;23.581;10.953;63.992;1.455;0.02
2010;MG;Varzelândia;-15.7088710523;-44.0279481432;19116.0;26.522;8.611;64.354;0.46;0.052
2010;MG;Vazante;-17.9910384302;-46.9019668858;19723.0;40.212;7.392;51.448;0.913;0.035
2010;MG;Verdelândia;-15.5945423473;-43.6060222624;8346.0;17.673;24.946;55.08;2.289;0.012
2010;MG;Veredinha;-17.3939690803;-42.73593024;5549.0;27.212;3.046;67.778;1.928;0.036
2010;MG;Veríssimo;-19.6693578326;-48.3037105803;3483.0;64.37;9.762;25.237;0.632;0.0
2010;MG;Vermelho Novo;-20.0347660883;-42.2683458174;4689.0;34.89;3.604;61.207;0.299;0.0
2010;MG;Vespasiano;-19.6930304398;-43.9199151867;104527.0;28.193;13.76;55.927;2.023;0.097
2010;MG;Viçosa;-20.752072007;-42.8794773757;72219.0;46.543;14.727;37.785;0.807;0.137
2010;MG;Vieiras;-20.8653406932;-42.2458035423;3731.0;56.017;6.218;37.282;0.482;0.0
2010;MG;Mathias Lobato;-18.5795889083;-41.9233604609;3370.0;14.303;14.481;69.347;1.869;0.0
2010;MG;Virgem da Lapa;-16.802148857;-42.3432810666;13619.0;16.147;12.204;70.776;0.859;0.015
2010;MG;Virgínia;-22.3369720668;-45.095425163;8623.0;84.646;2.493;12.675;0.186;0.0
2010;MG;Virginópolis;-18.8251403925;-42.7148044703;10572.0;32.302;6.413;60.509;0.738;0.038
2010;MG;Virgolândia;-18.4760617048;-42.3108100373;5658.0;26.971;5.85;66.79;0.389;0.0
2010;MG;Visconde do Rio Branco;-21.0119895771;-42.839389391;37942.0;46.571;11.504;40.831;1.044;0.05
2010;MG;Volta Grande;-21.7707111492;-42.5412849474;5070.0;35.878;30.927;32.544;0.631;0.02
2010;MG;Wenceslau Braz;-22.5290130397;-45.3567739531;2553.0;76.263;2.507;21.152;0.078;0.0
2010;ES;Afonso Cláudio;-20.0770400099;-41.1254597172;31091.0;54.315;5.452;39.487;0.618;0.129
2010;ES;Águia Branca;-18.9873613695;-40.7366381674;9519.0;37.42;4.769;57.601;0.21;0.0
2010;ES;Água Doce do Norte;-18.5455464913;-40.9764559119;11771.0;30.125;4.885;64.056;0.875;0.059
2010;ES;Alegre;-20.7632651351;-41.5364883188;30768.0;51.16;10.257;37.88;0.523;0.179
2010;ES;Alfredo Chaves;-20.6303475372;-40.7600496464;13955.0;67.481;3.468;28.613;0.294;0.143
2010;ES;Alto Rio Novo;-19.0574996056;-41.0186843433;7317.0;34.481;5.576;59.437;0.506;0.0
2010;ES;Anchieta;-20.8056132242;-40.6476589422;23902.0;42.298;6.727;49.77;0.703;0.502
2010;ES;Apiacá;-21.1564478853;-41.5633797609;7512.0;49.042;16.387;33.826;0.719;0.027
2010;ES;Aracruz;-19.8232777404;-40.2762233764;81832.0;35.133;6.196;54.422;0.534;3.715
2010;ES;Atilio Vivacqua;-20.9158966202;-41.1912419095;9850.0;44.213;10.772;43.817;1.168;0.03
2010;ES;Baixo Guandu;-19.5142461286;-41.0120677359;29077.0;40.675;6.775;52.096;0.368;0.086
2010;ES;Barra de São Francisco;-18.7590890533;-40.890398624;40649.0;32.239;5.67;61.669;0.374;0.047
2010;ES;Boa Esperança;-18.5387151622;-40.3029556431;14199.0;31.847;6.479;61.047;0.528;0.099
2010;ES;Bom Jesus do Norte;-21.1293417884;-41.6758105078;9476.0;49.894;14.785;34.508;0.718;0.095
2010;ES;Brejetuba;-20.1570341862;-41.2896765285;11915.0;44.264;4.683;49.534;1.251;0.269
2010;ES;Cachoeiro de Itapemirim;-20.8501123497;-41.1119188104;189883.0;47.765;10.435;41.174;0.533;0.093
2010;ES;Cariacica;-20.2946777965;-40.3905591047;348738.0;32.579;9.563;57.028;0.66;0.171
2010;ES;Castelo;-20.6020650861;-41.202212704;34747.0;63.036;6.732;29.833;0.285;0.115
2010;ES;Colatina;-19.5362700836;-40.630317554;111788.0;46.736;5.366;47.53;0.306;0.063
2010;ES;Conceição da Barra;-18.5984623009;-39.7274744194;28449.0;23.46;16.025;59.369;0.924;0.221
2010;ES;Conceição do Castelo;-20.3655811138;-41.2453480412;11681.0;52.906;8.724;37.617;0.685;0.068
2010;ES;Divino de São Lourenço;-20.6204706519;-41.6799763283;4516.0;63.53;8.88;26.86;0.487;0.244
2010;ES;Domingos Martins;-20.3642385224;-40.6593963546;31847.0;71.756;2.889;24.891;0.414;0.05
2010;ES;Dores do Rio Preto;-20.6928939053;-41.8495773625;6397.0;67.375;9.567;22.714;0.281;0.063
2010;ES;Ecoporanga;-18.3752523795;-40.8300811593;23212.0;22.669;7.462;69.111;0.728;0.03
2010;ES;Fundão;-19.9334471177;-40.403765444;17025.0;38.109;8.376;52.957;0.441;0.117
2010;ES;Governador Lindenberg;-19.2528074444;-40.4577660614;10869.0;49.885;4.177;45.579;0.304;0.055
2010;ES;Guaçuí;-20.7753378053;-41.6794962927;27851.0;54.921;10.395;34.29;0.37;0.025
2010;ES;Guarapari;-20.6659745796;-40.4950210195;105286.0;41.491;8.223;49.455;0.599;0.232
2010;ES;Ibatiba;-20.2340203463;-41.5072079995;22366.0;55.11;3.443;41.031;0.322;0.094
2010;ES;Ibiraçu;-19.8318799981;-40.3716661789;11178.0;42.458;7.005;50.197;0.259;0.081
2010;ES;Ibitirama;-20.5387309666;-41.6594124009;8957.0;59.518;7.447;32.757;0.279;0.0
2010;ES;Iconha;-20.7971447539;-40.8112210453;12523.0;68.825;2.132;28.843;0.152;0.048
2010;ES;Irupi;-20.3485970393;-41.6475278615;11723.0;58.074;5.161;36.16;0.529;0.077
2010;ES;Itaguaçu;-19.8025077112;-40.8565984866;14134.0;53.382;5.448;40.526;0.488;0.156
2010;ES;Itapemirim;-21.0110996273;-40.8361451168;30988.0;48.854;5.902;44.575;0.584;0.084
2010;ES;Itarana;-19.872348006;-40.8797910822;10881.0;63.514;3.878;32.405;0.138;0.064
2010;ES;Iúna;-20.3485995138;-41.5328886935;27328.0;52.558;7.15;39.469;0.739;0.084
2010;ES;Jaguaré;-18.9004359095;-40.0861409924;24678.0;34.286;12.525;51.933;1.021;0.235
2010;ES;Jerônimo Monteiro;-20.7976978983;-41.4029345745;10879.0;51.917;10.516;37.071;0.469;0.028
2010;ES;João Neiva;-19.7529585989;-40.3808804853;15809.0;47.947;5.94;45.575;0.417;0.12
2010;ES;Laranja da Terra;-19.8986934504;-41.0552443545;10826.0;72.418;4.203;23.028;0.314;0.037
2010;ES;Linhares;-19.3981059345;-40.0653057987;141306.0;35.848;8.626;54.594;0.717;0.214
2010;ES;Mantenópolis;-18.8611789662;-41.1177374788;13612.0;29.738;5.51;64.017;0.669;0.066
2010;ES;Marataízes;-21.0429962753;-40.8301872857;34140.0;59.646;4.11;35.726;0.445;0.073
2010;ES;Marechal Floriano;-20.426708592;-40.6803834329;14262.0;58.975;7.117;33.172;0.519;0.217
2010;ES;Marilândia;-19.4128127578;-40.5509510036;11107.0;60.277;3.7;35.77;0.153;0.099
2010;ES;Mimoso do Sul;-21.0653735082;-41.3644252659;25902.0;45.367;10.81;42.699;0.981;0.143
2010;ES;Montanha;-18.1268566472;-40.3634208796;17849.0;29.341;6.572;63.443;0.476;0.168
2010;ES;Mucurici;-18.0972363796;-40.5179268365;5655.0;23.731;6.189;69.408;0.672;0.0
2010;ES;Muniz Freire;-20.4565455935;-41.4175137804;18397.0;53.226;5.805;40.637;0.326;0.005
2010;ES;Muqui;-20.9536923095;-41.3462139984;14396.0;46.159;10.941;42.158;0.709;0.035
2010;ES;Nova Venécia;-18.7129060016;-40.401547877;46031.0;42.623;5.622;51.383;0.311;0.061
2010;ES;Pancas;-19.2244197861;-40.8560031007;21548.0;40.895;6.52;52.209;0.329;0.046
2010;ES;Pedro Canário;-18.2971915039;-39.9549369519;23791.0;24.211;11.265;62.864;1.345;0.315
2010;ES;Pinheiros;-18.4133233436;-40.2177280802;23895.0;25.637;8.529;64.892;0.808;0.134
2010;ES;Piúma;-20.8376088997;-40.7279809404;18123.0;52.508;5.098;41.709;0.502;0.182
2010;ES;Ponto Belo;-18.1291260855;-40.5381337771;6979.0;22.797;5.144;71.07;0.788;0.201
2010;ES;Presidente Kennedy;-21.1001484085;-41.0518956306;10314.0;36.591;10.083;52.598;0.679;0.048
2010;ES;Rio Bananal;-19.2770864859;-40.3224784283;17530.0;52.995;4.626;42.054;0.171;0.154
2010;ES;Rio Novo do Sul;-20.8645861497;-40.9362283555;11325.0;56.106;2.746;41.095;0.053;0.0
2010;ES;Santa Leopoldina;-20.0988906925;-40.5332096123;12240.0;61.095;3.415;35.18;0.278;0.033
2010;ES;Santa Maria de Jetibá;-20.0288140582;-40.7416178006;34176.0;81.815;1.905;15.648;0.609;0.023
2010;ES;Santa Teresa;-19.9377143169;-40.5989977217;21823.0;65.408;3.657;30.514;0.33;0.092
2010;ES;São Domingos do Norte;-19.14816851;-40.6218777327;8001.0;48.319;6.287;45.032;0.175;0.187
2010;ES;São Gabriel da Palha;-19.0219647532;-40.5295995076;31859.0;49.584;3.465;46.678;0.226;0.047
2010;ES;São José do Calçado;-21.0261302467;-41.6560878498;10408.0;48.943;15.075;35.684;0.24;0.058
2010;ES;São Mateus;-18.7184469679;-39.8582005956;109028.0;28.366;13.728;57.048;0.729;0.129
2010;ES;São Roque do Canaã;-19.7253072048;-40.6431387555;11273.0;65.644;4.826;29.38;0.142;0.009
2010;ES;Serra;-20.1567698424;-40.2752170367;409256.0;31.34;10.447;57.0;0.917;0.296
2010;ES;Sooretama;-19.1919496279;-40.0964908071;23843.0;28.65;9.63;60.659;0.981;0.08
2010;ES;Vargem Alta;-20.6716781988;-41.0071483602;19130.0;54.004;8.228;37.036;0.653;0.078
2010;ES;Venda Nova do Imigrante;-20.3315181774;-41.1290532111;20447.0;61.902;4.856;32.489;0.597;0.157
2010;ES;Viana;-20.3908625112;-40.4956243355;65001.0;31.041;8.514;59.761;0.526;0.158
2010;ES;Vila Pavão;-18.6208034523;-40.6024114108;8672.0;54.255;2.848;42.528;0.242;0.127
2010;ES;Vila Valério;-18.9936174389;-40.3905897774;13830.0;49.978;3.811;45.539;0.571;0.101
2010;ES;Vila Velha;-20.3383741042;-40.2939566369;414584.0;43.719;7.932;47.465;0.641;0.244
2010;ES;Vitória;-20.3201537929;-40.3222087267;327799.0;47.324;9.247;42.428;0.697;0.304
2010;RJ;Angra dos Reis;-23.0091159353;-44.3196272623;169485.0;51.249;7.728;39.362;1.366;0.296
2010;RJ;Aperibé;-21.6194217698;-42.1049166541;10213.0;70.684;5.826;23.127;0.313;0.049
2010;RJ;Araruama;-22.8774383874;-42.3410960232;112006.0;43.83;13.589;41.829;0.623;0.129
2010;RJ;Areal;-22.2369120036;-43.1010698052;11423.0;50.967;13.245;35.175;0.578;0.035
2010;RJ;Armação dos Búzios;-22.7577637929;-41.8877494681;27560.0;50.809;10.421;37.906;0.784;0.08
2010;RJ;Arraial do Cabo;-22.9676382776;-42.0283359676;27715.0;55.674;8.075;35.681;0.296;0.274
2010;RJ;Barra do Piraí;-22.4695962921;-43.8284524538;94778.0;42.885;18.186;37.951;0.848;0.13
2010;RJ;Barra Mansa;-22.5453011339;-44.1724313737;177813.0;51.268;12.52;35.664;0.503;0.043
2010;RJ;Belford Roxo;-22.7645559675;-43.3996249708;469292.0;32.355;15.406;51.191;0.981;0.067
2010;RJ;Bom Jardim;-22.1533052283;-42.4172114823;25332.0;68.475;9.873;18.862;2.755;0.036
2010;RJ;Bom Jesus do Itabapoana;-21.1344974419;-41.677679795;35411.0;53.721;12.188;33.411;0.613;0.068
2010;RJ;Cabo Frio;-22.8807646671;-42.0200748019;186222.0;47.871;12.124;39.188;0.674;0.143
2010;RJ;Cachoeiras de Macacu;-22.4675708722;-42.6631643573;54273.0;42.518;10.014;46.393;1.002;0.072
2010;RJ;Cambuci;-21.5772767097;-41.9086360047;14827.0;58.582;11.304;29.905;0.155;0.054
2010;RJ;Carapebus;-22.1825947274;-41.6640105959;13359.0;36.612;9.948;52.444;0.883;0.112
2010;RJ;Comendador Levy Gasparian;-22.0333589384;-43.2172237156;8180.0;36.039;19.927;42.689;1.296;0.049
2010;RJ;Campos dos Goytacazes;-21.7518986321;-41.3304764919;463669.0;48.545;14.13;36.616;0.644;0.065
2010;RJ;Cantagalo;-21.9818398588;-42.365977599;19830.0;48.875;19.657;30.59;0.817;0.061
2010;RJ;Cardoso Moreira;-21.4961573567;-41.6132963462;12600.0;56.849;11.183;30.325;1.611;0.032
2010;RJ;Carmo;-21.9293117801;-42.6097176407;17434.0;50.258;18.602;30.452;0.625;0.063
2010;RJ;Casimiro de Abreu;-22.4795365026;-42.2042105444;35347.0;47.243;11.478;40.73;0.433;0.116
2010;RJ;Conceição de Macabu;-22.0878715265;-41.8677585057;21211.0;39.682;15.454;43.614;1.16;0.09
2010;RJ;Cordeiro;-22.0277765631;-42.3630305379;20430.0;57.381;19.339;22.849;0.416;0.015
2010;RJ;Duas Barras;-22.0589060899;-42.5150976315;10930.0;55.425;16.13;27.438;0.915;0.091
2010;RJ;Duque de Caxias;-22.7852532497;-43.3098880717;855048.0;35.254;14.4;49.126;1.119;0.101
2010;RJ;Engenheiro Paulo de Frontin;-22.5436846647;-43.679476829;13237.0;49.853;9.927;39.208;0.914;0.098
2010;RJ;Guapimirim;-22.5195957941;-42.9783297043;51483.0;38.65;14.589;45.972;0.738;0.051
2010;RJ;Iguaba Grande;-22.8390569837;-42.2221245423;22843.0;51.206;10.366;37.758;0.617;0.053
2010;RJ;Itaboraí;-22.7458630174;-42.8603434262;218008.0;36.139;12.11;51.084;0.572;0.096
2010;RJ;Itaguaí;-22.8712507684;-43.7750406349;109087.0;39.232;10.106;49.509;1.017;0.137
2010;RJ;Italva;-21.425103278;-41.6909647605;14063.0;56.73;7.474;34.253;1.493;0.05
2010;RJ;Itaocara;-21.6705026733;-42.0777295246;22899.0;68.156;9.717;21.87;0.231;0.026
2010;RJ;Itaperuna;-21.2105910848;-41.8862031767;95838.0;48.46;13.613;36.807;1.049;0.072
2010;RJ;Itatiaia;-22.4970145997;-44.5627719942;28782.0;49.1;10.232;39.844;0.73;0.094
2010;RJ;Japeri;-22.6448185711;-43.653785801;95492.0;28.758;16.498;52.926;1.76;0.058
2010;RJ;Laje do Muriaé;-21.2057208352;-42.1311744192;7487.0;36.717;20.008;42.567;0.695;0.013
2010;RJ;Macaé;-22.3687049744;-41.7750642855;206724.0;41.679;13.522;43.802;0.89;0.107
2010;RJ;Macuco;-21.9902295051;-42.2570738797;5269.0;47.125;27.387;25.071;0.418;0.0
2010;RJ;Magé;-22.6543487574;-43.0402461327;227309.0;35.519;15.361;47.724;1.29;0.106
2010;RJ;Mangaratiba;-22.9617119412;-44.0411265454;36456.0;44.352;8.69;46.481;0.398;0.08
2010;RJ;Maricá;-22.9169553374;-42.8198241148;127461.0;53.982;7.524;37.93;0.454;0.11
2010;RJ;Mendes;-22.5174226019;-43.7214868877;17935.0;48.04;14.352;37.123;0.452;0.033
2010;RJ;Mesquita;-22.7680879226;-43.4292237631;168369.0;36.88;14.376;47.79;0.864;0.089
2010;RJ;Miguel Pereira;-22.4554266084;-43.4746761215;24642.0;48.77;10.904;40.005;0.264;0.057
2010;RJ;Miracema;-21.4111632992;-42.1984114072;26843.0;40.878;20.292;37.492;1.185;0.153
2010;RJ;Natividade;-21.043756989;-41.9764403133;15082.0;45.279;12.107;41.758;0.796;0.06
2010;RJ;Nilópolis;-22.8075142239;-43.4166099809;157425.0;41.673;14.016;43.754;0.501;0.055
2010;RJ;Niterói;-22.8964523851;-43.0758231673;487533.0;63.537;9.442;26.33;0.557;0.134
2010;RJ;Nova Friburgo;-22.2864614592;-42.532771263;182081.0;72.011;8.466;18.954;0.478;0.091
2010;RJ;Nova Iguaçu;-22.7598348263;-43.4503453299;796256.0;36.227;14.153;48.622;0.904;0.094
2010;RJ;Paracambi;-22.6097271621;-43.709384563;47124.0;42.934;13.237;42.639;1.129;0.062
2010;RJ;Paraíba do Sul;-22.1619815422;-43.2895444648;41084.0;47.004;15.201;37.416;0.355;0.024
2010;RJ;Paraty;-23.2194136073;-44.710858502;37533.0;49.951;7.375;41.377;0.642;0.655
2010;RJ;Paty do Alferes;-22.4274146332;-43.4248709167;26359.0;44.527;11.882;42.828;0.725;0.038
2010;RJ;Petrópolis;-22.510598612;-43.1773365767;295917.0;63.219;11.012;25.328;0.371;0.07
2010;RJ;Pinheiral;-22.5156739858;-44.000354557;22719.0;47.568;15.106;36.313;0.885;0.128
2010;RJ;Piraí;-22.6287569098;-43.8993511858;26314.0;46.432;14.509;38.386;0.631;0.042
2010;RJ;Porciúncula;-20.962607627;-42.0401563585;17760.0;42.855;14.831;41.729;0.484;0.101
2010;RJ;Porto Real;-22.4329484238;-44.296900735;16592.0;41.381;15.291;42.249;0.94;0.139
2010;RJ;Quatis;-22.4099186617;-44.2627113016;12793.0;47.26;13.664;38.294;0.727;0.055
2010;RJ;Queimados;-22.7174304901;-43.5556695471;137962.0;33.348;16.563;48.461;1.551;0.077
2010;RJ;Quissamã;-22.1066401655;-41.4725094001;20242.0;33.89;10.503;54.15;1.393;0.064
2010;RJ;Resende;-22.4711835861;-44.4436134229;119763.0;51.776;11.823;35.668;0.638;0.095
2010;RJ;Rio Bonito;-22.7112715026;-42.6259978412;55551.0;42.332;12.896;43.924;0.781;0.067
2010;RJ;Rio Claro;-22.731726834;-44.1394056377;17425.0;58.273;9.779;31.024;0.907;0.017
2010;RJ;Rio das Flores;-22.1718622438;-43.5764329481;8561.0;40.03;23.479;35.557;0.923;0.012
2010;RJ;Rio das Ostras;-22.5239411858;-41.9369671272;105676.0;50.899;9.545;38.872;0.562;0.122
2010;RJ;Rio de Janeiro;-22.8766521182;-43.227875125;6319361.0;51.189;11.46;36.509;0.736;0.107
2010;RJ;Santa Maria Madalena;-21.9660944707;-42.0144449928;10321.0;47.902;16.229;35.297;0.407;0.165
2010;RJ;Santo Antônio de Pádua;-21.5359771209;-42.1779115575;40589.0;54.564;14.679;30.04;0.65;0.067
2010;RJ;São Francisco de Itabapoana;-21.4801381323;-41.1177197286;41354.0;48.414;8.098;42.879;0.585;0.024
2010;RJ;São Fidélis;-21.6436265466;-41.7555923123;37543.0;60.842;10.391;28.226;0.522;0.019
2010;RJ;São Gonçalo;-22.829547313;-43.032335062;999686.0;43.497;12.3;43.586;0.525;0.091
2010;RJ;São João da Barra;-21.6404577524;-41.0503481455;32747.0;66.101;4.981;28.427;0.431;0.061
2010;RJ;São João de Meriti;-22.8023308086;-43.371884603;458660.0;35.554;15.769;47.604;0.985;0.089
2010;RJ;São José de Ubá;-21.3602211098;-41.9412319414;7003.0;44.481;8.796;46.123;0.585;0.014
2010;RJ;São José do Vale do Rio Preto;-22.1497395105;-42.9233683013;20251.0;69.997;8.286;21.352;0.232;0.133
2010;RJ;São Pedro da Aldeia;-22.8372031948;-42.1035286702;87875.0;48.114;11.36;39.713;0.658;0.155
2010;RJ;São Sebastião do Alto;-21.9544634109;-42.1302196785;8891.0;49.736;19.638;30.458;0.146;0.022
2010;RJ;Sapucaia;-21.9939558652;-42.9141753605;17525.0;54.454;15.469;29.541;0.531;0.006
2010;RJ;Saquarema;-22.931127416;-42.49669405;74226.0;50.636;11.66;37.126;0.485;0.093
2010;RJ;Seropédica;-22.743011068;-43.7019252212;78183.0;39.465;12.133;47.29;0.98;0.132
2010;RJ;Silva Jardim;-22.6543301984;-42.3898259274;21349.0;36.264;13.752;48.658;1.237;0.089
2010;RJ;Sumidouro;-22.0506694108;-42.6786255811;14900.0;68.477;10.624;20.443;0.436;0.02
2010;RJ;Tanguá;-22.7339374343;-42.7211719484;30732.0;31.547;12.498;54.956;0.979;0.02
2010;RJ;Teresópolis;-22.4090049456;-42.9629567139;163746.0;63.915;8.752;26.849;0.428;0.056
2010;RJ;Trajano de Moraes;-22.0613797048;-42.0548152486;10289.0;53.096;13.616;32.034;1.225;0.029
2010;RJ;Três Rios;-22.117448001;-43.2116094443;77426.0;43.538;18.6;36.741;1.086;0.035
2010;RJ;Valença;-22.2447194312;-43.7048436783;71843.0;49.597;15.612;34.246;0.466;0.079
2010;RJ;Varre-Sai;-20.9292976639;-41.8632953883;9475.0;62.047;11.05;26.301;0.602;0.0
2010;RJ;Vassouras;-22.409007573;-43.6638740245;34410.0;44.237;16.946;37.693;1.0;0.125
2010;RJ;Volta Redonda;-22.5099676008;-44.0935218847;257803.0;52.726;13.104;33.41;0.694;0.066
2010;SP;Adamantina;-21.68831148;-51.0733647496;33797.0;72.861;2.512;21.963;2.577;0.086
2010;SP;Adolfo;-21.2327297773;-49.6497214256;3557.0;80.855;2.249;16.699;0.169;0.028
2010;SP;Aguaí;-22.059684;-46.9796931093;32148.0;68.511;5.35;25.482;0.551;0.106
2010;SP;Águas da Prata;-21.934829;-46.7167667096;7584.0;75.62;4.022;20.069;0.224;0.066
2010;SP;Águas de Lindóia;-22.4738220362;-46.6317788359;17266.0;83.887;2.531;13.026;0.463;0.093
2010;SP;Águas de Santa Bárbara;-22.8691494094;-49.2386077671;5601.0;74.915;2.517;21.193;1.357;0.018
2010;SP;Águas de São Pedro;-22.5973395539;-47.883974741;2707.0;87.218;1.515;10.307;0.96;0.0
2010;SP;Agudos;-22.474037;-48.9901562879;34524.0;64.381;4.718;30.37;0.49;0.041
2010;SP;Alambari;-23.5538988927;-47.8935883872;4884.0;72.42;1.904;25.287;0.389;0.0
2010;SP;Alfredo Marcondes;-21.9527411236;-51.4129380665;3891.0;63.763;2.878;23.387;9.895;0.077
2010;SP;Altair;-20.5233048816;-49.0601107542;3815.0;52.975;7.287;38.899;0.813;0.026
2010;SP;Altinópolis;-21.0245826446;-47.3732802929;15607.0;67.72;4.85;26.975;0.397;0.058
2010;SP;Alto Alegre;-21.5816894572;-50.1635967961;4102.0;71.892;2.34;25.037;0.658;0.073
2010;SP;Alumínio;-23.5333730478;-47.2590569185;16839.0;58.264;5.855;35.376;0.434;0.071
2010;SP;Álvares Florence;-20.3198762474;-49.9111848125;3897.0;78.342;1.463;19.682;0.513;0.0
2010;SP;Álvares Machado;-22.077778995;-51.468797273;23513.0;57.19;5.367;34.343;2.981;0.119
2010;SP;Álvaro de Carvalho;-22.076374634;-49.7206090203;4650.0;45.032;10.215;44.409;0.344;0.0
2010;SP;Alvinlândia;-22.4450101516;-49.7630330294;3000.0;60.2;10.3;28.933;0.567;0.0
2010;SP;Americana;-22.7408835;-47.3303629264;210603.0;78.868;2.928;17.364;0.758;0.082
2010;SP;Américo Brasiliense;-21.7300365;-48.1066045618;34478.0;55.673;5.148;38.628;0.534;0.017
2010;SP;Américo de Campos;-20.2964019436;-49.7270268374;5706.0;79.18;1.858;18.542;0.421;0.0
2010;SP;Amparo;-22.6993886263;-46.7650856905;65827.0;79.452;3.649;16.51;0.322;0.067
2010;SP;Analândia;-22.1287854993;-47.6607664159;4293.0;70.929;4.566;23.597;0.629;0.28
2010;SP;Andradina;-20.901463515;-51.3788477948;55334.0;59.085;4.175;34.624;2.066;0.051
2010;SP;Angatuba;-23.483987;-48.4067596165;22210.0;80.765;1.972;16.673;0.32;0.27
2010;SP;Anhembi;-22.7863209396;-48.1269268306;5653.0;71.183;4.316;23.793;0.584;0.124
2010;SP;Anhumas;-22.2932371758;-51.3860744233;3738.0;59.658;3.05;35.875;1.311;0.107
2010;SP;Aparecida;-22.848154;-45.2294293381;35007.0;69.755;4.596;25.218;0.386;0.046
2010;SP;Aparecida d'Oeste;-20.4508453725;-50.8856157062;4450.0;72.876;2.0;24.494;0.584;0.045
2010;SP;Apiaí;-24.513316;-48.8486599046;25191.0;47.64;2.922;48.66;0.707;0.071
2010;SP;Araçariguama;-23.4300408482;-47.0715476362;17080.0;56.423;5.902;36.797;0.732;0.146
2010;SP;Araçatuba;-21.205476;-50.4392260728;181574.0;65.11;4.755;27.67;2.411;0.053
2010;SP;Araçoiaba da Serra;-23.5073197972;-47.5872429386;27299.0;76.669;2.656;19.532;1.099;0.044
2010;SP;Aramina;-20.0899442071;-47.786013041;5152.0;56.075;7.842;35.345;0.679;0.058
2010;SP;Arandu;-23.1334071156;-49.0509758715;6123.0;61.326;4.802;33.562;0.278;0.033
2010;SP;Arapeí;-22.6747987233;-44.4481065568;2493.0;58.644;9.186;32.13;0.04;0.0
2010;SP;Araraquara;-21.7903595;-48.1744399375;208660.0;71.296;6.071;21.64;0.893;0.1
2010;SP;Araras;-22.3570865197;-47.3858295275;118832.0;73.006;4.915;21.702;0.34;0.037
2010;SP;Arco-Íris;-21.773914025;-50.4649108683;1925.0;55.792;2.442;32.519;0.727;8.519
2010;SP;Arealva;-22.0247674993;-48.9204148014;7836.0;76.34;3.65;19.181;0.791;0.038
2010;SP;Areias;-22.5821938859;-44.6994320051;3696.0;54.058;6.006;39.746;0.189;0.0
2010;SP;Areiópolis;-22.6739404492;-48.6655945585;10579.0;59.382;3.564;36.421;0.548;0.085
2010;SP;Ariranha;-21.1861274429;-48.7883365641;8547.0;74.26;3.674;21.587;0.328;0.152
2010;SP;Artur Nogueira;-22.5713430105;-47.1643011503;44177.0;66.505;3.316;29.488;0.625;0.066
2010;SP;Arujá;-23.395826741;-46.3204896001;74905.0;57.044;5.442;35.473;1.938;0.103
2010;SP;Aspásia;-20.1581899859;-50.7269626714;1809.0;67.662;3.261;28.358;0.719;0.0
2010;SP;Assis;-22.66283502;-50.41751004;95144.0;75.889;3.415;19.731;0.821;0.144
2010;SP;Atibaia;-23.116308;-46.5550625007;126603.0;71.008;3.424;22.816;2.663;0.088
2010;SP;Auriflama;-20.6873348995;-50.5539593332;14202.0;73.426;2.669;23.321;0.549;0.035
2010;SP;Avaí;-22.1567721163;-49.3368150412;4959.0;61.0;2.38;24.945;0.444;11.232
2010;SP;Avanhandava;-21.4608705607;-49.9426973012;11310.0;54.129;4.315;41.123;0.407;0.027
2010;SP;Avaré;-23.1031935;-48.9232631944;82934.0;74.902;4.057;19.911;1.056;0.074
2010;SP;Bady Bassitt;-20.9185637796;-49.4485737093;14603.0;75.82;2.541;20.77;0.719;0.151
2010;SP;Balbinos;-21.901523782;-49.3564734994;3655.0;52.859;9.111;37.346;0.657;0.027
2010;SP;Bálsamo;-20.7382637782;-49.57932769;8160.0;79.4;3.125;17.206;0.135;0.135
2010;SP;Bananal;-22.6826159993;-44.323330129;10223.0;52.822;10.604;36.076;0.421;0.078
2010;SP;Barão de Antonina;-23.6271105197;-49.5660638969;3116.0;74.39;1.797;20.315;0.642;2.856
2010;SP;Barbosa;-21.259025922;-49.9539885165;6593.0;52.996;6.704;39.709;0.47;0.121
2010;SP;Bariri;-22.071978;-48.7415247712;31593.0;80.091;3.393;16.143;0.31;0.063
2010;SP;Barra Bonita;-22.4911455;-48.5632292276;35246.0;75.387;3.564;20.791;0.19;0.068
2010;SP;Barra do Chapéu;-24.4714259993;-49.0271391368;5244.0;41.915;2.574;54.405;1.068;0.038
2010;SP;Barra do Turvo;-24.759386656;-48.5023434528;7729.0;38.569;3.869;56.773;0.686;0.104
2010;SP;Barretos;-20.558455515;-48.5673778395;112101.0;64.962;7.605;26.375;1.004;0.054
2010;SP;Barrinha;-21.1917435;-48.1628135185;28496.0;41.592;8.163;49.291;0.835;0.119
2010;SP;Barueri;-23.508902;-46.8746528865;240745.0;52.954;6.21;39.77;0.974;0.092
2010;SP;Bastos;-21.92103747;-50.7348708619;20445.0;46.887;2.768;38.885;11.299;0.161
2010;SP;Batatais;-20.8919295;-47.5861067269;56476.0;73.433;5.009;21.179;0.313;0.066
2010;SP;Bauru;-22.3251225;-49.0830008671;343937.0;70.661;4.955;22.69;1.568;0.126
2010;SP;Bebedouro;-20.94981552;-48.4773621747;75035.0;70.555;5.132;23.854;0.43;0.028
2010;SP;Bento de Abreu;-21.2691080212;-50.8118522148;2674.0;47.981;9.05;42.334;0.636;0.0
2010;SP;Bernardino de Campos;-23.013553004;-49.4740434847;10775.0;81.012;2.877;15.852;0.213;0.046
2010;SP;Bertioga;-23.8540145;-46.1365383351;47633.0;47.009;7.593;43.825;1.069;0.504
2010;SP;Bilac;-21.4025711352;-50.4811104805;7048.0;70.403;3.278;24.347;1.915;0.057
2010;SP;Birigui;-21.2923922882;-50.339328517;108728.0;70.827;2.681;25.33;1.097;0.064
2010;SP;Biritiba-Mirim;-23.5710333875;-46.0412122248;28575.0;62.625;4.367;27.902;4.99;0.115
2010;SP;Boa Esperança do Sul;-21.9924841634;-48.390596907;13645.0;60.967;3.972;34.863;0.183;0.015
2010;SP;Bocaina;-22.1339225457;-48.5204936244;10859.0;72.834;4.374;22.47;0.23;0.092
2010;SP;Bofete;-23.10252;-48.2600330588;9618.0;72.447;2.578;24.579;0.312;0.083
2010;SP;Boituva;-23.2819440035;-47.671473498;48314.0;69.516;4.011;25.728;0.621;0.124
2010;SP;Bom Jesus dos Perdões;-23.1308374287;-46.4664928426;19708.0;74.807;2.248;21.636;1.294;0.015
2010;SP;Bom Sucesso de Itararé;-24.3182628407;-49.1437619226;3571.0;64.688;2.38;32.736;0.14;0.056
2010;SP;Borá;-22.2701171067;-50.5448809992;805.0;58.758;3.727;37.143;0.373;0.0
2010;SP;Boracéia;-22.1932056544;-48.7792182832;4268.0;75.328;5.248;19.166;0.258;0.0
2010;SP;Borborema;-21.6215379942;-49.0726402479;14529.0;77.989;2.526;18.859;0.537;0.089
2010;SP;Borebi;-22.5678331169;-48.9715958405;2293.0;62.625;4.012;32.141;0.959;0.262
2010;SP;Botucatu;-22.8883815;-48.4412893844;127328.0;76.967;3.78;18.503;0.678;0.073
2010;SP;Bragança Paulista;-22.9568955;-46.542333374;146743.0;78.31;3.326;17.13;1.161;0.073
2010;SP;Braúna;-21.5010212085;-50.3181656103;5021.0;61.741;3.326;31.846;0.339;2.748
2010;SP;Brejo Alegre;-21.1661284994;-50.1872585083;2573.0;47.843;3.498;46.016;2.565;0.078
2010;SP;Brodowski;-20.9901403802;-47.6563979569;21107.0;75.307;4.198;20.216;0.246;0.033
2010;SP;Brotas;-22.286516985;-48.1268333241;21580.0;71.288;3.962;24.393;0.306;0.051
2010;SP;Buri;-23.799381419;-48.5974149738;18563.0;75.031;2.343;22.152;0.469;0.005
2010;SP;Buritama;-21.0670395669;-50.1492812528;15418.0;68.666;3.152;27.487;0.629;0.065
2010;SP;Buritizal;-20.1931482216;-47.7088600395;4053.0;69.627;3.282;26.548;0.518;0.025
2010;SP;Cabrália Paulista;-22.4550869581;-49.3324468331;4362.0;67.263;2.591;29.459;0.665;0.023
2010;SP;Cabreúva;-23.3126743948;-47.1336583734;41590.0;60.832;4.734;33.263;1.017;0.154
2010;SP;Caçapava;-23.1006637527;-45.7077303651;84752.0;71.413;3.992;23.933;0.622;0.04
2010;SP;Cachoeira Paulista;-22.6647543761;-45.0106304149;30091.0;68.605;5.543;25.586;0.193;0.073
2010;SP;Caconde;-21.5287380375;-46.646834879;18538.0;71.529;4.979;23.174;0.286;0.032
2010;SP;Cafelândia;-21.8097052866;-49.6003544059;16607.0;64.485;3.655;30.03;1.794;0.036
2010;SP;Caiabu;-22.0123252566;-51.2359531355;4072.0;54.936;4.003;39.612;1.449;0.0
2010;SP;Caieiras;-23.3621160547;-46.7441014177;86529.0;60.825;6.033;32.566;0.433;0.143
2010;SP;Caiuá;-21.8299102734;-51.9868926967;5039.0;47.569;7.045;44.83;0.476;0.079
2010;SP;Cajamar;-23.3609713847;-46.8829201466;64114.0;54.076;5.961;39.321;0.597;0.045
2010;SP;Cajati;-24.7263609722;-48.104999809;28372.0;52.101;3.014;43.927;0.92;0.039
2010;SP;Cajobi;-20.8790925179;-48.8101223647;9768.0;69.124;3.112;27.416;0.225;0.123
2010;SP;Cajuru;-21.2747175;-47.3042661168;23371.0;72.376;4.129;23.174;0.291;0.03
2010;SP;Campina do Monte Alegre;-23.5840768383;-48.4803990199;5567.0;70.72;1.15;27.358;0.593;0.18
2010;SP;Campinas;-22.9073425;-47.060156273;1079948.0;66.335;6.913;25.426;1.229;0.097
2010;SP;Campo Limpo Paulista;-23.2093964295;-46.7638192328;74074.0;65.182;5.343;28.843;0.52;0.112
2010;SP;Campos do Jordão;-22.7400919139;-45.5892017004;47789.0;81.222;2.425;15.625;0.697;0.031
2010;SP;Campos Novos Paulista;-22.5997489993;-50.0017947249;4539.0;71.976;2.952;24.961;0.11;0.0
2010;SP;Cananéia;-25.01690807;-47.9284828144;12226.0;59.913;4.245;33.977;0.941;0.924
2010;SP;Canas;-22.690669066;-45.0569757405;4385.0;57.035;6.75;36.009;0.137;0.068
2010;SP;Cândido Mota;-22.7469255;-50.3883931718;29884.0;76.606;2.787;20.158;0.388;0.06
2010;SP;Cândido Rodrigues;-21.3226135828;-48.6340393108;2668.0;83.696;2.511;13.118;0.487;0.187
2010;SP;Canitar;-23.0098372188;-49.7854319545;4369.0;55.94;5.264;38.476;0.298;0.023
2010;SP;Capão Bonito;-24.00680097;-48.3514345179;46178.0;72.023;1.791;24.449;1.628;0.108
2010;SP;Capela do Alto;-23.4699029553;-47.7361184436;17532.0;74.122;2.07;23.277;0.433;0.097
2010;SP;Capivari;-22.9995489146;-47.5022061547;48576.0;67.548;8.547;23.625;0.239;0.041
2010;SP;Caraguatatuba;-23.6220065;-45.4108183822;100840.0;66.249;4.442;28.298;0.913;0.098
2010;SP;Carapicuíba;-23.5352495;-46.8414454319;369557.0;51.737;8.085;39.466;0.611;0.101
2010;SP;Cardoso;-20.08099151;-49.9149423029;11805.0;58.89;4.261;35.934;0.898;0.017
2010;SP;Casa Branca;-21.77798699;-47.0797582048;28307.0;70.643;6.196;22.842;0.244;0.074
2010;SP;Cássia dos Coqueiros;-21.2850004285;-47.167105877;2634.0;75.626;4.442;19.438;0.494;0.0
2010;SP;Castilho;-20.8720265541;-51.4894070558;18003.0;52.83;4.655;41.576;0.872;0.067
2010;SP;Catanduva;-21.1395385;-48.975870939;112820.0;76.482;3.896;19.018;0.518;0.086
2010;SP;Catiguá;-21.0485799994;-49.0577421525;7127.0;66.494;2.498;30.756;0.239;0.014
2010;SP;Cedral;-20.9042319223;-49.2728415459;7972.0;84.734;3.236;11.678;0.314;0.038
2010;SP;Cerqueira César;-23.0347974993;-49.1653301709;17532.0;78.097;3.131;18.252;0.485;0.034
2010;SP;Cerquilho;-23.1686725;-47.7375313251;39617.0;79.292;2.211;18.035;0.389;0.073
2010;SP;Cesário Lange;-23.2247318359;-47.9521106554;15540.0;76.551;2.066;20.83;0.528;0.026
2010;SP;Charqueada;-22.5088824121;-47.7757002035;15085.0;72.383;3.832;23.321;0.365;0.099
2010;SP;Clementina;-21.5603100368;-50.4503486922;7065.0;57.551;4.119;37.367;0.878;0.085
2010;SP;Colina;-20.7187344994;-48.539738329;17371.0;61.217;4.841;33.049;0.697;0.196
2010;SP;Colômbia;-20.1715588433;-48.6874841798;5994.0;48.131;10.06;38.438;3.253;0.117
2010;SP;Conchal;-22.330076448;-47.1743757426;25229.0;64.537;6.814;27.881;0.745;0.024
2010;SP;Conchas;-23.0129580806;-48.0098921336;16288.0;83.012;2.106;14.63;0.141;0.111
2010;SP;Cordeirópolis;-22.4817070323;-47.4582829254;21080.0;73.126;5.166;21.229;0.408;0.071
2010;SP;Coroados;-21.3540528503;-50.2872958479;5238.0;70.256;2.367;27.014;0.267;0.095
2010;SP;Coronel Macedo;-23.6322349818;-49.3189123964;5001.0;71.226;2.36;24.735;1.5;0.18
2010;SP;Corumbataí;-22.2189967502;-47.6266101304;3874.0;73.258;4.956;21.218;0.542;0.026
2010;SP;Cosmópolis;-22.6457848859;-47.1967707768;58827.0;57.89;6.443;35.006;0.564;0.097
2010;SP;Cosmorama;-20.4770346589;-49.7788596931;7214.0;79.041;1.941;18.658;0.208;0.152
2010;SP;Cotia;-23.603514;-46.9318463279;201146.0;57.497;5.733;35.31;1.349;0.111
2010;SP;Cravinhos;-21.3404305;-47.7300423481;31691.0;69.124;4.869;25.37;0.577;0.06
2010;SP;Cristais Paulista;-20.4024919994;-47.4238064521;7588.0;63.218;5.64;30.43;0.474;0.237
2010;SP;Cruzália;-22.745498929;-50.7936661596;2274.0;72.383;1.891;24.494;0.967;0.264
2010;SP;Cruzeiro;-22.5777498804;-44.9617319606;77039.0;73.407;5.583;20.78;0.201;0.029
2010;SP;Cubatão;-23.883839;-46.4200317683;118714.0;42.562;7.747;48.832;0.651;0.207
2010;SP;Cunha;-23.0747501474;-44.9580269035;21866.0;70.713;2.547;26.338;0.348;0.055
2010;SP;Descalvado;-21.909083;-47.6206639719;31056.0;76.587;3.307;19.655;0.383;0.068
2010;SP;Diadema;-23.689295;-46.6233813932;386079.0;49.218;7.822;41.871;1.008;0.081
2010;SP;Dirce Reis;-20.4644127943;-50.6060559888;1689.0;67.14;2.605;29.07;1.184;0.0
2010;SP;Divinolândia;-21.661621506;-46.7368697868;11208.0;80.184;2.231;17.318;0.25;0.018
2010;SP;Dobrada;-21.5148043304;-48.4002427193;7939.0;49.301;4.711;45.761;0.126;0.101
2010;SP;Dois Córregos;-22.367316;-48.3826759875;24761.0;74.246;4.014;21.526;0.198;0.016
2010;SP;Dolcinópolis;-20.1228706611;-50.515363084;2096.0;70.897;3.578;24.571;0.859;0.095
2010;SP;Dourado;-22.1131671964;-48.3162358063;8609.0;79.638;5.39;14.798;0.139;0.035
2010;SP;Dracena;-21.486137535;-51.5340496601;43257.0;69.806;2.797;24.967;2.372;0.058
2010;SP;Duartina;-22.4148813758;-49.4050454106;12251.0;67.578;3.159;27.769;1.437;0.057
2010;SP;Dumont;-21.2333259994;-47.9708434494;8143.0;67.665;3.402;28.785;0.123;0.025
2010;SP;Echaporã;-22.4249969993;-50.2070061462;6318.0;61.744;2.991;34.647;0.475;0.142
2010;SP;Eldorado;-24.5253866111;-48.1032284225;14641.0;42.565;11.454;44.724;0.936;0.321
2010;SP;Elias Fausto;-23.0425367212;-47.3767742396;15775.0;67.315;4.786;27.119;0.735;0.044
2010;SP;Elisiário;-21.1644290185;-49.1108358902;3120.0;77.276;4.006;18.365;0.321;0.032
2010;SP;Embaúba;-20.9826680549;-48.8326202921;2423.0;66.859;1.898;30.582;0.537;0.124
2010;SP;Embu das Artes;-23.6473125;-46.8508599937;240227.0;44.575;8.569;46.055;0.723;0.079
2010;SP;Embu-Guaçu;-23.8318291038;-46.8171088725;62769.0;57.14;5.377;36.413;0.967;0.104
2010;SP;Emilianópolis;-21.8313089781;-51.4804314281;3020.0;58.212;3.278;36.457;1.987;0.066
2010;SP;Engenheiro Coelho;-22.4911899525;-47.2130797305;15721.0;52.172;5.477;40.933;1.31;0.108
2010;SP;Espírito Santo do Pinhal;-22.1970535;-46.7455142899;41907.0;80.731;4.381;14.637;0.224;0.026
2010;SP;Espírito Santo do Turvo;-22.6949734921;-49.4298252858;4244.0;64.538;3.417;31.503;0.377;0.165
2010;SP;Estrela d'Oeste;-20.286082204;-50.405466848;8208.0;77.169;2.315;20.041;0.463;0.012
2010;SP;Estrela do Norte;-22.490598902;-51.664176191;2658.0;51.016;4.176;44.206;0.602;0.0
2010;SP;Euclides da Cunha Paulista;-22.5549969202;-52.5908983803;9585.0;38.341;5.039;55.994;0.595;0.031
2010;SP;Fartura;-23.3889609139;-49.5120533767;15320.0;83.936;2.415;13.244;0.359;0.046
2010;SP;Fernandópolis;-20.28238299;-50.2487484306;64696.0;76.648;2.703;19.386;1.184;0.079
2010;SP;Fernando Prestes;-21.26712199;-48.6922730532;5534.0;82.02;2.042;15.649;0.217;0.072
2010;SP;Fernão;-22.3591383191;-49.5198412112;1563.0;65.899;1.472;31.67;0.96;0.0
2010;SP;Ferraz de Vasconcelos;-23.5415445;-46.3665526716;168306.0;48.018;8.152;43.234;0.482;0.113
2010;SP;Flora Rica;-21.6767339356;-51.3823008411;1752.0;52.568;5.194;41.096;0.799;0.342
2010;SP;Floreal;-20.6740312279;-50.1456890087;3003.0;80.686;3.064;15.917;0.3;0.033
2010;SP;Flórida Paulista;-21.6134276152;-51.1688764668;12848.0;58.39;3.759;36.441;1.315;0.093
2010;SP;Florínea;-22.9035687788;-50.7248224734;2829.0;72.641;4.419;22.481;0.46;0.0
2010;SP;Franca;-20.536097;-47.4023316257;318640.0;69.572;6.109;23.697;0.527;0.096
2010;SP;Francisco Morato;-23.2758255;-46.7325267047;154472.0;42.949;8.44;48.152;0.379;0.08
2010;SP;Franco da Rocha;-23.3203025;-46.7278746686;131246.0;51.943;7.497;39.978;0.456;0.125
2010;SP;Gabriel Monteiro;-21.5289801353;-50.5554608419;2708.0;68.981;2.031;27.216;1.773;0.0
2010;SP;Gália;-22.2940192483;-49.5521113298;7011.0;62.502;5.249;30.909;1.141;0.2
2010;SP;Garça;-22.21070949;-49.6565299351;43115.0;61.394;5.812;31.207;1.519;0.067
2010;SP;Gastão Vidigal;-20.7952394994;-50.1902197322;4193.0;59.289;2.862;37.658;0.191;0.0
2010;SP;Gavião Peixoto;-21.8403669023;-48.4954592027;4419.0;58.316;7.264;34.306;0.045;0.068
2010;SP;General Salgado;-20.6483693167;-50.3618137021;10669.0;68.01;3.609;27.781;0.6;0.0
2010;SP;Getulina;-21.7998305975;-49.9292835723;10765.0;56.061;5.323;37.232;1.356;0.028
2010;SP;Glicério;-21.3797778057;-50.2084167281;4565.0;64.272;4.6;30.296;0.767;0.066
2010;SP;Guaiçara;-21.6221429994;-49.798761691;10670.0;57.46;4.545;37.001;0.984;0.009
2010;SP;Guaimbê;-21.9109206589;-49.8971777502;5425.0;46.654;6.286;43.226;3.797;0.037
2010;SP;Guaíra;-20.320144335;-48.31447049;37404.0;62.683;5.874;29.454;1.952;0.037
2010;SP;Guapiaçu;-20.7964486249;-49.2191458577;17869.0;70.239;3.319;26.04;0.358;0.045
2010;SP;Guapiara;-24.1825265;-48.5276813218;17998.0;55.506;0.95;42.082;1.395;0.067
2010;SP;Guará;-20.4275570617;-47.8245929502;19858.0;50.222;11.557;37.199;1.017;0.005
2010;SP;Guaraçaí;-21.0328813876;-51.209106345;8435.0;59.265;3.853;33.017;3.841;0.024
2010;SP;Guaraci;-20.4988092129;-48.944502595;9976.0;59.443;5.964;33.751;0.601;0.241
2010;SP;Guarani d'Oeste;-20.0757055718;-50.3415338817;1970.0;73.096;1.777;24.416;0.711;0.0
2010;SP;Guarantã;-21.8951462015;-49.5948218474;6404.0;57.308;3.107;38.46;0.999;0.125
2010;SP;Guararapes;-21.253446495;-50.6426390483;30597.0;59.401;3.595;34.477;2.392;0.134
2010;SP;Guararema;-23.4152330198;-46.0410534648;25844.0;69.064;4.697;25.046;1.138;0.054
2010;SP;Guaratinguetá;-22.8174250893;-45.1916001284;112072.0;70.153;4.107;25.177;0.506;0.057
2010;SP;Guareí;-23.3731401918;-48.1845381753;14565.0;75.887;3.762;20.117;0.206;0.027
2010;SP;Guariba;-21.357996;-48.2340567272;35486.0;47.791;6.555;45.263;0.355;0.037
2010;SP;Guarujá;-23.995149;-46.2490342794;290749.0;47.032;6.688;45.467;0.648;0.165
2010;SP;Guarulhos;-23.468506;-46.5310840857;1221371.0;53.511;6.284;38.835;1.253;0.117
2010;SP;Guatapará;-21.4918946536;-48.0377293575;6966.0;54.795;5.369;34.037;5.742;0.057
2010;SP;Guzolândia;-20.6501686873;-50.6614595041;4754.0;58.435;2.735;38.199;0.61;0.021
2010;SP;Herculândia;-22.0037471807;-50.3855215981;8696.0;53.392;4.048;41.364;1.012;0.184
2010;SP;Holambra;-22.6417496242;-47.0592869062;11299.0;67.962;3.487;27.949;0.469;0.133
2010;SP;Hortolândia;-22.858395;-47.2210966098;192692.0;53.721;6.971;38.586;0.614;0.106
2010;SP;Iacanga;-21.8919776027;-49.0169299189;10013.0;71.407;3.575;24.219;0.739;0.06
2010;SP;Iacri;-21.8550610869;-50.6891999324;6419.0;56.348;2.446;38.682;2.477;0.047
2010;SP;Iaras;-22.8718922796;-49.1561791517;6376.0;55.834;6.948;36.841;0.298;0.078
2010;SP;Ibaté;-21.955602;-48.0023882087;30734.0;61.609;5.007;32.866;0.449;0.068
2010;SP;Ibirá;-21.0805374994;-49.2388615313;10896.0;77.707;1.322;20.595;0.367;0.009
2010;SP;Ibirarema;-22.8145429597;-50.0791253946;6725.0;79.747;3.405;16.431;0.401;0.015
2010;SP;Ibitinga;-21.7570829843;-48.827694693;53158.0;75.934;3.012;20.567;0.451;0.036
2010;SP;Ibiúna;-23.6526325;-47.2204911875;71217.0;65.824;2.907;28.155;3.026;0.088
2010;SP;Icém;-20.3435051211;-49.1961201915;7462.0;55.173;6.258;37.751;0.683;0.134
2010;SP;Iepê;-22.6631014713;-51.0774138909;7628.0;75.315;2.661;21.447;0.537;0.039
2010;SP;Igaraçu do Tietê;-22.511149;-48.5570661014;23362.0;63.261;6.061;30.271;0.342;0.064
2010;SP;Igarapava;-20.039612535;-47.7510665713;27952.0;57.796;6.712;34.824;0.622;0.047
2010;SP;Igaratá;-23.204843;-46.1563144239;8831.0;70.162;3.861;25.388;0.578;0.011
2010;SP;Iguape;-24.7069541964;-47.5531374088;28841.0;57.658;3.474;36.909;1.508;0.451
2010;SP;Ilhabela;-23.7886525;-45.3540566669;28196.0;52.178;5.068;41.818;0.692;0.245
2010;SP;Ilha Comprida;-24.7392399404;-47.5543169659;9025.0;61.828;5.064;32.244;0.831;0.033
2010;SP;Ilha Solteira;-20.4293725;-51.3448906576;25064.0;56.974;4.473;36.526;1.815;0.211
2010;SP;Indaiatuba;-23.081646;-47.2123089403;201617.0;69.102;4.403;25.014;1.397;0.084
2010;SP;Indiana;-22.1720934487;-51.2517585134;4825.0;66.777;3.938;29.016;0.228;0.041
2010;SP;Indiaporã;-19.9775429994;-50.288981042;3903.0;72.329;3.971;23.315;0.359;0.026
2010;SP;Inúbia Paulista;-21.7699119903;-50.964374894;3630.0;57.906;3.003;37.686;1.405;0.0
2010;SP;Ipaussu;-23.0529129993;-49.6268069783;13663.0;69.875;4.992;24.592;0.425;0.117
2010;SP;Iperó;-23.3502773903;-47.6898938935;28300.0;60.703;6.343;32.604;0.29;0.06
2010;SP;Ipeúna;-22.4372995022;-47.7190959711;6016.0;64.644;5.153;29.854;0.183;0.166
2010;SP;Ipiguá;-20.6616455289;-49.3881423817;4463.0;77.504;2.846;19.225;0.336;0.09
2010;SP;Iporanga;-24.5844601783;-48.5896007141;4299.0;25.401;10.375;63.829;0.279;0.116
2010;SP;Ipuã;-20.441482601;-48.0173850385;14148.0;57.803;4.248;37.171;0.721;0.057
2010;SP;Iracemápolis;-22.5830369343;-47.5222466342;20029.0;70.118;4.578;24.879;0.345;0.08
2010;SP;Irapuã;-21.2764371764;-49.4081517822;7275.0;71.89;3.052;24.921;0.137;0.0
2010;SP;Irapuru;-21.5674762353;-51.3501727308;7789.0;51.74;6.419;39.068;2.747;0.026
2010;SP;Itaberá;-23.8598114701;-49.1371332859;17858.0;75.804;1.781;21.637;0.689;0.09
2010;SP;Itaí;-23.419055385;-49.0810322485;24008.0;69.131;3.899;25.966;0.933;0.071
2010;SP;Itajobi;-21.3157070587;-49.0543110798;14556.0;84.652;2.143;12.826;0.371;0.007
2010;SP;Itaju;-21.9846724208;-48.8050217363;3246.0;72.428;3.327;24.122;0.123;0.0
2010;SP;Itanhaém;-24.1861206668;-46.7909914829;87057.0;58.376;5.002;35.526;0.744;0.351
2010;SP;Itaóca;-24.6425942348;-48.8428556815;3228.0;33.55;3.965;62.113;0.341;0.031
2010;SP;Itapecerica da Serra;-23.715357;-46.8505519669;152610.0;48.023;7.035;43.854;0.957;0.13
2010;SP;Itapetininga;-23.5878725;-48.0461428955;144377.0;77.852;2.431;18.604;1.046;0.066
2010;SP;Itapeva;-23.9834379993;-48.8773891591;87753.0;74.649;2.092;22.461;0.696;0.101
2010;SP;Itapevi;-23.546934;-46.9333728635;200697.0;45.592;8.161;45.731;0.456;0.059
2010;SP;Itapira;-22.4360054993;-46.8212480111;68537.0;78.657;4.065;16.849;0.381;0.048
2010;SP;Itapirapuã Paulista;-24.5715534993;-49.1721656553;3880.0;53.479;1.572;44.407;0.541;0.0
2010;SP;Itápolis;-21.5947039944;-48.8133919855;40050.0;78.744;3.014;17.598;0.567;0.077
2010;SP;Itaporanga;-23.7034999432;-49.4843963121;14549.0;78.535;2.268;17.39;1.498;0.309
2010;SP;Itapuí;-22.232127625;-48.7188741595;12173.0;73.006;5.43;21.375;0.156;0.033
2010;SP;Itapura;-20.6398257756;-51.5099693695;4357.0;43.195;6.679;48.933;1.033;0.161
2010;SP;Itaquaquecetuba;-23.4768975;-46.351603141;321770.0;43.021;7.474;48.863;0.58;0.063
2010;SP;Itararé;-24.11213796;-49.3361197139;47934.0;78.12;1.834;19.592;0.396;0.058
2010;SP;Itariri;-24.2920056339;-47.1757260566;15471.0;49.654;6.567;40.922;2.275;0.582
2010;SP;Itatiba;-23.0048529993;-46.8375578529;101471.0;70.839;4.446;23.792;0.863;0.06
2010;SP;Itatinga;-23.1042734017;-48.6133802693;18052.0;72.612;3.49;23.482;0.327;0.089
2010;SP;Itirapina;-22.2539679738;-47.8198848666;15524.0;66.948;5.546;26.984;0.412;0.11
2010;SP;Itirapuã;-20.6424265297;-47.2199528849;5914.0;54.007;6.527;39.043;0.389;0.034
2010;SP;Itobi;-21.7349018191;-46.9734186542;7546.0;67.864;8.495;23.284;0.345;0.013
2010;SP;Itu;-23.2654425;-47.299749836;154121.0;71.139;4.535;23.723;0.543;0.06
2010;SP;Itupeva;-23.1534096262;-47.0557011521;44859.0;65.2;4.282;29.606;0.849;0.062
2010;SP;Ituverava;-20.3362879659;-47.7804156554;38695.0;65.479;5.719;27.616;1.132;0.054
2010;SP;Jaborandi;-20.6872244994;-48.4134449206;6592.0;61.939;6.644;30.734;0.622;0.061
2010;SP;Jaboticabal;-21.2544714994;-48.3203497513;71662.0;72.109;5.063;21.857;0.892;0.08
2010;SP;Jacareí;-23.3048804993;-45.9695932044;211210.0;69.687;4.81;24.297;1.14;0.066
2010;SP;Jaci;-20.8840851331;-49.5733446115;5657.0;76.772;2.245;20.629;0.283;0.071
2010;SP;Jacupiranga;-24.698150281;-48.0047045115;17208.0;56.375;2.894;39.836;0.802;0.093
2010;SP;Jaguariúna;-22.7067819582;-46.9823434663;44311.0;70.353;3.484;25.368;0.682;0.113
2010;SP;Jales;-20.2678530475;-50.550356199;47012.0;76.559;2.633;18.778;1.961;0.068
2010;SP;Jambeiro;-23.2565768668;-45.6936551246;5349.0;76.126;3.029;20.583;0.243;0.019
2010;SP;Jandira;-23.529939;-46.9052211417;108314.0;51.111;7.186;41.073;0.531;0.1
2010;SP;Jardinópolis;-21.022457;-47.7653529285;37661.0;68.474;5.276;25.902;0.287;0.061
2010;SP;Jarinu;-23.1030625;-46.7382709354;23847.0;61.517;4.344;33.35;0.709;0.08
2010;SP;Jaú;-22.29579099;-48.5581413878;131040.0;77.645;5.014;16.943;0.357;0.04
2010;SP;Jeriquara;-20.3120415893;-47.5887439166;3160.0;52.943;9.272;36.582;0.886;0.316
2010;SP;Joanópolis;-22.9306782182;-46.2734166101;11768.0;83.464;2.507;13.503;0.476;0.051
2010;SP;João Ramalho;-22.2510460551;-50.7685353084;4150.0;55.831;6.458;37.036;0.675;0.0
2010;SP;José Bonifácio;-21.053719035;-49.686282716;32763.0;77.124;2.759;19.656;0.43;0.031
2010;SP;Júlio Mesquita;-22.0131689993;-49.7907942838;4430.0;46.84;4.108;47.946;1.106;0.0
2010;SP;Jumirim;-23.0825599993;-47.7981735119;2798.0;69.585;4.539;25.482;0.179;0.214
2010;SP;Jundiaí;-23.187668;-46.885273968;370122.0;76.61;3.826;18.603;0.892;0.069
2010;SP;Junqueirópolis;-21.5112757497;-51.4340119505;18726.0;62.277;3.759;31.694;2.222;0.048
2010;SP;Juquiá;-24.320703079;-47.6353419677;19246.0;50.795;3.762;43.625;1.699;0.12
2010;SP;Juquitiba;-23.9356892015;-47.0815940723;28737.0;61.875;3.762;33.278;0.96;0.125
2010;SP;Lagoinha;-23.0869213515;-45.1908108204;4841.0;76.245;2.892;20.347;0.331;0.186
2010;SP;Laranjal Paulista;-23.0540116065;-47.8337807103;25251.0;76.742;4.198;18.768;0.226;0.067
2010;SP;Lavínia;-21.1648565655;-51.0405016571;8768.0;52.851;7.653;37.968;1.505;0.023
2010;SP;Lavrinhas;-22.5700964742;-44.8931102794;6590.0;69.666;4.188;26.024;0.121;0.0
2010;SP;Leme;-22.185436005;-47.3887079696;91748.0;71.245;4.267;23.994;0.457;0.037
2010;SP;Lençóis Paulista;-22.597507;-48.7986819725;61428.0;70.79;3.407;25.215;0.545;0.042
2010;SP;Limeira;-22.562194;-47.4019395233;276018.0;72.467;5.378;21.598;0.488;0.068
2010;SP;Lindóia;-22.5204881922;-46.6614836163;6712.0;76.937;3.591;18.772;0.417;0.283
2010;SP;Lins;-21.6723465;-49.7514233867;71432.0;63.26;6.137;28.403;2.175;0.024
2010;SP;Lorena;-22.7316930326;-45.1242481442;82533.0;65.451;6.236;27.766;0.49;0.057
2010;SP;Lourdes;-20.9653905383;-50.226660096;2128.0;65.93;4.464;29.041;0.47;0.094
2010;SP;Louveira;-23.0867785;-46.946440218;37125.0;65.465;4.218;29.918;0.361;0.038
2010;SP;Lucélia;-21.723415646;-51.0183491422;19882.0;67.418;2.51;28.609;1.433;0.03
2010;SP;Lucianópolis;-22.4316399993;-49.5231791245;2249.0;65.229;2.89;31.392;0.489;0.0
2010;SP;Luís Antônio;-21.5517065252;-47.7002799448;11286.0;58.125;6.45;35.035;0.363;0.027
2010;SP;Luiziânia;-21.6736029646;-50.3276394896;5030.0;44.771;4.513;50.457;0.159;0.099
2010;SP;Lupércio;-22.4138153922;-49.8203246999;4353.0;53.434;5.376;40.754;0.253;0.184
2010;SP;Lutécia;-22.3434442872;-50.3893271159;2714.0;57.001;5.232;37.03;0.7;0.037
2010;SP;Macatuba;-22.5055496288;-48.711405387;16259.0;65.152;4.496;30.1;0.123;0.129
2010;SP;Macaubal;-20.8013135396;-49.9634978203;7663.0;85.893;1.631;12.319;0.157;0.0
2010;SP;Macedônia;-20.1499979847;-50.1976284842;3664.0;74.645;2.211;22.107;0.928;0.109
2010;SP;Magda;-20.6434813111;-50.2275370471;3200.0;75.469;2.312;21.812;0.312;0.094
2010;SP;Mairinque;-23.547458;-47.1844826262;43223.0;60.924;4.354;33.438;1.191;0.093
2010;SP;Mairiporã;-23.322459383;-46.5901958731;80953.0;66.032;4.489;28.58;0.831;0.068
2010;SP;Manduri;-23.0033460899;-49.3181131206;8992.0;79.582;2.825;17.182;0.356;0.056
2010;SP;Marabá Paulista;-22.1103314993;-51.9684674847;4811.0;40.407;5.259;53.773;0.499;0.062
2010;SP;Maracaí;-22.6104153368;-50.6689682495;13332.0;68.819;3.465;26.943;0.555;0.218
2010;SP;Marapoama;-21.2587619256;-49.1400008103;2633.0;88.416;2.165;9.305;0.114;0.0
2010;SP;Mariápolis;-21.7944933665;-51.1828975551;3916.0;62.513;2.503;34.065;0.868;0.051
2010;SP;Marília;-22.214933;-49.9516456431;216743.0;64.913;4.647;27.65;2.68;0.111
2010;SP;Marinópolis;-20.4393989125;-50.8256772948;2113.0;67.866;4.827;26.503;0.805;0.0
2010;SP;Martinópolis;-22.147832475;-51.1707680575;24219.0;61.757;3.642;33.565;0.999;0.037
2010;SP;Matão;-21.6029945063;-48.3677476994;76783.0;69.073;5.157;25.09;0.606;0.074
2010;SP;Mauá;-23.6693345;-46.4582620122;417051.0;55.982;6.334;36.868;0.708;0.107
2010;SP;Mendonça;-21.1801561723;-49.5820189989;4640.0;76.228;1.595;21.789;0.366;0.022
2010;SP;Meridiano;-20.3541099032;-50.1818318399;3855.0;76.161;2.516;20.778;0.545;0.0
2010;SP;Mesópolis;-19.967037103;-50.6220802654;1886.0;63.097;2.068;34.04;0.795;0.0
2010;SP;Miguelópolis;-20.1771292326;-48.0293341827;20451.0;58.887;5.643;34.365;1.076;0.029
2010;SP;Mineiros do Tietê;-22.4116968008;-48.4518023093;12038.0;69.962;3.863;26.043;0.133;0.0
2010;SP;Miracatu;-24.2839294654;-47.4571039991;20592.0;53.108;4.079;40.55;1.403;0.86
2010;SP;Mira Estrela;-19.9805160524;-50.1384271964;2810.0;67.687;3.665;27.58;0.925;0.142
2010;SP;Mirandópolis;-21.132086985;-51.1056403918;27483.0;59.852;3.584;32.344;4.199;0.022
2010;SP;Mirante do Paranapanema;-22.2905585945;-51.9057943059;17059.0;49.387;3.576;45.132;1.805;0.1
2010;SP;Mirassol;-20.8170045;-49.5121392179;53792.0;76.177;4.292;19.066;0.407;0.058
2010;SP;Mirassolândia;-20.6168572198;-49.4655198425;4295.0;69.197;3.376;26.892;0.466;0.07
2010;SP;Mococa;-21.46899051;-47.0071709787;66290.0;71.949;4.494;23.13;0.404;0.023
2010;SP;Mogi das Cruzes;-23.5227065;-46.1967600843;387779.0;61.22;6.048;28.355;4.284;0.093
2010;SP;Mogi Guaçu;-22.3657201895;-46.9444740881;137245.0;79.391;3.345;16.841;0.371;0.052
2010;SP;Mogi Mirim;-22.4326955;-46.9563671266;86503.0;77.58;3.83;17.947;0.518;0.125
2010;SP;Mombuca;-22.9268278834;-47.5675240048;3266.0;66.687;4.899;28.23;0.122;0.061
2010;SP;Monções;-20.8503257038;-50.0963061315;2132.0;73.734;3.518;22.467;0.281;0.0
2010;SP;Mongaguá;-24.094116145;-46.6199927254;46292.0;58.176;6.312;34.222;0.572;0.717
2010;SP;Monte Alegre do Sul;-22.6811286599;-46.6811943005;7152.0;80.425;2.447;16.527;0.559;0.042
2010;SP;Monte Alto;-21.263863995;-48.49665126;46642.0;77.977;3.053;17.967;0.969;0.034
2010;SP;Monte Aprazível;-20.7721401376;-49.7141161614;21746.0;77.384;3.127;19.139;0.326;0.023
2010;SP;Monte Azul Paulista;-20.9038412259;-48.6429712833;18931.0;72.68;3.259;23.617;0.391;0.053
2010;SP;Monte Castelo;-21.2989594493;-51.5654932487;4063.0;65.05;2.904;31.061;0.788;0.197
2010;SP;Monteiro Lobato;-22.9550105792;-45.848151985;4120.0;72.573;3.01;23.786;0.558;0.073
2010;SP;Monte Mor;-22.9455219993;-47.3132692483;48949.0;55.108;6.801;37.576;0.447;0.067
2010;SP;Morro Agudo;-20.7326629994;-48.0575938253;29116.0;49.9;7.57;41.475;0.969;0.086
2010;SP;Morungaba;-22.8810309327;-46.7913443946;11769.0;66.752;2.846;29.884;0.467;0.051
2010;SP;Motuca;-21.5076094412;-48.1506612544;4290.0;58.951;5.688;35.105;0.256;0.0
2010;SP;Murutinga do Sul;-20.9942980893;-51.2771381855;4186.0;60.798;2.437;35.452;1.314;0.0
2010;SP;Nantes;-22.6201175825;-51.2385874976;2707.0;47.913;4.359;47.433;0.259;0.037
2010;SP;Narandiba;-22.4042831999;-51.5242398508;4288.0;46.525;5.993;44.776;2.519;0.187
2010;SP;Natividade da Serra;-23.3757869834;-45.4464004707;6678.0;78.886;1.003;19.662;0.329;0.12
2010;SP;Nazaré Paulista;-23.178695811;-46.402590215;16414.0;71.658;4.259;23.352;0.664;0.067
2010;SP;Neves Paulista;-20.8439161558;-49.6304748513;8772.0;79.013;3.124;17.681;0.182;0.0
2010;SP;Nhandeara;-20.6948234994;-50.0402744955;10725.0;82.256;4.168;13.371;0.196;0.009
2010;SP;Nipoã;-20.9139024276;-49.7808986511;4274.0;62.377;3.322;34.23;0.07;0.0
2010;SP;Nova Aliança;-21.0137347172;-49.5071383479;5891.0;79.969;2.326;17.162;0.543;0.0
2010;SP;Nova Campina;-24.1232104179;-48.905738479;8515.0;70.123;1.703;27.669;0.47;0.035
2010;SP;Nova Canaã Paulista;-20.386895026;-50.9480524385;2114.0;66.746;2.271;29.518;1.325;0.142
2010;SP;Nova Castilho;-20.7656546201;-50.3439061762;1125.0;67.733;2.844;29.067;0.356;0.0
2010;SP;Nova Europa;-21.7789228839;-48.5621404277;9300.0;61.204;6.785;31.613;0.366;0.032
2010;SP;Nova Granada;-20.5331539994;-49.3200928761;19180.0;65.203;4.208;29.974;0.615;0.0
2010;SP;Nova Guataporanga;-21.3299371412;-51.6498328904;2177.0;72.898;1.883;24.667;0.413;0.138
2010;SP;Nova Independência;-21.1045420015;-51.4904465281;3068.0;51.63;3.585;43.905;0.88;0.0
2010;SP;Novais;-20.9903581964;-48.9170637097;4592.0;51.067;6.555;41.703;0.653;0.022
2010;SP;Nova Luzitânia;-20.8566109994;-50.2658273723;3441.0;57.193;7.12;34.612;0.93;0.145
2010;SP;Nova Odessa;-22.7827946609;-47.2936346144;51242.0;73.237;3.569;22.628;0.472;0.094
2010;SP;Novo Horizonte;-21.4684749894;-49.2217495337;36593.0;77.717;2.695;19.184;0.347;0.057
2010;SP;Nuporanga;-20.7339997348;-47.7491054639;6817.0;78.143;2.875;18.601;0.381;0.0
2010;SP;Ocauçu;-22.4388604479;-49.9273728304;4163.0;65.289;5.141;29.09;0.48;0.0
2010;SP;Óleo;-22.9445847775;-49.3409507526;2673.0;84.025;2.058;13.58;0.337;0.0
2010;SP;Olímpia;-20.737283985;-48.9134917258;50024.0;71.448;4.196;23.807;0.508;0.042
2010;SP;Onda Verde;-20.6127221201;-49.2992147943;3884.0;55.175;5.561;38.44;0.721;0.103
2010;SP;Oriente;-22.1485994118;-50.0935854637;6097.0;57.11;5.642;36.625;0.59;0.033
2010;SP;Orindiúva;-20.180196743;-49.351818481;5675.0;54.449;5.956;37.903;1.515;0.176
2010;SP;Orlândia;-20.720421495;-47.8863838221;39781.0;61.929;5.302;32.397;0.317;0.055
2010;SP;Osasco;-23.533612;-46.7888101443;666691.0;58.74;6.133;34.011;1.035;0.081
2010;SP;Oscar Bressane;-22.3178820549;-50.2841261658;2537.0;65.55;4.06;28.459;1.774;0.158
2010;SP;Osvaldo Cruz;-21.7970835;-50.8731391103;30917.0;66.003;3.338;28.874;1.743;0.042
2010;SP;Ourinhos;-22.9772675;-49.8685798359;103035.0;71.582;4.291;22.635;1.388;0.105
2010;SP;Ouroeste;-19.995592107;-50.3775846522;8405.0;61.797;2.677;34.253;1.237;0.036
2010;SP;Ouro Verde;-21.4911659171;-51.6993207217;7800.0;49.987;4.013;45.397;0.513;0.09
2010;SP;Pacaembu;-21.5600784994;-51.2652015199;13226.0;56.139;4.786;36.043;3.032;0.0
2010;SP;Palestina;-20.3905874703;-49.4337823999;11051.0;69.27;3.647;26.559;0.461;0.063
2010;SP;Palmares Paulista;-21.0824706914;-48.8012846265;10934.0;51.271;7.28;40.818;0.613;0.018
2010;SP;Palmeira d'Oeste;-20.4162173247;-50.7659878049;9584.0;71.807;3.506;23.07;1.617;0.0
2010;SP;Palmital;-22.785592;-50.2187909877;21186.0;80.69;2.148;16.813;0.33;0.019
2010;SP;Panorama;-21.3601835579;-51.8565741615;14583.0;56.346;2.681;39.951;0.789;0.233
2010;SP;Paraguaçu Paulista;-22.41771102;-50.5750285305;42277.0;63.969;4.378;30.404;1.131;0.118
2010;SP;Paraibuna;-23.3862615659;-45.6628640606;17388.0;77.686;2.795;18.938;0.535;0.046
2010;SP;Paraíso;-21.0157929994;-48.7725289127;5898.0;77.62;2.933;19.346;0.085;0.017
2010;SP;Paranapanema;-23.3869279993;-48.7236769841;17808.0;70.659;2.701;26.028;0.5;0.112
2010;SP;Paranapuã;-20.0998059525;-50.586718918;3815.0;64.718;4.325;27.077;3.827;0.052
2010;SP;Parapuã;-21.7798391438;-50.7938438431;10844.0;62.846;3.762;31.64;1.678;0.074
2010;SP;Pardinho;-23.0803183239;-48.3728766837;5582.0;75.439;3.959;20.226;0.358;0.018
2010;SP;Pariquera-Açu;-24.712546631;-47.8799976029;18446.0;60.024;3.611;34.934;0.895;0.537
2010;SP;Parisi;-20.3021911754;-50.0126178308;2032.0;72.835;4.921;21.604;0.492;0.148
2010;SP;Patrocínio Paulista;-20.6411534023;-47.2830600903;13000.0;61.354;8.954;29.238;0.4;0.054
2010;SP;Paulicéia;-21.309275558;-51.8471399509;6334.0;55.115;2.7;41.143;1.01;0.032
2010;SP;Paulínia;-22.7599217;-47.154385801;82145.0;63.805;5.774;29.148;1.149;0.123
2010;SP;Paulistânia;-22.574300748;-49.3990383461;1779.0;73.693;3.541;21.922;0.787;0.056
2010;SP;Paulo de Faria;-20.0293000278;-49.3995518864;8589.0;52.428;10.234;36.069;1.199;0.07
2010;SP;Pederneiras;-22.3554915;-48.7796809636;41497.0;67.513;4.562;27.518;0.361;0.046
2010;SP;Pedra Bela;-22.7913843519;-46.4420309473;5780.0;82.215;1.471;15.882;0.415;0.017
2010;SP;Pedranópolis;-20.2476466672;-50.1123902829;2558.0;82.995;1.72;14.66;0.625;0.0
2010;SP;Pedregulho;-20.2568709994;-47.4817949691;15700.0;60.382;5.503;33.809;0.274;0.032
2010;SP;Pedreira;-22.743771;-46.8978020903;41558.0;74.104;2.955;22.518;0.322;0.101
2010;SP;Pedrinhas Paulista;-22.8112152136;-50.7921656555;2940.0;74.252;2.517;22.755;0.306;0.17
2010;SP;Pedro de Toledo;-24.2728006735;-47.2290763497;10204.0;52.372;3.744;42.229;1.558;0.098
2010;SP;Penápolis;-21.418383015;-50.073036275;58510.0;72.032;3.499;23.449;0.967;0.053
2010;SP;Pereira Barreto;-20.6366689994;-51.1066610199;24962.0;48.185;4.279;42.861;4.587;0.088
2010;SP;Pereiras;-23.0728523359;-47.967866773;7454.0;79.689;2.053;18.004;0.201;0.054
2010;SP;Peruíbe;-24.319508884;-46.9973018645;59773.0;57.837;5.966;34.132;1.338;0.726
2010;SP;Piacatu;-21.5953916792;-50.5994257172;5287.0;60.696;4.048;33.894;1.286;0.076
2010;SP;Piedade;-23.714202223;-47.4180151509;52143.0;77.199;1.82;17.887;2.984;0.109
2010;SP;Pilar do Sul;-23.814612;-47.7155077158;26406.0;74.809;1.886;19.833;3.435;0.038
2010;SP;Pindamonhangaba;-22.9266687259;-45.4620488462;146995.0;64.667;4.725;29.657;0.853;0.097
2010;SP;Pindorama;-21.1859884886;-48.9056375353;15039.0;76.667;3.491;19.483;0.326;0.033
2010;SP;Pinhalzinho;-22.7807960685;-46.5905773189;13105.0;79.824;2.594;16.955;0.519;0.107
2010;SP;Piquerobi;-21.8849896988;-51.7316269038;3537.0;57.535;1.894;40.006;0.565;0.0
2010;SP;Piquete;-22.6111668852;-45.1835694245;14107.0;64.238;7.032;28.397;0.284;0.05
2010;SP;Piracaia;-23.050499;-46.3587552005;25116.0;75.494;2.568;20.553;1.262;0.123
2010;SP;Piracicaba;-22.723722;-47.6468462362;364561.0;72.014;6.3;21.027;0.592;0.067
2010;SP;Piraju;-23.192991495;-49.3839744897;28475.0;84.018;1.956;13.514;0.499;0.014
2010;SP;Pirajuí;-21.993447;-49.4566424334;22704.0;67.574;4.634;27.308;0.423;0.062
2010;SP;Pirangi;-21.0996316626;-48.6698419326;10623.0;75.845;3.803;19.947;0.405;0.0
2010;SP;Pirapora do Bom Jesus;-23.3975233079;-47.0009675687;15733.0;46.787;6.223;46.317;0.597;0.076
2010;SP;Pirapozinho;-22.276675485;-51.4995842901;24694.0;57.111;5.038;35.494;2.268;0.089
2010;SP;Pirassununga;-21.994049295;-47.4251728817;70081.0;73.976;4.826;20.726;0.385;0.087
2010;SP;Piratininga;-22.4120659448;-49.1372522168;12072.0;72.614;3.247;23.062;1.002;0.075
2010;SP;Pitangueiras;-21.0109994994;-48.2222657515;35307.0;55.581;4.985;38.774;0.6;0.059
2010;SP;Planalto;-21.0323282025;-49.9257197992;4463.0;75.42;4.078;20.278;0.202;0.022
2010;SP;Platina;-22.6334572583;-50.2089345358;3192.0;66.51;2.788;30.201;0.251;0.251
2010;SP;Poá;-23.5286265677;-46.3462203887;106013.0;54.288;7.468;37.52;0.626;0.098
2010;SP;Poloni;-20.7858577506;-49.8138949067;5395.0;74.866;2.447;22.354;0.278;0.056
2010;SP;Pompeia;-22.1061456541;-50.1760280549;19964.0;57.994;3.937;35.123;2.915;0.03
2010;SP;Pongaí;-21.7361764725;-49.3608700749;3481.0;81.126;2.097;16.604;0.144;0.029
2010;SP;Pontal;-21.02571;-48.0378373025;40244.0;45.187;5.126;49.091;0.46;0.137
2010;SP;Pontalinda;-20.4408338429;-50.5246020157;4074.0;56.824;7.143;35.542;0.466;0.025
2010;SP;Pontes Gestal;-20.1823631062;-49.7035523558;2518.0;71.406;3.058;24.94;0.596;0.0
2010;SP;Populina;-19.9443331307;-50.5368531154;4223.0;67.677;5.115;26.379;0.687;0.142
2010;SP;Porangaba;-23.1753874993;-48.1267674358;8326.0;79.042;2.534;18.256;0.168;0.0
2010;SP;Porto Feliz;-23.214412268;-47.5245965731;48893.0;74.319;4.984;20.279;0.333;0.084
2010;SP;Porto Ferreira;-21.858362505;-47.4814096434;51400.0;68.776;5.193;25.673;0.305;0.053
2010;SP;Potim;-22.8406202063;-45.2559743129;19396.0;60.074;5.465;34.193;0.253;0.015
2010;SP;Potirendaba;-21.0450947211;-49.3781831999;15449.0;76.853;1.787;21.05;0.311;0.0
2010;SP;Pracinha;-21.8519276207;-51.0870772105;2857.0;56.773;7.28;35.527;0.42;0.0
2010;SP;Pradópolis;-21.3580490113;-48.065583022;17377.0;63.734;5.024;31.081;0.121;0.04
2010;SP;Praia Grande;-24.0030215;-46.4120495836;262051.0;57.095;5.879;36.089;0.787;0.15
2010;SP;Pratânia;-22.8114679845;-48.6646855775;4599.0;70.841;3.131;25.94;0.087;0.0
2010;SP;Presidente Alves;-22.1036743192;-49.4391492872;4123.0;67.427;3.468;28.79;0.243;0.073
2010;SP;Presidente Bernardes;-22.0089907788;-51.5575701918;13570.0;69.071;3.537;24.982;2.343;0.066
2010;SP;Presidente Epitácio;-21.768781995;-52.115275827;41318.0;50.917;4.523;42.986;1.467;0.106
2010;SP;Presidente Prudente;-22.1227435;-51.3867655819;207605.0;64.602;4.564;27.756;2.96;0.118
2010;SP;Presidente Venceslau;-21.875939505;-51.8402588051;37618.0;60.402;3.908;33.189;2.454;0.048
2010;SP;Promissão;-21.5388674994;-49.8577352348;35674.0;63.733;3.896;31.168;1.18;0.022
2010;SP;Quadra;-23.3015749993;-48.0526853361;3236.0;79.944;4.419;15.266;0.371;0.0
2010;SP;Quatá;-22.2494047984;-50.6979473894;12799.0;57.059;3.25;38.909;0.617;0.164
2010;SP;Queiroz;-21.799094434;-50.2409284561;2808.0;43.625;2.137;53.739;0.463;0.036
2010;SP;Queluz;-22.5418444993;-44.7784773101;11309.0;52.445;6.676;40.49;0.292;0.097
2010;SP;Quintana;-22.0719198264;-50.3115952429;6004.0;55.13;3.364;40.406;1.099;0.0
2010;SP;Rafard;-23.0115563539;-47.5311606809;8612.0;71.633;5.237;22.968;0.151;0.012
2010;SP;Rancharia;-22.22845101;-50.8902116859;28804.0;63.561;4.135;31.037;1.118;0.149
2010;SP;Redenção da Serra;-23.2726554993;-45.5364956107;3873.0;75.755;2.866;20.449;0.775;0.155
2010;SP;Regente Feijó;-22.2202340929;-51.3031489767;18494.0;63.161;3.655;31.248;1.817;0.119
2010;SP;Reginópolis;-21.8867609386;-49.2297976711;7323.0;67.09;4.424;28.376;0.109;0.0
2010;SP;Registro;-24.494251428;-47.8410547517;54261.0;60.679;3.234;32.174;3.78;0.133
2010;SP;Restinga;-20.6038028263;-47.4830902375;6587.0;57.765;4.949;36.876;0.273;0.137
2010;SP;Ribeira;-24.6574894993;-49.0083019948;3358.0;62.15;2.531;35.17;0.089;0.06
2010;SP;Ribeirão Bonito;-22.064934664;-48.1777057541;12135.0;55.822;7.417;36.201;0.478;0.082
2010;SP;Ribeirão Branco;-24.2202684576;-48.7654774815;18269.0;65.931;1.237;31.939;0.755;0.137
2010;SP;Ribeirão Corrente;-20.4606601744;-47.5907050925;4273.0;53.077;7.325;38.661;0.936;0.0
2010;SP;Ribeirão do Sul;-22.7857347997;-49.9341678147;4446.0;73.167;2.047;24.584;0.202;0.0
2010;SP;Ribeirão dos Índios;-21.8385000397;-51.6006345172;2187.0;58.253;5.944;35.208;0.503;0.091
2010;SP;Ribeirão Grande;-24.1012003107;-48.367071156;7422.0;77.27;0.97;21.072;0.66;0.027
2010;SP;Ribeirão Pires;-23.707423;-46.4153443749;113068.0;63.726;5.201;29.72;1.231;0.121
2010;SP;Ribeirão Preto;-21.1848345;-47.8054759155;604555.0;69.77;6.366;22.836;0.935;0.093
2010;SP;Riversul;-23.8313350066;-49.4366967189;6163.0;72.108;1.623;25.994;0.276;0.0
2010;SP;Rifaina;-20.0829324994;-47.4291988991;3436.0;64.726;4.249;30.471;0.553;0.0
2010;SP;Rincão;-21.5891894994;-48.0723300667;10414.0;58.585;4.638;36.038;0.615;0.125
2010;SP;Rinópolis;-21.7278909994;-50.7248383217;9935.0;65.184;2.637;30.72;1.439;0.02
2010;SP;Rio Claro;-22.4125115;-47.5635332384;186253.0;75.477;4.608;19.293;0.526;0.097
2010;SP;Rio das Pedras;-22.8428607225;-47.6044848862;29501.0;64.405;3.854;31.223;0.447;0.071
2010;SP;Rio Grande da Serra;-23.744515;-46.393692674;43974.0;47.119;8.187;43.949;0.653;0.093
2010;SP;Riolândia;-19.977734338;-49.6811591029;10575.0;52.009;5.362;41.522;1.097;0.009
2010;SP;Rosana;-22.5811754993;-53.0586544794;19691.0;52.344;4.957;41.608;0.97;0.122
2010;SP;Roseira;-22.8968185475;-45.3093777871;9599.0;60.819;3.74;34.983;0.365;0.094
2010;SP;Rubiácea;-21.3005239895;-50.7269079995;2729.0;51.887;4.8;42.103;1.173;0.037
2010;SP;Rubinéia;-20.1717745;-50.997484555;2862.0;69.462;2.97;26.136;1.293;0.14
2010;SP;Sabino;-21.4602138337;-49.5808185602;5217.0;63.561;5.233;30.765;0.345;0.096
2010;SP;Sagres;-21.8811386706;-50.9571547112;2395.0;52.735;3.8;42.589;0.877;0.0
2010;SP;Sales;-21.3444533768;-49.4987686686;5451.0;74.445;1.963;23.225;0.294;0.073
2010;SP;Sales Oliveira;-20.777882152;-47.8423493399;10568.0;77.432;3.719;18.509;0.322;0.019
2010;SP;Salesópolis;-23.5317929884;-45.8471769296;15635.0;80.429;1.784;17.16;0.595;0.032
2010;SP;Salmourão;-21.6253627328;-50.8606720043;4818.0;48.215;5.189;45.828;0.706;0.062
2010;SP;Saltinho;-22.8433674978;-47.6782883888;7059.0;87.236;1.289;11.276;0.156;0.042
2010;SP;Salto;-23.2040738058;-47.2924156291;105516.0;69.345;5.131;24.892;0.58;0.052
2010;SP;Salto de Pirapora;-23.649132225;-47.5746801202;40132.0;71.412;3.334;24.235;0.842;0.177
2010;SP;Salto Grande;-22.8905072542;-49.981077759;8787.0;68.897;3.266;27.131;0.683;0.023
2010;SP;Sandovalina;-22.45854174;-51.7599517361;3699.0;43.958;6.515;47.472;1.568;0.487
2010;SP;Santa Adélia;-21.24327;-48.8059484186;14333.0;72.455;3.258;23.575;0.635;0.077
2010;SP;Santa Albertina;-20.030702622;-50.7305643708;5723.0;71.344;3.897;23.973;0.769;0.017
2010;SP;Santa Bárbara d'Oeste;-22.7553935;-47.4139547662;179993.0;72.062;3.696;23.774;0.422;0.046
2010;SP;Santa Branca;-23.3957580349;-45.8876482871;13763.0;71.532;4.025;23.73;0.559;0.153
2010;SP;Santa Clara d'Oeste;-20.0913919359;-50.9302211545;2084.0;73.752;2.831;23.033;0.24;0.144
2010;SP;Santa Cruz da Conceição;-22.1276819651;-47.457163695;4002.0;83.283;1.749;14.493;0.275;0.2
2010;SP;Santa Cruz da Esperança;-21.291168377;-47.4337805615;1953.0;70.917;3.687;24.936;0.461;0.0
2010;SP;Santa Cruz das Palmeiras;-21.827568;-47.2494144219;29932.0;58.984;5.071;35.544;0.357;0.043
2010;SP;Santa Cruz do Rio Pardo;-22.9057225;-49.6246088693;43921.0;78.218;3.156;17.948;0.658;0.02
2010;SP;Santa Ernestina;-21.462921503;-48.3936499289;5568.0;55.352;4.957;39.44;0.198;0.054
2010;SP;Santa Fé do Sul;-20.211693165;-50.9267774238;29239.0;73.169;2.158;22.737;1.823;0.113
2010;SP;Santa Gertrudes;-22.4553269563;-47.5307087162;21634.0;66.22;4.174;29.31;0.245;0.051
2010;SP;Santa Isabel;-23.3180885;-46.2270128418;50453.0;70.047;3.881;25.055;0.918;0.099
2010;SP;Santa Lúcia;-21.6865678511;-48.0853360131;8248.0;59.614;5.795;34.408;0.17;0.012
2010;SP;Santa Maria da Serra;-22.5694102578;-48.1590141415;5413.0;61.26;2.439;36.172;0.111;0.018
2010;SP;Santa Mercedes;-21.3469107456;-51.7589742421;2831.0;52.632;4.663;40.692;1.731;0.283
2010;SP;Santana da Ponte Pensa;-20.2526022557;-50.7984038446;1641.0;78.854;1.036;19.805;0.305;0.0
2010;SP;Santana de Parnaíba;-23.449453;-46.9220925056;108810.0;59.557;4.847;34.492;1.052;0.051
2010;SP;Santa Rita d'Oeste;-20.1418014734;-50.8309473882;2543.0;77.074;2.871;18.836;1.219;0.0
2010;SP;Santa Rita do Passa Quatro;-21.70714401;-47.4789808518;26478.0;75.659;5.325;18.623;0.276;0.117
2010;SP;Santa Rosa de Viterbo;-21.4852725;-47.3672689283;23862.0;62.719;5.834;31.033;0.365;0.05
2010;SP;Santa Salete;-20.243845188;-50.6884618812;1447.0;80.304;0.898;18.521;0.276;0.0
2010;SP;Santo Anastácio;-21.97302102;-51.6498922118;20475.0;62.974;4.967;30.266;1.685;0.107
2010;SP;Santo André;-23.65751;-46.5308742576;676407.0;71.244;4.129;23.141;1.401;0.085
2010;SP;Santo Antônio da Alegria;-21.0899640291;-47.15593097;6304.0;73.556;3.934;21.954;0.539;0.016
2010;SP;Santo Antônio de Posse;-22.6047968523;-46.9159099001;20650.0;68.475;3.821;27.196;0.407;0.102
2010;SP;Santo Antônio do Aracanguá;-20.9324968425;-50.4967350523;7626.0;49.974;5.18;44.007;0.761;0.079
2010;SP;Santo Antônio do Jardim;-22.1185234999;-46.6823066318;5943.0;79.488;3.719;16.372;0.32;0.101
2010;SP;Santo Antônio do Pinhal;-22.8311934023;-45.6792788633;6486.0;83.195;1.326;14.215;1.249;0.015
2010;SP;Santo Expedito;-21.8468050512;-51.3909209814;2803.0;53.264;3.104;42.24;1.07;0.321
2010;SP;Santópolis do Aguapeí;-21.6393116638;-50.5046924736;4277.0;46.294;4.489;46.668;2.525;0.023
2010;SP;Santos;-23.9337375;-46.3313708492;419378.0;72.186;4.742;21.967;0.994;0.112
2010;SP;São Bento do Sapucaí;-22.6852869533;-45.7371389869;10468.0;85.613;2.407;11.664;0.315;0.0
2010;SP;São Bernardo do Campo;-23.7103045;-46.5502572477;765444.0;64.432;4.954;28.747;1.766;0.102
2010;SP;São Caetano do Sul;-23.614705;-46.5715146086;149263.0;85.39;2.243;10.622;1.7;0.045
2010;SP;São Carlos;-22.0159985;-47.8892376847;221946.0;72.967;5.262;20.838;0.818;0.115
2010;SP;São Francisco;-20.3584138176;-50.7000971573;2793.0;73.111;3.258;22.771;0.788;0.072
2010;SP;São João da Boa Vista;-21.972011;-46.7963507818;83639.0;80.111;4.894;14.687;0.244;0.065
2010;SP;São João das Duas Pontes;-20.3887717266;-50.3807219077;2566.0;74.981;3.313;21.434;0.273;0.0
2010;SP;São João de Iracema;-20.5126154921;-50.3515975169;1780.0;58.146;4.494;37.191;0.169;0.0
2010;SP;São João do Pau d'Alho;-21.2683639994;-51.6666651612;2103.0;70.851;1.997;26.391;0.761;0.0
2010;SP;São Joaquim da Barra;-20.583165555;-47.8632680707;46512.0;60.638;8.067;30.665;0.55;0.08
2010;SP;São José da Bela Vista;-20.5944195311;-47.6409895015;8406.0;56.186;6.091;37.473;0.25;0.0
2010;SP;São José do Barreiro;-22.6464898966;-44.5783409613;4077.0;67.844;5.74;26.098;0.098;0.221
2010;SP;São José do Rio Pardo;-21.5961025;-46.8882658895;51900.0;73.108;5.193;21.393;0.266;0.04
2010;SP;São José do Rio Preto;-20.8126365;-49.381347685;408213.0;76.853;3.673;18.457;0.959;0.058
2010;SP;São José dos Campos;-23.1840615;-45.8841754015;629910.0;72.608;4.48;21.399;1.437;0.075
2010;SP;São Lourenço da Serra;-23.8490857161;-46.9417497174;13973.0;61.383;4.058;32.47;2.047;0.043
2010;SP;São Luiz do Paraitinga;-23.2218715102;-45.3095445048;10397.0;79.081;1.645;19.044;0.212;0.019
2010;SP;São Manuel;-22.736459985;-48.5687632813;38342.0;71.749;4.512;23.288;0.407;0.044
2010;SP;São Miguel Arcanjo;-23.87949;-47.9955891464;31450.0;71.014;1.65;24.308;2.944;0.083
2010;SP;São Paulo;-23.5673865;-46.5703831821;11253190.0;60.647;6.541;30.509;2.188;0.115
2010;SP;São Pedro;-22.548888;-47.9140329971;31662.0;76.132;2.795;20.419;0.581;0.073
2010;SP;São Pedro do Turvo;-22.7512564292;-49.7414761629;7198.0;73.006;2.709;23.437;0.792;0.056
2010;SP;São Roque;-23.530359;-47.1354230127;78796.0;67.305;4.698;27.072;0.862;0.062
2010;SP;São Sebastião;-23.8066876521;-45.4026801405;73942.0;53.88;6.437;38.538;0.721;0.423
2010;SP;São Sebastião da Grama;-21.7084207919;-46.8241276258;12099.0;68.402;5.306;26.11;0.157;0.025
2010;SP;São Simão;-21.4797233722;-47.55335254;14346.0;70.075;6.789;22.864;0.265;0.007
2010;SP;São Vicente;-23.967373;-46.3844908173;332441.0;53.468;7.105;38.68;0.621;0.126
2010;SP;Sarapuí;-23.6415065708;-47.827195985;9027.0;70.134;3.379;24.848;1.628;0.011
2010;SP;Sarutaiá;-23.2744959258;-49.4831286343;3622.0;75.152;2.319;21.673;0.607;0.248
2010;SP;Sebastianópolis do Sul;-20.6568804994;-49.9209224971;3031.0;74.695;1.848;23.293;0.165;0.0
2010;SP;Serra Azul;-21.3102876657;-47.5632499203;11256.0;57.489;7.383;34.586;0.471;0.071
2010;SP;Serrana;-21.209477985;-47.5977620963;38878.0;50.988;6.58;42.134;0.27;0.028
2010;SP;Serra Negra;-22.6126935219;-46.7017913807;26387.0;79.967;2.998;16.641;0.326;0.068
2010;SP;Sertãozinho;-21.137021505;-47.991148431;110074.0;58.75;6.089;34.591;0.511;0.059
2010;SP;Sete Barras;-24.3886037822;-47.9272169635;13005.0;52.372;3.929;41.353;1.23;1.115
2010;SP;Severínia;-20.8093857878;-48.8015339794;15501.0;53.809;4.729;40.784;0.606;0.071
2010;SP;Silveiras;-22.6614243464;-44.8489961032;5792.0;69.458;5.421;24.499;0.449;0.173
2010;SP;Socorro;-22.5920299519;-46.5292115918;36686.0;87.796;2.115;9.595;0.444;0.049
2010;SP;Sorocaba;-23.499323;-47.4578532532;586621.0;74.455;4.065;20.261;1.125;0.095
2010;SP;Sud Mennucci;-20.6929434994;-50.920526559;7435.0;54.62;2.838;41.95;0.551;0.04
2010;SP;Sumaré;-22.822145;-47.2658027321;241311.0;58.379;5.409;35.42;0.725;0.066
2010;SP;Suzano;-23.5368275;-46.3078104673;262480.0;52.431;6.86;37.445;3.128;0.136
2010;SP;Suzanápolis;-20.503344267;-51.0282225865;3383.0;51.463;3.281;44.546;0.709;0.0
2010;SP;Tabapuã;-20.9576006761;-49.0326214092;11363.0;76.89;2.499;20.417;0.176;0.018
2010;SP;Tabatinga;-21.7325145;-48.686787614;14686.0;67.268;3.636;27.986;0.967;0.143
2010;SP;Taboão da Serra;-23.6233285;-46.7857800342;244518.0;49.378;9.237;39.976;1.305;0.103
2010;SP;Taciba;-22.3882662616;-51.2847734241;5714.0;56.79;4.025;38.659;0.403;0.123
2010;SP;Taguaí;-23.4498141186;-49.4057711156;10828.0;84.374;0.988;14.324;0.277;0.037
2010;SP;Taiaçu;-21.1467362736;-48.5119552221;5894.0;71.395;3.41;24.89;0.305;0.0
2010;SP;Taiúva;-21.1295562883;-48.4539353423;5447.0;80.191;2.754;16.211;0.808;0.037
2010;SP;Tambaú;-21.703033;-47.2716155131;22406.0;66.388;4.869;28.425;0.254;0.062
2010;SP;Tanabi;-20.6251121361;-49.6488201994;24055.0;74.97;3.155;21.505;0.312;0.058
2010;SP;Tapiraí;-23.9731482668;-47.5052882352;8012.0;60.422;4.818;31.628;2.858;0.275
2010;SP;Tapiratiba;-21.4718854023;-46.7455152107;12737.0;63.571;5.606;30.455;0.33;0.039
2010;SP;Taquaral;-21.0726085;-48.4086549184;2726.0;65.774;4.585;28.503;1.137;0.0
2010;SP;Taquaritinga;-21.410008;-48.5067421829;53988.0;67.204;4.527;27.28;0.908;0.081
2010;SP;Taquarituba;-23.5320605077;-49.2440885384;22291.0;74.138;1.602;23.305;0.911;0.045
2010;SP;Taquarivaí;-23.9192571497;-48.697328637;5151.0;79.227;0.602;19.783;0.388;0.0
2010;SP;Tarabai;-22.3016682955;-51.5595725756;6607.0;48.782;5.963;43.181;1.937;0.136
2010;SP;Tarumã;-22.7447711943;-50.5765651351;12885.0;59.131;3.073;37.478;0.295;0.023
2010;SP;Tatuí;-23.3485765;-47.8494640337;107326.0;80.436;2.628;16.225;0.655;0.055
2010;SP;Taubaté;-23.0265555;-45.5566086967;278686.0;77.194;3.437;18.576;0.701;0.092
2010;SP;Tejupá;-23.3405917463;-49.3774419611;4809.0;73.404;2.267;23.851;0.395;0.083
2010;SP;Teodoro Sampaio;-22.531007;-52.1711948222;21386.0;48.265;4.858;45.647;1.16;0.07
2010;SP;Terra Roxa;-20.7878416567;-48.3415361372;8505.0;66.326;5.173;27.066;1.305;0.129
2010;SP;Tietê;-23.097889485;-47.711472528;36835.0;75.233;5.131;19.302;0.29;0.043
2010;SP;Timburi;-23.202363383;-49.6035428949;2646.0;78.118;2.079;19.463;0.227;0.113
2010;SP;Torre de Pedra;-23.2437695273;-48.1982388399;2254.0;80.213;0.399;19.122;0.266;0.0
2010;SP;Torrinha;-22.4274936147;-48.1721575851;9330.0;81.994;1.629;16.206;0.161;0.011
2010;SP;Trabiju;-22.0380736471;-48.3401833938;1544.0;55.052;4.987;39.573;0.389;0.0
2010;SP;Tremembé;-22.9604152054;-45.5507468823;40984.0;75.227;3.945;20.103;0.651;0.073
2010;SP;Três Fronteiras;-20.2280128034;-50.8848827855;5427.0;70.426;3.519;25.134;0.829;0.092
2010;SP;Tuiuti;-22.8147561552;-46.6970238595;5930.0;75.211;3.305;21.113;0.371;0.0
2010;SP;Tupã;-21.93482151;-50.5140064217;63476.0;65.8;3.444;27.803;2.747;0.206
2010;SP;Tupi Paulista;-21.3863953177;-51.576720576;14269.0;75.422;2.067;21.039;1.444;0.028
2010;SP;Turiúba;-20.9502350892;-50.1094417505;1930.0;78.964;4.508;16.218;0.311;0.0
2010;SP;Turmalina;-20.0512686173;-50.4777294315;1978.0;84.328;2.174;13.246;0.253;0.0
2010;SP;Ubarana;-21.1624709998;-49.7196723942;5289.0;65.438;4.727;28.815;1.002;0.019
2010;SP;Ubatuba;-23.4359649805;-45.0720914755;78801.0;59.244;5.853;33.473;1.008;0.423
2010;SP;Ubirajara;-22.5238354502;-49.6632716656;4427.0;67.382;3.185;29.275;0.09;0.068
2010;SP;Uchoa;-20.9533463993;-49.177669535;9471.0;75.198;4.181;20.378;0.222;0.021
2010;SP;União Paulista;-20.8877689994;-49.8973935791;1599.0;59.912;5.191;34.709;0.188;0.0
2010;SP;Urânia;-20.2462640967;-50.6418001541;8836.0;71.741;1.426;24.378;2.331;0.124
2010;SP;Uru;-21.7863136524;-49.2832016014;1251.0;87.61;2.398;9.992;0.0;0.0
2010;SP;Urupês;-21.2004188127;-49.2907298494;12714.0;82.334;1.888;15.487;0.267;0.024
2010;SP;Valentim Gentil;-20.4233702919;-50.0858682817;11036.0;70.614;2.51;26.25;0.616;0.009
2010;SP;Valinhos;-22.971244;-46.9966300276;106793.0;79.341;2.506;17.199;0.919;0.036
2010;SP;Valparaíso;-21.2255752829;-50.869308119;22576.0;48.631;6.086;44.158;1.09;0.035
2010;SP;Vargem;-22.8848804238;-46.4116002331;8801.0;76.741;2.091;20.225;0.932;0.011
2010;SP;Vargem Grande do Sul;-21.835866;-46.8956089148;39266.0;70.83;4.464;24.352;0.316;0.038
2010;SP;Vargem Grande Paulista;-23.6153025;-47.0196477841;42997.0;59.709;4.417;33.605;2.196;0.074
2010;SP;Várzea Paulista;-23.2144665;-46.8298902239;107089.0;62.614;5.211;31.699;0.406;0.07
2010;SP;Vera Cruz;-22.2247483148;-49.8217816546;10769.0;60.089;4.949;34.191;0.724;0.046
2010;SP;Vinhedo;-23.0305383241;-46.9764763091;63611.0;73.281;3.899;21.888;0.811;0.121
2010;SP;Viradouro;-20.872314;-48.2966628796;17297.0;68.336;3.689;27.334;0.613;0.029
2010;SP;Vista Alegre do Alto;-21.1671540847;-48.6301713572;6886.0;62.533;3.761;32.806;0.799;0.102
2010;SP;Vitória Brasil;-20.1987385745;-50.4808069702;1737.0;63.673;3.282;32.067;0.979;0.0
2010;SP;Votorantim;-23.541871206;-47.449738058;108809.0;75.338;3.41;20.717;0.446;0.089
2010;SP;Votuporanga;-20.41947;-49.9746720152;84692.0;76.866;2.758;19.327;1.005;0.045
2010;SP;Zacarias;-21.050110435;-50.0557395185;2335.0;65.953;3.169;29.593;1.285;0.0
2010;SP;Chavantes;-23.0320056319;-49.7139361487;12114.0;69.184;4.482;25.937;0.388;0.008
2010;SP;Estiva Gerbi;-22.2745889131;-46.9536026904;10044.0;78.236;3.007;18.359;0.299;0.1
2010;PR;Abatiá;-23.3004940371;-50.3125265829;7764.0;69.011;3.709;25.528;0.464;1.288
2010;PR;Adrianópolis;-24.6616897055;-48.9917545384;6376.0;46.393;5.678;47.051;0.659;0.22
2010;PR;Agudos do Sul;-25.9906180906;-49.3387018846;8270.0;75.683;2.056;22.128;0.036;0.097
2010;PR;Almirante Tamandaré;-25.3133776023;-49.3003198184;103204.0;64.789;3.938;30.703;0.39;0.18
2010;PR;Altamira do Paraná;-24.8010001635;-52.7098074467;4306.0;46.354;3.205;48.792;0.906;0.743
2010;PR;Altônia;-23.8708814058;-53.8919738559;20516.0;64.457;2.432;32.458;0.57;0.083
2010;PR;Alto Paraná;-23.1271208306;-52.3216824441;13663.0;59.453;4.443;34.978;1.025;0.102
2010;PR;Alto Piquiri;-24.0190125564;-53.4412490789;10179.0;46.655;3.399;49.268;0.629;0.049
2010;PR;Alvorada do Sul;-22.7803787674;-51.2292163306;10283.0;61.363;3.754;34.192;0.642;0.049
2010;PR;Amaporã;-23.0973702882;-52.7867873506;5443.0;40.107;9.774;49.605;0.423;0.092
2010;PR;Ampére;-25.9170684653;-53.4732567447;17308.0;79.83;1.849;17.408;0.878;0.035
2010;PR;Anahy;-24.6475824586;-53.1333198287;2874.0;58.942;5.637;35.003;0.418;0.0
2010;PR;Andirá;-23.0517516547;-50.2264075987;20610.0;71.761;3.43;23.717;1.014;0.078
2010;PR;Ângulo;-23.192903865;-51.9173646798;2859.0;61.525;3.078;34.662;0.735;0.0
2010;PR;Antonina;-25.4301661323;-48.7129000617;18891.0;67.752;3.028;28.389;0.54;0.291
2010;PR;Antônio Olinto;-25.98670578;-50.197947244;7351.0;76.561;1.592;21.398;0.422;0.027
2010;PR;Apucarana;-23.551592985;-51.4599851424;120919.0;67.199;3.719;27.386;1.56;0.136
2010;PR;Arapongas;-23.413516532;-51.4382797347;104150.0;74.636;2.704;21.018;1.578;0.064
2010;PR;Arapoti;-24.1465691652;-49.8248285017;25855.0;66.355;4.03;29.128;0.383;0.104
2010;PR;Arapuã;-24.3087023864;-51.7913175643;3561.0;66.021;2.949;30.16;0.871;0.0
2010;PR;Araruna;-23.9282009506;-52.4996181031;13419.0;67.77;1.662;30.196;0.335;0.037
2010;PR;Araucária;-25.591645;-49.4019396967;119122.0;69.844;3.243;26.042;0.726;0.144
2010;PR;Ariranha do Ivaí;-24.3832887448;-51.5879178389;2453.0;54.586;0.693;43.987;0.571;0.163
2010;PR;Assaí;-23.3727179051;-50.8416234863;16354.0;51.627;3.394;32.75;12.156;0.073
2010;PR;Assis Chateaubriand;-24.4085300849;-53.5212369274;33025.0;66.91;3.34;28.33;1.354;0.067
2010;PR;Astorga;-23.236711965;-51.6696792625;24698.0;66.977;3.373;28.561;1.041;0.049
2010;PR;Atalaia;-23.1515870955;-52.0557011365;3913.0;64.758;3.194;31.153;0.869;0.026
2010;PR;Balsa Nova;-25.5784978075;-49.6317559904;11300.0;79.0;1.257;19.425;0.301;0.018
2010;PR;Bandeirantes;-23.0924805;-50.3718730229;32184.0;64.346;5.627;28.238;1.734;0.056
2010;PR;Barbosa Ferraz;-24.0277154653;-52.0071166854;12656.0;50.822;7.143;41.04;0.822;0.174
2010;PR;Barracão;-26.2526028442;-53.6350002653;9735.0;64.016;1.9;33.22;0.781;0.082
2010;PR;Barra do Jacaré;-23.1205927281;-50.1877367616;2727.0;75.871;5.024;18.629;0.44;0.037
2010;PR;Bela Vista da Caroba;-25.8794933223;-53.6660426285;3945.0;66.261;1.774;31.939;0.025;0.0
2010;PR;Bela Vista do Paraíso;-22.9920875312;-51.1941450329;15079.0;62.325;3.588;33.205;0.842;0.04
2010;PR;Bituruna;-26.1607944758;-51.5565252575;15880.0;66.417;1.423;31.864;0.189;0.107
2010;PR;Boa Esperança;-24.2394931592;-52.7927774593;4568.0;61.602;3.284;34.698;0.372;0.044
2010;PR;Boa Esperança do Iguaçu;-25.6358731594;-53.2171600749;2764.0;77.46;3.22;17.511;1.809;0.0
2010;PR;Boa Ventura de São Roque;-24.8785175862;-51.539373837;6554.0;67.791;3.296;27.769;0.87;0.275
2010;PR;Boa Vista da Aparecida;-25.4304049443;-53.411736489;7911.0;67.223;2.705;28.568;1.353;0.152
2010;PR;Bocaiúva do Sul;-25.2149015837;-49.1057874828;10987.0;71.648;2.894;24.811;0.328;0.319
2010;PR;Bom Jesus do Sul;-26.1928749693;-53.5995999695;3796.0;63.936;2.002;27.055;7.007;0.0
2010;PR;Bom Sucesso;-23.707437018;-51.7644654447;6561.0;49.063;5.838;44.719;0.381;0.0
2010;PR;Bom Sucesso do Sul;-26.0745371403;-52.8319762721;3293.0;78.986;3.006;17.461;0.547;0.0
2010;PR;Borrazópolis;-23.9378541947;-51.5844090969;7878.0;67.212;2.755;27.812;1.917;0.305
2010;PR;Braganey;-24.8148946326;-53.121073665;5735.0;69.381;3.226;26.504;0.715;0.174
2010;PR;Brasilândia do Sul;-24.1938462812;-53.5240418136;3209.0;41.29;4.737;52.446;1.433;0.093
2010;PR;Cafeara;-22.788235241;-51.7150055085;2695.0;62.412;6.308;30.872;0.408;0.0
2010;PR;Cafelândia;-24.6156669761;-53.3249164784;14662.0;68.088;2.933;28.325;0.614;0.041
2010;PR;Cafezal do Sul;-23.9047044712;-53.5110648542;4290.0;56.131;4.079;38.625;1.142;0.023
2010;PR;Califórnia;-23.6661438838;-51.3580855531;8069.0;67.431;2.863;29.037;0.545;0.124
2010;PR;Cambará;-23.04126648;-50.0775707226;23886.0;69.103;6.167;23.348;1.269;0.113
2010;PR;Cambé;-23.281632;-51.2777284423;96733.0;65.848;4.355;28.785;0.909;0.102
2010;PR;Cambira;-23.6006118802;-51.5816306134;7236.0;71.904;4.104;23.494;0.498;0.0
2010;PR;Campina da Lagoa;-24.594956582;-52.8135641546;15394.0;62.615;2.157;34.513;0.565;0.149
2010;PR;Campina do Simão;-25.1025784698;-51.8147865321;4076.0;61.776;2.331;34.691;1.202;0.0
2010;PR;Campina Grande do Sul;-25.303247505;-49.0534658724;38769.0;71.849;3.456;24.151;0.503;0.041
2010;PR;Campo Bonito;-25.0396344828;-52.9968696037;4407.0;62.696;3.313;33.379;0.431;0.182
2010;PR;Campo do Tenente;-25.9810056577;-49.6903769402;7125.0;59.818;1.488;38.372;0.295;0.028
2010;PR;Campo Largo;-25.4594905;-49.5288414503;112377.0;78.13;2.66;18.676;0.402;0.133
2010;PR;Campo Magro;-25.3679565;-49.427664968;24843.0;65.036;3.192;31.039;0.378;0.354
2010;PR;Campo Mourão;-24.0412231967;-52.3811150856;87194.0;65.576;3.242;29.852;1.195;0.135
2010;PR;Cândido de Abreu;-24.5646691199;-51.3325805084;16655.0;70.171;1.819;23.999;0.306;3.705
2010;PR;Candói;-25.5679318458;-52.0554464048;14983.0;53.38;3.484;41.447;1.568;0.12
2010;PR;Cantagalo;-25.374317386;-52.1266876349;12952.0;58.176;3.011;38.133;0.602;0.077
2010;PR;Capanema;-25.6829774174;-53.800178695;18526.0;81.885;1.225;16.539;0.335;0.016
2010;PR;Capitão Leônidas Marques;-25.4794684845;-53.6172110108;14970.0;74.135;3.854;21.142;0.815;0.053
2010;PR;Carambeí;-24.95087298;-50.1130915115;19163.0;74.143;2.787;22.47;0.464;0.136
2010;PR;Carlópolis;-23.427723925;-49.7187235299;13706.0;86.276;1.875;9.923;1.875;0.051
2010;PR;Cascavel;-24.9537975;-53.459722182;286202.0;70.152;2.589;26.251;0.879;0.129
2010;PR;Castro;-24.7954175;-50.0028111278;67084.0;68.375;3.366;27.376;0.71;0.173
2010;PR;Catanduvas;-25.1964932495;-53.1537063668;10202.0;60.802;2.872;35.601;0.51;0.216
2010;PR;Centenário do Sul;-22.8149823509;-51.59352956;11190.0;53.36;4.647;40.929;1.037;0.027
2010;PR;Cerro Azul;-24.8189473028;-49.2603168259;16938.0;62.888;1.281;35.406;0.331;0.094
2010;PR;Céu Azul;-25.1497612093;-53.8572693831;11032.0;72.625;1.804;24.792;0.589;0.19
2010;PR;Chopinzinho;-25.8546838488;-52.5339602075;19679.0;69.323;2.256;24.686;0.432;3.303
2010;PR;Cianorte;-23.6538131528;-52.6091508906;69958.0;72.478;2.785;23.414;1.256;0.067
2010;PR;Cidade Gaúcha;-23.3741973866;-52.9405251491;11062.0;51.455;4.005;43.545;0.841;0.154
2010;PR;Clevelândia;-26.4052052934;-52.3529862012;17240.0;63.498;1.479;33.637;0.313;1.073
2010;PR;Colombo;-25.2943402945;-49.2274379773;212960.0;65.569;3.886;29.791;0.545;0.21
2010;PR;Colorado;-22.83789753;-51.9744162121;22345.0;62.837;3.531;32.276;1.293;0.063
2010;PR;Congonhinhas;-23.5469021022;-50.554428047;8279.0;65.479;4.469;28.723;0.99;0.338
2010;PR;Conselheiro Mairinck;-23.6215617142;-50.1717730024;3636.0;62.624;5.088;30.941;0.99;0.358
2010;PR;Contenda;-25.6807663096;-49.5316118697;15891.0;77.125;3.039;19.124;0.434;0.277
2010;PR;Corbélia;-24.799649516;-53.296527777;16312.0;74.393;2.789;21.904;0.877;0.037
2010;PR;Cornélio Procópio;-23.1832575;-50.6514844783;46925.0;68.26;5.313;24.109;2.14;0.179
2010;PR;Coronel Domingos Soares;-26.2265477684;-52.0345386762;7238.0;59.049;2.791;37.054;0.774;0.332
2010;PR;Coronel Vivida;-25.9781534981;-52.5670866354;21749.0;71.148;2.579;25.054;0.593;0.625
2010;PR;Corumbataí do Sul;-24.0974123852;-52.1241853004;4002.0;45.702;2.574;51.224;0.425;0.075
2010;PR;Cruzeiro do Iguaçu;-25.6165692703;-53.1268226638;4278.0;70.243;1.706;27.396;0.608;0.047
2010;PR;Cruzeiro do Oeste;-23.7769048607;-53.0818216076;20416.0;54.428;4.139;40.267;1.092;0.073
2010;PR;Cruzeiro do Sul;-22.9651754195;-52.1639776695;4563.0;47.688;4.186;45.168;2.893;0.066
2010;PR;Cruz Machado;-26.0172688782;-51.3477095246;18040.0;86.741;2.683;10.133;0.377;0.067
2010;PR;Cruzmaltina;-23.9933276019;-51.444246649;3162.0;62.745;3.004;33.586;0.633;0.032
2010;PR;Curitiba;-25.432956;-49.2718478851;1751874.0;78.883;2.853;16.789;1.321;0.154
2010;PR;Curiúva;-24.0358255893;-50.4594055245;13923.0;66.861;4.525;27.767;0.833;0.014
2010;PR;Diamante do Norte;-22.6572061502;-52.8641112387;5516.0;46.846;8.938;40.972;3.227;0.018
2010;PR;Diamante do Sul;-25.0351919283;-52.6881907613;3510.0;69.829;1.14;28.49;0.541;0.0
2010;PR;Diamante d'Oeste;-24.9421618556;-54.1036264277;5027.0;50.249;2.566;38.432;0.338;8.415
2010;PR;Dois Vizinhos;-25.74601002;-53.0548359924;36179.0;76.293;1.462;21.584;0.608;0.053
2010;PR;Douradina;-23.3819072162;-53.2964486552;7445.0;62.122;4.392;32.008;1.464;0.013
2010;PR;Doutor Camargo;-23.555901327;-52.2227214971;5828.0;72.083;3.861;23.507;0.549;0.0
2010;PR;Enéas Marques;-25.9407559827;-53.1661852682;6103.0;82.73;1.327;15.32;0.623;0.0
2010;PR;Engenheiro Beltrão;-23.8011440704;-52.2600351548;13906.0;59.996;3.358;35.129;1.46;0.058
2010;PR;Esperança Nova;-23.7246547649;-53.810495039;1970.0;61.827;2.843;35.025;0.102;0.203
2010;PR;Entre Rios do Oeste;-24.7081421702;-54.2448936715;3926.0;87.85;1.325;10.774;0.051;0.0
2010;PR;Espigão Alto do Iguaçu;-25.4266700617;-52.8382134987;4677.0;60.637;3.507;29.57;0.513;5.773
2010;PR;Farol;-24.0990946187;-52.6262151802;3472.0;58.151;4.291;36.521;1.008;0.029
2010;PR;Faxinal;-24.0039270722;-51.3201059318;16314.0;68.873;3.371;26.836;0.834;0.086
2010;PR;Fazenda Rio Grande;-25.6414002187;-49.3232931947;81675.0;67.374;3.87;27.945;0.617;0.193
2010;PR;Fênix;-23.9206947066;-51.984464487;4802.0;50.646;3.582;44.773;0.916;0.083
2010;PR;Fernandes Pinheiro;-25.412242298;-50.5474142544;5932.0;66.639;2.057;30.63;0.455;0.219
2010;PR;Figueira;-23.8434107619;-50.4092010912;8293.0;64.319;2.87;31.955;0.844;0.012
2010;PR;Floraí;-23.3198456636;-52.302984373;5050.0;72.812;1.98;23.149;2.0;0.059
2010;PR;Flor da Serra do Sul;-26.2552988459;-53.3085976819;4726.0;73.381;1.46;24.905;0.254;0.0
2010;PR;Floresta;-23.6102671395;-52.0830848515;5931.0;64.711;3.659;28.09;3.456;0.084
2010;PR;Florestópolis;-22.8591043044;-51.3838226518;11222.0;49.314;5.124;44.734;0.784;0.045
2010;PR;Flórida;-23.0878019097;-51.955828091;2543.0;62.328;1.298;35.902;0.472;0.0
2010;PR;Formosa do Oeste;-24.2941972137;-53.3161610107;7541.0;74.725;3.262;20.833;1.061;0.119
2010;PR;Foz do Iguaçu;-25.5424932795;-54.5871024886;256085.0;63.492;3.581;31.383;1.386;0.159
2010;PR;Francisco Alves;-24.0675754044;-53.8440159672;6418.0;53.459;3.459;42.163;0.888;0.031
2010;PR;Francisco Beltrão;-26.07845;-53.0561357215;78943.0;76.451;2.013;20.607;0.822;0.106
2010;PR;Foz do Jordão;-25.7334396203;-52.1256275318;5420.0;57.417;3.229;37.768;1.089;0.498
2010;PR;General Carneiro;-26.4258025266;-51.3168589232;13669.0;59.756;2.334;36.272;1.236;0.402
2010;PR;Godoy Moreira;-24.1928594486;-51.9243682163;3337.0;54.87;3.206;41.235;0.659;0.03
2010;PR;Goioerê;-24.1891883939;-53.0273189133;29018.0;53.873;3.212;40.754;2.081;0.079
2010;PR;Goioxim;-25.2015403111;-52.0055879662;7503.0;52.206;2.999;43.543;1.186;0.067
2010;PR;Grandes Rios;-24.1461940122;-51.5087423991;6625.0;58.823;3.502;37.298;0.332;0.045
2010;PR;Guaíra;-24.08527548;-54.2467577204;30704.0;55.892;3.452;37.331;1.84;1.485
2010;PR;Guairaçá;-22.9382439477;-52.6910396164;6197.0;50.944;3.889;44.263;0.855;0.048
2010;PR;Guamiranga;-25.1899094536;-50.8098759007;7900.0;64.165;1.392;34.139;0.266;0.038
2010;PR;Guapirama;-23.5166402424;-50.042613744;3891.0;74.068;6.04;18.479;1.157;0.257
2010;PR;Guaporema;-23.3429843451;-52.7782437829;2219.0;54.935;5.949;38.666;0.406;0.045
2010;PR;Guaraci;-22.9744292673;-51.6503853709;5227.0;54.276;2.564;42.434;0.727;0.0
2010;PR;Guaraniaçu;-25.0986499166;-52.8696324396;14582.0;70.422;5.239;23.392;0.919;0.027
2010;PR;Guarapuava;-25.39359198;-51.4634310777;167328.0;69.447;2.857;26.767;0.659;0.271
2010;PR;Guaraqueçaba;-25.3004374744;-48.3260489326;7871.0;56.117;1.588;41.291;0.495;0.508
2010;PR;Guaratuba;-25.874241975;-48.5757259604;32095.0;74.865;2.081;22.639;0.333;0.081
2010;PR;Honório Serpa;-26.142966207;-52.3830290562;5955.0;58.338;1.108;40.084;0.386;0.084
2010;PR;Ibaiti;-23.849821485;-50.1906662736;28750.0;70.984;2.943;25.412;0.581;0.08
2010;PR;Ibema;-25.1128670712;-53.0231216934;6066.0;63.056;2.901;33.581;0.28;0.181
2010;PR;Ibiporã;-23.269331475;-51.058033674;48198.0;69.876;2.811;25.055;2.22;0.037
2010;PR;Icaraíma;-23.396711428;-53.6255701623;8839.0;51.386;4.299;43.749;0.532;0.034
2010;PR;Iguaraçu;-23.1947806087;-51.8247742046;3982.0;59.669;3.742;35.535;0.779;0.276
2010;PR;Iguatu;-24.7112618444;-53.0860050754;2234.0;53.402;1.97;43.778;0.671;0.179
2010;PR;Imbaú;-24.4427970837;-50.7493089935;11274.0;73.035;3.938;21.998;0.763;0.266
2010;PR;Imbituva;-25.2306130382;-50.5974729665;28455.0;78.668;1.553;19.28;0.401;0.098
2010;PR;Inácio Martins;-25.572162687;-51.0749452987;10943.0;67.605;2.888;22.498;5.693;1.316
2010;PR;Inajá;-22.7491161251;-52.2023437503;2988.0;41.767;4.518;51.439;1.874;0.402
2010;PR;Indianópolis;-23.4797105012;-52.7010569082;4299.0;67.527;2.442;29.402;0.605;0.023
2010;PR;Ipiranga;-25.0130228282;-50.5812401344;14150.0;77.074;1.562;21.039;0.283;0.042
2010;PR;Iporã;-24.0025804985;-53.7180991714;14981.0;56.986;2.356;39.55;1.041;0.067
2010;PR;Iracema do Oeste;-24.4290304153;-53.3581105552;2578.0;59.659;4.771;35.066;0.504;0.0
2010;PR;Irati;-25.4737362989;-50.6580481228;56207.0;82.529;1.589;15.461;0.358;0.064
2010;PR;Iretama;-24.4211415594;-52.1015766223;10622.0;51.139;3.286;45.123;0.367;0.085
2010;PR;Itaguajé;-22.6147826757;-51.9693404489;4568.0;46.257;4.313;48.424;0.963;0.044
2010;PR;Itaipulândia;-25.138480651;-54.3050007423;9026.0;76.623;1.739;20.164;1.252;0.222
2010;PR;Itambaracá;-23.0147685089;-50.4090904668;6759.0;65.039;4.586;28.555;1.731;0.089
2010;PR;Itambé;-23.6600985811;-51.9900043143;5979.0;60.93;4.215;34.019;0.786;0.05
2010;PR;Itapejara d'Oeste;-25.9708780516;-52.8139296045;10531.0;78.824;3.029;17.339;0.665;0.142
2010;PR;Itaperuçu;-25.214469525;-49.3428643437;23887.0;60.707;1.658;37.058;0.515;0.063
2010;PR;Itaúna do Sul;-22.7268769277;-52.8850248105;3583.0;37.817;9.266;51.549;1.368;0.0
2010;PR;Ivaí;-25.0082625825;-50.8614257041;12815.0;81.014;3.504;15.146;0.273;0.062
2010;PR;Ivaiporã;-24.24194802;-51.6745520468;31816.0;64.009;3.02;31.83;1.056;0.085
2010;PR;Ivaté;-23.409588874;-53.3738794058;7514.0;52.316;3.62;43.532;0.506;0.027
2010;PR;Ivatuba;-23.6182744113;-52.217669279;3010.0;62.359;5.714;31.296;0.598;0.033
2010;PR;Jaboti;-23.7357406012;-50.0734525499;4902.0;82.354;1.958;14.892;0.592;0.204
2010;PR;Jacarezinho;-23.160116475;-49.9785725343;39121.0;65.101;7.275;26.794;0.744;0.087
2010;PR;Jaguapitã;-23.1177827566;-51.5406168454;12225.0;58.258;4.622;36.196;0.883;0.041
2010;PR;Jaguariaíva;-24.2530565;-49.712186302;32606.0;69.147;3.144;26.928;0.656;0.126
2010;PR;Jandaia do Sul;-23.6011789161;-51.6433953622;20269.0;71.099;3.444;24.565;0.804;0.089
2010;PR;Janiópolis;-24.1414499418;-52.78255178;6532.0;51.562;3.965;43.585;0.765;0.122
2010;PR;Japira;-23.8074805268;-50.1385951194;4903.0;68.468;4.507;25.882;0.632;0.51
2010;PR;Japurá;-23.4685877726;-52.5566276715;8549.0;77.647;1.684;20.119;0.538;0.012
2010;PR;Jardim Alegre;-24.1811374456;-51.6943350084;12324.0;63.819;3.359;32.319;0.463;0.041
2010;PR;Jardim Olinda;-22.5526316002;-52.0381409641;1409.0;40.099;4.613;54.294;0.781;0.213
2010;PR;Jataizinho;-23.2572651215;-50.9740548451;11875.0;64.497;3.587;29.971;1.853;0.093
2010;PR;Jesuítas;-24.3772489097;-53.38811488;9001.0;64.115;2.278;32.296;1.289;0.022
2010;PR;Joaquim Távora;-23.5004885244;-49.9244568128;10736.0;79.49;1.602;18.117;0.782;0.009
2010;PR;Jundiaí do Sul;-23.4379094511;-50.2493535652;3433.0;64.725;1.253;33.528;0.495;0.0
2010;PR;Juranda;-24.4163906494;-52.8444864983;7641.0;57.623;2.683;39.052;0.628;0.013
2010;PR;Jussara;-23.6163267088;-52.4730408047;6610.0;63.359;2.738;33.238;0.605;0.061
2010;PR;Kaloré;-23.8234388794;-51.6651419267;4506.0;73.591;4.705;21.327;0.355;0.022
2010;PR;Lapa;-25.765102485;-49.7185958084;44932.0;71.377;2.867;25.218;0.423;0.116
2010;PR;Laranjal;-24.888301584;-52.4716661791;6360.0;56.965;2.091;40.079;0.849;0.016
2010;PR;Laranjeiras do Sul;-25.4016815102;-52.4088474233;30777.0;68.98;2.346;27.163;0.894;0.617
2010;PR;Leópolis;-23.0799224937;-50.7551249729;4145.0;61.665;5.042;32.207;1.086;0.0
2010;PR;Lidianópolis;-24.1067664133;-51.6541506163;3973.0;58.495;6.292;34.659;0.478;0.076
2010;PR;Lindoeste;-25.255985126;-53.5771259363;5361.0;57.321;1.94;39.918;0.802;0.019
2010;PR;Loanda;-22.9302286219;-53.1344689598;21201.0;56.224;4.019;38.446;1.236;0.075
2010;PR;Lobato;-23.0041580769;-51.9537492142;4401.0;65.303;4.363;29.471;0.75;0.114
2010;PR;Londrina;-23.312156;-51.1627734239;506696.0;70.366;4.301;21.769;3.443;0.12
2010;PR;Luiziana;-24.2800814127;-52.2819056183;7315.0;51.251;3.828;44.306;0.465;0.15
2010;PR;Lunardelli;-24.0780463607;-51.7445483868;5160.0;66.705;2.112;30.562;0.523;0.097
2010;PR;Lupionópolis;-22.751994523;-51.6568728402;4592.0;54.639;2.787;41.768;0.784;0.022
2010;PR;Mallet;-25.8737880845;-50.8275686221;12973.0;89.339;1.403;8.811;0.401;0.046
2010;PR;Mamborê;-24.3218130807;-52.5290941575;13961.0;62.08;1.869;35.313;0.487;0.251
2010;PR;Mandaguaçu;-23.3427891418;-52.0942530606;19780.0;61.921;4.206;31.603;1.997;0.273
2010;PR;Mandaguari;-23.517452;-51.6812520884;32658.0;67.882;3.681;27.378;1.001;0.058
2010;PR;Mandirituba;-25.7596206131;-49.322782597;22220.0;74.37;1.463;23.722;0.297;0.149
2010;PR;Manfrinópolis;-26.1437768725;-53.3125829631;3127.0;62.552;2.175;33.323;1.919;0.032
2010;PR;Mangueirinha;-25.9429813416;-52.1763258294;17048.0;57.667;2.211;36.086;0.78;3.256
2010;PR;Manoel Ribas;-24.5217308774;-51.6690785951;13169.0;63.369;1.306;21.277;1.147;12.902
2010;PR;Marechal Cândido Rondon;-24.559254495;-54.0600078165;46819.0;82.772;2.264;14.494;0.406;0.064
2010;PR;Maria Helena;-23.6176096561;-53.2048192712;5956.0;53.123;6.095;39.859;0.923;0.0
2010;PR;Marialva;-23.484758535;-51.7980569139;31959.0;68.09;3.285;26.024;2.572;0.028
2010;PR;Marilândia do Sul;-23.7457790925;-51.3092905257;8863.0;73.35;2.11;23.062;1.41;0.068
2010;PR;Marilena;-22.7318252451;-53.0371858842;6858.0;45.509;5.395;48.309;0.642;0.146
2010;PR;Mariluz;-24.0037326298;-53.1515258189;10224.0;48.445;4.147;45.814;1.536;0.059
2010;PR;Maringá;-23.42228;-51.9398818703;357077.0;70.839;3.396;21.996;3.659;0.11
2010;PR;Mariópolis;-26.3558427427;-52.5577480021;6268.0;68.395;2.281;28.813;0.175;0.335
2010;PR;Maripá;-24.4172088393;-53.833477783;5684.0;86.946;2.287;10.503;0.246;0.018
2010;PR;Marmeleiro;-26.148697193;-53.0261839783;13900.0;71.309;1.216;26.237;1.144;0.094
2010;PR;Marquinho;-25.1122123613;-52.2569829528;4981.0;64.626;3.814;30.054;1.466;0.04
2010;PR;Marumbi;-23.7063690371;-51.6410803665;4603.0;73.517;2.868;23.354;0.261;0.0
2010;PR;Matelândia;-25.2379210129;-53.9743873417;16078.0;71.644;2.227;25.557;0.541;0.031
2010;PR;Matinhos;-25.8164097029;-48.5337711878;29428.0;68.673;2.725;27.477;0.669;0.455
2010;PR;Mato Rico;-24.7073171879;-52.1462585798;3818.0;63.62;2.986;32.792;0.602;0.0
2010;PR;Mauá da Serra;-23.9012964431;-51.2264634714;8555.0;68.802;2.922;25.611;2.256;0.409
2010;PR;Medianeira;-25.2924975;-54.0917821269;41817.0;77.062;1.858;20.437;0.612;0.031
2010;PR;Mercedes;-24.4488897646;-54.1644357172;5046.0;88.208;1.427;9.77;0.575;0.02
2010;PR;Mirador;-23.2574075418;-52.7769349283;2327.0;48.217;3.825;47.83;0.129;0.0
2010;PR;Miraselva;-22.9660925761;-51.4857072491;1862.0;55.371;8.271;35.875;0.483;0.0
2010;PR;Missal;-25.0911596681;-54.2431753258;10474.0;82.204;1.652;15.906;0.22;0.019
2010;PR;Moreira Sales;-24.0447582369;-53.0134465697;12606.0;49.572;4.672;45.224;0.492;0.04
2010;PR;Morretes;-25.4784816834;-48.8315391963;15718.0;63.64;3.448;31.868;0.884;0.159
2010;PR;Munhoz de Melo;-23.1456928031;-51.7757579076;3672.0;58.197;2.941;38.017;0.844;0.0
2010;PR;Nossa Senhora das Graças;-22.9105625093;-51.795147524;3836.0;46.011;1.747;51.747;0.495;0.0
2010;PR;Nova Aliança do Ivaí;-23.1774555298;-52.6019227273;1431.0;50.175;4.892;44.654;0.28;0.0
2010;PR;Nova América da Colina;-23.3326866675;-50.7144428466;3478.0;67.654;3.45;24.871;3.853;0.173
2010;PR;Nova Aurora;-24.528485329;-53.2575255396;11866.0;67.133;2.629;28.982;1.155;0.101
2010;PR;Nova Cantu;-24.670778845;-52.5709921605;7425.0;65.67;1.306;32.579;0.444;0.0
2010;PR;Nova Esperança;-23.1842513922;-52.2048663634;26615.0;63.934;2.574;31.317;2.172;0.004
2010;PR;Nova Esperança do Sudoeste;-25.8987792083;-53.2642073186;5098.0;77.266;1.55;20.086;1.079;0.02
2010;PR;Nova Fátima;-23.4323585709;-50.5623142176;8147.0;63.005;3.695;31.729;1.51;0.061
2010;PR;Nova Laranjeiras;-25.3067459166;-52.5393704515;11241.0;57.103;2.42;20.265;0.294;19.918
2010;PR;Nova Londrina;-22.7638686048;-52.9863126299;13067.0;48.726;5.786;43.744;1.439;0.306
2010;PR;Nova Olímpia;-23.4711009791;-53.091232951;5503.0;59.15;3.053;37.016;0.654;0.127
2010;PR;Nova Santa Bárbara;-23.5854238549;-50.764147122;3908.0;54.324;2.687;40.763;2.047;0.179
2010;PR;Nova Santa Rosa;-24.4647645333;-53.9551160843;7626.0;86.415;1.77;11.225;0.433;0.157
2010;PR;Nova Prata do Iguaçu;-25.631877091;-53.3479572462;10373.0;73.18;2.314;23.339;1.109;0.058
2010;PR;Nova Tebas;-24.4383252112;-51.9503961104;7398.0;63.355;2.001;34.455;0.189;0.0
2010;PR;Novo Itacolomi;-23.7653137693;-51.506959428;2827.0;79.059;2.724;17.793;0.424;0.0
2010;PR;Ortigueira;-24.2120106689;-50.9269295381;23380.0;74.089;2.186;20.65;0.355;2.72
2010;PR;Ourizona;-23.4045682216;-52.1950387277;3380.0;61.953;2.959;34.586;0.503;0.0
2010;PR;Ouro Verde do Oeste;-24.7707942898;-53.8995380842;5692.0;58.591;3.285;37.439;0.632;0.053
2010;PR;Paiçandu;-23.4576987575;-52.0524118316;35936.0;57.703;4.583;37.099;0.537;0.078
2010;PR;Palmas;-26.481472515;-51.9887738877;42888.0;57.093;3.458;37.031;0.597;1.821
2010;PR;Palmeira;-25.4185679015;-50.003246821;32123.0;75.877;2.438;21.374;0.258;0.053
2010;PR;Palmital;-24.8822436773;-52.2129972267;14865.0;77.222;2.186;18.977;1.487;0.128
2010;PR;Palotina;-24.279409485;-53.8387717239;28683.0;71.698;3.995;23.77;0.46;0.077
2010;PR;Paraíso do Norte;-23.2871611665;-52.6035431384;11771.0;57.922;3.619;37.032;1.368;0.059
2010;PR;Paranacity;-22.9268100521;-52.1559887289;10250.0;46.127;5.376;47.2;1.268;0.029
2010;PR;Paranaguá;-25.5068415;-48.5247328367;140468.0;64.897;3.01;31.154;0.786;0.153
2010;PR;Paranapoema;-22.655621575;-52.0807237218;2791.0;38.767;3.762;56.037;1.433;0.0
2010;PR;Paranavaí;-23.081879475;-52.46240167;81590.0;60.249;4.562;33.054;2.046;0.089
2010;PR;Pato Bragado;-24.6256440145;-54.231395741;4822.0;88.221;0.622;10.908;0.207;0.041
2010;PR;Pato Branco;-26.229958515;-52.6773619977;72370.0;76.395;1.759;21.047;0.739;0.059
2010;PR;Paula Freitas;-26.2201021597;-50.9347363363;5434.0;79.334;1.859;18.347;0.46;0.0
2010;PR;Paulo Frontin;-26.0456075777;-50.8331964537;6913.0;90.728;2.141;6.9;0.188;0.043
2010;PR;Peabiru;-23.9141264298;-52.3478961546;13624.0;65.025;3.494;30.175;1.174;0.132
2010;PR;Perobal;-23.8945617453;-53.4115002038;5653.0;63.258;3.821;32.514;0.407;0.0
2010;PR;Pérola;-23.7974787687;-53.6732521305;10208.0;63.744;2.488;33.18;0.578;0.01
2010;PR;Pérola d'Oeste;-25.8282656767;-53.7401084726;6761.0;80.24;1.642;17.912;0.192;0.015
2010;PR;Piên;-26.0969563766;-49.4282437422;11236.0;79.486;2.474;17.613;0.374;0.053
2010;PR;Pinhais;-25.4421978879;-49.1991974196;117008.0;69.994;3.564;25.607;0.706;0.13
2010;PR;Pinhalão;-23.7873547289;-50.0626030635;6215.0;71.794;3.717;23.974;0.499;0.016
2010;PR;Pinhal de São Bento;-26.0327285547;-53.4830904422;2625.0;66.171;3.352;28.343;1.79;0.343
2010;PR;Pinhão;-25.69629501;-51.6482701915;30208.0;56.667;3.565;38.48;1.053;0.235
2010;PR;Piraí do Sul;-24.5323575;-49.9413309936;23424.0;79.922;2.1;17.277;0.657;0.043
2010;PR;Piraquara;-25.4465503565;-49.0653056139;93205.0;68.297;3.854;27.215;0.392;0.242
2010;PR;Pitanga;-24.7527477534;-51.7631540084;32638.0;76.488;2.169;20.519;0.582;0.242
2010;PR;Pitangueiras;-23.2303038464;-51.5857680569;2814.0;59.346;2.203;38.237;0.213;0.0
2010;PR;Planaltina do Paraná;-23.0188101883;-52.9178407026;4095.0;55.36;7.155;37.241;0.22;0.024
2010;PR;Planalto;-25.7121014978;-53.7708574303;13654.0;86.971;1.472;11.0;0.513;0.044
2010;PR;Ponta Grossa;-25.092547;-50.1614420593;311610.0;78.564;2.769;18.003;0.486;0.178
2010;PR;Pontal do Paraná;-25.5941510149;-48.4483270302;20920.0;68.456;2.897;27.701;0.559;0.387
2010;PR;Porecatu;-22.7562094968;-51.3775989928;14189.0;49.123;5.568;44.619;0.662;0.028
2010;PR;Porto Amazonas;-25.5415727121;-49.889720865;4514.0;66.881;3.323;29.109;0.487;0.199
2010;PR;Porto Barreiro;-25.5451856384;-52.4047867627;3663.0;74.283;1.638;23.287;0.764;0.027
2010;PR;Porto Rico;-22.7783515586;-53.2679681115;2530.0;47.036;5.771;46.245;0.949;0.0
2010;PR;Porto Vitória;-26.1634752042;-51.2366947364;4020.0;74.08;3.109;22.463;0.323;0.025
2010;PR;Prado Ferreira;-23.0339140303;-51.4432261434;3434.0;63.774;4.31;31.13;0.757;0.029
2010;PR;Pranchita;-26.0156642887;-53.7426226396;5628.0;77.683;2.683;18.692;0.924;0.018
2010;PR;Presidente Castelo Branco;-23.2815496047;-52.1577262527;4784.0;58.236;7.985;32.692;0.899;0.188
2010;PR;Primeiro de Maio;-22.8525332551;-51.027751997;10832.0;66.294;2.28;29.754;1.643;0.028
2010;PR;Prudentópolis;-25.2160205;-50.9835750906;48792.0;82.37;1.945;15.279;0.348;0.057
2010;PR;Quarto Centenário;-24.2790209178;-53.0752885849;4856.0;46.17;3.871;49.238;0.721;0.0
2010;PR;Quatiguá;-23.5641609208;-49.9152641615;7045.0;80.61;1.022;17.445;0.809;0.114
2010;PR;Quatro Barras;-25.3737448472;-49.0851888348;19851.0;73.754;2.327;23.43;0.317;0.171
2010;PR;Quatro Pontes;-24.5732085848;-53.9726991275;3803.0;90.034;1.157;8.467;0.342;0.0
2010;PR;Quedas do Iguaçu;-25.4567808508;-52.9098324023;30605.0;64.855;3.823;29.623;1.536;0.163
2010;PR;Querência do Norte;-23.0865285793;-53.487040706;11729.0;49.339;6.701;43.201;0.486;0.273
2010;PR;Quinta do Sol;-23.8438884262;-52.1351287636;5088.0;49.607;4.324;44.497;1.317;0.256
2010;PR;Quitandinha;-25.8683083493;-49.4966829869;17089.0;81.836;2.019;15.805;0.246;0.094
2010;PR;Ramilândia;-25.1189865236;-54.0272370318;4134.0;61.635;1.33;36.454;0.556;0.024
2010;PR;Rancho Alegre;-23.075714921;-50.916392163;3955.0;61.188;5.613;31.226;1.719;0.253
2010;PR;Rancho Alegre d'Oeste;-24.3090100124;-52.9511258398;2847.0;42.887;6.639;48.015;1.932;0.527
2010;PR;Realeza;-25.7625799506;-53.532574359;16338.0;75.94;1.671;21.857;0.428;0.104
2010;PR;Rebouças;-25.6263927558;-50.6812544333;14176.0;71.875;1.672;26.093;0.353;0.007
2010;PR;Renascença;-26.1562209295;-52.9721620117;6812.0;67.22;1.835;30.388;0.514;0.044
2010;PR;Reserva;-24.651648;-50.8505958054;25172.0;61.902;3.111;33.39;1.549;0.048
2010;PR;Reserva do Iguaçu;-25.830958036;-52.0287624631;7307.0;48.611;2.477;48.296;0.52;0.096
2010;PR;Ribeirão Claro;-23.1962854622;-49.7563505191;10677.0;82.664;2.407;14.648;0.206;0.075
2010;PR;Ribeirão do Pinhal;-23.4082575023;-50.3580609525;13524.0;67.081;4.37;27.64;0.791;0.118
2010;PR;Rio Azul;-25.7161131775;-50.787172982;14093.0;84.702;2.441;12.716;0.135;0.007
2010;PR;Rio Bom;-23.7620982803;-51.4153647878;3334.0;69.136;2.28;26.965;1.62;0.0
2010;PR;Rio Bonito do Iguaçu;-25.4869088092;-52.526889783;13661.0;65.94;2.262;31.411;0.381;0.007
2010;PR;Rio Branco do Ivaí;-24.3202776013;-51.3120655883;3898.0;55.926;1.642;41.842;0.564;0.026
2010;PR;Rio Branco do Sul;-25.1901653516;-49.3167138828;30650.0;64.209;2.225;33.047;0.473;0.046
2010;PR;Rio Negro;-26.10040797;-49.7976853768;31274.0;78.835;1.017;19.71;0.317;0.122
2010;PR;Rolândia;-23.313592485;-51.3627803564;57862.0;67.609;4.81;25.739;1.708;0.135
2010;PR;Roncador;-24.595107188;-52.2760525504;11537.0;60.709;6.475;31.88;0.823;0.113
2010;PR;Rondon;-23.4126599794;-52.7624923119;8996.0;62.639;2.012;34.827;0.489;0.033
2010;PR;Rosário do Ivaí;-24.2535525559;-51.2499448251;5588.0;66.231;4.42;28.812;0.537;0.0
2010;PR;Sabáudia;-23.3183956216;-51.5567020219;6096.0;73.556;2.674;23.343;0.361;0.066
2010;PR;Salgado Filho;-26.1704605187;-53.3621154226;4403.0;71.088;2.135;26.073;0.704;0.0
2010;PR;Salto do Itararé;-23.6057567382;-49.6307500934;5178.0;74.353;2.221;22.963;0.444;0.019
2010;PR;Salto do Lontra;-25.7767652429;-53.3149351018;13689.0;76.295;1.782;21.214;0.694;0.015
2010;PR;Santa Amélia;-23.2681573189;-50.4234587704;3803.0;69.471;5.154;19.248;1.525;4.602
2010;PR;Santa Cecília do Pavão;-23.5128957121;-50.7828651431;3646.0;59.051;3.483;33.763;3.538;0.165
2010;PR;Santa Cruz de Monte Castelo;-22.9585816078;-53.2973064205;8092.0;49.518;4.461;45.069;0.791;0.161
2010;PR;Santa Fé;-23.0361147582;-51.8063020532;10432.0;65.481;2.703;31.068;0.738;0.01
2010;PR;Santa Helena;-24.8570958306;-54.3364531523;23413.0;78.892;2.341;17.648;0.649;0.47
2010;PR;Santa Inês;-22.6387065306;-51.9027683828;1818.0;48.075;6.546;44.774;0.605;0.0
2010;PR;Santa Isabel do Ivaí;-23.0010888094;-53.1959475094;8760.0;55.856;3.379;39.635;1.084;0.046
2010;PR;Santa Izabel do Oeste;-25.8143812184;-53.4836175358;13132.0;69.403;2.399;27.833;0.343;0.023
2010;PR;Santa Lúcia;-25.4113199198;-53.5711436726;3925.0;73.452;0.943;25.35;0.255;0.0
2010;PR;Santa Maria do Oeste;-24.9341839969;-51.8677097951;11500.0;62.2;3.504;32.583;1.426;0.287
2010;PR;Santa Mariana;-23.1464274393;-50.5210713512;12435.0;60.844;6.876;30.792;1.383;0.105
2010;PR;Santa Mônica;-23.1054239388;-53.111272873;3571.0;46.178;3.5;49.846;0.476;0.0
2010;PR;Santana do Itararé;-23.7531325857;-49.6331966315;5249.0;73.595;0.876;24.309;1.162;0.057
2010;PR;Santa Tereza do Oeste;-25.058721901;-53.6272357311;10332.0;63.773;2.952;32.975;0.223;0.077
2010;PR;Santa Terezinha de Itaipu;-25.4421605134;-54.3995187311;20841.0;69.526;3.119;26.616;0.72;0.019
2010;PR;Santo Antônio da Platina;-23.297048833;-50.0773459027;42707.0;72.471;4.91;21.992;0.557;0.07
2010;PR;Santo Antônio do Caiuá;-22.7339747692;-52.3446578438;2727.0;44.591;6.161;48.148;0.917;0.183
2010;PR;Santo Antônio do Paraíso;-23.4947194368;-50.646828163;2408.0;65.656;3.364;28.364;2.533;0.083
2010;PR;Santo Antônio do Sudoeste;-26.0749754786;-53.7230834339;18893.0;66.136;2.62;30.255;0.895;0.095
2010;PR;Santo Inácio;-22.7000685756;-51.7952999014;5269.0;55.153;2.543;41.962;0.323;0.019
2010;PR;São Carlos do Ivaí;-23.3088474514;-52.4771145894;6354.0;58.782;2.613;38.275;0.315;0.016
2010;PR;São Jerônimo da Serra;-23.7234034036;-50.738480427;11337.0;61.648;4.525;24.98;0.679;8.168
2010;PR;São João;-25.8246629361;-52.7294732188;10599.0;77.838;2.019;19.662;0.406;0.075
2010;PR;São João do Caiuá;-22.8544043258;-52.3397510426;5911.0;43.546;3.096;52.614;0.66;0.085
2010;PR;São João do Ivaí;-23.9930894815;-51.8202792052;11525.0;58.551;4.234;36.087;0.92;0.208
2010;PR;São João do Triunfo;-25.6918750639;-50.3080640619;13704.0;78.736;1.781;18.951;0.504;0.029
2010;PR;São Jorge d'Oeste;-25.7149480996;-52.9201031661;9085.0;71.172;2.576;25.988;0.253;0.011
2010;PR;São Jorge do Ivaí;-23.4354578614;-52.2943419624;5517.0;71.198;2.139;24.651;1.994;0.018
2010;PR;São Jorge do Patrocínio;-23.7582479653;-53.8833305621;6041.0;58.798;2.086;38.355;0.563;0.199
2010;PR;São José da Boa Vista;-23.9154659755;-49.6511522911;6511.0;77.776;0.983;20.888;0.353;0.0
2010;PR;São José das Palmeiras;-24.8340818674;-54.059918279;3830.0;51.149;10.183;37.624;0.809;0.235
2010;PR;São José dos Pinhais;-25.537702;-49.2000824657;264204.0;73.391;3.031;22.794;0.658;0.127
2010;PR;São Manoel do Paraná;-23.3961302642;-52.6470195624;2098.0;65.539;3.146;30.696;0.381;0.238
2010;PR;São Mateus do Sul;-25.869599505;-50.3906242547;41257.0;83.433;1.517;14.71;0.271;0.068
2010;PR;São Miguel do Iguaçu;-25.3488942673;-54.242120554;25769.0;74.403;4.47;17.738;0.881;2.507
2010;PR;São Pedro do Iguaçu;-24.9309309249;-53.8598616787;6491.0;58.003;4.144;36.959;0.847;0.046
2010;PR;São Pedro do Ivaí;-23.8678134423;-51.8569627583;10167.0;65.909;5.764;27.324;1.003;0.0
2010;PR;São Pedro do Paraná;-22.8251294492;-53.2229371405;2491.0;47.451;2.328;49.659;0.562;0.0
2010;PR;São Sebastião da Amoreira;-23.460645861;-50.7624009771;8626.0;58.776;3.895;31.996;5.252;0.081
2010;PR;São Tomé;-23.5355113618;-52.5924836676;5349.0;68.274;2.748;28.847;0.131;0.0
2010;PR;Sapopema;-23.907287461;-50.5796466311;6736.0;70.071;2.984;25.802;0.787;0.356
2010;PR;Sarandi;-23.44317201;-51.8736820362;82847.0;55.82;5.071;38.054;0.968;0.087
2010;PR;Saudade do Iguaçu;-25.6936611646;-52.614339374;5028.0;68.994;1.631;29.097;0.219;0.06
2010;PR;Sengés;-24.1168102194;-49.4730192946;18414.0;69.328;2.026;28.071;0.429;0.147
2010;PR;Serranópolis do Iguaçu;-25.3798841828;-54.058376584;4568.0;88.157;0.744;10.727;0.306;0.066
2010;PR;Sertaneja;-23.0369370349;-50.8171022996;5817.0;68.231;3.146;24.979;3.644;0.0
2010;PR;Sertanópolis;-23.0584819756;-51.0422435335;15638.0;74.057;3.703;21.793;0.448;0.0
2010;PR;Siqueira Campos;-23.6877083828;-49.8314969708;18454.0;78.162;1.848;19.459;0.52;0.011
2010;PR;Sulina;-25.6996322445;-52.7165965204;3394.0;83.589;2.622;13.642;0.147;0.0
2010;PR;Tamarana;-23.7151771916;-51.0985602005;12262.0;58.588;3.849;24.099;1.37;12.094
2010;PR;Tamboara;-23.2018206531;-52.5006292918;4664.0;70.004;5.467;24.228;0.3;0.0
2010;PR;Tapejara;-23.7324791909;-52.864113184;14598.0;58.063;3.309;37.971;0.623;0.034
2010;PR;Tapira;-23.3171088651;-53.0753253067;5836.0;57.488;4.198;37.371;0.857;0.086
2010;PR;Teixeira Soares;-25.3800492077;-50.4656469824;10283.0;71.856;1.439;26.257;0.331;0.117
2010;PR;Telêmaco Borba;-24.32868597;-50.6231227231;69872.0;71.15;2.157;26.072;0.424;0.198
2010;PR;Terra Boa;-23.7668332666;-52.4621421589;15776.0;63.578;2.7;33.114;0.609;0.0
2010;PR;Terra Rica;-22.7243649693;-52.6246705736;15221.0;51.738;5.328;41.318;1.505;0.112
2010;PR;Terra Roxa;-24.1674835261;-54.098513636;16759.0;65.219;4.063;28.492;1.372;0.853
2010;PR;Tibagi;-24.5132880678;-50.4114701228;19344.0;65.524;3.583;30.34;0.403;0.15
2010;PR;Tijucas do Sul;-25.9201804802;-49.1822439413;14537.0;73.942;3.488;21.442;0.605;0.523
2010;PR;Toledo;-24.732077;-53.7414114912;119313.0;69.118;2.912;27.046;0.862;0.062
2010;PR;Tomazina;-23.7790448564;-49.9551515411;8788.0;69.219;2.469;26.354;0.626;1.331
2010;PR;Três Barras do Paraná;-25.4194083195;-53.1874988005;11824.0;76.565;2.292;20.949;0.195;0.0
2010;PR;Tunas do Paraná;-24.9723811901;-49.0860587994;6256.0;58.04;5.019;36.525;0.416;0.0
2010;PR;Tuneiras do Oeste;-23.8640306293;-52.8745678467;8695.0;60.127;2.772;36.561;0.46;0.081
2010;PR;Tupãssi;-24.5798134089;-53.5144953148;7997.0;70.414;1.275;28.023;0.225;0.063
2010;PR;Turvo;-25.0401268031;-51.5327643273;13811.0;70.133;1.419;23.771;0.586;4.091
2010;PR;Ubiratã;-24.541034885;-52.9945060158;21558.0;62.58;2.598;32.846;1.925;0.051
2010;PR;Umuarama;-23.76395;-53.3084598048;100676.0;65.415;3.775;28.953;1.759;0.097
2010;PR;União da Vitória;-26.2284345;-51.090609523;52735.0;75.878;1.837;21.581;0.51;0.193
2010;PR;Uniflor;-23.0860486572;-52.160010824;2466.0;55.393;1.906;42.092;0.568;0.041
2010;PR;Uraí;-23.2001591025;-50.7973651802;11472.0;61.358;4.847;27.702;6.076;0.017
2010;PR;Wenceslau Braz;-23.8704228528;-49.8029847824;19298.0;75.676;2.311;20.665;1.254;0.093
2010;PR;Ventania;-24.244165856;-50.2476172237;9957.0;70.845;1.888;26.655;0.552;0.06
2010;PR;Vera Cruz do Oeste;-25.063170189;-53.8800300706;8973.0;58.709;2.987;36.944;1.348;0.011
2010;PR;Verê;-25.8806316036;-52.9085930798;7878.0;79.246;1.929;18.114;0.711;0.0
2010;PR;Alto Paraíso;-23.5081307379;-53.7328931508;3206.0;42.389;6.332;50.624;0.437;0.218
2010;PR;Doutor Ulysses;-24.5678364522;-49.4197717989;5727.0;64.17;3.021;32.251;0.471;0.087
2010;PR;Virmond;-25.3787659851;-52.2025433047;3950.0;77.595;2.481;19.063;0.734;0.127
2010;PR;Vitorino;-26.2643442874;-52.7770814458;6513.0;82.942;2.779;13.404;0.415;0.461
2010;PR;Xambrê;-23.7383943961;-53.4869406946;6012.0;53.743;5.04;40.386;0.632;0.2
2010;SC;Abdon Batista;-27.6089871233;-51.025272211;2653.0;82.548;7.162;10.177;0.113;0.0
2010;SC;Abelardo Luz;-26.5630310224;-52.3364823833;17100.0;64.029;5.129;28.298;0.602;1.942
2010;SC;Agrolândia;-27.400516588;-49.8256533877;9323.0;87.107;0.568;12.153;0.097;0.075
2010;SC;Agronômica;-27.2697161071;-49.7183688908;4904.0;93.638;1.794;4.303;0.265;0.0
2010;SC;Água Doce;-27.0040916589;-51.5590965553;6961.0;66.528;5.861;26.074;1.221;0.316
2010;SC;Águas de Chapecó;-27.0762129125;-52.9872510057;6110.0;69.673;4.55;24.959;0.736;0.082
2010;SC;Águas Frias;-26.880227543;-52.8594194494;2424.0;77.104;5.198;15.924;1.403;0.371
2010;SC;Águas Mornas;-27.7065971917;-48.8405384028;5548.0;94.701;1.55;3.551;0.18;0.018
2010;SC;Alfredo Wagner;-27.705396332;-49.3438123012;9410.0;87.715;1.541;10.521;0.202;0.021
2010;SC;Alto Bela Vista;-27.4311378753;-51.9110368541;2005.0;93.416;1.197;4.888;0.499;0.0
2010;SC;Anchieta;-26.5356808607;-53.3332701772;6380.0;76.63;1.959;21.317;0.094;0.0
2010;SC;Angelina;-27.5822573521;-48.9834760642;5250.0;97.619;0.648;1.543;0.19;0.0
2010;SC;Anita Garibaldi;-27.6837772901;-51.1311938713;8623.0;63.458;2.099;33.457;0.8;0.186
2010;SC;Anitápolis;-27.9098868973;-49.1315993662;3214.0;96.049;0.498;3.391;0.062;0.0
2010;SC;Antônio Carlos;-27.5133710516;-48.7649600268;7458.0;93.966;1.676;4.224;0.121;0.013
2010;SC;Apiúna;-27.0418125981;-49.3916376288;9600.0;88.219;0.677;10.729;0.188;0.188
2010;SC;Arabutã;-27.1574036959;-52.1485992607;4193.0;92.798;1.383;5.7;0.119;0.0
2010;SC;Araquari;-26.3759515541;-48.6927074119;24810.0;80.032;4.434;14.325;0.282;0.927
2010;SC;Araranguá;-28.9357520142;-49.4809665236;61310.0;90.008;1.858;7.814;0.204;0.116
2010;SC;Armazém;-28.2587054679;-49.0129110848;7753.0;93.061;0.89;5.959;0.09;0.0
2010;SC;Arroio Trinta;-26.9325648567;-51.3341239239;3502.0;91.433;1.856;6.539;0.114;0.057
2010;SC;Arvoredo;-27.0735335582;-52.4577888412;2260.0;86.062;5.088;7.743;0.664;0.442
2010;SC;Ascurra;-26.9547758425;-49.3863634278;7412.0;95.561;0.418;3.859;0.135;0.027
2010;SC;Atalanta;-27.4205360018;-49.7794566741;3300.0;93.424;2.03;3.667;0.879;0.0
2010;SC;Aurora;-27.2990294946;-49.6436279075;5549.0;94.251;0.991;4.613;0.126;0.018
2010;SC;Balneário Arroio do Silva;-28.9804024548;-49.4057027991;9586.0;85.99;3.307;10.182;0.177;0.344
2010;SC;Balneário Camboriú;-26.9918186053;-48.634617477;108089.0;87.071;1.935;10.302;0.578;0.114
2010;SC;Balneário Barra do Sul;-26.4564295671;-48.606645876;8430.0;87.948;1.898;8.944;0.427;0.783
2010;SC;Balneário Gaivota;-29.1645212685;-49.5908937824;8234.0;92.713;1.895;5.113;0.182;0.097
2010;SC;Bandeirante;-26.7689379013;-53.6410495866;2906.0;83.482;3.923;12.388;0.206;0.0
2010;SC;Barra Bonita;-26.6522935999;-53.4413025406;1878.0;78.222;2.662;18.637;0.479;0.0
2010;SC;Barra Velha;-26.6343614083;-48.6838642743;22386.0;83.235;2.238;13.785;0.487;0.255
2010;SC;Bela Vista do Toldo;-26.2762282783;-50.4647882385;6004.0;78.498;5.513;15.023;0.966;0.0
2010;SC;Belmonte;-26.8445863475;-53.5809772315;2635.0;80.266;0.569;19.089;0.076;0.0
2010;SC;Benedito Novo;-26.777507569;-49.3644027494;10336.0;90.045;1.296;7.682;0.784;0.193
2010;SC;Biguaçu;-27.4943227435;-48.654488929;58206.0;83.62;4.591;10.999;0.263;0.527
2010;SC;Blumenau;-26.9161077053;-49.0576308844;309011.0;89.574;1.635;8.396;0.29;0.105
2010;SC;Bocaina do Sul;-27.7431983069;-49.9458979108;3290.0;76.231;1.277;21.429;0.699;0.365
2010;SC;Bombinhas;-27.1442546993;-48.5213451348;14293.0;81.271;2.316;15.609;0.581;0.224
2010;SC;Bom Jardim da Serra;-28.337947191;-49.6249777453;4395.0;58.544;2.958;38.316;0.182;0.0
2010;SC;Bom Jesus;-26.7359234356;-52.3930159598;2526.0;69.913;2.969;26.287;0.752;0.079
2010;SC;Bom Jesus do Oeste;-26.6918115546;-53.0953502802;2132.0;89.869;2.298;7.317;0.516;0.0
2010;SC;Bom Retiro;-27.7986710014;-49.4898337661;8942.0;73.227;4.071;21.751;0.794;0.157
2010;SC;Botuverá;-27.2021068612;-49.0784843619;4468.0;86.526;0.179;13.205;0.09;0.0
2010;SC;Braço do Norte;-28.2800388673;-49.1645477089;29018.0;90.103;3.095;6.606;0.121;0.076
2010;SC;Braço do Trombudo;-27.3642513451;-49.890907936;3457.0;94.62;0.174;5.033;0.029;0.145
2010;SC;Brunópolis;-27.3183621508;-50.835920772;2850.0;80.842;6.561;11.579;1.018;0.0
2010;SC;Brusque;-27.0983102262;-48.9151630055;105503.0;86.962;1.646;10.942;0.363;0.087
2010;SC;Caçador;-26.7753476727;-51.019034759;70762.0;68.983;2.822;27.173;0.83;0.192
2010;SC;Caibi;-27.0730539326;-53.2505271956;6219.0;80.978;4.792;13.78;0.434;0.016
2010;SC;Calmon;-26.6046771771;-51.0966349046;3387.0;51.019;5.994;41.128;1.329;0.531
2010;SC;Camboriú;-27.0264564992;-48.6499958521;62357.0;83.303;2.567;13.602;0.42;0.107
2010;SC;Capão Alto;-27.9416852818;-50.5114792926;2753.0;72.575;2.216;24.7;0.436;0.073
2010;SC;Campo Alegre;-26.1906592825;-49.2633444821;11748.0;83.929;2.264;13.432;0.349;0.026
2010;SC;Campo Belo do Sul;-27.8966573873;-50.7619937519;7483.0;60.083;1.59;36.803;1.47;0.053
2010;SC;Campo Erê;-26.394551141;-53.0901551703;9370.0;65.571;5.518;27.801;1.003;0.107
2010;SC;Campos Novos;-27.3990529792;-51.2236729932;32824.0;73.66;2.443;23.035;0.67;0.192
2010;SC;Canelinha;-27.2724147946;-48.7892731277;10603.0;86.287;2.952;10.346;0.141;0.274
2010;SC;Canoinhas;-26.1788070143;-50.3978487119;52765.0;82.339;1.236;15.963;0.43;0.032
2010;SC;Capinzal;-27.3442784642;-51.6113627552;20769.0;78.357;1.96;18.975;0.53;0.178
2010;SC;Capivari de Baixo;-28.4490455118;-48.9605750681;21669.0;81.314;8.413;10.12;0.097;0.055
2010;SC;Catanduvas;-27.0720352216;-51.6589480986;9555.0;63.391;2.02;33.951;0.565;0.073
2010;SC;Caxambu do Sul;-27.1612817849;-52.8804748929;4411.0;76.4;3.582;19.497;0.363;0.159
2010;SC;Celso Ramos;-27.6347386054;-51.3359938248;2771.0;81.631;1.913;16.42;0.036;0.0
2010;SC;Cerro Negro;-27.7958280677;-50.8700622647;3581.0;52.388;2.178;44.96;0.475;0.0
2010;SC;Chapadão do Lageado;-27.5852982512;-49.5443259549;2762.0;89.573;1.376;8.146;0.724;0.181
2010;SC;Chapecó;-27.1068370215;-52.6170311134;183530.0;76.682;2.688;19.238;0.599;0.793
2010;SC;Cocal do Sul;-28.6030228653;-49.3271287199;15159.0;94.215;1.359;4.064;0.323;0.04
2010;SC;Concórdia;-27.2336587801;-52.0239710697;68621.0;85.799;2.692;10.931;0.493;0.086
2010;SC;Cordilheira Alta;-26.9850812923;-52.6032512708;3767.0;83.488;4.513;11.256;0.743;0.0
2010;SC;Coronel Freitas;-26.9032514118;-52.7091514565;10213.0;82.61;3.065;13.992;0.323;0.01
2010;SC;Coronel Martins;-26.5116375953;-52.6696992888;2458.0;74.451;10.74;14.646;0.163;0.0
2010;SC;Corupá;-26.4319663158;-49.226737;13852.0;91.871;0.722;7.176;0.231;0.0
2010;SC;Correia Pinto;-27.584808345;-50.3637605546;14785.0;70.396;4.18;23.422;1.968;0.034
2010;SC;Criciúma;-28.6735722527;-49.3659395588;192308.0;86.424;6.054;7.208;0.204;0.11
2010;SC;Cunha Porã;-26.8917270825;-53.173845572;10613.0;90.7;1.649;7.293;0.349;0.009
2010;SC;Cunhataí;-26.9731396983;-53.0932904926;1882.0;97.556;0.0;2.444;0.0;0.0
2010;SC;Curitibanos;-27.2829825065;-50.5826010353;37748.0;69.832;1.693;27.003;1.33;0.143
2010;SC;Descanso;-26.817870221;-53.5046288706;8634.0;87.144;1.158;11.501;0.093;0.104
2010;SC;Dionísio Cerqueira;-26.2664885337;-53.6313951228;14811.0;69.806;3.119;26.062;0.959;0.054
2010;SC;Dona Emma;-26.9863006137;-49.7168977451;3721.0;89.17;1.559;8.654;0.511;0.107
2010;SC;Doutor Pedrinho;-26.7204609555;-49.4792933619;3604.0;85.932;0.416;7.519;0.055;6.077
2010;SC;Entre Rios;-26.7236210953;-52.5625339678;3018.0;51.822;4.341;22.366;0.928;20.543
2010;SC;Ermo;-28.9850817923;-49.6434049775;2050.0;93.073;1.463;4.634;0.634;0.195
2010;SC;Erval Velho;-27.2738954846;-51.4434329044;4352.0;83.341;2.642;13.626;0.368;0.023
2010;SC;Faxinal dos Guedes;-26.8597867214;-52.2714153987;10661.0;70.303;4.549;24.932;0.084;0.131
2010;SC;Flor do Sertão;-26.7794323288;-53.3448914355;1588.0;75.945;5.605;18.01;0.441;0.0
2010;SC;Florianópolis;-27.5877955486;-48.5476373782;421214.0;84.551;4.947;9.736;0.521;0.244
2010;SC;Formosa do Sul;-26.6485233783;-52.7934500253;2601.0;83.66;7.42;8.92;0.0;0.0
2010;SC;Forquilhinha;-28.7424153509;-49.4688610534;22548.0;89.303;2.182;8.01;0.386;0.12
2010;SC;Fraiburgo;-27.0234469627;-50.9250792352;34553.0;67.378;2.173;29.511;0.573;0.365
2010;SC;Frei Rogério;-27.1747514992;-50.8064082491;2474.0;67.704;0.323;28.981;2.951;0.04
2010;SC;Galvão;-26.4554762384;-52.6820020756;3472.0;72.408;8.295;18.779;0.49;0.029
2010;SC;Garopaba;-28.0208959348;-48.6125566829;18138.0;90.688;3.121;5.927;0.182;0.083
2010;SC;Garuva;-26.0220755061;-48.8498418594;14761.0;77.725;2.236;19.104;0.616;0.318
2010;SC;Gaspar;-26.9183685142;-48.9677065681;57981.0;88.532;2.173;8.808;0.369;0.117
2010;SC;Governador Celso Ramos;-27.3186459075;-48.5781665645;12999.0;92.661;2.069;5.108;0.154;0.008
2010;SC;Grão Pará;-28.1839865262;-49.2199960405;6223.0;94.167;2.025;3.696;0.032;0.08
2010;SC;Gravatal;-28.3291307178;-49.0394702582;10635.0;90.936;4.88;4.109;0.028;0.047
2010;SC;Guabiruba;-27.0603252393;-48.983560448;18430.0;90.38;0.912;8.551;0.119;0.038
2010;SC;Guaraciaba;-26.6003475708;-53.5220897182;10498.0;88.617;0.781;10.459;0.124;0.019
2010;SC;Guaramirim;-26.4744451283;-48.9921042659;35156.0;84.441;1.508;13.597;0.336;0.119
2010;SC;Guarujá do Sul;-26.384920604;-53.5254451083;4908.0;85.228;2.995;11.064;0.672;0.041
2010;SC;Guatambú;-27.1369108659;-52.7838401343;4679.0;70.977;6.134;21.308;1.56;0.021
2010;SC;Herval d'Oeste;-27.1703031847;-51.4962153103;21239.0;71.863;3.691;24.116;0.25;0.08
2010;SC;Ibiam;-27.1805834764;-51.2394276983;1945.0;83.445;1.183;14.396;0.977;0.0
2010;SC;Ibicaré;-27.0915490161;-51.368450262;3373.0;86.303;0.652;12.659;0.267;0.119
2010;SC;Ibirama;-27.0535408849;-49.5220277592;17330.0;93.076;1.696;4.824;0.277;0.127
2010;SC;Içara;-28.7070840092;-49.3008225783;58833.0;91.739;3.253;4.703;0.189;0.116
2010;SC;Ilhota;-26.9046251832;-48.8250140064;12355.0;86.548;1.344;11.769;0.154;0.186
2010;SC;Imaruí;-28.3438499095;-48.8146717195;11672.0;92.838;1.671;4.292;0.06;1.139
2010;SC;Imbituba;-28.239951114;-48.6692841969;40170.0;92.265;3.206;4.274;0.142;0.112
2010;SC;Imbuia;-27.4946042536;-49.427729345;5707.0;95.392;0.824;3.452;0.333;0.0
2010;SC;Indaial;-26.9062559992;-49.24014046;54854.0;87.549;1.515;10.399;0.361;0.177
2010;SC;Iomerê;-27.0010780508;-51.2406190979;2739.0;97.444;1.862;0.694;0.0;0.0
2010;SC;Ipira;-27.4097088482;-51.7708536189;4752.0;92.34;1.305;6.229;0.126;0.0
2010;SC;Iporã do Oeste;-26.9960166793;-53.5395118843;8409.0;92.496;1.986;5.149;0.345;0.024
2010;SC;Ipuaçu;-26.6325600977;-52.4542969118;6798.0;37.717;1.751;9.753;0.235;50.544
2010;SC;Ipumirim;-27.0683263638;-52.1405408668;7220.0;92.064;2.479;5.319;0.069;0.069
2010;SC;Iraceminha;-26.8240650316;-53.276057794;4253.0;85.281;3.198;11.216;0.165;0.141
2010;SC;Irani;-27.0161866891;-51.904107924;9531.0;73.864;6.159;18.445;1.437;0.094
2010;SC;Irati;-26.6572269448;-52.8950113563;2096.0;75.095;10.973;12.882;1.05;0.0
2010;SC;Irineópolis;-26.2366129371;-50.8039000498;10448.0;75.574;1.627;22.617;0.077;0.105
2010;SC;Itá;-27.2817787175;-52.3291825163;6426.0;86.446;4.248;8.403;0.825;0.078
2010;SC;Itaiópolis;-26.3371264112;-49.9087562022;20301.0;80.528;1.246;17.364;0.66;0.202
2010;SC;Itajaí;-26.9074262398;-48.6570232083;183373.0;84.115;3.922;11.483;0.376;0.104
2010;SC;Itapema;-27.0959378837;-48.6173993861;45797.0;84.709;3.098;11.376;0.544;0.273
2010;SC;Itapiranga;-27.1753750895;-53.7148020649;15409.0;89.188;1.389;8.657;0.675;0.091
2010;SC;Itapoá;-26.006047887;-48.6041676071;14763.0;75.71;2.188;21.296;0.522;0.284
2010;SC;Ituporanga;-27.4148584907;-49.6034147011;22250.0;89.91;3.16;6.706;0.202;0.022
2010;SC;Jaborá;-27.1728530869;-51.743353839;4041.0;80.03;5.741;13.264;0.94;0.025
2010;SC;Jacinto Machado;-29.0014186138;-49.7617686564;10609.0;84.862;1.602;13.357;0.141;0.038
2010;SC;Jaguaruna;-28.6249636892;-49.0491289861;17290.0;89.237;5.275;5.327;0.121;0.04
2010;SC;Jaraguá do Sul;-26.4904843494;-49.0762988228;143115.0;86.414;2.222;10.946;0.334;0.084
2010;SC;Jardinópolis;-26.7205694035;-52.858899256;1766.0;81.144;4.19;12.797;1.869;0.0
2010;SC;Joaçaba;-27.1739445292;-51.5066897333;27020.0;82.135;2.709;14.338;0.785;0.033
2010;SC;Joinville;-26.3045176487;-48.8494091432;515283.0;85.742;2.548;11.229;0.38;0.101
2010;SC;José Boiteux;-26.9546826166;-49.6238066865;4721.0;75.874;1.25;4.046;0.106;18.725
2010;SC;Jupiá;-26.393702818;-52.7343805408;2148.0;85.661;5.587;8.054;0.698;0.0
2010;SC;Lacerdópolis;-27.2646000912;-51.5628663691;2199.0;89.313;3.092;7.503;0.045;0.045
2010;SC;Lages;-27.8172594631;-50.3302224242;156727.0;72.63;3.19;23.414;0.637;0.128
2010;SC;Laguna;-28.4835859539;-48.7813886218;51562.0;88.967;4.121;6.536;0.173;0.204
2010;SC;Lajeado Grande;-26.8609423456;-52.5660348495;1490.0;85.302;7.651;6.577;0.268;0.201
2010;SC;Laurentino;-27.2123881016;-49.755263661;6004.0;95.969;0.7;3.248;0.083;0.0
2010;SC;Lauro Müller;-28.3935851653;-49.3943072672;14367.0;90.506;1.754;7.441;0.139;0.16
2010;SC;Lebon Régis;-26.9291140112;-50.6918278644;11838.0;56.631;1.529;40.64;1.098;0.101
2010;SC;Leoberto Leal;-27.5063895157;-49.289401499;3365.0;99.019;0.119;0.832;0.03;0.0
2010;SC;Lindóia do Sul;-27.0474644815;-52.0809226442;4642.0;84.813;4.912;10.06;0.151;0.065
2010;SC;Lontras;-27.1574865637;-49.5448293547;10244.0;93.508;0.957;5.057;0.332;0.146
2010;SC;Luiz Alves;-26.7211107867;-48.9260467723;10438.0;86.952;1.15;11.42;0.46;0.019
2010;SC;Luzerna;-27.1298960692;-51.4679460432;5600.0;89.804;0.5;9.482;0.214;0.0
2010;SC;Macieira;-26.8552123885;-51.376121977;1826.0;76.287;1.095;22.563;0.055;0.0
2010;SC;Mafra;-26.1152284943;-49.8010375283;52912.0;85.338;0.987;13.182;0.378;0.115
2010;SC;Major Gercino;-27.4186604134;-48.9533539589;3279.0;94.998;0.762;1.952;0.061;2.226
2010;SC;Major Vieira;-26.357526536;-50.3329868433;7479.0;79.342;0.989;19.267;0.401;0.0
2010;SC;Maracajá;-28.850314607;-49.4543763246;6404.0;91.661;1.39;6.23;0.39;0.328
2010;SC;Maravilha;-26.7616239473;-53.1748188159;22101.0;84.992;2.072;12.515;0.357;0.063
2010;SC;Marema;-26.8004219088;-52.6271354101;2203.0;88.516;6.764;4.312;0.318;0.091
2010;SC;Massaranduba;-26.5954580147;-48.9887446627;14674.0;92.94;0.6;6.249;0.109;0.102
2010;SC;Matos Costa;-26.4741154352;-51.1574514436;2839.0;65.129;4.333;28.285;1.832;0.423
2010;SC;Meleiro;-28.8324458209;-49.6298493602;7000.0;97.871;0.586;1.5;0.043;0.0
2010;SC;Mirim Doce;-27.2012050831;-50.0685637124;2513.0;88.778;0.557;10.625;0.04;0.0
2010;SC;Modelo;-26.7780420757;-53.0535007992;4045.0;84.351;1.236;14.067;0.198;0.148
2010;SC;Mondaí;-27.1036116941;-53.3986840279;10228.0;87.045;2.239;10.549;0.137;0.029
2010;SC;Monte Carlo;-27.2176788021;-50.974104678;9312.0;64.873;4.832;29.059;1.203;0.032
2010;SC;Monte Castelo;-26.4563624722;-50.2262714329;8346.0;72.55;2.42;24.862;0.156;0.012
2010;SC;Morro da Fumaça;-28.654787843;-49.2132565084;16126.0;90.556;4.068;5.166;0.074;0.136
2010;SC;Morro Grande;-28.7997195367;-49.7187999838;2890.0;94.602;1.696;3.702;0.0;0.0
2010;SC;Navegantes;-26.8974391193;-48.6491829025;60556.0;79.801;2.67;16.727;0.486;0.317
2010;SC;Nova Erechim;-26.9012733981;-52.9112866654;4275.0;82.83;2.503;14.409;0.257;0.0
2010;SC;Nova Itaberaba;-26.9428898836;-52.8112440549;4267.0;77.877;2.109;19.663;0.352;0.0
2010;SC;Nova Trento;-27.2877711668;-48.9257954329;12190.0;92.584;0.664;6.399;0.197;0.156
2010;SC;Nova Veneza;-28.6382326023;-49.5031235817;13309.0;89.06;2.863;7.574;0.458;0.045
2010;SC;Novo Horizonte;-26.4461719902;-52.8340333905;2750.0;81.927;4.218;13.164;0.691;0.0
2010;SC;Orleans;-28.3604689663;-49.2914262911;21393.0;92.834;1.547;5.455;0.112;0.051
2010;SC;Otacílio Costa;-27.503846175;-50.1123146891;16337.0;72.002;1.102;25.243;1.53;0.122
2010;SC;Ouro;-27.3424881724;-51.6205621782;7372.0;88.524;2.17;8.858;0.285;0.163
2010;SC;Ouro Verde;-26.6959944196;-52.3100192014;2271.0;63.893;0.969;34.346;0.749;0.044
2010;SC;Paial;-27.2551577941;-52.5010887493;1763.0;81.112;3.857;14.351;0.624;0.057
2010;SC;Painel;-27.9145181854;-50.113009741;2353.0;69.953;5.525;23.544;0.977;0.0
2010;SC;Palhoça;-27.6470436837;-48.6702879187;137334.0;84.341;3.914;11.173;0.27;0.301
2010;SC;Palma Sola;-26.3465081338;-53.2799772512;7765.0;73.445;7.688;18.493;0.232;0.142
2010;SC;Palmeira;-27.5822620705;-50.1590014056;2373.0;69.701;2.697;25.748;1.643;0.211
2010;SC;Palmitos;-27.0702505492;-53.1622672929;16020.0;85.705;3.396;10.268;0.537;0.094
2010;SC;Papanduva;-26.3939830708;-50.1632041973;17928.0;73.042;1.177;25.178;0.508;0.095
2010;SC;Paraíso;-26.6152629708;-53.6753141317;4080.0;81.152;2.377;16.103;0.368;0.0
2010;SC;Passo de Torres;-29.3234599051;-49.7251452725;6627.0;90.358;1.856;7.409;0.257;0.121
2010;SC;Passos Maia;-26.7808891472;-52.0617238004;4425.0;59.028;9.062;29.446;2.305;0.158
2010;SC;Paulo Lopes;-27.9498162326;-48.6814954136;6692.0;88.897;3.571;7.233;0.299;0.0
2010;SC;Pedras Grandes;-28.4372176497;-49.1864875474;4107.0;97.516;0.39;1.997;0.049;0.049
2010;SC;Penha;-26.7688610927;-48.6475729113;25141.0;88.059;1.575;10.047;0.27;0.048
2010;SC;Peritiba;-27.3773092815;-51.9098146671;2988.0;93.44;0.469;6.058;0.033;0.0
2010;SC;Petrolândia;-27.528126833;-49.6948686231;6131.0;89.17;1.321;9.15;0.294;0.065
2010;SC;Balneário Piçarras;-26.7691705385;-48.675051354;17078.0;85.83;1.979;11.775;0.304;0.111
2010;SC;Pinhalzinho;-26.8488143342;-52.9822532451;16332.0;83.584;3.355;12.521;0.416;0.122
2010;SC;Pinheiro Preto;-27.0451346161;-51.2305364835;3147.0;80.14;4.067;15.412;0.286;0.095
2010;SC;Piratuba;-27.4159535517;-51.7586498276;4786.0;85.353;1.233;12.641;0.669;0.104
2010;SC;Planalto Alegre;-27.0694597761;-52.8673520308;2654.0;72.231;3.466;24.265;0.038;0.0
2010;SC;Pomerode;-26.7448263965;-49.1741975274;27759.0;91.891;0.742;6.974;0.324;0.068
2010;SC;Ponte Alta;-27.4677840728;-50.3771006508;4894.0;63.609;2.534;33.408;0.429;0.02
2010;SC;Ponte Alta do Norte;-27.1690291829;-50.4654042678;3303.0;55.283;1.06;42.779;0.878;0.0
2010;SC;Ponte Serrada;-26.8749128276;-52.0145375125;11031.0;59.369;6.572;32.264;1.75;0.045
2010;SC;Porto Belo;-27.1494662097;-48.6027567396;16083.0;88.267;2.966;8.419;0.274;0.075
2010;SC;Porto União;-26.2300048981;-51.0816046336;33493.0;80.145;2.239;16.595;0.74;0.281
2010;SC;Pouso Redondo;-27.2510862782;-49.9556521355;14810.0;82.053;0.621;16.165;1.08;0.081
2010;SC;Praia Grande;-29.1957763636;-49.9605919763;7267.0;89.913;3.385;6.096;0.454;0.151
2010;SC;Presidente Castello Branco;-27.2199421946;-51.8113755382;1725.0;96.058;1.101;2.493;0.348;0.0
2010;SC;Presidente Getúlio;-27.0414082411;-49.6220861691;14887.0;92.174;1.155;6.18;0.208;0.282
2010;SC;Presidente Nereu;-27.2873292141;-49.4032927711;2284.0;91.637;0.35;7.968;0.044;0.0
2010;SC;Princesa;-26.4443352068;-53.5981058756;2758.0;84.046;0.689;14.83;0.435;0.0
2010;SC;Quilombo;-26.7400555498;-52.7276095701;10248.0;79.918;4.284;15.037;0.654;0.107
2010;SC;Rancho Queimado;-27.6772088641;-49.00843238;2748.0;93.049;1.164;5.531;0.255;0.0
2010;SC;Rio das Antas;-26.8970674359;-51.0760199432;6143.0;71.024;3.093;25.346;0.326;0.212
2010;SC;Rio do Campo;-26.9423084311;-50.139588913;6192.0;87.807;2.229;9.625;0.275;0.065
2010;SC;Rio do Oeste;-27.191166518;-49.8028622167;7090.0;93.315;0.606;5.543;0.508;0.028
2010;SC;Rio dos Cedros;-26.7491298162;-49.2723794436;10284.0;87.612;1.128;10.862;0.34;0.058
2010;SC;Rio do Sul;-27.2179032254;-49.6432375291;61198.0;89.939;2.064;7.544;0.279;0.173
2010;SC;Rio Fortuna;-28.1325913886;-49.1050938026;4446.0;96.896;0.877;1.822;0.36;0.045
2010;SC;Rio Negrinho;-26.2553250279;-49.5172950756;39846.0;79.805;1.197;18.627;0.301;0.07
2010;SC;Rio Rufino;-27.8632354792;-49.7775918043;2436.0;66.338;4.228;27.956;1.478;0.0
2010;SC;Riqueza;-27.0675941646;-53.3252862115;4838.0;78.545;3.597;17.28;0.579;0.0
2010;SC;Rodeio;-26.9435016684;-49.3047072335;10910.0;93.666;0.742;5.463;0.082;0.046
2010;SC;Romelândia;-26.6794635631;-53.3201584;5551.0;78.148;1.801;19.762;0.288;0.0
2010;SC;Salete;-26.9752443334;-50.0017307311;7370.0;90.896;0.326;8.602;0.163;0.014
2010;SC;Saltinho;-26.6085589196;-53.0586312489;3961.0;67.836;3.433;28.124;0.606;0.0
2010;SC;Salto Veloso;-26.9031646077;-51.405208078;4301.0;79.47;3.023;16.787;0.721;0.0
2010;SC;Sangão;-28.6332229229;-49.1340298642;10400.0;88.375;5.231;6.337;0.058;0.0
2010;SC;Santa Cecília;-26.9569007446;-50.4229016203;15757.0;69.994;2.704;26.065;1.098;0.14
2010;SC;Santa Helena;-26.9398439236;-53.6199878739;2382.0;84.761;2.099;13.14;0.0;0.0
2010;SC;Santa Rosa de Lima;-28.0356055728;-49.1250913029;2065.0;96.029;0.484;3.39;0.097;0.0
2010;SC;Santa Rosa do Sul;-29.1352882186;-49.7176263736;8054.0;89.98;4.395;5.364;0.199;0.062
2010;SC;Santa Terezinha;-26.780982354;-50.0055291871;8767.0;85.685;1.152;12.752;0.411;0.0
2010;SC;Santa Terezinha do Progresso;-26.6197755739;-53.1998469617;2896.0;77.935;6.319;15.297;0.38;0.069
2010;SC;Santiago do Sul;-26.6348090909;-52.6759494793;1465.0;77.474;5.461;16.655;0.341;0.068
2010;SC;Santo Amaro da Imperatriz;-27.6897477585;-48.7802399214;19823.0;92.065;3.002;4.792;0.086;0.055
2010;SC;São Bernardino;-26.4732782463;-52.9655387397;2677.0;69.742;10.011;19.873;0.261;0.112
2010;SC;São Bento do Sul;-26.2494854185;-49.3869788951;74801.0;86.233;1.211;12.224;0.286;0.045
2010;SC;São Bonifácio;-27.8964966985;-48.9293119586;3008.0;98.039;0.864;0.864;0.233;0.0
2010;SC;São Carlos;-27.0786350779;-53.0173942733;10291.0;87.144;2.109;10.485;0.253;0.01
2010;SC;São Cristóvão do Sul;-27.2829466734;-50.4346289331;5012.0;66.62;4.729;25.858;2.674;0.12
2010;SC;São Domingos;-26.5578303695;-52.5372274685;9491.0;71.078;5.184;23.654;0.063;0.021
2010;SC;São Francisco do Sul;-26.2440178842;-48.6375707582;42520.0;79.713;3.582;15.755;0.482;0.468
2010;SC;São João do Oeste;-27.0974826254;-53.5959666797;6036.0;97.449;0.497;2.054;0.0;0.0
2010;SC;São João Batista;-27.2958805567;-48.8570042802;26260.0;89.056;1.923;8.743;0.152;0.126
2010;SC;São João do Itaperiú;-26.6174540463;-48.7677653868;3435.0;95.4;0.99;3.406;0.204;0.0
2010;SC;São João do Sul;-29.2234797912;-49.8065713857;7002.0;93.045;1.814;4.999;0.086;0.057
2010;SC;São Joaquim;-28.2947124992;-49.9367417605;24812.0;65.581;5.38;27.769;1.185;0.085
2010;SC;São José;-27.5903120772;-48.6160227159;209789.0;84.364;5.139;9.924;0.373;0.199
2010;SC;São José do Cedro;-26.4560602968;-53.5001241069;13684.0;84.449;3.588;11.605;0.322;0.037
2010;SC;São José do Cerrito;-27.6685865188;-50.5813861763;9273.0;73.665;2.912;21.816;1.596;0.011
2010;SC;São Lourenço do Oeste;-26.3551901646;-52.851333667;21792.0;83.742;2.427;13.574;0.234;0.023
2010;SC;São Ludgero;-28.3268955251;-49.1756843247;10993.0;89.048;3.02;7.532;0.273;0.127
2010;SC;São Martinho;-28.1644952896;-48.977786248;3209.0;97.227;0.312;2.431;0.031;0.0
2010;SC;São Miguel da Boa Vista;-26.6944751453;-53.2545563767;1904.0;84.244;2.258;12.763;0.735;0.0
2010;SC;São Miguel do Oeste;-26.7264271767;-53.5188394062;36306.0;83.113;2.757;13.728;0.242;0.16
2010;SC;São Pedro de Alcântara;-27.5671700934;-48.7876695873;4703.0;85.626;3.423;10.653;0.191;0.106
2010;SC;Saudades;-26.919756951;-52.9955697273;9016.0;90.195;4.303;5.313;0.144;0.044
2010;SC;Schroeder;-26.4209759126;-49.0732596915;15316.0;84.213;1.293;13.881;0.411;0.202
2010;SC;Seara;-27.1456976229;-52.302854828;16936.0;84.802;3.159;10.693;0.531;0.815
2010;SC;Serra Alta;-26.7247733741;-53.0462763415;3285.0;83.805;1.918;13.942;0.335;0.0
2010;SC;Siderópolis;-28.5951024182;-49.420540933;12998.0;84.328;6.739;8.74;0.146;0.046
2010;SC;Sombrio;-29.1091327568;-49.6342103641;26613.0;93.548;2.266;3.863;0.252;0.071
2010;SC;Sul Brasil;-26.7369362097;-52.9642047957;2766.0;79.573;3.218;16.233;0.976;0.0
2010;SC;Taió;-27.1179373002;-50.0050964643;17260.0;91.251;1.02;7.514;0.151;0.064
2010;SC;Tangará;-27.1010111042;-51.2459143753;8674.0;82.142;2.882;14.595;0.357;0.023
2010;SC;Tigrinhos;-26.6894748378;-53.1575419839;1757.0;76.892;3.358;18.953;0.797;0.0
2010;SC;Tijucas;-27.2394536072;-48.6320705639;30960.0;85.911;4.406;8.811;0.181;0.691
2010;SC;Timbé do Sul;-28.8325174935;-49.8441177628;5308.0;88.715;2.091;9.005;0.17;0.019
2010;SC;Timbó;-26.822902575;-49.2777122898;36774.0;92.598;0.935;6.034;0.351;0.082
2010;SC;Timbó Grande;-26.617828491;-50.6746741365;7167.0;59.188;0.753;39.57;0.46;0.028
2010;SC;Três Barras;-26.1140963368;-50.305419368;18129.0;68.862;2.24;28.567;0.259;0.072
2010;SC;Treviso;-28.5184848579;-49.4559333789;3527.0;93.621;0.624;5.727;0.0;0.028
2010;SC;Treze de Maio;-28.5581400375;-49.1448153072;6876.0;97.077;0.814;1.963;0.044;0.102
2010;SC;Treze Tílias;-26.9985363059;-51.4146746651;6341.0;80.287;1.135;18.451;0.126;0.0
2010;SC;Trombudo Central;-27.3030195291;-49.7924782341;6553.0;86.602;1.129;11.979;0.168;0.122
2010;SC;Tubarão;-28.4800339479;-49.005268077;97235.0;90.77;4.183;4.813;0.176;0.059
2010;SC;Tunápolis;-26.9722235915;-53.641459736;4633.0;94.604;1.576;3.626;0.173;0.022
2010;SC;Turvo;-28.9247492174;-49.6808657451;11854.0;91.977;1.282;6.58;0.127;0.034
2010;SC;União do Oeste;-26.7617370137;-52.8514964564;2910.0;78.419;6.082;14.914;0.378;0.206
2010;SC;Urubici;-28.004554912;-49.5882056111;10699.0;71.96;3.458;23.974;0.579;0.028
2010;SC;Urupema;-27.9526858098;-49.8732112424;2482.0;75.504;11.563;12.168;0.725;0.04
2010;SC;Urussanga;-28.5199662039;-49.3191079186;20223.0;95.396;1.953;2.566;0.054;0.03
2010;SC;Vargeão;-26.8639833174;-52.1541056501;3532.0;74.972;5.832;19.111;0.028;0.057
2010;SC;Vargem;-27.4899701004;-50.9781506257;2808.0;76.923;2.03;20.726;0.321;0.0
2010;SC;Vargem Bonita;-27.0032416045;-51.7447401814;4793.0;62.487;6.322;27.916;3.109;0.167
2010;SC;Vidal Ramos;-27.3957786987;-49.3682191726;6290.0;92.194;1.685;5.994;0.079;0.048
2010;SC;Videira;-27.006129068;-51.1517052828;47188.0;79.622;3.088;16.449;0.721;0.121
2010;SC;Vitor Meireles;-26.8815776186;-49.830751961;5207.0;86.153;0.269;5.262;0.038;8.277
2010;SC;Witmarsum;-26.9267427234;-49.8042033754;3600.0;93.361;0.139;6.472;0.0;0.028
2010;SC;Xanxerê;-26.8745844992;-52.404667139;44128.0;74.057;3.232;21.329;1.015;0.367
2010;SC;Xavantina;-27.0702501471;-52.3428505099;4142.0;90.415;3.139;6.374;0.048;0.024
2010;SC;Xaxim;-26.9637194992;-52.5349325183;25713.0;77.719;2.773;19.053;0.358;0.097
2010;SC;Zortéa;-27.4502514117;-51.5495663068;2991.0;72.785;1.204;25.744;0.267;0.0
2010;RS;Aceguá;-31.8640153043;-54.1647315364;4394.0;80.405;7.692;11.129;0.751;0.023
2010;RS;Água Santa;-28.1750547485;-52.0346327892;3722.0;82.886;1.29;9.242;0.161;6.421
2010;RS;Agudo;-29.6456633632;-53.2586916877;16722.0;87.268;3.092;9.174;0.449;0.018
2010;RS;Ajuricaba;-28.2377290067;-53.77281889;7255.0;85.858;1.654;11.964;0.138;0.386
2010;RS;Alecrim;-27.6610744578;-54.7670962217;7045.0;83.023;1.476;15.202;0.284;0.014
2010;RS;Alegrete;-29.7820432091;-55.7958701453;77652.0;71.943;6.904;20.5;0.352;0.301
2010;RS;Alegria;-27.8372999564;-54.0573664131;4301.0;82.702;1.511;15.485;0.302;0.0
2010;RS;Almirante Tamandaré do Sul;-28.113726287;-52.9137145497;2067.0;92.888;2.274;4.693;0.097;0.048
2010;RS;Alpestre;-27.2487687567;-53.0373660486;8027.0;85.611;3.6;10.726;0.05;0.012
2010;RS;Alto Alegre;-28.7747455371;-52.9907552807;1848.0;87.5;0.649;11.364;0.433;0.054
2010;RS;Alto Feliz;-29.3901391668;-51.3158156678;2917.0;96.058;1.166;2.365;0.137;0.274
2010;RS;Alvorada;-29.9974930647;-51.0777294542;195673.0;73.496;12.767;13.289;0.26;0.188
2010;RS;Amaral Ferrador;-30.8751476012;-52.251270397;6353.0;79.836;13.49;5.856;0.819;0.0
2010;RS;Ametista do Sul;-27.3564254738;-53.192177262;7323.0;69.944;1.57;28.185;0.178;0.123
2010;RS;André da Rocha;-28.6319772029;-51.5737379712;1216.0;81.168;4.441;12.664;0.905;0.822
2010;RS;Anta Gorda;-28.9708843631;-52.0158234394;6073.0;95.966;0.922;3.063;0.049;0.0
2010;RS;Antônio Prado;-28.8554376246;-51.2835769243;12833.0;85.755;2.369;11.72;0.156;0.0
2010;RS;Arambaré;-30.90934555;-51.5013182506;3693.0;83.563;12.158;4.197;0.054;0.027
2010;RS;Araricá;-29.6172435929;-50.9256766147;4864.0;86.739;2.426;10.588;0.206;0.041
2010;RS;Aratiba;-27.3944441289;-52.3038319548;6565.0;91.881;2.193;5.712;0.183;0.03
2010;RS;Arroio do Meio;-29.3988907191;-51.9474494916;18783.0;92.403;1.634;5.814;0.122;0.027
2010;RS;Arroio do Sal;-29.592960744;-49.932957518;7740.0;90.646;2.519;6.705;0.065;0.065
2010;RS;Arroio do Padre;-31.4406439931;-52.4333015044;2730.0;91.978;4.212;3.04;0.769;0.0
2010;RS;Arroio dos Ratos;-30.0900131147;-51.7338068665;13606.0;85.242;6.122;8.143;0.375;0.118
2010;RS;Arroio do Tigre;-29.3358596133;-53.0863955672;12648.0;85.761;3.542;9.78;0.917;0.0
2010;RS;Arroio Grande;-32.2363441257;-53.0822483482;18470.0;85.571;6.481;7.666;0.217;0.065
2010;RS;Arvorezinha;-28.8730493916;-52.1795119395;10225.0;85.526;2.768;11.472;0.235;0.0
2010;RS;Augusto Pestana;-28.5133519891;-53.9894700807;7096.0;91.023;2.959;5.834;0.127;0.056
2010;RS;Áurea;-27.6937866504;-52.0541756691;3665.0;92.769;1.282;5.621;0.327;0.0
2010;RS;Bagé;-31.3305018415;-54.1070832852;116794.0;75.617;9.355;14.776;0.191;0.062
2010;RS;Balneário Pinhal;-30.239750927;-50.2367010761;10856.0;83.456;4.725;11.22;0.442;0.157
2010;RS;Barão;-29.3808640678;-51.4975376809;5741.0;93.904;0.871;4.947;0.035;0.244
2010;RS;Barão de Cotegipe;-27.6170925671;-52.377750325;6529.0;89.202;1.47;8.332;0.919;0.077
2010;RS;Barão do Triunfo;-30.3904838547;-51.7376694748;7018.0;88.971;3.192;7.139;0.67;0.028
2010;RS;Barracão;-27.6802298714;-51.4601514584;5357.0;80.026;4.088;14.878;0.952;0.056
2010;RS;Barra do Guarita;-27.1880699615;-53.7144126933;3089.0;84.234;4.403;11.072;0.259;0.032
2010;RS;Barra do Quaraí;-30.2110754079;-57.5570603248;4012.0;65.13;7.602;26.894;0.374;0.0
2010;RS;Barra do Ribeiro;-30.2926754999;-51.3008736006;12572.0;84.871;6.459;6.968;0.095;1.607
2010;RS;Barra do Rio Azul;-27.4087577155;-52.4141049465;2003.0;94.159;1.947;3.744;0.15;0.0
2010;RS;Barra Funda;-27.9238258452;-53.0362966696;2367.0;86.608;5.154;7.9;0.338;0.0
2010;RS;Barros Cassal;-29.0877043607;-52.5877521245;11133.0;73.278;1.338;25.007;0.341;0.036
2010;RS;Benjamin Constant do Sul;-27.5085835627;-52.6022250047;2307.0;50.195;1.864;2.037;2.427;43.476
2010;RS;Bento Gonçalves;-29.1674019332;-51.5155603063;107278.0;87.419;2.055;10.218;0.218;0.089
2010;RS;Boa Vista das Missões;-27.666111035;-53.3127563938;2114.0;77.152;1.183;21.287;0.378;0.0
2010;RS;Boa Vista do Buricá;-27.6715669968;-54.1094812553;6574.0;90.28;4.883;4.837;0.0;0.0
2010;RS;Boa Vista do Cadeado;-28.5774344755;-53.8137346351;2441.0;91.069;1.598;6.8;0.533;0.0
2010;RS;Boa Vista do Incra;-28.818488034;-53.3887049606;2425.0;90.969;1.072;7.918;0.0;0.041
2010;RS;Boa Vista do Sul;-29.3501193715;-51.6772718371;2776.0;98.883;0.216;0.901;0.0;0.0
2010;RS;Bom Jesus;-28.6705776756;-50.43334927;11519.0;66.716;4.957;26.982;1.337;0.009
2010;RS;Bom Princípio;-29.4944851149;-51.3555190974;11789.0;94.809;0.959;4.063;0.161;0.008
2010;RS;Bom Progresso;-27.5467742042;-53.8667908856;2328.0;82.947;1.761;15.249;0.0;0.043
2010;RS;Bom Retiro do Sul;-29.6074226199;-51.943846766;11472.0;90.42;5.169;4.193;0.157;0.061
2010;RS;Boqueirão do Leão;-29.3051579179;-52.4280502645;7673.0;76.593;1.681;21.491;0.222;0.013
2010;RS;Bossoroca;-28.7307243302;-54.9098109253;6884.0;75.232;9.123;11.883;3.762;0.0
2010;RS;Bozano;-28.3662899402;-53.7724021388;2200.0;89.227;4.182;6.182;0.045;0.364
2010;RS;Braga;-27.6191925075;-53.7443293821;3702.0;72.501;3.377;23.474;0.648;0.0
2010;RS;Brochier;-29.5555279556;-51.5889159717;4675.0;96.599;1.583;1.754;0.064;0.0
2010;RS;Butiá;-30.1161440126;-51.9614829532;20406.0;80.418;8.047;11.075;0.392;0.069
2010;RS;Caçapava do Sul;-30.5147432341;-53.48756892;33690.0;80.932;11.437;7.156;0.288;0.187
2010;RS;Cacequi;-29.8802876605;-54.8277276903;13676.0;78.356;5.235;15.896;0.3;0.212
2010;RS;Cachoeira do Sul;-30.0458199797;-52.8934125585;83827.0;84.158;7.846;7.648;0.261;0.087
2010;RS;Cachoeirinha;-29.9506294443;-51.0936769543;118278.0;86.241;5.813;7.565;0.204;0.177
2010;RS;Cacique Doble;-27.768232466;-51.6641134498;4867.0;70.454;3.123;6.965;0.37;19.088
2010;RS;Caibaté;-28.2910748192;-54.6378867042;4954.0;78.381;0.323;20.933;0.343;0.02
2010;RS;Caiçara;-27.2809406646;-53.4318954851;5071.0;81.917;2.228;15.599;0.256;0.0
2010;RS;Camaquã;-30.8507043893;-51.8146009062;62764.0;87.354;7.079;5.126;0.242;0.199
2010;RS;Camargo;-28.5892375315;-52.2037989733;2592.0;88.773;1.273;9.336;0.617;0.0
2010;RS;Cambará do Sul;-29.0481752734;-50.1437653843;6542.0;80.618;5.274;13.406;0.703;0.0
2010;RS;Campestre da Serra;-28.7965122469;-51.0956640048;3247.0;83.462;1.663;14.475;0.308;0.092
2010;RS;Campina das Missões;-27.9916900284;-54.8453289508;6117.0;94.278;1.455;4.005;0.262;0.0
2010;RS;Campinas do Sul;-27.7116014161;-52.6331044778;5506.0;85.234;1.653;12.604;0.472;0.036
2010;RS;Campo Bom;-29.6756850971;-51.0588699243;60074.0;89.398;2.309;8.018;0.186;0.088
2010;RS;Campo Novo;-27.6744926102;-53.8028138687;5459.0;84.136;4.396;10.844;0.495;0.128
2010;RS;Campos Borges;-28.8921317673;-52.9989147332;3494.0;86.749;1.975;10.475;0.744;0.057
2010;RS;Candelária;-29.671285416;-52.7896684388;30171.0;85.509;4.13;10.142;0.215;0.003
2010;RS;Cândido Godói;-27.9513180681;-54.7528340429;6535.0;97.643;0.23;2.096;0.031;0.0
2010;RS;Candiota;-31.5610097236;-53.6778046425;8771.0;75.955;7.696;15.87;0.331;0.148
2010;RS;Canela;-29.3579718504;-50.8148673494;39229.0;81.901;3.831;13.24;0.907;0.12
2010;RS;Canguçu;-31.3938595243;-52.6762858321;53259.0;90.614;5.325;3.558;0.441;0.062
2010;RS;Canoas;-29.9186967065;-51.1810297807;323827.0;85.325;6.045;8.279;0.216;0.135
2010;RS;Canudos do Vale;-29.3235252963;-52.2323826172;1807.0;96.237;1.051;2.601;0.0;0.111
2010;RS;Capão Bonito do Sul;-28.1259752949;-51.3951584627;1754.0;90.65;1.71;7.469;0.057;0.114
2010;RS;Capão da Canoa;-29.7614666401;-50.0200224443;42040.0;86.991;5.224;7.36;0.288;0.138
2010;RS;Capão do Cipó;-28.9316275196;-54.554699;3104.0;78.028;3.866;17.687;0.354;0.064
2010;RS;Capão do Leão;-31.7668386566;-52.4870075721;24298.0;82.85;8.367;8.067;0.461;0.255
2010;RS;Capivari do Sul;-30.1496596629;-50.5088079341;3890.0;77.943;10.36;10.977;0.129;0.591
2010;RS;Capela de Santana;-29.701944852;-51.3217693454;11612.0;85.808;2.713;10.877;0.491;0.112
2010;RS;Capitão;-29.2694996086;-51.9859688456;2636.0;93.816;1.48;4.325;0.379;0.0
2010;RS;Carazinho;-28.2865105909;-52.7918973881;59317.0;86.535;3.11;9.936;0.231;0.187
2010;RS;Caraá;-29.7786374562;-50.4357564296;7312.0;95.897;0.957;2.229;0.0;0.916
2010;RS;Carlos Barbosa;-29.2982968059;-51.50381763;25189.0;94.339;1.096;4.319;0.226;0.02
2010;RS;Carlos Gomes;-27.7148920751;-51.9175762299;1607.0;97.822;0.996;0.996;0.0;0.187
2010;RS;Casca;-28.5598740168;-51.9832326574;8651.0;92.336;1.433;5.976;0.185;0.069
2010;RS;Caseiros;-28.2735654703;-51.6926828223;3007.0;85.866;1.097;12.936;0.067;0.033
2010;RS;Catuípe;-28.2542344725;-54.0123868477;9323.0;84.994;2.531;12.003;0.461;0.011
2010;RS;Caxias do Sul;-29.1668990111;-51.1788602059;435560.0;82.798;3.312;13.363;0.413;0.115
2010;RS;Centenário;-27.7628471304;-52.0020538458;2965.0;96.931;0.573;2.192;0.304;0.0
2010;RS;Cerrito;-31.8526391268;-52.8148023323;6402.0;86.77;6.732;6.014;0.25;0.234
2010;RS;Cerro Branco;-29.6562871949;-52.9419778017;4454.0;85.025;4.019;10.35;0.539;0.067
2010;RS;Cerro Grande;-27.6079801347;-53.1659130765;2417.0;74.307;4.841;20.025;0.745;0.083
2010;RS;Cerro Grande do Sul;-30.602028929;-51.7531032652;10268.0;82.879;3.983;12.739;0.39;0.01
2010;RS;Cerro Largo;-28.147840877;-54.7399972399;13289.0;82.09;1.851;15.765;0.271;0.023
2010;RS;Chapada;-28.0584504612;-53.0672769044;9377.0;88.472;0.917;10.121;0.491;0.0
2010;RS;Charqueadas;-29.956800363;-51.6250060522;35320.0;85.722;5.66;8.392;0.139;0.088
2010;RS;Charrua;-27.9528311011;-52.0294119535;3471.0;54.307;0.317;1.383;0.086;43.907
2010;RS;Chiapetta;-27.917364754;-53.9457497024;4044.0;79.13;3.759;16.939;0.173;0.0
2010;RS;Chuí;-33.6875668687;-53.4626751417;5917.0;88.981;2.873;7.876;0.135;0.135
2010;RS;Chuvisca;-30.7574267112;-51.9785422226;4944.0;92.86;4.43;2.184;0.485;0.04
2010;RS;Cidreira;-30.1811699862;-50.2090923339;12668.0;83.336;6.07;9.733;0.158;0.703
2010;RS;Ciríaco;-28.3443025435;-51.883031292;4922.0;78.505;2.133;18.265;1.056;0.041
2010;RS;Colinas;-29.3925368716;-51.8685755465;2420.0;97.562;0.537;1.57;0.165;0.165
2010;RS;Colorado;-28.5229477599;-52.9931763195;3550.0;82.873;7.831;8.901;0.394;0.0
2010;RS;Condor;-28.2052957753;-53.4889433309;6552.0;77.427;3.373;18.834;0.305;0.061
2010;RS;Constantina;-27.7304110864;-52.9877388321;9752.0;80.589;2.317;12.059;0.133;4.902
2010;RS;Coqueiro Baixo;-29.1792568013;-52.0946025596;1528.0;92.016;3.861;4.123;0.0;0.0
2010;RS;Coqueiros do Sul;-28.1174283206;-52.7788008456;2457.0;90.273;3.256;6.024;0.448;0.0
2010;RS;Coronel Barros;-28.3845408587;-54.0736624303;2459.0;86.743;1.952;10.858;0.407;0.041
2010;RS;Coronel Bicaco;-27.7178730196;-53.7091281065;7748.0;72.212;3.162;24.29;0.245;0.09
2010;RS;Coronel Pilar;-29.2727100754;-51.6849345966;1725.0;97.333;0.638;2.029;0.0;0.0
2010;RS;Cotiporã;-28.9985764276;-51.6964336774;3917.0;94.715;1.149;4.136;0.0;0.0
2010;RS;Coxilha;-28.1213417108;-52.3002778295;2826.0;83.9;3.857;11.323;0.566;0.354
2010;RS;Crissiumal;-27.4980122694;-54.1000349062;14084.0;89.868;0.767;9.308;0.057;0.0
2010;RS;Cristal;-30.9993451918;-52.0494104018;7280.0;83.132;9.643;7.157;0.055;0.014
2010;RS;Cristal do Sul;-27.4536295672;-53.2491844953;2826.0;74.947;1.982;23.036;0.035;0.0
2010;RS;Cruz Alta;-28.6424466085;-53.6052407621;62821.0;85.533;3.508;10.496;0.326;0.135
2010;RS;Cruzaltense;-27.6648881086;-52.6481429882;2141.0;90.705;4.344;4.531;0.42;0.0
2010;RS;Cruzeiro do Sul;-29.5082909687;-51.9915758852;12320.0;88.36;3.101;7.922;0.609;0.008
2010;RS;David Canabarro;-28.3846115341;-51.8522490565;4683.0;88.917;2.434;8.606;0.043;0.0
2010;RS;Derrubadas;-27.2653909363;-53.8651194603;3190.0;79.624;2.476;17.022;0.878;0.0
2010;RS;Dezesseis de Novembro;-28.2268764435;-55.048208502;2866.0;81.891;1.221;16.294;0.593;0.0
2010;RS;Dilermando de Aguiar;-29.7019639098;-54.2135603845;3064.0;75.294;3.753;19.68;1.273;0.0
2010;RS;Dois Irmãos;-29.5841587789;-51.087619313;27572.0;91.571;1.502;6.264;0.457;0.207
2010;RS;Dois Irmãos das Missões;-27.6575367314;-53.5308646235;2157.0;68.197;11.173;19.332;1.252;0.046
2010;RS;Dois Lajeados;-28.9752053862;-51.8351029869;3278.0;94.539;2.105;3.142;0.214;0.0
2010;RS;Dom Feliciano;-30.7085984263;-52.1039335797;14380.0;82.761;8.915;7.559;0.758;0.007
2010;RS;Dom Pedro de Alcântara;-29.3701870791;-49.8495499617;2550.0;97.569;1.137;1.02;0.275;0.0
2010;RS;Dom Pedrito;-30.9812670568;-54.6741301838;38898.0;78.57;8.252;12.834;0.273;0.072
2010;RS;Dona Francisca;-29.6248524913;-53.3623331808;3401.0;79.036;5.175;15.642;0.147;0.0
2010;RS;Doutor Maurício Cardoso;-27.5092126137;-54.3582679905;5313.0;83.719;0.809;15.095;0.376;0.0
2010;RS;Doutor Ricardo;-29.099031061;-51.9849043921;2030.0;91.921;2.66;5.271;0.148;0.0
2010;RS;Eldorado do Sul;-29.9992925946;-51.310418926;34343.0;81.376;6.4;11.569;0.312;0.344
2010;RS;Encantado;-29.2399172072;-51.8730231344;20510.0;89.59;2.799;7.392;0.102;0.117
2010;RS;Encruzilhada do Sul;-30.5436573248;-52.5220453899;24534.0;78.059;8.82;11.886;1.007;0.228
2010;RS;Engenho Velho;-27.7085865197;-52.911920503;1527.0;61.69;1.572;2.423;0.262;34.054
2010;RS;Entre-Ijuís;-28.3627942779;-54.2714318512;8938.0;89.528;1.354;8.951;0.168;0.0
2010;RS;Entre Rios do Sul;-27.5288579316;-52.7350679521;3080.0;76.006;3.312;19.903;0.714;0.065
2010;RS;Erebango;-27.8491959409;-52.299711403;2970.0;71.111;2.256;17.475;0.101;9.057
2010;RS;Erechim;-27.6334058108;-52.2758768979;96087.0;85.057;2.253;12.309;0.258;0.123
2010;RS;Ernestina;-28.4971546905;-52.5721762089;3088.0;91.742;0.421;7.351;0.486;0.0
2010;RS;Herval;-32.0267435512;-53.3943378609;6753.0;77.417;7.226;14.66;0.652;0.044
2010;RS;Erval Grande;-27.3933366745;-52.5701120524;5163.0;82.336;3.893;13.267;0.484;0.019
2010;RS;Erval Seco;-27.5494171265;-53.5095730837;7878.0;72.696;1.879;21.896;0.876;2.653
2010;RS;Esmeralda;-28.057276348;-51.1887936625;3168.0;72.506;3.188;23.138;1.105;0.063
2010;RS;Esperança do Sul;-27.3599436088;-53.9927678151;3272.0;86.919;1.1;11.583;0.397;0.0
2010;RS;Espumoso;-28.7314451425;-52.8419269709;15240.0;86.883;2.133;10.282;0.65;0.052
2010;RS;Estação;-27.9090063415;-52.2704857967;6011.0;86.974;4.009;8.917;0.1;0.0
2010;RS;Estância Velha;-29.6501479676;-51.174293925;42574.0;90.351;2.565;6.786;0.242;0.056
2010;RS;Esteio;-29.8521862955;-51.1438373394;80752.0;85.597;5.96;8.105;0.251;0.087
2010;RS;Estrela;-29.5034718768;-51.9702602942;30619.0;89.288;3.142;6.986;0.121;0.464
2010;RS;Estrela Velha;-29.1796613617;-53.1602937787;3628.0;92.255;1.985;3.335;1.433;0.992
2010;RS;Eugênio de Castro;-28.5250597626;-54.1481126185;2798.0;74.518;2.68;20.157;2.645;0.0
2010;RS;Fagundes Varela;-28.8821343126;-51.6914487477;2579.0;95.308;1.241;3.024;0.271;0.155
2010;RS;Farroupilha;-29.2236791868;-51.3483495738;63635.0;87.153;2.717;9.369;0.539;0.222
2010;RS;Faxinal do Soturno;-29.5743295398;-53.4390648197;6672.0;80.246;6.07;13.624;0.06;0.0
2010;RS;Faxinalzinho;-27.4254155069;-52.6705912422;2567.0;76.432;4.753;11.18;0.545;7.09
2010;RS;Fazenda Vilanova;-29.5885745297;-51.8211830446;3697.0;90.857;5.572;3.3;0.081;0.189
2010;RS;Feliz;-29.4539709262;-51.3101021354;12359.0;96.108;0.995;2.686;0.17;0.04
2010;RS;Flores da Cunha;-29.0311421437;-51.1822205769;27126.0;89.044;1.567;8.984;0.328;0.077
2010;RS;Floriano Peixoto;-27.8625092779;-52.0856070999;2018.0;97.572;0.446;1.883;0.099;0.0
2010;RS;Fontoura Xavier;-28.9821677892;-52.3449531838;10719.0;71.331;1.474;26.374;0.802;0.019
2010;RS;Formigueiro;-29.9976338154;-53.5002944149;7014.0;78.529;14.143;6.915;0.413;0.0
2010;RS;Forquetinha;-29.3806337847;-52.0969170585;2479.0;97.539;0.202;2.219;0.04;0.0
2010;RS;Fortaleza dos Valos;-28.787882971;-53.2355232639;4575.0;87.607;1.421;10.907;0.066;0.0
2010;RS;Frederico Westphalen;-27.3588824124;-53.4007767389;28843.0;84.315;1.695;13.736;0.222;0.031
2010;RS;Garibaldi;-29.2545491128;-51.5295484588;30689.0;92.535;1.313;5.829;0.248;0.075
2010;RS;Garruchos;-28.1894767901;-55.6340719501;3234.0;74.985;2.041;22.727;0.124;0.124
2010;RS;Gaurama;-27.5838577563;-52.1001384605;5862.0;91.863;1.314;6.653;0.102;0.068
2010;RS;General Câmara;-29.9029837414;-51.7634306851;8447.0;90.458;4.333;4.842;0.32;0.047
2010;RS;Gentil;-28.433848467;-52.0345235699;1677.0;84.436;4.234;4.174;1.312;5.844
2010;RS;Getúlio Vargas;-27.8759119305;-52.2495741233;16154.0;84.889;2.34;12.071;0.31;0.39
2010;RS;Giruá;-28.0297443729;-54.3508400777;17075.0;81.06;2.665;15.151;1.031;0.094
2010;RS;Glorinha;-29.8771339613;-50.7862074319;6891.0;87.593;5.616;6.472;0.261;0.058
2010;RS;Gramado;-29.3797375184;-50.8719457003;32273.0;89.558;2.101;8.183;0.13;0.028
2010;RS;Gramado dos Loureiros;-27.4443850214;-52.918217983;2269.0;66.461;7.14;11.988;1.058;13.354
2010;RS;Gramado Xavier;-29.2699362175;-52.577837757;3970.0;71.688;2.116;24.282;1.914;0.0
2010;RS;Gravataí;-29.9455189133;-50.9907929748;255660.0;84.665;6.964;8.042;0.218;0.111
2010;RS;Guabiju;-28.540671531;-51.6910473581;1598.0;89.237;2.315;7.509;0.313;0.626
2010;RS;Guaíba;-30.1086019224;-51.3146836637;95204.0;82.807;7.967;8.813;0.267;0.146
2010;RS;Guaporé;-28.8491336405;-51.8906506875;22814.0;85.386;2.174;12.137;0.259;0.044
2010;RS;Guarani das Missões;-28.1417792573;-54.5605559297;8115.0;86.371;1.602;11.805;0.173;0.049
2010;RS;Harmonia;-29.5490490868;-51.4140397047;4254.0;95.322;1.646;2.797;0.165;0.071
2010;RS;Herveiras;-29.4570438109;-52.6501705958;2954.0;80.569;1.659;17.739;0.034;0.0
2010;RS;Horizontina;-27.6300969137;-54.3087915109;18348.0;87.497;1.161;11.037;0.278;0.027
2010;RS;Hulha Negra;-31.4050982484;-53.867824794;6043.0;72.398;5.659;21.38;0.414;0.149
2010;RS;Humaitá;-27.5614898161;-53.9765055737;4919.0;83.94;2.643;12.482;0.874;0.061
2010;RS;Ibarama;-29.4207443611;-53.1332000129;4371.0;93.548;1.121;5.125;0.206;0.0
2010;RS;Ibiaçá;-28.0488495215;-51.8572520902;4710.0;86.136;1.507;11.401;0.679;0.276
2010;RS;Ibiraiaras;-28.3692267294;-51.6353239892;7171.0;84.242;2.022;8.228;0.209;5.299
2010;RS;Ibirapuitã;-28.6150204152;-52.5193855878;4061.0;83.009;1.822;14.11;1.059;0.0
2010;RS;Ibirubá;-28.6276077824;-53.0883540195;19310.0;86.152;1.176;12.268;0.363;0.041
2010;RS;Igrejinha;-29.5722204558;-50.7987107333;31660.0;87.448;2.385;9.801;0.344;0.022
2010;RS;Ijuí;-28.388536541;-53.9180668357;78915.0;83.025;2.149;14.445;0.319;0.062
2010;RS;Ilópolis;-28.9291527318;-52.1221574946;4102.0;83.301;3.535;12.994;0.122;0.049
2010;RS;Imbé;-29.9747778207;-50.1305799407;17670.0;90.515;3.067;6.163;0.13;0.125
2010;RS;Imigrante;-29.3521581198;-51.7701905101;3023.0;97.188;0.794;1.886;0.132;0.0
2010;RS;Independência;-27.8473315581;-54.1881083346;6618.0;82.804;2.539;13.765;0.861;0.03
2010;RS;Inhacorá;-27.8804544583;-54.0125455914;2267.0;68.858;4.632;25.452;1.015;0.044
2010;RS;Ipê;-28.8183280318;-51.2799101922;6016.0;85.106;2.66;11.902;0.266;0.066
2010;RS;Ipiranga do Sul;-27.9359842849;-52.4250606441;1944.0;87.5;2.058;10.442;0.0;0.0
2010;RS;Iraí;-27.192281975;-53.2642960185;8078.0;74.127;2.03;16.378;0.371;7.093
2010;RS;Itaara;-29.6028879547;-53.757849249;5010.0;87.445;2.395;9.681;0.339;0.14
2010;RS;Itacurubi;-28.8022050331;-55.2327232641;3441.0;78.931;3.691;16.362;0.93;0.087
2010;RS;Itapuca;-28.780295703;-52.1723668452;2344.0;86.561;9.898;3.456;0.085;0.0
2010;RS;Itaqui;-29.1286368991;-56.557133497;38159.0;72.664;3.682;23.323;0.28;0.05
2010;RS;Itati;-29.5002484955;-50.1017822614;2584.0;91.293;3.483;3.483;1.161;0.58
2010;RS;Itatiba do Sul;-27.3832919401;-52.4524432547;4171.0;84.033;4.507;10.573;0.767;0.12
2010;RS;Ivorá;-29.5195344843;-53.5808856194;2156.0;86.132;1.391;12.338;0.046;0.093
2010;RS;Ivoti;-29.5941565229;-51.1595741943;19874.0;92.276;1.293;5.63;0.735;0.065
2010;RS;Jaboticaba;-27.6312223863;-53.284389402;4098.0;73.67;2.172;23.133;0.927;0.098
2010;RS;Jacuizinho;-29.0338163561;-53.0565506588;2507.0;80.614;2.792;13.921;2.673;0.0
2010;RS;Jacutinga;-27.7284936336;-52.5431728064;3633.0;84.723;2.697;11.698;0.771;0.11
2010;RS;Jaguarão;-32.5635686685;-53.3775229153;27931.0;88.643;5.521;5.642;0.09;0.104
2010;RS;Jaguari;-29.4973467312;-54.6938466713;11473.0;88.931;1.9;8.882;0.261;0.026
2010;RS;Jaquirana;-28.8805675913;-50.3580367222;4177.0;72.157;4.692;21.69;1.46;0.0
2010;RS;Jari;-29.2900810968;-54.2199358203;3575.0;89.762;3.273;6.629;0.336;0.0
2010;RS;Jóia;-28.6456235346;-54.115964897;8331.0;75.585;3.505;20.166;0.672;0.072
2010;RS;Júlio de Castilhos;-29.2264491193;-53.6830996146;19579.0;80.898;5.424;13.32;0.347;0.01
2010;RS;Lagoa Bonita do Sul;-29.4941314004;-53.0169831808;2662.0;81.555;1.503;14.763;2.104;0.075
2010;RS;Lagoão;-29.2243164011;-52.7750289083;6185.0;79.111;3.153;16.168;1.552;0.016
2010;RS;Lagoa dos Três Cantos;-28.5694681327;-52.8578352424;1598.0;95.995;0.626;2.441;0.939;0.0
2010;RS;Lagoa Vermelha;-28.2088702462;-51.5272285291;27525.0;81.333;2.085;16.036;0.501;0.044
2010;RS;Lajeado;-29.4654544025;-51.9678277005;71445.0;89.588;2.588;7.631;0.109;0.084
2010;RS;Lajeado do Bugre;-27.6907694084;-53.1813871338;2487.0;68.154;1.166;28.91;0.402;1.367
2010;RS;Lavras do Sul;-30.812009993;-53.8984766555;7679.0;76.768;9.728;13.231;0.208;0.065
2010;RS;Liberato Salzano;-27.5964701639;-53.0748607372;5780.0;71.194;3.512;17.872;0.069;7.353
2010;RS;Lindolfo Collor;-29.6008035858;-51.2081553216;5227.0;88.406;2.181;9.24;0.153;0.019
2010;RS;Linha Nova;-29.4626386026;-51.2019020948;1624.0;96.49;0.8;2.709;0.0;0.0
2010;RS;Machadinho;-27.5681399699;-51.6675073605;5510.0;78.131;3.993;16.57;1.071;0.236
2010;RS;Maçambará;-29.1461441992;-56.0636134817;4738.0;79.274;4.791;15.513;0.422;0.0
2010;RS;Mampituba;-29.2106494197;-49.9365135524;3003.0;85.215;1.032;13.52;0.167;0.067
2010;RS;Manoel Viana;-29.5805371826;-55.4916625395;7072.0;82.028;4.935;12.344;0.481;0.212
2010;RS;Maquiné;-29.6791370129;-50.2033948126;6905.0;87.632;4.62;7.227;0.159;0.362
2010;RS;Maratá;-29.5553229676;-51.5555668833;2527.0;96.913;0.633;2.295;0.158;0.0
2010;RS;Marau;-28.4484539273;-52.196776934;36364.0;87.545;2.134;9.853;0.44;0.027
2010;RS;Marcelino Ramos;-27.4613912129;-51.9133189437;5134.0;84.866;1.967;12.719;0.351;0.097
2010;RS;Mariana Pimentel;-30.3536222023;-51.5873429914;3768.0;91.136;2.919;5.653;0.239;0.053
2010;RS;Mariano Moro;-27.3526127883;-52.1488918173;2210.0;92.851;0.317;6.742;0.09;0.0
2010;RS;Marques de Souza;-29.3291373441;-52.0978044284;4068.0;94.961;0.246;4.744;0.0;0.049
2010;RS;Mata;-29.5693917756;-54.4524354819;5111.0;82.626;2.504;13.989;0.88;0.0
2010;RS;Mato Castelhano;-28.2757617412;-52.1972608812;2470.0;80.405;0.972;12.227;0.729;5.668
2010;RS;Mato Leitão;-29.5248303378;-52.1330293263;3865.0;94.877;1.475;3.622;0.026;0.0
2010;RS;Mato Queimado;-28.255815987;-54.6168368777;1799.0;81.823;1.112;17.065;0.0;0.0
2010;RS;Maximiliano de Almeida;-27.6349406518;-51.801718197;4911.0;77.947;3.808;18.0;0.244;0.0
2010;RS;Minas do Leão;-30.1224395107;-52.0512801986;7631.0;82.663;5.622;11.663;0.039;0.013
2010;RS;Miraguaí;-27.4960764231;-53.6859940448;4855.0;80.927;2.739;14.274;0.268;1.792
2010;RS;Montauri;-28.6532071851;-52.0761081911;1542.0;99.157;0.195;0.584;0.065;0.0
2010;RS;Monte Alegre dos Campos;-28.6850717757;-50.7828337051;3102.0;67.182;5.867;24.565;2.386;0.0
2010;RS;Monte Belo do Sul;-29.1599412231;-51.6315592454;2670.0;97.94;0.375;1.573;0.112;0.0
2010;RS;Montenegro;-29.6881186099;-51.4612993757;59415.0;88.027;4.867;6.87;0.168;0.067
2010;RS;Mormaço;-28.6933512202;-52.6928263151;2749.0;86.577;1.019;12.041;0.364;0.0
2010;RS;Morrinhos do Sul;-29.36296363;-49.9327629743;3182.0;98.492;0.251;1.257;0.0;0.0
2010;RS;Morro Redondo;-31.5822032274;-52.6577802014;6227.0;91.328;5.364;2.104;1.188;0.016
2010;RS;Morro Reuter;-29.5393416586;-51.0800883478;5676.0;95.173;0.599;4.105;0.106;0.018
2010;RS;Mostardas;-31.1082251074;-50.9191588511;12124.0;76.443;10.953;12.001;0.47;0.132
2010;RS;Muçum;-29.1656148146;-51.8660555261;4791.0;90.837;1.398;7.618;0.125;0.021
2010;RS;Muitos Capões;-28.3189128015;-51.1846023449;2988.0;80.656;5.957;12.416;0.971;0.0
2010;RS;Muliterno;-28.3302653563;-51.7687012353;1813.0;81.081;0.938;6.343;0.276;11.362
2010;RS;Não-Me-Toque;-28.4599067659;-52.8192794924;15936.0;84.777;2.014;13.077;0.132;0.0
2010;RS;Nicolau Vergueiro;-28.5362148139;-52.4624006732;1721.0;90.703;0.581;8.425;0.291;0.0
2010;RS;Nonoai;-27.3546645325;-52.7761885672;12074.0;70.788;2.94;18.204;0.422;7.645
2010;RS;Nova Alvorada;-28.6765644328;-52.1671339173;3182.0;86.549;1.54;11.565;0.346;0.0
2010;RS;Nova Araçá;-28.6581760371;-51.742164634;4001.0;93.202;1.175;5.299;0.0;0.325
2010;RS;Nova Bassano;-28.7234686416;-51.7032314174;8840.0;93.088;0.882;5.894;0.068;0.068
2010;RS;Nova Boa Vista;-27.9879676591;-52.9814768438;1960.0;97.449;0.561;1.99;0.0;0.0
2010;RS;Nova Bréscia;-29.2165114325;-52.0179835406;3184.0;95.446;1.508;3.015;0.031;0.0
2010;RS;Nova Candelária;-27.6120981609;-54.1041142398;2751.0;97.092;0.036;2.872;0.0;0.0
2010;RS;Nova Esperança do Sul;-29.4045957086;-54.8358729019;4671.0;84.736;1.413;13.445;0.385;0.021
2010;RS;Nova Hartz;-29.585747533;-50.9037934307;18346.0;84.334;2.191;13.076;0.283;0.114
2010;RS;Nova Pádua;-29.0300464453;-51.3068246422;2450.0;96.449;0.367;3.102;0.0;0.082
2010;RS;Nova Palma;-29.473025738;-53.4706351109;6342.0;84.074;3.012;12.74;0.158;0.016
2010;RS;Nova Petrópolis;-29.3762088694;-51.106953924;19045.0;93.599;1.013;4.888;0.431;0.068
2010;RS;Nova Prata;-28.7839447132;-51.608995692;22830.0;85.287;2.856;11.634;0.127;0.096
2010;RS;Nova Ramada;-28.0826448724;-53.7069373379;2437.0;87.238;1.723;10.546;0.492;0.0
2010;RS;Nova Roma do Sul;-28.984748912;-51.405157475;3343.0;95.812;0.718;3.32;0.12;0.03
2010;RS;Nova Santa Rita;-29.8486155356;-51.275210689;22716.0;88.347;3.315;8.03;0.286;0.022
2010;RS;Novo Cabrais;-29.7362546057;-52.9550860641;3855.0;87.601;6.407;5.992;0.0;0.0
2010;RS;Novo Hamburgo;-29.6863260252;-51.1286052776;238940.0;90.424;3.321;5.957;0.228;0.071
2010;RS;Novo Machado;-27.5784006506;-54.5033844145;3925.0;90.548;1.121;8.178;0.127;0.025
2010;RS;Novo Tiradentes;-27.5635584345;-53.1857025891;2277.0;78.261;3.382;18.314;0.044;0.0
2010;RS;Novo Xingu;-27.7481146921;-53.0641092995;1757.0;90.95;0.74;7.456;0.512;0.341
2010;RS;Novo Barreiro;-27.906788467;-53.113498851;3978.0;74.811;2.489;21.845;0.83;0.025
2010;RS;Osório;-29.8926970775;-50.2667978126;40906.0;87.129;4.975;7.517;0.161;0.218
2010;RS;Paim Filho;-27.7033080739;-51.7615966409;4243.0;83.903;4.454;11.431;0.212;0.0
2010;RS;Palmares do Sul;-30.2600666451;-50.5060519723;10969.0;82.259;8.004;9.062;0.255;0.419
2010;RS;Palmeira das Missões;-27.9006208754;-53.3149539106;34328.0;76.113;4.151;18.938;0.702;0.096
2010;RS;Palmitinho;-27.3560199139;-53.555546013;6920.0;83.237;2.413;13.829;0.434;0.087
2010;RS;Panambi;-28.2927305369;-53.5002651674;38058.0;85.501;1.847;12.187;0.418;0.047
2010;RS;Pantano Grande;-30.1945515272;-52.3739002353;9895.0;80.92;9.581;9.227;0.273;0.0
2010;RS;Paraí;-28.5996205337;-51.7820960451;6812.0;90.869;0.969;8.03;0.117;0.015
2010;RS;Paraíso do Sul;-29.7313142401;-53.179100239;7336.0;88.345;4.076;7.415;0.164;0.0
2010;RS;Pareci Novo;-29.6393892914;-51.3988696584;3511.0;96.468;0.826;2.62;0.057;0.028
2010;RS;Parobé;-29.6317492776;-50.8348659023;51502.0;86.742;2.845;9.753;0.538;0.122
2010;RS;Passa Sete;-29.4516655689;-52.9639832352;5154.0;85.623;2.386;10.322;1.63;0.039
2010;RS;Passo do Sobrado;-29.74579355;-52.2787581943;6011.0;91.798;5.373;2.728;0.1;0.0
2010;RS;Passo Fundo;-28.2617671279;-52.4070950926;184825.0;83.177;2.493;13.923;0.305;0.103
2010;RS;Paulo Bento;-27.7041002827;-52.4224356311;2196.0;94.171;0.956;4.417;0.455;0.0
2010;RS;Paverama;-29.5548561399;-51.7302929672;8044.0;94.058;2.648;3.17;0.075;0.05
2010;RS;Pedras Altas;-31.7336369395;-53.5871703196;2212.0;65.009;11.709;22.604;0.633;0.045
2010;RS;Pedro Osório;-31.8638282218;-52.8263117339;7811.0;80.463;9.333;9.883;0.102;0.218
2010;RS;Pejuçara;-28.4215860642;-53.6565423318;3973.0;85.829;1.41;12.61;0.151;0.0
2010;RS;Pelotas;-31.7195978808;-52.344320063;328272.0;80.251;10.677;8.604;0.32;0.147
2010;RS;Picada Café;-29.4543844431;-51.0640498203;5182.0;92.377;0.849;6.445;0.27;0.058
2010;RS;Pinhal;-27.5116742435;-53.2147061789;2513.0;75.567;1.433;22.324;0.676;0.0
2010;RS;Pinhal da Serra;-27.8766645868;-51.1701027237;2130.0;74.366;1.174;23.474;0.986;0.0
2010;RS;Pinhal Grande;-29.3353601289;-53.3386383371;4471.0;87.184;2.662;9.796;0.224;0.134
2010;RS;Pinheirinho do Vale;-27.2097627893;-53.6195609569;4497.0;81.988;1.534;16.255;0.222;0.0
2010;RS;Pinheiro Machado;-31.5805926687;-53.3846199683;12780.0;74.233;13.599;11.917;0.203;0.047
2010;RS;Pirapó;-28.0453158376;-55.2003099472;2757.0;67.573;1.596;30.468;0.363;0.0
2010;RS;Piratini;-31.4441124734;-53.104734454;19841.0;79.437;9.123;9.929;1.074;0.438
2010;RS;Planalto;-27.3314638755;-53.0588808131;10524.0;77.822;3.164;8.951;0.409;9.654
2010;RS;Poço das Antas;-29.4545464778;-51.6708902733;2017.0;96.827;0.248;2.628;0.05;0.248
2010;RS;Pontão;-28.0618408394;-52.6753994466;3857.0;84.522;2.645;12.704;0.13;0.0
2010;RS;Ponte Preta;-27.6570399701;-52.4902319212;1750.0;94.457;0.914;4.514;0.114;0.0
2010;RS;Portão;-29.6962586011;-51.2301496442;30920.0;87.749;3.328;8.38;0.45;0.094
2010;RS;Porto Alegre;-30.0300367748;-51.2286604637;1409330.0;79.233;10.21;10.034;0.288;0.235
2010;RS;Porto Lucena;-27.851375116;-55.0115620453;5413.0;85.128;1.404;13.264;0.203;0.0
2010;RS;Porto Mauá;-27.5786353601;-54.6719518915;2542.0;86.389;0.59;10.936;2.085;0.0
2010;RS;Porto Vera Cruz;-27.7343739194;-54.899031824;1852.0;86.879;6.263;6.048;0.756;0.054
2010;RS;Porto Xavier;-27.9056898469;-55.139560262;10558.0;67.38;1.335;30.924;0.35;0.009
2010;RS;Pouso Novo;-29.1697612523;-52.2108697395;1875.0;86.827;1.653;11.467;0.053;0.0
2010;RS;Presidente Lucena;-29.5261270682;-51.1815996951;2484.0;94.605;0.845;3.824;0.725;0.0
2010;RS;Progresso;-29.2403086781;-52.3017166029;6163.0;92.049;1.12;6.782;0.032;0.016
2010;RS;Protásio Alves;-28.7567128312;-51.4736316973;2000.0;93.8;3.7;2.25;0.1;0.15
2010;RS;Putinga;-28.9987556541;-52.1599106947;4141.0;90.848;1.497;7.559;0.097;0.0
2010;RS;Quaraí;-30.3828679609;-56.4536470404;23021.0;83.029;3.132;13.592;0.195;0.052
2010;RS;Quatro Irmãos;-27.8211966887;-52.4427686045;1775.0;76.676;2.028;21.183;0.113;0.0
2010;RS;Quevedos;-29.35192135;-54.0712547224;2710.0;85.646;0.923;13.395;0.037;0.0
2010;RS;Quinze de Novembro;-28.7423613499;-53.0967220568;3653.0;92.445;1.013;6.433;0.109;0.0
2010;RS;Redentora;-27.6615398827;-53.641933694;10222.0;48.445;1.428;10.057;0.616;39.454
2010;RS;Relvado;-29.1122786661;-52.0729485543;2155.0;95.22;0.742;3.48;0.557;0.0
2010;RS;Restinga Sêca;-29.8139485367;-53.3705685765;15849.0;80.611;10.032;9.098;0.177;0.082
2010;RS;Rio dos Índios;-27.2983975952;-52.8400578928;3616.0;75.221;3.153;16.51;0.857;4.259
2010;RS;Rio Grande;-32.0504457927;-52.0867696991;197197.0;80.057;8.537;10.855;0.305;0.246
2010;RS;Rio Pardo;-29.9856258787;-52.3790182512;37591.0;84.531;7.015;8.191;0.213;0.051
2010;RS;Riozinho;-29.6422860138;-50.4738181138;4330.0;90.924;1.062;7.206;0.531;0.277
2010;RS;Roca Sales;-29.2850700737;-51.8638917599;10284.0;89.313;2.849;7.555;0.243;0.039
2010;RS;Rodeio Bonito;-27.4704034355;-53.1685306043;5743.0;85.739;0.993;12.729;0.122;0.418
2010;RS;Rolador;-28.2563442173;-54.8194269754;2546.0;83.582;1.453;14.415;0.471;0.079
2010;RS;Rolante;-29.64076289;-50.5734423346;19485.0;91.306;1.329;7.021;0.272;0.072
2010;RS;Ronda Alta;-27.7819313529;-52.8065335256;10221.0;74.562;2.387;12.797;0.196;10.058
2010;RS;Rondinha;-27.8318159704;-52.9061601565;5518.0;92.225;1.867;5.835;0.072;0.0
2010;RS;Roque Gonzales;-28.1353669869;-55.0291861243;7203.0;71.442;2.652;25.253;0.653;0.0
2010;RS;Rosário do Sul;-30.2440332378;-54.9457608553;39707.0;79.925;6.432;13.252;0.345;0.045
2010;RS;Sagrada Família;-27.7067309905;-53.135651718;2595.0;73.41;2.697;23.198;0.655;0.039
2010;RS;Saldanha Marinho;-28.4032861707;-53.0941072016;2869.0;84.908;2.022;12.792;0.209;0.07
2010;RS;Salto do Jacuí;-29.0886812478;-53.2133096524;11880.0;78.316;3.258;14.032;1.103;3.291
2010;RS;Salvador das Missões;-28.1216974451;-54.8377420188;2669.0;95.317;0.562;3.934;0.187;0.0
2010;RS;Salvador do Sul;-29.4397322209;-51.5094214595;6747.0;93.731;1.408;4.787;0.059;0.015
2010;RS;Sananduva;-27.9440065102;-51.8135019139;15373.0;88.76;0.969;10.057;0.13;0.085
2010;RS;Santa Bárbara do Sul;-28.3651668167;-53.2505267076;8829.0;83.26;2.718;13.603;0.419;0.0
2010;RS;Santa Cecília do Sul;-28.164451105;-51.9266712611;1655.0;82.477;3.384;12.991;1.027;0.121
2010;RS;Santa Clara do Sul;-29.4635962109;-52.0809258239;5697.0;96.507;0.755;2.405;0.334;0.0
2010;RS;Santa Cruz do Sul;-29.7197684337;-52.4299285874;118374.0;86.36;5.48;7.843;0.281;0.035
2010;RS;Santa Maria;-29.6855818035;-53.8086753947;261024.0;83.675;5.18;10.745;0.275;0.125
2010;RS;Santa Maria do Herval;-29.5035155388;-50.9872554094;6053.0;97.472;0.363;2.032;0.116;0.017
2010;RS;Santa Margarida do Sul;-30.3451034509;-54.0909546704;2352.0;83.759;4.379;10.969;0.893;0.0
2010;RS;Santana da Boa Vista;-30.874702574;-53.1158749987;8242.0;85.901;5.217;8.068;0.813;0.0
2010;RS;Sant'Ana do Livramento;-30.8893840112;-55.534814268;82462.0;79.274;7.873;12.548;0.211;0.095
2010;RS;Santa Rosa;-27.8667497989;-54.4782240988;68587.0;85.62;1.426;12.641;0.264;0.05
2010;RS;Santa Tereza;-29.1716344399;-51.7343442424;1720.0;96.279;1.744;1.686;0.058;0.233
2010;RS;Santa Vitória do Palmar;-33.5198600307;-53.3670063807;30990.0;81.626;8.496;9.274;0.429;0.174
2010;RS;Santiago;-29.1914601709;-54.8690758538;49071.0;85.772;1.885;11.989;0.271;0.084
2010;RS;Santo Ângelo;-28.3019378733;-54.2641427984;76275.0;82.144;1.786;15.346;0.656;0.069
2010;RS;Santo Antônio do Palma;-28.4974451045;-52.0246330596;2139.0;91.912;1.122;6.685;0.234;0.047
2010;RS;Santo Antônio da Patrulha;-29.8320340169;-50.5209859367;39685.0;89.603;5.637;4.604;0.111;0.045
2010;RS;Santo Antônio das Missões;-28.5080969776;-55.2245566426;11210.0;72.132;4.781;22.498;0.464;0.125
2010;RS;Santo Antônio do Planalto;-28.3959289066;-52.6837258444;1987.0;90.891;0.755;7.952;0.403;0.0
2010;RS;Santo Augusto;-27.8534907764;-53.7788495983;13968.0;81.264;1.589;16.688;0.415;0.043
2010;RS;Santo Cristo;-27.8199297346;-54.6687478953;14378.0;92.252;1.155;6.538;0.049;0.007
2010;RS;Santo Expedito do Sul;-27.9093694246;-51.6435721743;2461.0;93.62;1.544;4.104;0.731;0.0
2010;RS;São Borja;-28.6628375267;-56.0010291536;61671.0;80.884;3.309;15.521;0.23;0.055
2010;RS;São Domingos do Sul;-28.5317631268;-51.8931867142;2926.0;92.344;2.392;5.092;0.171;0.0
2010;RS;São Francisco de Assis;-29.5527159067;-55.1323857402;19246.0;87.81;2.546;9.503;0.083;0.057
2010;RS;São Francisco de Paula;-29.4440980748;-50.5821081078;20537.0;76.603;5.502;15.888;1.675;0.331
2010;RS;São Gabriel;-30.3367600549;-54.3204778581;60425.0;79.671;6.501;13.369;0.311;0.149
2010;RS;São Jerônimo;-29.9594386648;-51.7281775032;22134.0;84.594;5.521;9.113;0.696;0.077
2010;RS;São João da Urtiga;-27.8266899655;-51.8258385476;4726.0;92.107;1.375;6.369;0.148;0.0
2010;RS;São João do Polêsine;-29.6146764164;-53.4463504348;2635.0;79.962;8.008;11.992;0.038;0.0
2010;RS;São Jorge;-28.498080971;-51.7029685893;2774.0;93.295;3.244;3.461;0.0;0.0
2010;RS;São José das Missões;-27.7781833181;-53.118775269;2720.0;64.412;0.846;34.154;0.551;0.037
2010;RS;São José do Herval;-29.0414470213;-52.2930164741;2204.0;73.593;3.04;22.731;0.635;0.0
2010;RS;São José do Hortêncio;-29.5400486073;-51.2495975571;4094.0;97.704;0.366;1.856;0.073;0.0
2010;RS;São José do Inhacorá;-27.7225845673;-54.1335502027;2200.0;94.636;0.591;4.636;0.136;0.0
2010;RS;São José do Norte;-32.0206091127;-52.034202272;25503.0;76.152;7.983;15.512;0.31;0.043
2010;RS;São José do Ouro;-27.7712554065;-51.594767678;6904.0;84.791;1.724;12.732;0.521;0.232
2010;RS;São José do Sul;-29.5434695178;-51.4863838307;2082.0;97.695;0.384;1.777;0.0;0.144
2010;RS;São José dos Ausentes;-28.749906432;-50.0636129376;3290.0;73.556;5.532;19.757;1.155;0.0
2010;RS;São Leopoldo;-29.7658665424;-51.1462345616;214087.0;85.898;4.686;9.016;0.263;0.136
2010;RS;São Lourenço do Sul;-31.3640237212;-51.9769152358;43111.0;89.026;6.667;4.006;0.283;0.019
2010;RS;São Luiz Gonzaga;-28.406646953;-54.9596595494;34556.0;80.134;1.985;17.1;0.718;0.064
2010;RS;São Marcos;-28.9698486394;-51.0667069383;20103.0;88.37;2.02;9.078;0.483;0.05
2010;RS;São Martinho;-27.7089288021;-53.966922723;5773.0;87.909;2.165;8.245;1.351;0.329
2010;RS;São Martinho da Serra;-29.5348505683;-53.8542256319;3201.0;95.283;1.437;3.249;0.031;0.0
2010;RS;São Miguel das Missões;-28.5495371215;-54.5615630937;7421.0;73.993;1.631;21.938;0.256;2.183
2010;RS;São Nicolau;-28.1821546933;-55.260100232;5727.0;72.988;1.362;24.969;0.14;0.541
2010;RS;São Paulo das Missões;-28.02048491;-54.9347083423;6364.0;83.501;2.938;13.184;0.361;0.016
2010;RS;São Pedro da Serra;-29.421429842;-51.5143265272;3315.0;96.229;1.78;1.9;0.09;0.0
2010;RS;São Pedro das Missões;-27.7713084607;-53.2473689789;1886.0;71.368;3.181;24.867;0.583;0.0
2010;RS;São Pedro do Butiá;-28.1243539018;-54.8882559534;2873.0;90.184;2.402;7.309;0.104;0.0
2010;RS;São Pedro do Sul;-29.6175307562;-54.1799912875;16368.0;86.364;2.096;11.205;0.281;0.055
2010;RS;São Sebastião do Caí;-29.5920803308;-51.3766648242;21932.0;88.163;3.187;8.426;0.128;0.096
2010;RS;São Sepé;-30.1674113897;-53.5696441254;23798.0;80.158;11.077;8.156;0.437;0.172
2010;RS;São Valentim;-27.5543183312;-52.5284789422;3632.0;85.38;2.808;11.564;0.22;0.028
2010;RS;São Valentim do Sul;-29.0512275281;-51.7696705391;2168.0;92.389;2.86;4.705;0.046;0.0
2010;RS;São Valério do Sul;-27.7877181699;-53.9355261513;2647.0;53.192;1.813;5.251;0.302;39.441
2010;RS;São Vendelino;-29.3758099572;-51.3686527563;1944.0;94.547;0.463;4.527;0.463;0.0
2010;RS;São Vicente do Sul;-29.6920608345;-54.6760020162;8440.0;76.777;2.749;20.344;0.118;0.012
2010;RS;Sapiranga;-29.6385541176;-51.0036229878;74985.0;84.834;2.043;12.478;0.599;0.045
2010;RS;Sapucaia do Sul;-29.8248680326;-51.1518747155;130957.0;86.577;5.138;7.959;0.229;0.097
2010;RS;Sarandi;-27.9435951779;-52.9254610594;21285.0;79.305;2.119;17.994;0.437;0.146
2010;RS;Seberi;-27.4804138165;-53.4054673035;10897.0;81.821;1.679;16.215;0.257;0.028
2010;RS;Sede Nova;-27.6311628725;-53.9558847238;3011.0;78.147;2.723;18.565;0.531;0.033
2010;RS;Segredo;-29.3426184273;-52.9820736412;7158.0;70.956;2.179;25.65;1.201;0.014
2010;RS;Selbach;-28.6274338066;-52.9565252738;4929.0;84.581;1.846;13.045;0.385;0.142
2010;RS;Senador Salgado Filho;-28.0274895014;-54.5454030325;2814.0;90.192;2.559;6.93;0.32;0.0
2010;RS;Sentinela do Sul;-30.613302597;-51.5779817748;5198.0;82.859;5.848;10.773;0.481;0.038
2010;RS;Serafina Corrêa;-28.7107970714;-51.9357086099;14253.0;89.455;2.856;7.297;0.379;0.014
2010;RS;Sério;-29.3867600899;-52.2674558309;2281.0;95.616;0.833;3.376;0.175;0.0
2010;RS;Sertão;-27.9807735548;-52.2597378611;6294.0;80.219;5.418;13.282;1.001;0.079
2010;RS;Sertão Santana;-30.4654278903;-51.604249916;5850.0;88.376;3.915;6.256;1.453;0.0
2010;RS;Sete de Setembro;-28.1304163234;-54.4636861823;2124.0;85.829;0.282;13.701;0.188;0.0
2010;RS;Severiano de Almeida;-27.4327929836;-52.1206562961;3842.0;94.638;0.807;4.191;0.208;0.156
2010;RS;Silveira Martins;-29.6452500585;-53.5852374736;2449.0;84.728;4.124;10.453;0.694;0.0
2010;RS;Sinimbu;-29.529068157;-52.5216363086;10068.0;84.207;1.043;13.429;1.281;0.04
2010;RS;Sobradinho;-29.4147731341;-53.0251679436;14283.0;78.128;3.55;17.398;0.875;0.049
2010;RS;Soledade;-28.8277379537;-52.5098661712;30044.0;81.347;2.61;15.248;0.696;0.1
2010;RS;Tabaí;-29.6877706242;-51.7274751185;4131.0;92.084;2.033;5.35;0.315;0.218
2010;RS;Tapejara;-28.0841710597;-52.0221325277;19250.0;84.499;1.881;13.19;0.327;0.104
2010;RS;Tapera;-28.6249501912;-52.8714671741;10448.0;88.495;1.761;9.629;0.115;0.0
2010;RS;Tapes;-30.6731729038;-51.3944987058;16629.0;78.477;9.916;11.269;0.216;0.12
2010;RS;Taquara;-29.6505131043;-50.7811686193;54643.0;86.412;4.257;8.971;0.291;0.07
2010;RS;Taquari;-29.8028008517;-51.8627764842;26092.0;93.316;3.649;2.794;0.18;0.061
2010;RS;Taquaruçu do Sul;-27.3980360509;-53.4669519596;2966.0;74.916;4.383;20.027;0.135;0.539
2010;RS;Tavares;-31.2887026583;-51.0888429815;5351.0;81.2;6.503;12.035;0.206;0.056
2010;RS;Tenente Portela;-27.3721669191;-53.7572696149;13719.0;72.053;1.407;11.838;0.146;14.556
2010;RS;Terra de Areia;-29.577548568;-50.0672491456;9878.0;91.182;3.24;5.436;0.091;0.051
2010;RS;Teutônia;-29.4889144364;-51.8128168706;27272.0;91.874;2.515;5.416;0.128;0.066
2010;RS;Tio Hugo;-28.5804960166;-52.5930461161;2724.0;79.001;0.551;19.787;0.587;0.073
2010;RS;Tiradentes do Sul;-27.3968988842;-54.085392205;6461.0;87.618;1.997;9.782;0.604;0.0
2010;RS;Toropi;-29.4721417008;-54.2280109967;2952.0;90.007;1.897;7.419;0.678;0.0
2010;RS;Torres;-29.3359306143;-49.7304044945;34656.0;90.916;2.727;5.797;0.15;0.41
2010;RS;Tramandaí;-29.9873019472;-50.1303765007;41585.0;88.626;3.379;7.522;0.161;0.313
2010;RS;Travesseiro;-29.2990858098;-52.0577772681;2314.0;96.37;0.475;3.025;0.086;0.043
2010;RS;Três Arroios;-27.4995162184;-52.1498520743;2855.0;99.159;0.14;0.665;0.035;0.0
2010;RS;Três Cachoeiras;-29.4458865904;-49.9156392762;10217.0;95.615;0.94;3.073;0.254;0.117
2010;RS;Três Coroas;-29.516660979;-50.7831258358;23848.0;84.489;3.367;11.645;0.432;0.067
2010;RS;Três de Maio;-27.7796602189;-54.2353022075;23726.0;86.875;0.948;11.772;0.384;0.021
2010;RS;Três Forquilhas;-29.5381105463;-50.0643164805;2914.0;88.058;7.824;3.638;0.377;0.103
2010;RS;Três Palmeiras;-27.61752745;-52.8437143501;4381.0;67.176;4.702;18.42;0.776;8.925
2010;RS;Três Passos;-27.4561598838;-53.929698958;23965.0;89.126;1.473;9.113;0.221;0.067
2010;RS;Trindade do Sul;-27.5175759348;-52.892231021;5787.0;73.164;4.821;20.753;1.158;0.104
2010;RS;Triunfo;-29.945204266;-51.7153128357;25793.0;87.497;4.377;7.727;0.256;0.143
2010;RS;Tucunduva;-27.6500599334;-54.4331286688;5898.0;85.826;3.323;10.207;0.61;0.034
2010;RS;Tunas;-29.1064397188;-52.9570131055;4395.0;80.182;1.479;17.315;0.614;0.41
2010;RS;Tupanci do Sul;-27.9257114659;-51.5405390117;1573.0;86.141;3.624;6.866;3.369;0.0
2010;RS;Tupanciretã;-29.07747973;-53.8406300553;22281.0;80.005;4.008;15.349;0.597;0.04
2010;RS;Tupandi;-29.4879128149;-51.4198254297;3924.0;96.764;0.79;2.396;0.025;0.025
2010;RS;Tuparendi;-27.7540889273;-54.4785080753;8557.0;91.714;0.28;7.923;0.082;0.0
2010;RS;Turuçu;-31.4123658571;-52.171415621;3522.0;89.409;3.776;6.445;0.369;0.0
2010;RS;Ubiretama;-28.0435647657;-54.6845107762;2296.0;94.73;0.653;4.573;0.044;0.0
2010;RS;União da Serra;-28.7798985678;-52.0004166643;1487.0;96.638;0.807;2.085;0.471;0.0
2010;RS;Unistalda;-29.0474850256;-55.1507805181;2450.0;83.265;1.061;15.51;0.163;0.0
2010;RS;Uruguaiana;-29.759823172;-57.081824909;125435.0;75.162;4.445;19.957;0.332;0.104
2010;RS;Vacaria;-28.5023543952;-50.9365991641;61342.0;74.59;4.066;20.092;1.128;0.124
2010;RS;Vale Verde;-29.7825749396;-52.1797223009;3253.0;89.702;4.304;5.164;0.799;0.031
2010;RS;Vale do Sol;-29.6088279865;-52.6813545007;11077.0;85.492;3.737;8.45;2.32;0.0
2010;RS;Vale Real;-29.3922806174;-51.2511965648;5118.0;90.914;1.192;7.347;0.371;0.176
2010;RS;Vanini;-28.476222515;-51.8446581974;1984.0;88.81;2.722;8.468;0.0;0.0
2010;RS;Venâncio Aires;-29.6116528927;-52.1918802405;65946.0;88.985;4.863;5.761;0.315;0.076
2010;RS;Vera Cruz;-29.719857594;-52.5011034071;23983.0;84.585;6.571;7.818;0.942;0.083
2010;RS;Veranópolis;-28.9339573363;-51.5522869045;22810.0;89.0;1.872;8.878;0.219;0.031
2010;RS;Vespasiano Correa;-29.0698943558;-51.8594699501;1974.0;95.593;0.912;3.495;0.0;0.0
2010;RS;Viadutos;-27.5709530601;-52.0237987497;5311.0;90.058;0.395;9.433;0.113;0.0
2010;RS;Viamão;-30.0818968409;-51.0248204896;239384.0;74.894;11.721;12.622;0.318;0.445
2010;RS;Vicente Dutra;-27.1684450441;-53.4021290554;5285.0;80.814;0.681;16.386;0.435;1.684
2010;RS;Victor Graeff;-28.5601846251;-52.7477917889;3036.0;91.469;0.264;7.938;0.231;0.099
2010;RS;Vila Flores;-28.8630001303;-51.5495890892;3207.0;88.868;1.31;9.635;0.156;0.031
2010;RS;Vila Lângaro;-28.1074051988;-52.1469033571;2152.0;87.918;3.346;8.504;0.186;0.046
2010;RS;Vila Maria;-28.533314235;-52.1635378991;4221.0;93.982;1.919;3.933;0.166;0.0
2010;RS;Vila Nova do Sul;-30.3339586892;-53.8791964831;4221.0;81.308;7.984;10.566;0.142;0.0
2010;RS;Vista Alegre;-27.3700841701;-53.4924104661;2832.0;85.028;2.931;11.052;0.742;0.247
2010;RS;Vista Alegre do Prata;-28.8094722969;-51.7862084025;1569.0;92.352;0.765;6.628;0.255;0.0
2010;RS;Vista Gaúcha;-27.2899783753;-53.7013197816;2759.0;90.866;2.138;6.415;0.507;0.072
2010;RS;Vitória das Missões;-28.3523872493;-54.4990548871;3485.0;79.426;4.648;14.835;1.062;0.029
2010;RS;Westfália;-29.4234495499;-51.7661555137;2793.0;96.527;1.217;2.22;0.036;0.0
2010;RS;Xangri-lá;-29.8053781854;-50.0390814238;12434.0;88.515;4.866;6.112;0.33;0.177
2010;MS;Água Clara;-20.4488507623;-52.8751175515;14424.0;43.49;8.285;46.873;1.186;0.166
2010;MS;Alcinópolis;-18.3250339794;-53.7080896263;4569.0;49.245;5.778;44.583;0.263;0.131
2010;MS;Amambai;-23.1005822384;-55.2438276926;34730.0;52.361;2.033;24.411;0.392;20.803
2010;MS;Anastácio;-20.4823601996;-55.8045705991;23835.0;40.839;4.54;47.791;1.313;5.517
2010;MS;Anaurilândia;-22.1826502679;-52.7181693587;8493.0;40.975;3.933;54.198;0.801;0.094
2010;MS;Angélica;-22.1560625224;-53.7697304805;9185.0;50.768;4.507;43.941;0.664;0.12
2010;MS;Antônio João;-22.1946853905;-55.9480815054;8208.0;48.112;2.059;37.269;0.256;12.305
2010;MS;Aparecida do Taboado;-20.085021515;-51.0976376237;22320.0;58.611;5.076;35.47;0.82;0.022
2010;MS;Aquidauana;-20.4746543469;-55.7906160902;45614.0;34.143;6.211;46.177;0.943;12.527
2010;MS;Aral Moreira;-22.9478813291;-55.6307614469;10251.0;57.058;2.029;33.567;0.38;6.965
2010;MS;Bandeirantes;-19.9209203031;-54.3631938943;6609.0;43.532;5.099;49.448;1.301;0.62
2010;MS;Bataguassu;-21.7152884358;-52.425436602;19839.0;46.061;5.126;47.759;0.806;0.247
2010;MS;Batayporã;-22.2958799666;-53.2748069911;10936.0;40.371;4.051;54.545;0.924;0.11
2010;MS;Bela Vista;-22.1159761784;-56.5313145678;23181.0;51.357;1.795;44.161;0.349;2.338
2010;MS;Bodoquena;-20.5548426981;-56.6735673;7985.0;37.871;8.115;50.582;0.877;2.555
2010;MS;Bonito;-21.1243412844;-56.4928586186;19587.0;44.642;3.87;49.594;0.597;1.297
2010;MS;Brasilândia;-21.247118144;-52.0362967949;11826.0;49.459;5.277;44.089;0.448;0.727
2010;MS;Caarapó;-22.6365822194;-54.8269701014;25767.0;43.078;4.296;34.707;0.959;16.96
2010;MS;Camapuã;-19.5352597987;-54.0433094864;13625.0;42.415;4.117;52.572;0.639;0.257
2010;MS;Campo Grande;-20.4580299879;-54.6157435665;786788.0;50.582;5.382;41.516;1.77;0.75
2010;MS;Caracol;-22.0127382892;-57.0259387644;5398.0;49.944;8.448;41.441;0.093;0.074
2010;MS;Cassilândia;-19.1094073708;-51.7315768884;20966.0;55.838;5.247;37.795;0.954;0.167
2010;MS;Chapadão do Sul;-18.797773122;-52.626355707;19647.0;55.769;4.718;38.438;0.875;0.199
2010;MS;Corguinho;-19.8312180172;-54.830006001;4862.0;38.359;10.777;49.712;0.802;0.35
2010;MS;Coronel Sapucaia;-23.2764445608;-55.5413276903;14064.0;35.666;3.498;42.086;0.348;18.402
2010;MS;Corumbá;-19.0063746546;-57.6489854573;103703.0;28.828;7.018;62.605;1.166;0.384
2010;MS;Costa Rica;-18.5435483884;-53.1330469049;19695.0;51.368;5.042;42.447;1.061;0.081
2010;MS;Coxim;-18.5084105386;-54.7580559502;32159.0;36.786;6.309;55.406;1.219;0.28
2010;MS;Deodápolis;-22.2729491423;-54.1611832429;12139.0;47.59;3.081;48.447;0.832;0.049
2010;MS;Dois Irmãos do Buriti;-20.6923120582;-55.2819144863;10363.0;30.493;3.966;46.512;1.119;17.91
2010;MS;Douradina;-22.045530282;-54.6079306686;5364.0;49.981;2.685;30.649;0.615;16.07
2010;MS;Dourados;-22.2272355369;-54.8112891229;196035.0;55.771;3.95;35.315;1.48;3.484
2010;MS;Eldorado;-23.7740539201;-54.2800282489;11694.0;42.885;4.31;47.135;0.556;5.114
2010;MS;Fátima do Sul;-22.3754232111;-54.5163759902;19035.0;49.745;3.846;44.87;1.403;0.137
2010;MS;Figueirão;-18.6754480708;-53.6425733239;2928.0;45.287;6.079;47.746;0.888;0.0
2010;MS;Glória de Dourados;-22.414424531;-54.2346287899;9927.0;50.66;3.234;44.313;1.34;0.453
2010;MS;Guia Lopes da Laguna;-21.4524591422;-56.1081525022;10366.0;47.637;1.746;49.701;0.695;0.222
2010;MS;Iguatemi;-23.6619015645;-54.5586010866;14875.0;59.617;4.289;33.237;0.726;2.131
2010;MS;Inocência;-19.725457974;-51.9276790223;7669.0;51.402;5.868;41.7;0.913;0.117
2010;MS;Itaporã;-22.0824475602;-54.7956587373;20865.0;48.55;2.511;23.705;0.815;24.419
2010;MS;Itaquiraí;-23.4906632623;-54.1881983027;18614.0;41.839;4.083;53.433;0.473;0.172
2010;MS;Ivinhema;-22.3016035627;-53.8269701471;22341.0;50.857;3.827;44.362;0.913;0.04
2010;MS;Japorã;-23.8940669515;-54.4034847429;7731.0;21.304;2.419;26.555;0.285;49.437
2010;MS;Jaraguari;-20.1037403917;-54.4406839539;6341.0;39.252;8.232;50.323;0.852;1.34
2010;MS;Jardim;-21.4796031458;-56.1458445844;24346.0;46.821;2.941;49.236;0.39;0.612
2010;MS;Jateí;-22.4816870305;-54.3080543756;4011.0;33.558;2.219;63.101;0.673;0.449
2010;MS;Juti;-22.8624718344;-54.6013228313;5900.0;40.983;3.153;43.559;1.695;10.61
2010;MS;Ladário;-19.001775668;-57.6024001955;19617.0;27.864;6.734;64.245;0.989;0.168
2010;MS;Laguna Carapã;-22.5505815145;-55.1501077345;6491.0;48.19;3.836;33.215;0.77;13.989
2010;MS;Maracaju;-21.6236103838;-55.157139569;37405.0;50.517;4.556;42.799;0.957;1.171
2010;MS;Miranda;-20.239333499;-56.3901982861;25595.0;27.388;4.532;41.961;0.82;25.298
2010;MS;Mundo Novo;-23.9352736182;-54.2816614238;17043.0;48.213;3.468;46.694;1.537;0.088
2010;MS;Naviraí;-23.0599994825;-54.1988361701;46424.0;43.663;4.526;50.362;1.068;0.381
2010;MS;Nioaque;-21.1581523135;-55.8338899214;14391.0;36.412;6.817;47.307;0.618;8.846
2010;MS;Nova Alvorada do Sul;-21.4666342525;-54.3828036001;16432.0;44.894;3.572;50.657;0.268;0.609
2010;MS;Nova Andradina;-22.2487593128;-53.3515738149;45585.0;47.555;6.553;43.936;1.779;0.178
2010;MS;Novo Horizonte do Sul;-22.6549531056;-53.860886557;4940.0;45.061;3.097;50.789;0.951;0.101
2010;MS;Paranaíba;-19.6773717332;-51.1887077084;40192.0;61.087;5.621;32.601;0.639;0.052
2010;MS;Paranhos;-23.8968696615;-55.4330304574;12350.0;31.344;2.405;30.405;0.186;35.66
2010;MS;Pedro Gomes;-18.1018562343;-54.5524458292;7967.0;39.613;4.519;55.755;0.063;0.05
2010;MS;Ponta Porã;-22.4861870788;-55.7108501779;77872.0;50.741;2.311;45.862;0.83;0.256
2010;MS;Porto Murtinho;-21.7073245588;-57.8884823023;15372.0;37.028;1.464;51.887;0.709;8.912
2010;MS;Ribas do Rio Pardo;-20.4436755256;-53.7616776243;20946.0;40.604;8.312;49.79;0.845;0.449
2010;MS;Rio Brilhante;-21.8011952576;-54.5422422225;30663.0;49.473;3.956;45.423;0.714;0.434
2010;MS;Rio Negro;-19.4474291073;-54.9875023243;5036.0;43.368;4.13;50.377;1.966;0.159
2010;MS;Rio Verde de Mato Grosso;-18.9165864403;-54.8422536901;18890.0;40.032;5.543;53.753;0.529;0.143
2010;MS;Rochedo;-19.9618596065;-54.8927719306;4928.0;39.529;6.027;52.679;0.913;0.852
2010;MS;Santa Rita do Pardo;-21.3053769425;-52.8280714326;7259.0;41.149;5.345;52.307;0.895;0.303
2010;MS;São Gabriel do Oeste;-19.3955213702;-54.5645690938;22203.0;55.556;3.936;39.697;0.563;0.248
2010;MS;Sete Quedas;-23.983513255;-55.0533150891;10780.0;49.935;3.395;44.258;0.167;2.245
2010;MS;Selvíria;-20.3667425853;-51.4189369058;6287.0;44.505;5.026;49.722;0.636;0.111
2010;MS;Sidrolândia;-20.9310544595;-54.9660301365;42132.0;43.627;4.737;45.808;1.146;4.681
2010;MS;Sonora;-17.5813552345;-54.754906218;14833.0;32.974;7.881;58.37;0.485;0.29
2010;MS;Tacuru;-23.634742022;-55.0203205183;10215.0;32.217;2.408;29.574;0.196;35.605
2010;MS;Taquarussu;-22.4899870565;-53.3519187419;3518.0;37.436;5.401;55.685;0.938;0.54
2010;MS;Terenos;-20.44230768;-54.8655566306;17146.0;46.944;4.269;46.227;1.411;1.149
2010;MS;Três Lagoas;-20.7886791614;-51.7100006288;101788.0;47.277;6.292;45.041;1.243;0.147
2010;MS;Vicentina;-22.4017875573;-54.4421247768;5901.0;48.229;3.779;46.45;1.102;0.441
2010;MT;Acorizal;-15.1978899803;-56.3715525667;5516.0;23.278;5.729;68.347;2.466;0.181
2010;MT;Água Boa;-14.0490868003;-52.1589152986;20856.0;43.733;5.543;48.087;1.362;1.275
2010;MT;Alta Floresta;-9.8717225966;-56.0916104405;49164.0;45.45;6.025;47.028;1.304;0.193
2010;MT;Alto Araguaia;-17.3155899404;-53.22026033;15642.0;41.836;7.179;49.457;1.387;0.141
2010;MT;Alto Boa Vista;-11.6767451579;-51.3793220738;5247.0;24.204;8.824;50.791;1.544;14.637
2010;MT;Alto Garças;-16.946722176;-53.5284541196;10350.0;45.208;5.961;47.314;1.285;0.232
2010;MT;Alto Paraguai;-14.5147118103;-56.4944416626;10066.0;17.961;9.646;71.468;0.795;0.129
2010;MT;Alto Taquari;-17.8347436507;-53.2819931223;8072.0;48.328;4.41;46.655;0.595;0.012
2010;MT;Apiacás;-9.5654951687;-57.3954022412;8567.0;39.617;7.529;49.469;0.945;2.44
2010;MT;Araguaiana;-15.7312434957;-51.8336216513;3197.0;28.12;6.193;63.56;2.064;0.063
2010;MT;Araguainha;-16.8575455379;-53.0356198839;1096.0;41.515;3.832;54.471;0.182;0.0
2010;MT;Araputanga;-15.4681442697;-58.3483671519;15342.0;38.606;4.308;56.368;0.684;0.033
2010;MT;Arenápolis;-14.455521666;-56.8444892395;10316.0;30.419;11.661;55.787;2.123;0.01
2010;MT;Aripuanã;-10.1725236955;-59.4486163792;18656.0;40.223;6.529;49.282;1.222;2.744
2010;MT;Barão de Melgaço;-16.1950994476;-55.9671211337;7591.0;17.692;6.718;74.009;0.408;1.172
2010;MT;Barra do Bugres;-15.0662579403;-57.1864086868;31793.0;29.758;7.659;59.255;1.614;1.714
2010;MT;Barra do Garças;-15.8887114517;-52.2603297568;56560.0;34.355;4.8;53.879;0.801;6.165
2010;MT;Bom Jesus do Araguaia;-12.1735983437;-51.5036392319;5314.0;29.281;4.78;64.114;1.562;0.263
2010;MT;Brasnorte;-12.1249381399;-58.0026736278;15357.0;44.143;4.304;41.662;0.892;8.999
2010;MT;Cáceres;-16.0740956304;-57.6747623072;87942.0;29.726;8.451;60.308;1.365;0.15
2010;MT;Campinápolis;-14.5396174299;-52.7974947506;14305.0;18.993;3.376;23.957;0.398;53.275
2010;MT;Campo Novo do Parecis;-13.6547331732;-57.8885464788;27576.0;44.861;6.734;45.851;1.309;1.244
2010;MT;Campo Verde;-15.5537042703;-55.1716554149;31589.0;42.572;6.556;49.777;0.861;0.234
2010;MT;Campos de Júlio;-13.7199230456;-59.2634085206;5154.0;53.454;7.586;37.175;1.552;0.233
2010;MT;Canabrava do Norte;-11.0461869218;-51.8377580068;4786.0;28.751;9.214;60.384;0.815;0.836
2010;MT;Canarana;-13.5592295096;-52.2734568635;18751.0;44.152;5.76;41.811;1.083;7.194
2010;MT;Carlinda;-9.9666657926;-55.821614778;10990.0;38.389;4.968;55.432;1.119;0.091
2010;MT;Castanheira;-11.1341078576;-58.6134092637;8231.0;44.831;4.799;48.767;1.361;0.243
2010;MT;Chapada dos Guimarães;-15.4605696789;-55.7450045179;17821.0;21.11;6.952;71.107;0.426;0.404
2010;MT;Cláudia;-11.5053107376;-54.8741824478;11010.0;50.245;5.159;43.688;0.381;0.527
2010;MT;Cocalinho;-14.3903655392;-51.011243641;5490.0;26.794;7.14;62.86;1.148;2.058
2010;MT;Colíder;-10.804089779;-55.464230542;30766.0;46.22;4.908;47.705;0.845;0.322
2010;MT;Colniza;-9.4579038467;-59.2189486741;26381.0;38.122;8.157;52.083;1.456;0.182
2010;MT;Comodoro;-13.660559917;-59.7904309944;18178.0;36.781;5.87;48.74;1.007;7.603
2010;MT;Confresa;-10.640730577;-51.5710336179;25124.0;31.4;5.923;59.955;1.206;1.516
2010;MT;Conquista d'Oeste;-14.536272815;-59.5450742073;3385.0;43.988;9.069;38.198;1.891;6.854
2010;MT;Cotriguaçu;-9.8862538715;-58.6068949711;14983.0;41.46;4.051;53.881;0.367;0.24
2010;MT;Cuiabá;-15.5699890131;-56.0732520382;551088.0;33.226;10.815;54.286;1.374;0.298
2010;MT;Curvelândia;-15.6093061709;-57.9171149787;4866.0;33.991;3.247;62.228;0.39;0.144
2010;MT;Denise;-14.7338159183;-57.0537772728;8523.0;32.829;7.486;59.099;0.551;0.035
2010;MT;Diamantino;-14.4013229622;-56.4335660815;20341.0;36.97;6.229;55.735;0.777;0.29
2010;MT;Dom Aquino;-15.8074551508;-54.9174807826;8171.0;27.475;3.451;68.608;0.416;0.049
2010;MT;Feliz Natal;-12.3832470282;-54.9339040664;10933.0;44.37;5.131;40.547;0.851;9.101
2010;MT;Figueirópolis d'Oeste;-15.4461351146;-58.7378245489;3796.0;42.597;5.295;51.686;0.395;0.026
2010;MT;Gaúcha do Norte;-13.1880431895;-53.2615186719;6293.0;39.234;3.75;24.281;0.556;32.179
2010;MT;General Carneiro;-15.7070417946;-52.759309834;5027.0;21.285;3.959;45.852;0.517;28.387
2010;MT;Glória d'Oeste;-15.7679623095;-58.3144855887;3135.0;56.077;4.434;39.043;0.351;0.096
2010;MT;Guarantã do Norte;-9.9540732336;-54.9160573113;32216.0;48.426;4.299;45.335;0.58;1.36
2010;MT;Guiratinga;-16.3483892681;-53.7609640294;13934.0;32.977;5.009;61.224;0.703;0.086
2010;MT;Indiavaí;-15.4975142296;-58.573992386;2397.0;34.418;8.928;54.86;1.794;0.0
2010;MT;Ipiranga do Norte;-12.2368420002;-56.1597931356;5123.0;56.412;4.041;39.196;0.273;0.078
2010;MT;Itanhangá;-12.2347687159;-56.6493436131;5276.0;54.966;3.544;41.187;0.284;0.019
2010;MT;Itaúba;-11.0077118987;-55.2466893349;4575.0;44.0;8.284;47.301;0.306;0.109
2010;MT;Itiquira;-17.2068250554;-54.144300896;11478.0;38.055;5.907;54.87;1.159;0.009
2010;MT;Jaciara;-15.9648381841;-54.9641881752;25647.0;38.714;4.839;55.032;1.326;0.09
2010;MT;Jangada;-15.2396872256;-56.4901945626;7696.0;15.151;3.43;80.691;0.715;0.013
2010;MT;Jauru;-15.3418963815;-58.8798383974;10455.0;37.494;4.122;57.437;0.861;0.086
2010;MT;Juara;-11.2503599785;-57.5131232183;32791.0;43.853;6.331;45.107;1.229;3.48
2010;MT;Juína;-11.4220180323;-58.7622171518;39255.0;47.856;4.812;43.523;1.241;2.568
2010;MT;Juruena;-10.3291127799;-58.496309174;11201.0;48.514;4.955;45.005;1.241;0.286
2010;MT;Juscimeira;-16.0446851891;-54.888760943;11430.0;30.612;6.028;61.61;1.662;0.087
2010;MT;Lambari d'Oeste;-15.31550124;-58.0058251786;5431.0;35.371;8.525;53.839;2.117;0.147
2010;MT;Lucas do Rio Verde;-13.0704649509;-55.9217707091;45556.0;51.925;5.404;41.703;0.909;0.059
2010;MT;Luciara;-11.2280970998;-50.6632015832;2224.0;19.424;12.185;55.665;1.394;11.331
2010;MT;Vila Bela da Santíssima Trindade;-15.0093244788;-59.9525581995;14493.0;30.077;14.172;54.012;1.47;0.269
2010;MT;Marcelândia;-11.0805914113;-54.5193062322;12006.0;47.926;6.638;41.604;1.449;2.382
2010;MT;Matupá;-10.1721074662;-54.9318057201;14174.0;45.767;4.417;48.61;0.268;0.938
2010;MT;Mirassol d'Oeste;-15.6740707811;-58.097903569;25299.0;44.67;3.64;50.911;0.684;0.095
2010;MT;Nobres;-14.7245002734;-56.3340848306;15002.0;31.709;4.626;61.678;0.753;1.233
2010;MT;Nortelândia;-14.4537245568;-56.8020689752;6436.0;23.633;6.899;69.189;0.233;0.047
2010;MT;Nossa Senhora do Livramento;-15.7896762067;-56.3452585552;11609.0;14.782;12.464;71.66;1.034;0.06
2010;MT;Nova Bandeirantes;-9.8429528203;-57.8184757985;11643.0;47.29;5.402;46.105;1.151;0.052
2010;MT;Nova Nazaré;-13.9878672734;-51.7974342175;3029.0;22.813;3.962;33.674;0.825;38.726
2010;MT;Nova Lacerda;-14.469788994;-59.5903305028;5436.0;38.558;6.604;52.226;0.662;1.95
2010;MT;Nova Santa Helena;-10.8509999759;-55.1836857411;3468.0;44.81;4.642;49.683;0.836;0.029
2010;MT;Nova Brasilândia;-14.925464456;-54.9719088691;4587.0;26.074;13.298;59.145;1.352;0.131
2010;MT;Nova Canaã do Norte;-10.631104229;-55.714877306;12127.0;42.748;3.472;53.278;0.445;0.058
2010;MT;Nova Mutum;-13.8327256927;-56.1100052481;31649.0;48.807;4.55;45.493;1.017;0.133
2010;MT;Nova Olímpia;-14.7794142419;-57.282923962;17515.0;29.004;6.337;63.289;1.347;0.023
2010;MT;Nova Ubiratã;-13.033827716;-55.273213319;9218.0;46.322;7.648;44.337;0.868;0.824
2010;MT;Nova Xavantina;-14.6691795163;-52.3611926726;19643.0;38.049;6.053;53.551;0.825;1.522
2010;MT;Novo Mundo;-9.9771091945;-55.1720189316;7332.0;37.698;4.105;58.02;0.109;0.068
2010;MT;Novo Horizonte do Norte;-11.3876347794;-57.3174751138;3749.0;34.463;3.921;61.083;0.507;0.027
2010;MT;Novo São Joaquim;-14.8865652627;-53.0161155129;6002.0;41.003;8.097;48.617;1.116;1.166
2010;MT;Paranaíta;-9.6696554985;-56.4788997202;10684.0;45.957;6.748;46.003;1.048;0.243
2010;MT;Paranatinga;-14.4276984801;-54.0540919919;19290.0;35.967;3.707;59.487;0.612;0.228
2010;MT;Novo Santo Antônio;-12.2946934832;-50.9691726452;2005.0;22.494;20.798;54.065;1.546;1.097
2010;MT;Pedra Preta;-16.6222104159;-54.4713956382;15755.0;39.626;7.54;51.393;1.257;0.184
2010;MT;Peixoto de Azevedo;-10.2448420828;-54.9922974014;30812.0;28.966;10.08;55.491;1.048;4.414
2010;MT;Planalto da Serra;-14.6607059395;-54.7834957523;2726.0;26.082;5.796;65.664;1.101;1.357
2010;MT;Poconé;-16.259509467;-56.6265093527;31779.0;18.421;15.759;64.98;0.576;0.264
2010;MT;Pontal do Araguaia;-15.9024713438;-52.2585111119;5395.0;32.215;5.802;60.945;0.945;0.093
2010;MT;Ponte Branca;-16.767648011;-52.8357757282;1768.0;39.31;2.093;57.466;1.075;0.057
2010;MT;Pontes e Lacerda;-15.2297275711;-59.3380018444;41403.0;43.197;7.524;48.129;1.072;0.077
2010;MT;Porto Alegre do Norte;-10.8775484769;-51.6308798239;10748.0;28.629;7.843;60.151;1.303;2.075
2010;MT;Porto dos Gaúchos;-11.5338400295;-57.408353838;5449.0;46.908;4.863;47.256;0.679;0.294
2010;MT;Porto Esperidião;-15.8576348619;-58.4692987423;11031.0;29.009;3.381;64.79;0.698;2.121
2010;MT;Porto Estrela;-15.331336306;-57.2013572999;3649.0;21.266;5.015;70.924;2.795;0.0
2010;MT;Poxoréu;-15.818135557;-54.400732656;17599.0;26.939;14.791;54.583;0.773;2.915
2010;MT;Primavera do Leste;-15.5522935931;-54.3000532591;52066.0;49.455;4.94;44.056;1.454;0.096
2010;MT;Querência;-12.5922996263;-52.2098919156;13033.0;43.091;5.563;39.392;1.604;10.351
2010;MT;São José dos Quatro Marcos;-15.6271057367;-58.1765059374;18998.0;47.784;5.079;46.215;0.732;0.189
2010;MT;Reserva do Cabaçal;-15.1224095312;-58.38536453;2572.0;38.414;9.292;51.322;0.972;0.0
2010;MT;Ribeirão Cascalheira;-12.9320485635;-51.8333633451;8881.0;29.445;8.591;50.467;2.556;8.94
2010;MT;Ribeirãozinho;-16.4865259137;-52.6954417283;2199.0;43.429;2.547;51.16;2.865;0.0
2010;MT;Rio Branco;-15.2356828101;-58.117939348;5070.0;35.01;5.819;58.284;0.809;0.079
2010;MT;Santa Carmem;-11.9696855569;-55.2822227065;4085.0;49.816;7.246;42.399;0.514;0.024
2010;MT;Santo Afonso;-14.4907768197;-57.0005036375;2991.0;33.032;11.869;52.959;2.073;0.067
2010;MT;São José do Povo;-16.4663303088;-54.2562463683;3592.0;35.245;3.758;60.022;0.919;0.056
2010;MT;São José do Rio Claro;-13.4520683374;-56.7215837607;17124.0;34.636;6.932;57.475;0.882;0.076
2010;MT;São José do Xingu;-10.800264163;-52.7397936399;5240.0;25.859;10.115;58.55;1.183;4.294
2010;MT;São Pedro da Cipa;-16.0027085205;-54.9189931831;4158.0;30.856;12.097;54.281;2.501;0.265
2010;MT;Rondolândia;-10.844301974;-61.459678172;3604.0;27.608;4.495;44.395;0.222;23.28
2010;MT;Rondonópolis;-16.4701628735;-54.6335870402;195476.0;41.033;7.277;50.155;1.177;0.359
2010;MT;Rosário Oeste;-14.8264275715;-56.4282932054;17679.0;22.665;6.816;69.478;0.877;0.164
2010;MT;Santa Cruz do Xingu;-10.1524495036;-52.3986159656;1900.0;36.263;9.474;53.0;1.158;0.105
2010;MT;Salto do Céu;-15.1358245748;-58.126751807;3908.0;35.107;6.218;57.549;1.075;0.051
2010;MT;Santa Rita do Trivelato;-13.816189732;-55.2776928814;2491.0;45.805;4.657;48.254;1.044;0.241
2010;MT;Santa Terezinha;-10.4661116196;-50.5062664379;7397.0;19.17;9.301;55.604;1.96;13.965
2010;MT;Santo Antônio do Leste;-14.8008133966;-53.6117238522;3754.0;31.46;2.584;51.359;0.293;14.305
2010;MT;Santo Antônio do Leverger;-15.869179044;-56.0941622008;18463.0;18.112;9.511;69.458;0.536;2.383
2010;MT;São Félix do Araguaia;-11.6160823259;-50.6619863699;10625.0;25.299;7.181;61.242;1.496;4.781
2010;MT;Sapezal;-13.5381953535;-58.8121380142;18094.0;43.495;5.56;48.348;0.995;1.603
2010;MT;Serra Nova Dourada;-12.0892718389;-51.3995934078;1365.0;27.692;4.615;66.447;1.245;0.0
2010;MT;Sinop;-11.8580053081;-55.5009220024;113092.0;48.653;6.179;43.942;1.085;0.141
2010;MT;Sorriso;-12.5517767078;-55.7259136751;66445.0;53.208;4.507;41.544;0.68;0.06
2010;MT;Tabaporã;-11.307507957;-56.8248337963;9932.0;42.529;4.923;51.762;0.775;0.01
2010;MT;Tangará da Serra;-14.6237847505;-57.4912991531;83403.0;43.018;7.453;46.573;1.35;1.607
2010;MT;Tapurah;-12.7320686313;-56.5194858965;10392.0;50.808;5.851;42.311;0.991;0.038
2010;MT;Terra Nova do Norte;-10.5971280931;-55.1159514886;11291.0;58.374;5.491;35.648;0.416;0.071
2010;MT;Tesouro;-16.0752374012;-53.555843962;3418.0;25.102;6.378;67.7;0.819;0.0
2010;MT;Torixoréu;-16.1975263639;-52.5588386353;4071.0;38.565;4.028;56.743;0.663;0.0
2010;MT;União do Sul;-11.5355107507;-54.3748444106;3760.0;44.521;7.048;47.287;1.09;0.053
2010;MT;Vale de São Domingos;-15.2958978418;-59.0645711572;3052.0;34.469;8.585;56.094;0.819;0.033
2010;MT;Várzea Grande;-15.6580648241;-56.1446637402;252591.0;28.862;9.705;60.066;1.251;0.115
2010;MT;Vera;-12.2840488632;-55.3009185749;10235.0;52.369;3.742;43.586;0.283;0.02
2010;MT;Vila Rica;-10.0133521819;-51.116822579;21382.0;41.671;9.218;45.622;3.25;0.239
2010;MT;Nova Guarita;-10.3088464294;-55.403070139;4932.0;50.264;3.427;45.641;0.568;0.101
2010;MT;Nova Marilândia;-14.3624512717;-56.9731767859;2951.0;30.905;7.963;58.828;1.186;1.118
2010;MT;Nova Maringá;-13.0114269541;-57.0985516652;6590.0;36.161;10.106;51.866;1.715;0.152
2010;MT;Nova Monte Verde;-9.9726169269;-57.4723693069;8093.0;44.631;4.881;49.191;1.149;0.148
2010;GO;Abadia de Goiás;-16.7588118948;-49.4405478327;6876.0;41.332;5.89;50.64;2.036;0.102
2010;GO;Abadiânia;-16.182671858;-48.7188121417;15757.0;39.849;4.214;51.723;4.087;0.127
2010;GO;Acreúna;-17.3981562192;-50.3749733667;20279.0;39.1;9.453;50.949;0.449;0.049
2010;GO;Adelândia;-16.415001512;-50.1631466761;2477.0;39.766;3.31;54.744;2.059;0.121
2010;GO;Água Fria de Goiás;-14.9855352682;-47.7822121624;5090.0;35.442;6.562;56.857;1.002;0.138
2010;GO;Água Limpa;-18.0714060588;-48.7612409591;2013.0;52.956;3.13;41.182;2.633;0.099
2010;GO;Águas Lindas de Goiás;-15.7379388563;-48.2834444362;159378.0;29.625;8.789;58.388;3.035;0.163
2010;GO;Alexânia;-16.0861676206;-48.5096363919;23814.0;39.263;5.434;53.737;1.403;0.164
2010;GO;Aloândia;-17.7249088542;-49.4823211066;2051.0;47.733;3.706;43.93;4.583;0.049
2010;GO;Alto Horizonte;-14.1992268099;-49.3327491562;4505.0;32.253;2.553;64.75;0.289;0.155
2010;GO;Alto Paraíso de Goiás;-14.1362446378;-47.5190934383;6885.0;32.476;13.217;51.866;1.641;0.799
2010;GO;Alvorada do Norte;-14.4828391105;-46.5156376913;8084.0;25.074;9.117;64.189;1.596;0.025
2010;GO;Amaralina;-13.9254818594;-49.2953772219;3434.0;26.791;4.863;68.055;0.262;0.029
2010;GO;Americano do Brasil;-16.2551002852;-49.9836415337;5508.0;43.028;5.592;50.381;0.98;0.018
2010;GO;Amorinópolis;-16.6179121242;-51.097167067;3609.0;49.072;4.35;45.691;0.887;0.0
2010;GO;Anápolis;-16.3288257446;-48.9572179026;334612.0;46.084;5.311;47.033;1.485;0.088
2010;GO;Anhanguera;-18.3343660323;-48.2174036921;1020.0;46.961;7.549;44.608;0.784;0.098
2010;GO;Anicuns;-16.4607406192;-49.9590680178;20239.0;43.332;3.296;51.885;1.403;0.084
2010;GO;Aparecida de Goiânia;-16.8221465;-49.2433259277;455656.0;36.694;8.362;53.046;1.723;0.174
2010;GO;Aparecida do Rio Doce;-18.2969842878;-51.1514916272;2427.0;40.42;3.791;54.594;1.195;0.0
2010;GO;Aporé;-18.9588774471;-51.9280729999;3803.0;44.228;6.889;48.593;0.289;0.0
2010;GO;Araçu;-16.3543348065;-49.6816820507;3802.0;43.214;3.972;50.894;1.894;0.026
2010;GO;Aragarças;-15.8977681654;-52.2468547308;18305.0;32.521;6.949;59.47;0.688;0.371
2010;GO;Aragoiânia;-16.9156395994;-49.4509030548;8365.0;44.136;3.825;51.417;0.598;0.024
2010;GO;Araguapaz;-15.0885303704;-50.6347424117;7510.0;33.063;6.804;59.121;0.799;0.213
2010;GO;Arenópolis;-16.3875456189;-51.5600294918;3277.0;43.271;6.073;50.381;0.183;0.092
2010;GO;Aruanã;-14.9033323805;-51.0808851467;7496.0;31.884;10.912;53.655;0.774;2.775
2010;GO;Aurilândia;-16.6767252917;-50.4647657585;3650.0;41.26;6.055;52.192;0.466;0.027
2010;GO;Avelinópolis;-16.4619386945;-49.7542258382;2450.0;44.408;4.163;46.367;4.367;0.694
2010;GO;Baliza;-16.2016366664;-52.5427449421;3714.0;33.279;9.397;55.735;1.4;0.188
2010;GO;Barro Alto;-14.9737085965;-48.9157070788;8716.0;39.571;7.916;51.033;1.446;0.034
2010;GO;Bela Vista de Goiás;-16.9731214373;-48.9524115975;24554.0;49.927;4.871;43.773;1.287;0.143
2010;GO;Bom Jardim de Goiás;-16.2006850337;-52.1753675714;8423.0;37.588;3.669;56.631;2.018;0.095
2010;GO;Bom Jesus de Goiás;-18.2147665092;-49.7394106515;20727.0;44.444;4.217;49.168;2.089;0.082
2010;GO;Bonfinópolis;-16.6175284341;-48.9705799426;7536.0;44.758;5.892;47.797;1.327;0.226
2010;GO;Bonópolis;-13.6497465486;-49.8371838014;3503.0;31.887;10.991;56.352;0.771;0.0
2010;GO;Brazabrantes;-16.4257149363;-49.3886672747;3232.0;47.649;3.249;48.577;0.526;0.0
2010;GO;Britânia;-15.2385862944;-51.1672851019;5509.0;33.255;6.952;57.579;1.779;0.436
2010;GO;Buriti Alegre;-18.1330550496;-49.0400651409;9054.0;59.465;3.667;36.404;0.442;0.022
2010;GO;Buriti de Goiás;-16.1813969765;-50.4344347564;2560.0;39.609;2.969;55.078;2.305;0.039
2010;GO;Buritinópolis;-14.4560230274;-46.4310771149;3321.0;25.866;4.577;68.744;0.693;0.12
2010;GO;Cabeceiras;-15.8011558822;-46.9294761863;7354.0;29.657;5.262;63.87;1.197;0.014
2010;GO;Cachoeira Alta;-18.7510044619;-50.9447078425;10553.0;53.445;4.52;40.965;1.004;0.066
2010;GO;Cachoeira de Goiás;-16.6667328025;-50.6431478383;1417.0;40.579;2.752;55.893;0.776;0.0
2010;GO;Cachoeira Dourada;-18.489035614;-49.4709176636;8254.0;45.081;5.561;48.037;1.321;0.0
2010;GO;Caçu;-18.5630506239;-51.1335286136;13283.0;65.354;5.729;27.562;1.325;0.03
2010;GO;Caiapônia;-16.9534576704;-51.8094797771;16757.0;37.871;5.992;54.479;1.546;0.113
2010;GO;Caldas Novas;-17.7435388677;-48.6211974747;70473.0;49.3;5.919;43.022;1.592;0.167
2010;GO;Caldazinha;-16.7147769438;-49.003373459;3325.0;48.692;5.744;42.827;2.586;0.15
2010;GO;Campestre de Goiás;-16.762309224;-49.6955342614;3387.0;32.389;6.112;60.083;1.417;0.0
2010;GO;Campinaçu;-13.7863485879;-48.5698343278;3656.0;42.752;11.898;43.928;1.395;0.027
2010;GO;Campinorte;-14.310597956;-49.1563472948;11111.0;35.325;3.852;60.382;0.441;0.0
2010;GO;Campo Alegre de Goiás;-17.6405551366;-47.7782251013;6060.0;47.607;3.911;47.36;0.875;0.248
2010;GO;Campo Limpo de Goiás;-16.2986230067;-49.0899365208;6241.0;40.667;9.053;47.685;2.548;0.048
2010;GO;Campos Belos;-13.0367239867;-46.7707832966;18410.0;20.244;13.873;63.145;2.548;0.19
2010;GO;Campos Verdes;-14.2732669562;-49.6632651125;5020.0;29.303;5.996;64.004;0.697;0.0
2010;GO;Carmo do Rio Verde;-15.3577136638;-49.702864978;8928.0;44.747;3.002;50.784;1.434;0.034
2010;GO;Castelândia;-18.0898452373;-50.2292504517;3638.0;34.415;6.377;58.521;0.687;0.0
2010;GO;Catalão;-18.1695733634;-47.9477032172;86639.0;57.152;4.373;37.026;1.297;0.151
2010;GO;Caturaí;-16.4467615884;-49.502852999;4686.0;39.074;2.603;55.442;2.86;0.021
2010;GO;Cavalcante;-13.7992785142;-47.4634361942;9392.0;12.873;25.852;57.357;3.407;0.511
2010;GO;Ceres;-15.3070283354;-49.6033462318;20722.0;48.012;4.57;46.106;1.187;0.125
2010;GO;Cezarina;-16.9677922829;-49.7731689821;7545.0;40.106;3.115;55.719;1.047;0.013
2010;GO;Chapadão do Céu;-18.3940322027;-52.6708005984;7001.0;44.879;6.885;47.722;0.443;0.071
2010;GO;Cidade Ocidental;-16.1109591977;-47.9371306539;55915.0;33.175;10.713;54.352;1.459;0.3
2010;GO;Cocalzinho de Goiás;-15.7817370135;-48.7689674476;17407.0;31.976;6.417;59.08;2.442;0.086
2010;GO;Colinas do Sul;-14.1501851953;-48.0768431326;3523.0;22.14;11.524;63.128;3.009;0.199
2010;GO;Córrego do Ouro;-16.2953575521;-50.5558190731;2632.0;42.933;6.307;50.456;0.19;0.114
2010;GO;Corumbá de Goiás;-15.927905154;-48.8103450572;10361.0;35.064;4.285;58.566;1.911;0.174
2010;GO;Corumbaíba;-18.1369060848;-48.5561020699;8181.0;52.219;6.026;40.68;0.88;0.196
2010;GO;Cristalina;-16.7694336632;-47.6068175922;46580.0;34.957;8.59;54.289;2.046;0.118
2010;GO;Cristianópolis;-17.1955889544;-48.7122976533;2932.0;54.263;1.432;43.111;1.194;0.0
2010;GO;Crixás;-14.537590255;-49.9672039392;15760.0;31.39;9.981;57.303;1.301;0.025
2010;GO;Cromínia;-17.2818549268;-49.3805054798;3555.0;58.819;2.982;36.624;1.575;0.0
2010;GO;Cumari;-18.2613822982;-48.156676781;2964.0;61.201;2.767;35.796;0.236;0.0
2010;GO;Damianópolis;-14.5574350509;-46.1735358096;3292.0;31.197;9.721;58.991;0.03;0.061
2010;GO;Damolândia;-16.2548016197;-49.3611056455;2747.0;49.108;2.548;48.089;0.255;0.0
2010;GO;Davinópolis;-18.1585643379;-47.5593683926;2056.0;55.156;1.8;42.753;0.243;0.049
2010;GO;Diorama;-16.23170852;-51.2588930732;2479.0;49.657;3.63;45.946;0.726;0.04
2010;GO;Doverlândia;-16.7210370625;-52.3139804233;7892.0;35.479;4.764;58.071;1.685;0.0
2010;GO;Edealina;-17.4228916982;-49.6646951089;3733.0;49.746;2.84;46.076;1.339;0.0
2010;GO;Edéia;-17.3380800331;-49.9344239559;11266.0;43.254;6.08;50.107;0.488;0.071
2010;GO;Estrela do Norte;-13.8670273952;-49.0734010836;3320.0;35.0;4.789;59.639;0.452;0.12
2010;GO;Faina;-15.4428687832;-50.3687036599;6983.0;36.689;9.323;52.313;1.618;0.057
2010;GO;Fazenda Nova;-16.177514329;-50.7873644001;6322.0;55.457;9.538;33.977;0.949;0.079
2010;GO;Firminópolis;-16.5764612335;-50.3036343394;11580.0;51.658;4.059;43.377;0.889;0.017
2010;GO;Flores de Goiás;-14.4501741367;-47.045082925;12066.0;22.029;12.316;62.631;3.0;0.025
2010;GO;Formosa;-15.5409446277;-47.3358155765;100084.0;33.202;8.87;55.587;2.178;0.163
2010;GO;Formoso;-13.6557801486;-48.8880896723;4881.0;37.595;4.384;57.488;0.492;0.041
2010;GO;Gameleira de Goiás;-16.4827366321;-48.6457054931;3275.0;41.038;3.298;53.16;2.504;0.0
2010;GO;Divinópolis de Goiás;-13.2968133669;-46.3938887514;4962.0;18.198;4.958;76.119;0.726;0.0
2010;GO;Goianápolis;-16.5006821667;-49.017342179;10695.0;43.852;3.731;50.538;1.692;0.187
2010;GO;Goiandira;-18.1326246744;-48.0884713741;5265.0;61.292;3.704;34.245;0.285;0.475
2010;GO;Goianésia;-15.3222887525;-49.1158101508;59549.0;38.84;5.967;53.715;1.337;0.141
2010;GO;Goiânia;-16.6733097738;-49.2558142758;1301979.0;47.954;5.681;44.516;1.685;0.164
2010;GO;Goianira;-16.5031915592;-49.4287772736;34060.0;35.129;7.334;55.925;1.521;0.091
2010;GO;Goiás;-15.9357427011;-50.1413841443;24727.0;36.025;9.552;51.664;2.03;0.728
2010;GO;Goiatuba;-18.0106332404;-49.3666434696;32492.0;56.571;4.484;37.942;0.923;0.08
2010;GO;Gouvelândia;-18.4382785344;-50.1379987973;4949.0;39.745;4.425;55.526;0.263;0.04
2010;GO;Guapó;-16.831322758;-49.5367333643;13969.0;39.645;4.839;54.471;0.995;0.05
2010;GO;Guaraíta;-15.6294278846;-50.0317779845;2376.0;37.458;1.641;59.933;0.968;0.0
2010;GO;Guarani de Goiás;-13.9389114969;-46.4803757075;4258.0;26.397;6.928;65.641;1.01;0.023
2010;GO;Guarinos;-14.7337403887;-49.7011881304;2299.0;33.449;4.741;60.809;0.957;0.043
2010;GO;Heitoraí;-15.720216422;-49.8293395924;3571.0;42.089;7.533;48.334;1.96;0.084
2010;GO;Hidrolândia;-16.9609447714;-49.2297840436;17398.0;46.327;5.575;46.275;1.759;0.063
2010;GO;Hidrolina;-14.7276582893;-49.4598974466;4029.0;41.598;3.773;53.661;0.968;0.0
2010;GO;Iaciara;-14.1008175253;-46.631967794;12427.0;20.866;9.101;68.56;1.432;0.04
2010;GO;Inaciolândia;-18.4863548297;-49.9875784506;5699.0;38.182;5.264;54.659;1.825;0.07
2010;GO;Indiara;-17.1372613101;-49.989053195;13687.0;40.769;3.522;54.395;1.286;0.029
2010;GO;Inhumas;-16.359960474;-49.5002245066;48246.0;48.074;4.628;46.163;1.082;0.052
2010;GO;Ipameri;-17.7221768122;-48.1586676783;24735.0;48.563;6.21;44.257;0.902;0.069
2010;GO;Ipiranga de Goiás;-15.1720118941;-49.6674051209;2844.0;47.117;3.938;47.961;0.949;0.035
2010;GO;Iporá;-16.4400026707;-51.1195950892;31274.0;48.599;3.863;45.501;1.97;0.067
2010;GO;Israelândia;-16.3128012449;-50.9034397149;2887.0;36.716;3.187;59.958;0.139;0.0
2010;GO;Itaberaí;-16.021130207;-49.803479374;35371.0;41.726;4.529;51.85;1.73;0.164
2010;GO;Itaguari;-15.9090935706;-49.6097600443;4513.0;41.547;3.036;54.775;0.643;0.0
2010;GO;Itaguaru;-15.7637943882;-49.6320512064;5437.0;27.442;4.543;66.783;1.159;0.074
2010;GO;Itajá;-19.0622350465;-51.5446839594;5062.0;54.919;6.954;36.665;1.422;0.04
2010;GO;Itapaci;-14.9504032179;-49.5541561136;18458.0;39.105;5.217;52.839;2.768;0.07
2010;GO;Itapirapuã;-15.8188624942;-50.6091628273;7835.0;36.324;5.501;56.656;1.391;0.128
2010;GO;Itapuranga;-15.5623312457;-49.9444934168;26123.0;49.876;3.648;45.002;1.294;0.18
2010;GO;Itarumã;-18.7616602284;-51.3488899006;6300.0;48.984;5.667;44.587;0.603;0.159
2010;GO;Itauçu;-16.2033472312;-49.6011340853;8575.0;48.84;3.23;46.484;1.446;0.0
2010;GO;Itumbiara;-18.4176824715;-49.220870075;92883.0;52.145;7.055;39.01;1.684;0.106
2010;GO;Ivolândia;-16.6034027618;-50.7947013664;2663.0;47.953;7.473;44.273;0.263;0.038
2010;GO;Jandaia;-17.0494211395;-50.1480076361;6164.0;38.871;2.369;58.485;0.276;0.0
2010;GO;Jaraguá;-15.7531137829;-49.3301439342;41870.0;38.08;4.285;55.57;1.987;0.079
2010;GO;Jataí;-17.8862323338;-51.7208180376;88006.0;43.472;7.493;47.892;1.041;0.102
2010;GO;Jaupaci;-16.1780359315;-50.9517191425;3000.0;45.2;4.967;48.667;0.667;0.5
2010;GO;Jesúpolis;-15.9515976078;-49.3762189275;2300.0;28.435;2.783;68.522;0.261;0.0
2010;GO;Joviânia;-17.8071094521;-49.6299398096;7118.0;50.295;5.015;44.001;0.604;0.084
2010;GO;Jussara;-15.8663489233;-50.86612659;19151.0;43.93;6.104;47.83;2.021;0.115
2010;GO;Lagoa Santa;-19.1836069808;-51.4046158469;1254.0;49.203;6.459;42.743;1.515;0.08
2010;GO;Leopoldo de Bulhões;-16.6189649329;-48.746452337;7882.0;45.737;6.204;45.09;2.817;0.152
2010;GO;Luziânia;-16.258541;-47.9557200568;174527.0;34.444;8.041;55.348;1.985;0.182
2010;GO;Mairipotaba;-17.2973954689;-49.5008802854;2374.0;62.763;4.423;30.918;1.559;0.337
2010;GO;Mambaí;-14.4875342642;-46.1139474127;6871.0;25.731;2.969;70.397;0.8;0.102
2010;GO;Mara Rosa;-14.0085688957;-49.1798231432;10649.0;35.712;4.348;58.484;1.296;0.16
2010;GO;Marzagão;-17.9816102558;-48.6371735789;2072.0;52.365;2.654;42.181;2.799;0.0
2010;GO;Matrinchã;-15.437188317;-50.7464743436;4414.0;35.569;9.47;52.741;1.676;0.544
2010;GO;Maurilândia;-17.9720829886;-50.3389113972;11521.0;38.0;6.588;53.676;1.675;0.061
2010;GO;Mimoso de Goiás;-15.0592934916;-48.1632731159;2685.0;26.927;5.773;66.443;0.782;0.074
2010;GO;Minaçu;-13.5350936496;-48.2239076238;31154.0;32.317;8.731;57.325;1.422;0.205
2010;GO;Mineiros;-17.5661675715;-52.5546671879;52935.0;45.558;7.641;45.518;1.171;0.111
2010;GO;Moiporá;-16.5468998841;-50.7360975399;1763.0;53.432;3.063;42.428;0.964;0.113
2010;GO;Monte Alegre de Goiás;-13.2573260767;-46.8857991384;7730.0;14.554;19.431;62.743;3.247;0.026
2010;GO;Montes Claros de Goiás;-16.0047599101;-51.4004988847;7987.0;44.785;4.658;48.967;1.415;0.175
2010;GO;Montividiu;-17.4444620017;-51.1751445985;10572.0;47.295;5.704;44.495;2.289;0.218
2010;GO;Montividiu do Norte;-13.3530942566;-48.6888221239;4122.0;30.301;9.025;58.297;2.208;0.17
2010;GO;Morrinhos;-17.7352710999;-49.1101770719;41456.0;56.009;3.99;38.858;1.059;0.084
2010;GO;Morro Agudo de Goiás;-15.3121981483;-50.0574471319;2356.0;47.496;2.25;49.236;0.934;0.085
2010;GO;Mossâmedes;-16.1196542993;-50.2180496713;5007.0;50.849;4.873;42.92;1.258;0.1
2010;GO;Mozarlândia;-14.7475894764;-50.5702136124;13404.0;35.146;6.409;57.393;0.918;0.134
2010;GO;Mundo Novo;-13.765576924;-50.2856877225;6438.0;29.699;8.279;60.065;1.833;0.124
2010;GO;Mutunópolis;-13.7236105818;-49.2744452474;3849.0;34.788;5.638;59.184;0.364;0.026
2010;GO;Nazário;-16.5805280797;-49.8819882317;7874.0;46.266;6.414;45.466;1.816;0.038
2010;GO;Nerópolis;-16.4040436842;-49.2244625262;24210.0;42.908;4.8;49.306;2.879;0.107
2010;GO;Niquelândia;-14.4691101442;-48.4585851495;42361.0;30.552;7.45;59.859;2.061;0.078
2010;GO;Nova América;-15.0183858596;-49.8993153993;2259.0;40.239;4.294;50.996;0.708;3.763
2010;GO;Nova Aurora;-18.0651021012;-48.2604579069;2062.0;66.198;6.208;27.401;0.194;0.0
2010;GO;Nova Crixás;-14.0956114307;-50.3420003319;11927.0;28.674;7.135;63.251;0.721;0.218
2010;GO;Nova Glória;-15.1492765854;-49.5787847003;8508.0;42.055;3.373;53.914;0.564;0.094
2010;GO;Nova Iguaçu de Goiás;-14.2834774149;-49.3907701087;2826.0;27.353;5.379;65.322;1.911;0.035
2010;GO;Nova Roma;-13.7429057521;-46.8903259704;3471.0;19.13;13.109;67.445;0.259;0.058
2010;GO;Nova Veneza;-16.3652331931;-49.3108981042;8129.0;52.7;3.69;42.674;0.923;0.012
2010;GO;Novo Brasil;-16.0326708603;-50.7163144531;3519.0;47.684;4.66;45.439;2.131;0.085
2010;GO;Novo Gama;-16.0560782142;-48.0372112741;95014.0;28.06;10.556;58.582;2.632;0.169
2010;GO;Novo Planalto;-13.2409519766;-49.5120502992;3956.0;24.368;6.901;67.796;0.834;0.101
2010;GO;Orizona;-17.0347660176;-48.302147803;14295.0;61.469;3.029;34.711;0.602;0.189
2010;GO;Ouro Verde de Goiás;-16.2108276545;-49.2038676028;4034.0;46.083;5.082;47.199;1.438;0.198
2010;GO;Ouvidor;-18.2255687122;-47.832604404;5467.0;64.679;2.286;32.248;0.768;0.018
2010;GO;Padre Bernardo;-15.16435542;-48.2859656163;27671.0;28.969;9.552;58.971;2.371;0.137
2010;GO;Palestina de Goiás;-16.7414317726;-51.5300322007;3371.0;49.125;7.001;37.526;6.348;0.0
2010;GO;Palmeiras de Goiás;-16.8069880059;-49.9227871293;23337.0;45.841;5.253;46.784;1.924;0.197
2010;GO;Palmelo;-17.3230168517;-48.4230955764;2335.0;45.096;6.681;45.996;2.141;0.086
2010;GO;Palminópolis;-16.7991350226;-50.1654937516;3557.0;51.757;4.92;42.227;1.096;0.0
2010;GO;Panamá;-18.1824552757;-49.3534819159;2682.0;53.318;4.288;41.872;0.522;0.0
2010;GO;Paranaiguara;-18.9051598599;-50.6522043596;9100.0;49.154;5.44;44.835;0.462;0.11
2010;GO;Paraúna;-16.9466970093;-50.4576405931;10863.0;47.62;5.735;45.365;1.105;0.175
2010;GO;Perolândia;-17.5264535229;-52.0665772496;2950.0;28.746;4.847;64.678;1.661;0.068
2010;GO;Petrolina de Goiás;-16.0974175746;-49.3387979361;10283.0;45.531;2.869;48.488;3.092;0.019
2010;GO;Pilar de Goiás;-14.7660904485;-49.5751143128;2773.0;33.177;6.094;58.42;2.128;0.18
2010;GO;Piracanjuba;-17.3018097158;-49.0245603471;24026.0;49.738;3.063;46.175;0.92;0.104
2010;GO;Piranhas;-16.4207064405;-51.821801336;11266.0;39.633;4.145;54.909;1.26;0.053
2010;GO;Pirenópolis;-15.8533422975;-48.9625271926;23006.0;47.079;3.838;47.262;1.704;0.117
2010;GO;Pires do Rio;-17.3005811055;-48.2802925533;28762.0;56.29;5.462;37.636;0.515;0.097
2010;GO;Planaltina;-15.453109565;-47.6148467662;81649.0;28.037;8.696;60.976;2.114;0.178
2010;GO;Pontalina;-17.5149844215;-49.4481810162;17121.0;48.998;3.411;46.931;0.607;0.053
2010;GO;Porangatu;-13.4421859466;-49.1462260519;42354.0;34.681;6.214;57.943;1.067;0.094
2010;GO;Porteirão;-17.8154006299;-50.1642504169;3347.0;38.542;3.257;57.843;0.359;0.0
2010;GO;Portelândia;-17.3529241047;-52.6806835439;3839.0;48.033;6.095;45.585;0.287;0.0
2010;GO;Posse;-14.0877335642;-46.3620104423;31419.0;28.257;7.126;62.943;1.575;0.099
2010;GO;Professor Jamil;-17.2475666832;-49.2366973073;3239.0;45.137;8.212;45.477;1.111;0.062
2010;GO;Quirinópolis;-18.4515073559;-50.4522625218;43220.0;50.689;4.472;43.42;1.354;0.065
2010;GO;Rialma;-15.3154039732;-49.5843695087;10523.0;39.399;4.647;54.956;0.931;0.067
2010;GO;Rianápolis;-15.4424666683;-49.5101169941;4566.0;34.625;2.891;61.914;0.526;0.044
2010;GO;Rio Quente;-17.7677458122;-48.7726682958;3311.0;49.169;3.503;43.008;4.289;0.03
2010;GO;Rio Verde;-17.7945434019;-50.9296809302;176424.0;45.312;6.647;46.528;1.439;0.074
2010;GO;Rubiataba;-15.1643127537;-49.8034096971;18915.0;49.966;3.569;45.329;0.539;0.597
2010;GO;Sanclerlândia;-16.2006630829;-50.3158669331;7550.0;49.987;5.152;43.272;1.179;0.411
2010;GO;Santa Bárbara de Goiás;-16.577475929;-49.6897833771;5751.0;36.359;4.225;58.651;0.765;0.0
2010;GO;Santa Cruz de Goiás;-17.3215530231;-48.4766897577;3142.0;51.369;5.283;41.248;2.037;0.064
2010;GO;Santa Fé de Goiás;-15.7707845628;-51.109415948;4762.0;33.83;5.019;60.059;1.008;0.084
2010;GO;Santa Helena de Goiás;-17.8123551401;-50.5984432624;36469.0;41.934;5.561;51.178;1.174;0.154
2010;GO;Santa Isabel;-15.3023982428;-49.4281779496;3686.0;37.276;2.767;59.441;0.407;0.109
2010;GO;Santa Rita do Araguaia;-17.3263507863;-53.2051465108;6924.0;36.973;9.171;51.878;1.892;0.087
2010;GO;Santa Rita do Novo Destino;-15.1353910971;-49.1201255263;3173.0;32.777;9.644;57.012;0.567;0.0
2010;GO;Santa Rosa de Goiás;-16.0798908615;-49.4915791732;2909.0;66.965;1.375;31.523;0.138;0.0
2010;GO;Santa Tereza de Goiás;-13.7125508671;-49.0149969464;3995.0;29.987;7.885;61.176;0.901;0.05
2010;GO;Santa Terezinha de Goiás;-14.4334764203;-49.7062022411;10302.0;33.411;5.086;59.484;1.961;0.058
2010;GO;Santo Antônio da Barra;-17.5561082965;-50.6340535808;4423.0;37.915;8.591;52.905;0.543;0.045
2010;GO;Santo Antônio de Goiás;-16.483121215;-49.3102428569;4703.0;40.357;5.061;53.009;1.51;0.064
2010;GO;Santo Antônio do Descoberto;-15.94422351;-48.2560064258;63248.0;31.742;7.156;59.08;1.872;0.15
2010;GO;São Domingos;-13.4020132572;-46.3151052424;11272.0;26.952;11.036;60.726;1.269;0.018
2010;GO;São Francisco de Goiás;-15.9227064368;-49.2620087204;6120.0;36.928;5.588;53.333;4.085;0.065
2010;GO;São João d'Aliança;-14.7082161797;-47.5188017123;10257.0;24.12;13.386;60.807;1.453;0.234
2010;GO;São João da Paraúna;-16.8145235535;-50.4050629925;1689.0;50.089;4.204;44.227;1.421;0.059
2010;GO;São Luís de Montes Belos;-16.5198101598;-50.3742880027;30034.0;47.396;3.769;47.187;1.582;0.067
2010;GO;São Luiz do Norte;-14.8620789113;-49.3319358806;4617.0;33.485;5.696;57.57;3.206;0.043
2010;GO;São Miguel do Araguaia;-13.276024343;-50.1638382701;22283.0;35.296;9.222;50.626;4.613;0.242
2010;GO;São Miguel do Passa Quatro;-17.0509343499;-48.6647175594;3757.0;52.915;5.669;39.287;2.103;0.027
2010;GO;São Patrício;-15.3524896722;-49.8163460405;1991.0;48.87;1.909;47.815;1.406;0.0
2010;GO;São Simão;-18.9897385995;-50.5496997577;17088.0;40.204;6.431;52.949;0.375;0.041
2010;GO;Senador Canedo;-16.71857532;-49.0879668328;84443.0;32.102;8.104;57.858;1.727;0.21
2010;GO;Serranópolis;-18.3077243971;-51.9577779402;7481.0;36.132;4.572;58.508;0.775;0.013
2010;GO;Silvânia;-16.6646168097;-48.61056991;19089.0;47.268;4.93;45.288;2.473;0.042
2010;GO;Simolândia;-14.4703229883;-46.4842842225;6514.0;24.332;9.395;63.678;2.518;0.077
2010;GO;Sítio d'Abadia;-14.8039939162;-46.2524898428;2825.0;25.876;6.619;66.088;1.274;0.142
2010;GO;Taquaral de Goiás;-16.0500187966;-49.6022193144;3541.0;49.393;2.259;47.162;1.017;0.169
2010;GO;Teresina de Goiás;-13.7768630996;-47.263520321;3016.0;14.523;21.552;61.671;2.089;0.166
2010;GO;Terezópolis de Goiás;-16.4789604614;-49.0917849231;6561.0;37.403;5.091;54.534;2.957;0.015
2010;GO;Três Ranchos;-18.3607986884;-47.7793385109;2819.0;60.376;3.689;35.686;0.177;0.071
2010;GO;Trindade;-16.6553504288;-49.4890992026;104488.0;38.014;5.465;54.779;1.628;0.115
2010;GO;Trombas;-13.5084677213;-48.7447086103;3452.0;33.749;7.59;57.474;1.188;0.0
2010;GO;Turvânia;-16.6098037805;-50.1319530546;4839.0;44.823;3.513;50.114;1.488;0.062
2010;GO;Turvelândia;-17.8509523354;-50.3074793439;4399.0;27.984;5.979;64.56;1.478;0.0
2010;GO;Uirapuru;-14.2886535386;-49.9210751818;2933.0;27.139;6.921;65.087;0.852;0.0
2010;GO;Uruaçu;-14.5202197628;-49.1474856222;36929.0;32.051;7.728;58.588;1.544;0.089
2010;GO;Uruana;-15.5011652334;-49.6794807088;13826.0;46.13;3.059;49.233;1.526;0.051
2010;GO;Urutaí;-17.4597534246;-48.2046531316;3074.0;52.635;3.09;43.396;0.878;0.0
2010;GO;Valparaíso de Goiás;-16.069575257;-47.9841113506;132981.0;35.08;9.013;54.254;1.499;0.154
2010;GO;Varjão;-17.0412247518;-49.628167487;3659.0;46.024;5.357;47.226;1.285;0.109
2010;GO;Vianópolis;-16.7420814387;-48.5134708971;12548.0;44.182;5.873;49.147;0.789;0.008
2010;GO;Vicentinópolis;-17.7326623803;-49.8072390139;7371.0;46.113;4.043;48.718;1.018;0.109
2010;GO;Vila Boa;-15.0348887907;-47.0573608537;4735.0;15.776;11.067;70.644;2.513;0.0
2010;GO;Vila Propício;-15.4546348168;-48.8824220765;5145.0;25.986;6.492;65.559;1.944;0.019
2010;DF;Brasília;-15.7940873619;-47.887905478;2570022.0;42.195;7.707;48.244;1.616;0.238
2022;RO;Alta Floresta d'Oeste;-11.9355403048;-61.9998238963;21493.0;35.314;6.035;55.111;0.214;3.327
2022;RO;Ariquemes;-9.9084628666;-63.033269278;96830.0;32.286;9.934;57.352;0.327;0.1
2022;RO;Cabixi;-13.4997634597;-60.5443135812;5351.0;39.918;6.447;53.373;0.224;0.037
2022;RO;Cacoal;-11.4338650287;-61.4429442118;86884.0;37.181;7.716;52.755;0.42;1.928
2022;RO;Cerejeiras;-13.195033032;-60.8184261647;15890.0;39.1;6.451;53.996;0.371;0.082
2022;RO;Colorado do Oeste;-13.1305638415;-60.5550674631;15663.0;35.606;7.655;56.407;0.255;0.077
2022;RO;Corumbiara;-12.9975202365;-60.9487011707;7519.0;29.539;8.432;61.657;0.106;0.266
2022;RO;Costa Marques;-12.4360138777;-64.2316539391;12626.0;25.511;10.074;61.064;0.103;3.247
2022;RO;Espigão d'Oeste;-11.5285546333;-61.0201731133;29414.0;40.518;6.782;50.374;0.139;2.186
2022;RO;Guajará-Mirim;-10.7738837407;-65.3239518197;39387.0;17.158;8.609;60.378;0.282;13.573
2022;RO;Jaru;-10.4359487679;-62.4762307081;50589.0;30.965;9.557;59.201;0.144;0.132
2022;RO;Ji-Paraná;-10.8820513183;-61.9450945827;124333.0;32.623;8.789;57.062;0.27;1.255
2022;RO;Machadinho d'Oeste;-9.42556248;-61.9995925724;30707.0;26.619;9.646;63.487;0.12;0.127
2022;RO;Nova Brasilândia d'Oeste;-11.7213254139;-62.308230163;15679.0;35.028;8.087;56.47;0.332;0.083
2022;RO;Ouro Preto do Oeste;-10.7235739008;-62.2610551904;35044.0;33.021;8.512;57.99;0.351;0.126
2022;RO;Pimenta Bueno;-11.67753699;-61.1836656736;35078.0;33.856;7.378;56.848;0.382;1.537
2022;RO;Porto Velho;-8.76889179;-63.8314456544;460421.0;26.267;9.441;63.442;0.28;0.571
2022;RO;Presidente Médici;-11.1732050162;-61.9094386835;19327.0;34.977;6.105;58.643;0.238;0.036
2022;RO;Rio Crespo;-9.7055367097;-62.900010366;3471.0;31.201;9.075;59.061;0.403;0.259
2022;RO;Rolim de Moura;-11.7222589134;-61.7857809352;56402.0;35.465;7.47;56.645;0.248;0.172
2022;RO;Santa Luzia d'Oeste;-11.9084233325;-61.7733054631;7419.0;33.266;8.842;57.393;0.472;0.027
2022;RO;Vilhena;-12.7413734718;-60.1385838661;95829.0;39.395;7.248;52.475;0.267;0.615
2022;RO;São Miguel do Guaporé;-11.6994897438;-62.7200634814;21634.0;34.136;9.208;55.685;0.342;0.629
2022;RO;Nova Mamoré;-10.4117712947;-65.3291490231;25443.0;24.836;7.727;63.153;0.204;4.08
2022;RO;Alvorada d'Oeste;-11.3441300234;-62.2772748657;13117.0;33.826;9.446;56.537;0.122;0.069
2022;RO;Alto Alegre dos Parecis;-12.1317772246;-61.8530771686;11479.0;30.865;7.893;60.293;0.052;0.897
2022;RO;Alto Paraíso;-9.7166667381;-63.3176294335;16319.0;30.088;7.899;61.916;0.037;0.061
2022;RO;Buritis;-10.2098054072;-63.8296787918;27992.0;30.33;7.749;61.303;0.45;0.168
2022;RO;Novo Horizonte do Oeste;-11.70974292;-61.9943876628;7667.0;34.994;6.6;58.263;0.117;0.026
2022;RO;Cacaulândia;-10.3388728394;-62.9031899346;4150.0;30.0;12.0;57.735;0.169;0.096
2022;RO;Campo Novo de Rondônia;-10.5684164693;-63.6249914265;8844.0;27.589;8.186;64.032;0.158;0.034
2022;RO;Candeias do Jamari;-8.7850207035;-63.7000200718;22308.0;22.75;8.979;67.209;0.444;0.619
2022;RO;Castanheiras;-11.4268422255;-61.9491611965;3233.0;34.117;7.176;58.398;0.062;0.247
2022;RO;Chupinguaia;-12.5568407611;-60.90184775;9324.0;29.365;10.768;56.489;0.021;3.357
2022;RO;Cujubim;-9.3781933991;-62.5871745319;14863.0;26.657;10.698;61.966;0.431;0.249
2022;RO;Governador Jorge Teixeira;-10.6120717726;-62.7404576395;8001.0;27.147;9.786;61.967;0.137;0.962
2022;RO;Itapuã do Oeste;-9.1918716753;-63.1823370165;8548.0;22.847;8.54;68.332;0.105;0.175
2022;RO;Ministro Andreazza;-11.1962379842;-61.5189219301;6466.0;37.349;7.161;55.397;0.046;0.046
2022;RO;Mirante da Serra;-11.0456092899;-62.6694270953;9234.0;32.24;8.209;57.797;0.227;1.527
2022;RO;Monte Negro;-10.2630977559;-63.2955591672;11548.0;30.984;9.335;59.266;0.208;0.208
2022;RO;Nova União;-10.9155320417;-62.5550893989;6200.0;29.629;10.032;60.065;0.129;0.145
2022;RO;Parecis;-12.1798270507;-61.5979979727;4125.0;29.891;9.358;58.764;0.17;1.818
2022;RO;Pimenteiras do Oeste;-13.4765620025;-61.0443790025;2156.0;27.922;18.599;52.319;0.51;0.649
2022;RO;Primavera de Rondônia;-11.8257069542;-61.3165462429;3076.0;38.979;6.892;53.901;0.195;0.033
2022;RO;São Felipe d'Oeste;-11.9143893547;-61.5125081133;5258.0;38.684;5.553;55.325;0.399;0.038
2022;RO;São Francisco do Guaporé;-12.0637984122;-63.5708647108;16286.0;33.827;8.05;55.225;0.141;2.757
2022;RO;Seringueiras;-11.7671166356;-63.0387609977;11171.0;34.267;7.17;57.828;0.233;0.501
2022;RO;Teixeirópolis;-10.932169286;-62.255922254;4256.0;32.119;9.211;58.412;0.188;0.07
2022;RO;Theobroma;-10.248730552;-62.3451455299;8113.0;30.088;8.308;61.321;0.185;0.099
2022;RO;Urupá;-11.1285452757;-62.3706324538;10725.0;28.793;6.573;64.224;0.308;0.103
2022;RO;Vale do Anari;-9.8513927081;-62.1768234421;7788.0;27.542;9.284;62.943;0.09;0.141
2022;RO;Vale do Paraíso;-10.4310526846;-62.1343903568;6479.0;28.816;8.057;63.05;0.031;0.046
2022;AC;Acrelândia;-10.0737938925;-67.05231658;14021.0;24.799;11.911;62.677;0.399;0.214
2022;AC;Assis Brasil;-10.9428656809;-69.5634591747;8099.0;16.125;4.334;64.625;0.161;14.755
2022;AC;Brasiléia;-11.0164110191;-68.747943426;26000.0;19.496;6.392;72.912;0.135;1.065
2022;AC;Bujari;-9.8200196267;-67.9518592792;12917.0;20.392;14.733;64.256;0.387;0.232
2022;AC;Capixaba;-10.5697677088;-67.6735079719;10392.0;13.789;9.738;76.039;0.366;0.067
2022;AC;Cruzeiro do Sul;-7.630690005;-72.6725313174;91885.0;22.889;7.791;67.41;0.133;1.776
2022;AC;Epitaciolândia;-11.028239828;-68.7448680667;18757.0;18.313;7.805;73.668;0.075;0.139
2022;AC;Feijó;-8.16024753;-70.3539836082;35425.0;21.965;6.538;59.599;0.068;11.831
2022;AC;Jordão;-9.1933578598;-71.9508751248;9222.0;11.039;5.888;41.846;0.108;41.119
2022;AC;Mâncio Lima;-7.5932225939;-72.9165010261;19294.0;15.248;6.556;67.332;0.202;10.661
2022;AC;Manoel Urbano;-8.8363177369;-69.2599445775;11995.0;15.323;12.53;64.068;0.117;7.962
2022;AC;Marechal Thaumaturgo;-8.9535911232;-72.7902659087;17093.0;16.241;7.213;58.849;0.281;17.416
2022;AC;Plácido de Castro;-10.3351332827;-67.1882600862;16560.0;21.135;9.68;68.702;0.169;0.314
2022;AC;Porto Walter;-8.2666663628;-72.7423339648;10735.0;21.602;5.151;65.925;0.047;7.275
2022;AC;Rio Branco;-9.9782987527;-67.8105287004;364754.0;24.35;9.463;65.405;0.299;0.483
2022;AC;Rodrigues Alves;-7.7336020337;-72.6478549142;14938.0;17.854;7.705;73.544;0.382;0.515
2022;AC;Santa Rosa do Purus;-9.4434065374;-70.4864968938;6723.0;7.69;1.309;27.726;0.015;63.26
2022;AC;Senador Guiomard;-10.1481735862;-67.74317236;21454.0;18.924;9.066;71.646;0.205;0.158
2022;AC;Sena Madureira;-9.065339505;-68.6556840617;41343.0;15.683;5.133;75.265;0.092;3.827
2022;AC;Tarauacá;-8.1556685918;-70.7555010629;43465.0;19.022;7.799;65.384;0.133;7.661
2022;AC;Xapuri;-10.6520719403;-68.506294805;18243.0;17.163;8.003;74.385;0.219;0.23
2022;AC;Porto Acre;-9.6008582312;-67.5405900835;16693.0;20.895;13.029;65.261;0.329;0.485
2022;AM;Alvarães;-3.2165837691;-64.8135346776;15866.0;6.555;2.874;71.808;0.013;18.751
2022;AM;Amaturá;-3.3668051875;-68.2096146409;10819.0;2.717;3.42;37.185;0.009;56.669
2022;AM;Anamã;-3.5763704269;-61.4059034798;9962.0;12.698;2.76;78.016;0.02;6.505
2022;AM;Anori;-3.7453855861;-61.6589553829;17194.0;11.51;6.171;79.766;0.041;2.513
2022;AM;Apuí;-7.1978701516;-59.8856661047;20647.0;26.081;8.592;63.491;0.344;1.492
2022;AM;Atalaia do Norte;-4.3661574897;-70.1879892845;15314.0;9.769;3.5;40.264;0.059;46.409
2022;AM;Autazes;-3.5786636418;-59.1335670918;41564.0;10.721;2.247;49.682;0.06;37.289
2022;AM;Barcelos;-0.9728010525;-62.9256696581;18834.0;6.053;2.554;38.919;0.08;52.395
2022;AM;Barreirinha;-2.7981498369;-57.0677504899;31051.0;8.296;8.389;63.444;0.042;19.829
2022;AM;Benjamin Constant;-4.3749890186;-70.0273484333;37648.0;6.324;3.315;51.604;0.011;38.746
2022;AM;Beruri;-3.8945134098;-61.3715708917;20718.0;11.415;3.697;75.22;0.029;9.639
2022;AM;Boa Vista do Ramos;-2.9717265316;-57.5877073465;23785.0;3.881;1.249;92.684;0.029;2.157
2022;AM;Boca do Acre;-8.7512431961;-67.3995777567;35447.0;22.879;6.675;64.984;0.133;5.329
2022;AM;Borba;-4.3906198915;-59.5945590195;33080.0;10.426;3.18;66.79;0.085;19.519
2022;AM;Caapiranga;-3.3300933919;-61.2113341332;13467.0;11.732;2.97;84.993;0.022;0.282
2022;AM;Canutama;-6.5291060758;-64.3942308189;16866.0;18.985;4.008;70.177;0.047;6.783
2022;AM;Carauari;-4.8816659042;-66.8966352817;28741.0;19.011;6.593;72.84;0.035;1.52
2022;AM;Careiro;-3.82244727;-60.3638098437;30792.0;18.066;4.946;73.483;0.172;3.332
2022;AM;Careiro da Várzea;-3.1973965949;-59.8263140608;19636.0;16.113;5.189;72.489;0.107;6.101
2022;AM;Coari;-4.0842191588;-63.1421839841;70614.0;12.393;5.856;75.455;0.116;6.18
2022;AM;Codajás;-3.8430459327;-62.0634296605;23549.0;13.181;4.37;82.254;0.025;0.17
2022;AM;Eirunepé;-6.6673525669;-69.8662902624;33169.0;19.0;7.383;67.789;0.03;5.798
2022;AM;Envira;-7.439817544;-70.030412543;17185.0;25.569;6.383;62.141;0.012;5.895
2022;AM;Fonte Boa;-2.5122706845;-66.0965029898;25869.0;10.793;4.79;71.302;0.012;13.104
2022;AM;Guajará;-7.5477744148;-72.5824305383;13815.0;22.02;5.704;71.502;0.08;0.695
2022;AM;Humaitá;-7.5122249506;-63.0266980219;57473.0;21.607;6.293;66.871;0.106;5.122
2022;AM;Ipixuna;-7.0509801144;-71.6944180603;24309.0;18.331;4.702;68.024;0.107;8.836
2022;AM;Iranduba;-3.2810538776;-60.1933881661;61163.0;16.296;5.739;76.337;0.203;1.426
2022;AM;Itacoatiara;-3.1403788039;-58.4401754368;103595.0;15.726;4.842;77.522;0.103;1.807
2022;AM;Itamarati;-6.4377993486;-68.247917436;10937.0;19.777;4.873;57.932;0.037;17.381
2022;AM;Itapiranga;-2.7418427523;-58.034545884;10162.0;14.771;3.425;81.027;0.148;0.63
2022;AM;Japurá;-1.8808448587;-66.9969034946;8857.0;10.636;5.634;61.601;0.011;22.118
2022;AM;Juruá;-3.4748895989;-66.0630419255;10742.0;12.512;8.779;71.514;0.074;7.122
2022;AM;Jutaí;-2.7446464469;-66.7713275467;25172.0;7.953;2.495;67.142;0.044;22.366
2022;AM;Lábrea;-7.2619465533;-64.7947730275;45448.0;16.076;4.495;61.12;0.103;18.205
2022;AM;Manacapuru;-3.2982780355;-60.6205894459;101883.0;12.387;3.826;82.926;0.047;0.815
2022;AM;Manaquiri;-3.4290796694;-60.4588813064;17107.0;12.591;4.156;77.325;0.082;5.846
2022;AM;Manaus;-3.1346914912;-60.0233351811;2063616.0;23.729;5.58;69.562;0.216;0.914
2022;AM;Manicoré;-5.8132052612;-61.2992484089;53914.0;17.374;3.904;72.018;0.082;6.622
2022;AM;Maraã;-1.8664368773;-65.5742837032;15527.0;9.326;4.978;72.551;0.058;13.087
2022;AM;Maués;-3.3864279262;-57.7150343868;61204.0;8.218;2.296;76.188;0.056;13.243
2022;AM;Nhamundá;-2.1889837669;-56.7167699133;20136.0;7.136;1.723;86.204;0.02;4.917
2022;AM;Nova Olinda do Norte;-3.8875928319;-59.093074026;27062.0;11.851;3.448;72.116;0.048;12.538
2022;AM;Novo Airão;-2.623432459;-60.9488107078;15761.0;11.186;6.827;63.974;0.076;17.937
2022;AM;Novo Aripuanã;-5.1226693142;-60.377045669;23818.0;12.692;5.483;79.923;0.025;1.877
2022;AM;Parintins;-2.6270525858;-56.7362921452;96367.0;10.903;3.296;83.641;0.131;2.03
2022;AM;Pauini;-7.7140436443;-67.0020974885;19373.0;14.794;4.759;65.369;0.036;15.042
2022;AM;Presidente Figueiredo;-2.0584290852;-60.0256468345;30667.0;18.495;6.075;72.648;0.153;2.628
2022;AM;Rio Preto da Eva;-2.6933015416;-59.7047380942;24936.0;16.374;6.866;73.58;0.132;3.048
2022;AM;Santa Isabel do Rio Negro;-0.4166948319;-65.0200226395;14164.0;1.638;1.384;12.066;0.078;84.835
2022;AM;Santo Antônio do Içá;-3.1074863092;-67.9464851439;28211.0;4.027;1.574;43.639;0.007;50.753
2022;AM;São Gabriel da Cachoeira;-0.1364627881;-67.0836428963;51791.0;3.248;0.861;7.206;0.023;88.662
2022;AM;São Paulo de Olivença;-3.4665096235;-68.9448534881;32966.0;2.378;0.931;36.337;0.018;60.335
2022;AM;São Sebastião do Uatumã;-2.5701525797;-57.8703463558;11670.0;16.915;2.528;79.974;0.094;0.488
2022;AM;Silves;-2.8364274297;-58.2148008608;11557.0;9.129;6.412;80.384;0.043;4.032
2022;AM;Tabatinga;-4.2318836756;-69.9462443752;66762.0;9.839;2.802;46.037;0.103;41.218
2022;AM;Tapauá;-5.6242235178;-63.1870948672;19597.0;12.226;5.271;68.22;0.01;14.273
2022;AM;Tefé;-3.3483724939;-64.7084196633;73666.0;9.0;3.781;76.588;0.057;10.575
2022;AM;Tonantins;-2.8610912498;-67.7764822807;19247.0;3.678;1.325;56.793;0.0;38.203
2022;AM;Uarini;-2.9836092427;-65.1553456402;14430.0;7.956;1.774;71.254;0.069;18.947
2022;AM;Urucará;-2.5366116718;-57.7598281746;18631.0;10.912;1.75;86.206;0.091;1.041
2022;AM;Urucurituba;-3.1346331156;-58.1596410413;23945.0;13.372;2.477;83.704;0.276;0.171
2022;RR;Amajari;3.6521184454;-61.4205901727;13927.0;7.022;3.727;23.645;0.093;65.513
2022;RR;Alto Alegre;2.9938229477;-61.3140223901;21096.0;7.618;3.309;30.712;0.024;58.338
2022;RR;Boa Vista;2.8166819191;-60.670532673;413117.0;24.749;8.506;62.186;0.147;4.412
2022;RR;Bonfim;3.3502886191;-59.8780066289;13923.0;7.24;3.835;45.543;0.043;43.338
2022;RR;Cantá;2.6076663984;-60.6020628476;18682.0;13.403;6.129;56.397;0.027;24.045
2022;RR;Caracaraí;1.8038712473;-61.1491768701;20957.0;16.128;8.503;69.223;0.243;5.903
2022;RR;Caroebe;0.8726745072;-59.6948100737;10656.0;22.748;9.919;59.713;0.019;7.601
2022;RR;Iracema;2.1682147652;-61.052258585;10023.0;13.848;9.867;58.885;0.1;17.3
2022;RR;Mucajaí;2.4797722351;-60.9115185306;18095.0;17.497;7.184;71.224;0.039;4.056
2022;RR;Normandia;3.8829782853;-59.6352062836;13986.0;2.967;0.965;19.934;0.014;76.119
2022;RR;Pacaraima;4.4752593402;-61.1473063471;18582.0;14.288;4.854;26.214;0.038;54.607
2022;RR;Rorainópolis;0.9371953936;-60.425060494;32647.0;18.342;9.235;69.722;0.153;2.548
2022;RR;São João da Baliza;0.9471574275;-59.9060443452;8858.0;20.942;11.628;61.289;0.056;6.085
2022;RR;São Luiz;1.0181116274;-60.0282667742;7315.0;20.697;12.29;66.439;0.164;0.41
2022;RR;Uiramutã;4.5854403875;-60.195716148;13751.0;0.989;0.371;4.167;0.022;94.451
2022;PA;Abaetetuba;-1.7234698628;-48.8844038207;157896.0;18.762;10.067;71.051;0.068;0.053
2022;PA;Abel Figueiredo;-4.9513908955;-48.3967621258;6136.0;20.013;10.43;69.394;0.0;0.163
2022;PA;Acará;-1.9634365;-48.2004564318;59023.0;9.63;14.406;75.815;0.11;0.039
2022;PA;Afuá;-0.1591716938;-50.3914275892;37763.0;14.485;6.798;78.622;0.064;0.032
2022;PA;Água Azul do Norte;-6.8049488674;-50.4852745073;18078.0;24.621;10.117;64.216;0.072;0.974
2022;PA;Alenquer;-1.951397505;-54.7408623502;69376.0;15.035;7.791;77.063;0.059;0.052
2022;PA;Almeirim;-1.5273388028;-52.5768350868;34280.0;14.883;7.535;74.382;0.035;3.165
2022;PA;Altamira;-3.20565951;-52.2143763052;126278.0;23.059;10.246;61.727;0.261;4.707
2022;PA;Anajás;-0.984451394;-49.9450010405;28011.0;13.923;5.748;80.283;0.029;0.018
2022;PA;Ananindeua;-1.3687135683;-48.3720666542;478763.0;23.416;11.191;65.089;0.198;0.106
2022;PA;Anapu;-3.4761046351;-51.2016217985;31850.0;19.41;10.98;65.981;0.675;2.954
2022;PA;Augusto Corrêa;-1.02292101;-46.6416457857;44573.0;11.267;3.208;85.489;0.018;0.018
2022;PA;Aurora do Pará;-2.1293760132;-47.5561746036;23774.0;12.64;11.008;76.07;0.076;0.206
2022;PA;Aveiro;-3.6055952593;-55.3307343898;18290.0;9.404;5.489;68.786;0.098;16.222
2022;PA;Bagre;-1.8898080604;-50.2219869206;31892.0;9.987;9.325;80.666;0.019;0.003
2022;PA;Baião;-2.7919618614;-49.6727533733;51641.0;11.532;22.875;65.471;0.023;0.099
2022;PA;Bannach;-7.3510721924;-50.4060471215;4031.0;18.01;10.27;66.162;0.198;5.358
2022;PA;Barcarena;-1.505767005;-48.6270728925;126648.0;17.761;8.284;73.546;0.185;0.224
2022;PA;Belém;-1.459845;-48.4878256875;1303341.0;26.277;11.462;61.849;0.253;0.159
2022;PA;Belterra;-2.6490201695;-54.9426747393;18099.0;13.227;5.177;77.419;0.287;3.89
2022;PA;Benevides;-1.361437515;-48.2418364506;63567.0;18.941;9.845;70.92;0.187;0.107
2022;PA;Bom Jesus do Tocantins;-5.0473627043;-48.5990399591;18005.0;22.011;7.298;64.61;0.1;5.982
2022;PA;Bonito;-1.3674743569;-47.3058918169;12622.0;16.44;5.387;78.086;0.071;0.016
2022;PA;Bragança;-1.0535239562;-46.7657542137;123080.0;13.35;4.398;82.13;0.046;0.076
2022;PA;Brasil Novo;-3.297803704;-52.5434411923;24717.0;24.259;11.531;62.536;0.085;1.59
2022;PA;Brejo Grande do Araguaia;-5.7072961538;-48.4057604224;6783.0;16.807;11.529;70.382;0.074;1.209
2022;PA;Breu Branco;-3.7781354129;-49.5698796833;45712.0;17.035;11.494;71.154;0.107;0.21
2022;PA;Breves;-1.6907365;-50.480894799;106968.0;14.857;7.073;77.863;0.11;0.097
2022;PA;Bujaru;-1.5139914623;-48.0358750144;24383.0;10.442;12.55;76.824;0.078;0.107
2022;PA;Cachoeira do Piriá;-1.7528970049;-46.5473914166;19630.0;13.816;12.583;73.418;0.025;0.158
2022;PA;Cachoeira do Arari;-1.0087862656;-48.9606675774;23981.0;8.857;14.628;76.39;0.058;0.067
2022;PA;Cametá;-2.24683848;-49.497830169;134183.0;17.261;7.874;74.732;0.041;0.093
2022;PA;Canaã dos Carajás;-6.5321966156;-49.8489584319;77079.0;21.658;9.75;68.172;0.265;0.156
2022;PA;Capanema;-1.192441995;-47.1751261231;70394.0;23.424;5.393;70.827;0.212;0.145
2022;PA;Capitão Poço;-1.7461872932;-47.0628253774;56505.0;14.606;5.414;79.782;0.076;0.122
2022;PA;Castanhal;-1.295756805;-47.9266431419;192252.0;22.305;8.546;68.701;0.374;0.075
2022;PA;Chaves;-0.1624372901;-49.9893186051;20757.0;12.622;12.969;74.1;0.193;0.116
2022;PA;Colares;-0.932091244;-48.2887284319;12868.0;16.825;6.481;76.585;0.016;0.093
2022;PA;Conceição do Araguaia;-8.26486353;-49.2645008125;44613.0;21.521;13.431;64.501;0.318;0.229
2022;PA;Concórdia do Pará;-1.9845214628;-47.949886939;26881.0;13.612;17.09;68.982;0.193;0.123
2022;PA;Cumaru do Norte;-7.8111065369;-50.7715783775;13479.0;16.863;11.143;53.758;0.089;18.147
2022;PA;Curionópolis;-6.0968199522;-49.602214225;19950.0;20.145;10.987;68.637;0.075;0.155
2022;PA;Curralinho;-1.8094234197;-49.7915228471;33903.0;14.527;6.244;79.152;0.038;0.038
2022;PA;Curuá;-1.8899287043;-55.1196786087;14117.0;12.333;5.759;81.83;0.007;0.071
2022;PA;Curuçá;-0.73249551;-47.8512650859;41262.0;17.425;5.232;77.207;0.08;0.056
2022;PA;Dom Eliseu;-4.29077772;-47.555914886;58484.0;22.529;10.507;66.743;0.14;0.08
2022;PA;Eldorado do Carajás;-6.1035251611;-49.3739519422;28192.0;19.601;12.092;68.097;0.078;0.131
2022;PA;Faro;-2.1729752419;-56.7457530173;8728.0;12.935;2.303;83.799;0.011;0.951
2022;PA;Floresta do Araguaia;-7.5587008724;-49.6975784122;17898.0;21.321;10.593;67.795;0.129;0.162
2022;PA;Garrafão do Norte;-1.9316970431;-47.0450460173;24703.0;13.456;6.165;80.229;0.117;0.032
2022;PA;Goianésia do Pará;-3.842468;-49.1010449237;26361.0;19.328;10.849;69.341;0.057;0.425
2022;PA;Gurupá;-1.404918;-51.6436957234;31786.0;16.02;6.267;77.528;0.025;0.16
2022;PA;Igarapé-Açu;-1.124322;-47.622375492;35795.0;19.005;5.889;74.742;0.293;0.07
2022;PA;Igarapé-Miri;-1.983116;-48.9622994689;64831.0;17.749;17.063;65.115;0.037;0.035
2022;PA;Inhangapi;-1.4265819809;-47.9133927466;10325.0;9.976;15.196;74.663;0.097;0.068
2022;PA;Ipixuna do Pará;-2.5575285;-47.4997175888;30329.0;15.655;10.063;74.081;0.086;0.115
2022;PA;Irituia;-1.771474995;-47.4407556128;30954.0;13.646;9.766;76.439;0.11;0.039
2022;PA;Itaituba;-4.26372948;-55.9900488573;123311.0;19.349;10.607;68.284;0.109;1.65
2022;PA;Itupiranga;-5.1288370264;-49.3244258613;49754.0;18.314;12.602;68.071;0.125;0.888
2022;PA;Jacareacanga;-6.2235517314;-57.7663398584;24042.0;7.712;5.049;29.702;0.071;57.466
2022;PA;Jacundá;-4.448405475;-49.1127815626;37704.0;20.738;11.903;67.083;0.164;0.111
2022;PA;Juruti;-2.155252995;-56.0949976884;50881.0;12.266;4.988;82.39;0.136;0.22
2022;PA;Limoeiro do Ajuru;-1.8919485;-49.3815339012;29569.0;17.288;3.876;78.785;0.007;0.044
2022;PA;Mãe do Rio;-2.0477074408;-47.5522901795;34352.0;19.216;8.468;72.133;0.146;0.038
2022;PA;Magalhães Barata;-0.795850156;-47.5991818965;8115.0;16.192;4.67;79.125;0.0;0.012
2022;PA;Marabá;-5.3526057631;-49.1420253334;266523.0;18.215;9.908;71.57;0.1;0.207
2022;PA;Maracanã;-0.76241946;-47.4552679594;25970.0;16.477;5.241;78.202;0.019;0.062
2022;PA;Marapanim;-0.7121509963;-47.7025487538;26573.0;15.678;5.212;79.077;0.008;0.026
2022;PA;Marituba;-1.3464172656;-48.3405358778;111781.0;20.133;10.07;69.608;0.105;0.084
2022;PA;Medicilândia;-3.4454174122;-52.8883453507;27094.0;20.156;9.688;69.831;0.258;0.066
2022;PA;Melgaço;-1.8034466986;-50.7174646977;27880.0;13.737;11.029;75.143;0.05;0.039
2022;PA;Mocajuba;-2.5828729733;-49.5090234613;27198.0;18.63;11.648;69.527;0.022;0.173
2022;PA;Moju;-1.885889;-48.7671991274;84093.0;13.228;13.172;73.238;0.088;0.274
2022;PA;Mojuí dos Campos;-2.68245777;-54.64326888;23501.0;14.893;5.536;79.273;0.111;0.187
2022;PA;Monte Alegre;-2.003328;-54.0733747256;60012.0;16.935;5.947;76.855;0.168;0.095
2022;PA;Muaná;-1.5300262084;-49.2168324425;45368.0;13.331;4.737;81.921;0.009;0.002
2022;PA;Nova Esperança do Piriá;-2.267625989;-46.9620928837;20478.0;15.602;6.92;77.205;0.117;0.156
2022;PA;Nova Ipixuna;-4.923086307;-49.079886938;13951.0;14.744;16.02;69.106;0.072;0.057
2022;PA;Nova Timboteua;-1.2041436475;-47.3932022765;12805.0;16.673;6.638;76.564;0.102;0.023
2022;PA;Novo Progresso;-7.0348359133;-55.419870118;33638.0;29.095;8.089;62.412;0.193;0.211
2022;PA;Novo Repartimento;-4.2481485;-49.9486382443;60731.0;17.787;10.815;69.335;0.221;1.843
2022;PA;Óbidos;-1.9092354959;-55.5163235097;52228.0;15.011;12.252;71.046;0.029;1.662
2022;PA;Oeiras do Pará;-2.004734;-49.8551061088;33844.0;8.388;11.775;79.766;0.027;0.044
2022;PA;Oriximiná;-1.7637535;-55.8627995152;68294.0;13.839;13.219;67.319;0.056;5.567
2022;PA;Ourém;-1.5489471423;-47.1176193629;17855.0;13.481;11.285;74.926;0.09;0.218
2022;PA;Ourilândia do Norte;-6.7406170864;-51.0908327747;32466.0;22.066;9.656;63.716;0.04;4.522
2022;PA;Pacajá;-3.8303057038;-50.6348408304;41097.0;17.004;10.339;72.538;0.039;0.08
2022;PA;Palestina do Pará;-5.7499341062;-48.3217937262;6885.0;18.184;12.709;68.962;0.073;0.073
2022;PA;Paragominas;-2.9941905;-47.3569615611;105431.0;20.307;10.151;68.124;0.158;1.26
2022;PA;Parauapebas;-6.0727298876;-49.9007806343;267826.0;21.173;9.982;67.98;0.131;0.734
2022;PA;Pau d'Arco;-7.836794404;-50.0482755319;6931.0;17.963;8.772;66.542;0.087;6.637
2022;PA;Peixe-Boi;-1.1895692408;-47.3179270216;8285.0;19.264;5.54;75.039;0.121;0.036
2022;PA;Piçarra;-6.4536762346;-48.8684006672;12822.0;16.752;13.102;69.911;0.195;0.039
2022;PA;Placas;-3.8673155621;-54.2169681313;18668.0;22.82;12.433;64.404;0.23;0.112
2022;PA;Ponta de Pedras;-1.3965999975;-48.87178556;24984.0;16.302;8.722;74.844;0.044;0.088
2022;PA;Portel;-1.936451;-50.8224904422;62502.0;13.569;6.72;79.647;0.022;0.042
2022;PA;Porto de Moz;-1.7460900888;-52.242476919;40597.0;11.454;5.515;82.775;0.027;0.229
2022;PA;Prainha;-1.8056945;-53.4818139408;35577.0;10.268;8.362;81.232;0.073;0.065
2022;PA;Primavera;-0.9401115159;-47.1172512589;10850.0;15.032;4.876;79.991;0.074;0.028
2022;PA;Quatipuru;-0.9001158537;-47.0067869936;11524.0;19.334;5.441;75.087;0.035;0.104
2022;PA;Redenção;-8.0276045;-50.0296418255;85593.0;24.645;12.256;62.629;0.122;0.349
2022;PA;Rio Maria;-7.3111152447;-50.0464108775;18384.0;23.733;11.314;64.344;0.413;0.196
2022;PA;Rondon do Pará;-4.777821727;-48.0699737494;53141.0;21.153;7.593;71.028;0.023;0.203
2022;PA;Rurópolis;-4.09906539;-54.9058622599;35769.0;20.372;10.067;69.256;0.112;0.193
2022;PA;Salinópolis;-0.623638;-47.3531202632;44772.0;16.501;4.894;78.366;0.08;0.159
2022;PA;Salvaterra;-0.7545259744;-48.5131865994;24129.0;10.767;21.286;67.819;0.041;0.087
2022;PA;Santa Bárbara do Pará;-1.229439467;-48.2977406498;21087.0;16.166;9.845;73.794;0.081;0.114
2022;PA;Santa Cruz do Arari;-0.6599741256;-49.1716155661;7445.0;13.123;26.125;60.564;0.134;0.054
2022;PA;Santa Izabel do Pará;-1.2973959013;-48.163059941;73018.0;15.866;9.91;73.724;0.382;0.118
2022;PA;Santa Luzia do Pará;-1.5188278914;-46.9061692027;20370.0;16.539;7.595;72.135;0.118;3.613
2022;PA;Santa Maria das Barreiras;-8.8705505397;-49.7193518572;16548.0;21.646;10.237;67.356;0.157;0.604
2022;PA;Santa Maria do Pará;-1.3478664593;-47.5746954138;24624.0;19.765;5.909;72.482;0.24;1.604
2022;PA;Santana do Araguaia;-9.329424525;-50.3448043211;32412.0;21.507;13.304;64.482;0.259;0.447
2022;PA;Santarém;-2.43621333;-54.7185701673;331920.0;16.909;7.227;72.553;0.117;3.194
2022;PA;Santarém Novo;-0.9287195358;-47.4009247449;6116.0;14.16;6.262;79.366;0.147;0.065
2022;PA;Santo Antônio do Tauá;-1.1516925;-48.1324330748;27461.0;18.605;7.046;74.025;0.182;0.142
2022;PA;São Caetano de Odivelas;-0.74661776;-48.0258054981;16666.0;17.275;5.7;76.917;0.072;0.036
2022;PA;São Domingos do Araguaia;-5.549841;-48.7203734108;21091.0;18.539;10.45;70.594;0.147;0.27
2022;PA;São Domingos do Capim;-1.6758145;-47.7747845692;30599.0;11.647;10.183;78.097;0.049;0.023
2022;PA;São Félix do Xingu;-6.6424832783;-51.993782524;65418.0;18.394;9.404;68.363;0.11;3.728
2022;PA;São Francisco do Pará;-1.1701887847;-47.7905146107;14894.0;17.02;5.499;77.179;0.141;0.161
2022;PA;São Geraldo do Araguaia;-6.39895797;-48.5557124862;24254.0;18.653;12.377;66.962;0.099;1.909
2022;PA;São João da Ponta;-0.8510021453;-47.9207241656;4430.0;9.684;2.822;87.427;0.045;0.023
2022;PA;São João de Pirabas;-0.7664425315;-47.1726742979;20689.0;17.048;4.78;78.109;0.044;0.019
2022;PA;São João do Araguaia;-5.3590027244;-48.788633402;13664.0;14.739;13.547;71.436;0.095;0.183
2022;PA;São Miguel do Guamá;-1.6171359145;-47.4824089445;52893.0;10.871;10.659;78.322;0.085;0.062
2022;PA;São Sebastião da Boa Vista;-1.7188505;-49.5323121746;25643.0;19.615;6.115;74.063;0.117;0.09
2022;PA;Sapucaia;-6.9428571126;-49.7035807119;5847.0;18.796;7.474;73.508;0.137;0.086
2022;PA;Senador José Porfírio;-2.5948504183;-51.953056418;22576.0;14.569;11.8;69.822;0.173;3.637
2022;PA;Soure;-0.7259255;-48.5160126623;24204.0;11.362;18.418;70.063;0.05;0.107
2022;PA;Tailândia;-2.9370795;-48.9512816296;72491.0;18.575;11.95;69.144;0.214;0.117
2022;PA;Terra Alta;-1.0348266636;-47.9078083484;10400.0;17.279;6.394;76.125;0.183;0.019
2022;PA;Terra Santa;-2.1081144737;-56.4909047722;18781.0;15.84;3.392;80.597;0.032;0.138
2022;PA;Tomé-Açu;-2.4193668553;-48.1468965866;67585.0;16.036;11.545;70.893;0.743;0.783
2022;PA;Tracuateua;-1.0687840586;-46.8994783371;28595.0;8.984;3.518;87.403;0.028;0.066
2022;PA;Trairão;-4.6998191497;-55.9961700349;15242.0;20.325;8.201;69.171;0.046;2.257
2022;PA;Tucumã;-6.7499720074;-51.1395392466;39548.0;27.266;8.284;64.195;0.157;0.099
2022;PA;Tucuruí;-3.7668890843;-49.6671843672;91304.0;22.674;11.263;65.085;0.096;0.882
2022;PA;Ulianópolis;-3.75719301;-47.503144755;37971.0;23.334;9.046;67.399;0.129;0.092
2022;PA;Uruará;-3.7065285;-53.7370310505;43558.0;21.817;10.122;67.806;0.025;0.23
2022;PA;Vigia;-0.8555325737;-48.1414985852;50829.0;21.492;7.146;71.266;0.047;0.049
2022;PA;Viseu;-1.2032785267;-46.1387652161;58692.0;11.555;5.767;82.524;0.041;0.112
2022;PA;Vitória do Xingu;-2.8837657102;-52.0112603538;15604.0;17.496;10.677;68.361;0.154;3.313
2022;PA;Xinguara;-7.1015128271;-49.9427005844;52893.0;23.385;9.326;67.052;0.13;0.106
2022;AP;Serra do Navio;0.897841041;-52.0035384353;4673.0;22.705;7.918;69.292;0.021;0.064
2022;AP;Amapá;2.0539212447;-50.7932144703;7943.0;18.305;9.681;71.824;0.101;0.088
2022;AP;Pedra Branca do Amapari;0.7768828606;-51.9465942733;12847.0;18.043;9.995;58.862;0.109;12.991
2022;AP;Calçoene;2.4965590446;-50.9447727343;10612.0;16.114;15.285;68.413;0.028;0.16
2022;AP;Cutias;0.9710780554;-50.8016260299;4460.0;13.341;8.543;78.027;0.09;0.0
2022;AP;Ferreira Gomes;0.8539773931;-51.187429046;6666.0;17.012;14.341;68.572;0.06;0.015
2022;AP;Itaubal;0.6006532883;-50.7001794374;5599.0;13.913;12.127;73.692;0.214;0.054
2022;AP;Laranjal do Jari;-0.8556645;-52.5390207369;35114.0;17.415;11.967;70.14;0.066;0.413
2022;AP;Macapá;0.03895101;-51.057405457;442925.0;23.513;12.777;63.346;0.12;0.244
2022;AP;Mazagão;-0.1243963288;-51.2860768561;21924.0;14.76;13.88;71.164;0.087;0.109
2022;AP;Oiapoque;3.8511307326;-51.8305525553;27482.0;14.406;9.388;49.636;0.055;26.516
2022;AP;Porto Grande;0.7125547018;-51.414448823;17848.0;18.938;9.587;71.1;0.219;0.157
2022;AP;Pracuúba;1.7425084871;-50.7842537213;3803.0;13.2;12.464;74.231;0.026;0.079
2022;AP;Santana;-0.0383734791;-51.1728464651;107616.0;21.256;8.643;69.991;0.054;0.056
2022;AP;Tartarugalzinho;1.5098482403;-50.9127861523;12945.0;14.623;13.109;72.121;0.062;0.085
2022;AP;Vitória do Jari;-0.9189770885;-52.4196147796;11290.0;16.528;8.866;74.517;0.062;0.027
2022;TO;Abreulândia;-9.621790712;-49.1624375555;2576.0;26.087;12.811;60.365;0.699;0.039
2022;TO;Aguiarnópolis;-6.5471708206;-47.4704565879;4497.0;18.323;9.718;71.87;0.0;0.089
2022;TO;Aliança do Tocantins;-11.3037430465;-48.9412400221;5147.0;21.177;14.047;64.542;0.097;0.136
2022;TO;Almas;-11.5745234694;-47.1741716842;6499.0;12.617;22.496;64.795;0.062;0.031
2022;TO;Alvorada;-12.4788153208;-49.1268114067;8802.0;28.334;7.01;64.451;0.102;0.102
2022;TO;Ananás;-6.3628181541;-48.0797646062;10325.0;19.293;11.148;69.337;0.136;0.087
2022;TO;Angico;-6.3877527497;-47.8620778392;2876.0;20.758;15.96;63.074;0.035;0.174
2022;TO;Aparecida do Rio Negro;-9.9558777146;-47.9766700114;4856.0;19.11;10.379;69.996;0.062;0.453
2022;TO;Aragominas;-7.1643492714;-48.5234301923;5289.0;19.002;15.977;64.436;0.189;0.397
2022;TO;Araguacema;-8.8018025441;-49.5618126396;5927.0;19.42;12.755;67.505;0.051;0.27
2022;TO;Araguaçu;-12.9255837119;-49.8286124433;8133.0;28.12;10.082;61.257;0.111;0.43
2022;TO;Araguaína;-7.1913289397;-48.2087052519;171297.0;26.465;12.961;60.089;0.276;0.21
2022;TO;Araguanã;-6.58224942;-48.6437495469;4310.0;20.023;15.824;64.037;0.0;0.116
2022;TO;Araguatins;-5.650586473;-48.123507343;31918.0;19.184;15.747;64.825;0.113;0.132
2022;TO;Arapoema;-7.6525697354;-49.0756373853;5550.0;24.018;13.351;62.559;0.036;0.036
2022;TO;Arraias;-12.9344198593;-46.9461070586;10287.0;8.564;34.714;56.382;0.243;0.097
2022;TO;Augustinópolis;-5.4654142959;-47.880956791;17484.0;19.469;13.349;66.953;0.109;0.12
2022;TO;Aurora do Tocantins;-12.7084898611;-46.4070829809;3342.0;14.632;17.235;68.013;0.09;0.03
2022;TO;Axixá do Tocantins;-5.6243090659;-47.7741560325;10262.0;16.361;10.856;72.598;0.146;0.039
2022;TO;Babaçulândia;-7.2018645321;-47.758816127;7880.0;20.127;12.449;67.221;0.038;0.165
2022;TO;Bandeirantes do Tocantins;-7.7648591413;-48.5783806049;3407.0;23.98;12.151;63.634;0.117;0.117
2022;TO;Barra do Ouro;-7.6917665987;-47.6871349692;4476.0;17.583;13.561;68.342;0.112;0.402
2022;TO;Barrolândia;-9.8316533645;-48.7314605907;4846.0;32.377;10.359;56.789;0.083;0.392
2022;TO;Bernardo Sayão;-7.8685124833;-48.8990543467;4229.0;26.153;9.222;64.507;0.071;0.047
2022;TO;Bom Jesus do Tocantins;-8.9633480129;-48.1663804935;4038.0;17.211;10.525;71.496;0.347;0.421
2022;TO;Brasilândia do Tocantins;-8.3848893511;-48.4853744191;1974.0;18.186;15.451;66.16;0.051;0.152
2022;TO;Brejinho de Nazaré;-11.0108050562;-48.5586602282;4725.0;12.783;28.72;58.18;0.169;0.148
2022;TO;Buriti do Tocantins;-5.3135388564;-48.2232501281;10307.0;17.182;11.73;70.864;0.019;0.204
2022;TO;Cachoeirinha;-6.1132416465;-47.9141977786;1961.0;16.879;9.383;72.106;0.051;1.581
2022;TO;Campos Lindos;-7.9716813941;-46.8019743467;8653.0;20.929;9.28;69.687;0.035;0.069
2022;TO;Cariri do Tocantins;-11.8889974639;-49.171040729;4007.0;25.43;10.282;63.888;0.275;0.125
2022;TO;Carmolândia;-7.0314787779;-48.3959599306;2201.0;19.9;17.628;61.745;0.409;0.318
2022;TO;Carrasco Bonito;-5.3226613549;-48.0306334266;3318.0;14.768;17.722;67.209;0.181;0.121
2022;TO;Caseara;-9.2674062189;-49.9486922678;4847.0;25.108;7.799;66.742;0.021;0.33
2022;TO;Centenário;-8.9584636391;-47.3383985146;2131.0;10.699;10.465;78.695;0.047;0.094
2022;TO;Chapada de Areia;-10.1419885833;-49.183107858;1501.0;19.787;11.592;68.354;0.067;0.2
2022;TO;Chapada da Natividade;-11.6242678314;-47.7539048919;3117.0;9.208;19.442;71.03;0.321;0.0
2022;TO;Colinas do Tocantins;-8.0546246755;-48.4815945437;34232.0;26.975;12.602;59.915;0.286;0.222
2022;TO;Combinado;-12.818607672;-46.5520723403;4756.0;22.813;13.625;63.352;0.168;0.042
2022;TO;Conceição do Tocantins;-12.217277767;-47.2928688108;3887.0;9.622;37.252;52.997;0.129;0.0
2022;TO;Couto Magalhães;-8.3551183696;-49.1765715709;5331.0;22.228;9.342;68.336;0.038;0.056
2022;TO;Cristalândia;-10.5907246371;-49.1863002913;6371.0;22.493;13.499;63.695;0.173;0.141
2022;TO;Crixás do Tocantins;-11.1042742936;-48.9155138256;1470.0;18.095;12.041;69.592;0.204;0.068
2022;TO;Darcinópolis;-6.7123510015;-47.7521611103;5826.0;26.691;8.514;64.624;0.137;0.034
2022;TO;Dianópolis;-11.6252318781;-46.8204090669;17739.0;16.748;16.111;67.022;0.079;0.039
2022;TO;Divinópolis do Tocantins;-9.7953011402;-49.2054131874;7024.0;28.63;9.98;61.19;0.057;0.142
2022;TO;Dois Irmãos do Tocantins;-9.2612967098;-49.0673386443;6327.0;24.451;13.814;61.04;0.237;0.458
2022;TO;Dueré;-11.3412854168;-49.2658759162;4248.0;21.728;12.147;65.654;0.024;0.447
2022;TO;Esperantina;-5.3666080594;-48.5441476004;7530.0;16.853;19.987;62.377;0.345;0.438
2022;TO;Fátima;-10.7525087281;-48.8989826587;3467.0;21.719;9.922;68.013;0.231;0.115
2022;TO;Figueirópolis;-12.1367799832;-49.1738467307;5211.0;23.911;10.516;65.343;0.058;0.173
2022;TO;Filadélfia;-7.3376119059;-47.4849641415;7712.0;21.317;12.98;65.521;0.065;0.117
2022;TO;Formoso do Araguaia;-11.8051419686;-49.5268603629;18881.0;20.873;9.804;61.067;0.058;8.199
2022;TO;Fortaleza do Tabocão;-9.0589653011;-48.517426421;3455.0;23.705;11.027;64.805;0.26;0.203
2022;TO;Goianorte;-8.7705208048;-48.9368901924;4738.0;29.168;7.598;62.959;0.127;0.148
2022;TO;Goiatins;-7.7091723902;-47.3154354892;12433.0;14.413;9.008;55.506;0.056;21.017
2022;TO;Guaraí;-8.8361656575;-48.5086406065;24775.0;25.671;9.683;64.073;0.42;0.153
2022;TO;Gurupi;-11.7297723229;-49.0714774689;85119.0;27.534;11.648;60.304;0.162;0.351
2022;TO;Ipueiras;-11.2462886216;-48.4519262289;1590.0;12.39;22.264;65.157;0.0;0.189
2022;TO;Itacajá;-8.3909805523;-47.7681124027;6819.0;19.299;9.268;54.348;0.029;17.055
2022;TO;Itaguatins;-5.7753850884;-47.479935949;5172.0;16.531;11.582;71.172;0.019;0.696
2022;TO;Itapiratins;-8.3843295934;-48.1111996095;3577.0;20.129;11.574;67.878;0.196;0.224
2022;TO;Itaporã do Tocantins;-8.5688286116;-48.6932637032;2404.0;23.003;12.354;64.351;0.042;0.25
2022;TO;Jaú do Tocantins;-12.6529263693;-48.5946082927;3334.0;23.395;14.397;61.818;0.36;0.03
2022;TO;Juarina;-8.1174239676;-49.0986431854;2243.0;18.948;12.572;68.435;0.0;0.045
2022;TO;Lagoa da Confusão;-10.7886955576;-49.6200853391;15288.0;18.184;11.015;56.378;0.085;14.338
2022;TO;Lagoa do Tocantins;-10.296886697;-47.5614466303;3514.0;18.042;13.745;67.871;0.228;0.114
2022;TO;Lajeado;-9.7446824357;-48.3585039507;3357.0;17.128;12.183;70.271;0.03;0.387
2022;TO;Lavandeira;-12.7916587877;-46.5066757157;1626.0;15.006;20.91;64.084;0.0;0.0
2022;TO;Lizarda;-9.5945702878;-46.6751654558;2999.0;13.838;9.57;76.425;0.1;0.067
2022;TO;Luzinópolis;-6.1939896602;-47.8568280414;2717.0;21.862;12.183;65.845;0.074;0.037
2022;TO;Marianópolis do Tocantins;-9.7988803594;-49.6510339944;4615.0;21.538;5.179;73.109;0.108;0.065
2022;TO;Mateiros;-10.5444288461;-46.4124657431;2748.0;15.539;23.69;60.771;0.0;0.0
2022;TO;Maurilândia do Tocantins;-5.9525664212;-47.5048799602;3095.0;13.99;10.985;60.162;0.0;14.863
2022;TO;Miracema do Tocantins;-9.5683460776;-48.3879913115;18565.0;22.106;14.969;62.165;0.135;0.625
2022;TO;Miranorte;-9.5174047311;-48.5926319369;12701.0;27.581;11.621;60.641;0.102;0.055
2022;TO;Monte do Carmo;-10.7635421946;-48.1104200299;5694.0;13.681;20.917;64.366;0.334;0.702
2022;TO;Monte Santo do Tocantins;-10.0055914318;-48.9908906034;2396.0;26.962;6.469;65.943;0.584;0.042
2022;TO;Palmeiras do Tocantins;-6.6118623346;-47.5586835263;4872.0;20.874;16.051;62.746;0.267;0.062
2022;TO;Muricilândia;-7.1385192852;-48.606745277;3365.0;18.544;27.043;54.116;0.119;0.178
2022;TO;Natividade;-11.7053573825;-47.7272575338;8754.0;11.241;27.667;61.012;0.011;0.069
2022;TO;Nazaré;-6.3725579693;-47.6669771825;4521.0;17.496;17.209;64.764;0.155;0.376
2022;TO;Nova Olinda;-7.6333149107;-48.42480679;10367.0;22.408;11.141;66.326;0.116;0.01
2022;TO;Nova Rosalândia;-10.5668711393;-48.9061807245;3356.0;22.348;12.932;64.303;0.03;0.387
2022;TO;Novo Acordo;-9.9684864657;-47.6681483922;3969.0;15.268;10.406;73.696;0.252;0.378
2022;TO;Novo Alegre;-12.9099386744;-46.5772973537;1846.0;23.185;15.33;61.376;0.108;0.0
2022;TO;Novo Jardim;-11.8158750501;-46.6307872959;2230.0;14.709;11.928;73.229;0.0;0.135
2022;TO;Oliveira de Fátima;-10.7083627091;-48.9074015689;1164.0;25.601;6.615;67.784;0.0;0.0
2022;TO;Palmeirante;-7.8575613761;-47.934249709;4794.0;17.105;13.579;68.732;0.146;0.438
2022;TO;Palmeirópolis;-13.0398884337;-48.4134139552;6975.0;24.645;11.556;63.556;0.143;0.1
2022;TO;Paraíso do Tocantins;-10.171220755;-48.886630084;52357.0;29.69;8.597;61.107;0.376;0.229
2022;TO;Paranã;-12.6204814887;-47.8840837284;10542.0;7.086;27.775;64.722;0.266;0.152
2022;TO;Pau d'Arco;-7.5399983557;-49.363306481;4043.0;22.285;12.713;65.001;0.0;0.0
2022;TO;Pedro Afonso;-8.9644495924;-48.1775561127;14055.0;21.224;8.673;69.278;0.171;0.655
2022;TO;Peixe;-12.0297738309;-48.5378106263;9317.0;16.583;21.209;61.586;0.386;0.236
2022;TO;Pequizeiro;-8.5933406544;-48.9351798669;4921.0;23.125;9.226;67.446;0.203;0.0
2022;TO;Colméia;-8.7293718068;-48.7570665857;8938.0;29.112;10.338;60.349;0.101;0.101
2022;TO;Pindorama do Tocantins;-11.1382025847;-47.5756877173;4477.0;18.495;12.151;69.109;0.067;0.179
2022;TO;Piraquê;-6.7697770334;-48.2937073911;2282.0;17.528;16.477;65.557;0.351;0.088
2022;TO;Pium;-10.4409311179;-49.1666580116;7128.0;20.286;12.247;53.563;0.351;13.552
2022;TO;Ponte Alta do Bom Jesus;-12.0878129084;-46.4695867924;4220.0;11.611;5.592;82.464;0.332;0.0
2022;TO;Ponte Alta do Tocantins;-10.7406728487;-47.5411803583;7585.0;16.401;15.847;67.343;0.29;0.119
2022;TO;Porto Alegre do Tocantins;-11.6072590991;-47.0474256004;2866.0;11.375;21.598;66.539;0.454;0.035
2022;TO;Porto Nacional;-10.708569917;-48.4121534584;64416.0;19.925;16.328;63.174;0.307;0.265
2022;TO;Praia Norte;-5.3967128774;-47.8147317333;9044.0;12.87;10.537;76.559;0.022;0.011
2022;TO;Presidente Kennedy;-8.5299608276;-48.5043306701;3047.0;22.645;8.599;68.658;0.0;0.098
2022;TO;Pugmil;-10.4243071562;-48.8942204488;2193.0;27.816;12.813;58.824;0.456;0.091
2022;TO;Recursolândia;-8.7353604539;-47.238041195;3421.0;14.177;5.32;80.357;0.0;0.146
2022;TO;Riachinho;-6.4422113877;-48.141045502;3960.0;19.722;11.641;68.586;0.025;0.025
2022;TO;Rio da Conceição;-11.4049400239;-46.8803997046;1768.0;12.557;15.611;71.776;0.057;0.0
2022;TO;Rio dos Bois;-9.3437422387;-48.5330479716;2738.0;18.444;9.788;71.585;0.11;0.073
2022;TO;Rio Sono;-9.3477893341;-47.8999416391;4841.0;15.534;5.825;78.393;0.103;0.145
2022;TO;Sampaio;-5.3492956165;-47.8757924572;4215.0;16.679;17.817;65.314;0.0;0.19
2022;TO;Sandolândia;-12.5416001675;-49.9333881543;3723.0;23.529;9.643;60.247;0.027;6.554
2022;TO;Santa Fé do Araguaia;-7.149936385;-48.6939418034;7216.0;20.261;16.353;57.982;0.097;5.308
2022;TO;Santa Maria do Tocantins;-8.7749764493;-47.7452704192;2680.0;26.455;9.851;61.119;1.082;1.493
2022;TO;Santa Rita do Tocantins;-10.8664553694;-48.9092940074;2219.0;20.189;8.112;71.474;0.09;0.135
2022;TO;Santa Rosa do Tocantins;-11.4514039985;-48.1199542218;4647.0;8.393;25.759;64.945;0.775;0.129
2022;TO;Santa Tereza do Tocantins;-10.2823615278;-47.8062883215;2781.0;16.253;22.294;61.021;0.36;0.072
2022;TO;Santa Terezinha do Tocantins;-6.4369976184;-47.684285363;2406.0;20.948;11.097;67.914;0.042;0.0
2022;TO;São Bento do Tocantins;-6.0449992572;-47.9193922871;5654.0;14.981;8.719;74.814;0.053;1.433
2022;TO;São Félix do Tocantins;-10.173285854;-46.654980831;1783.0;11.834;19.63;67.975;0.28;0.28
2022;TO;São Miguel do Tocantins;-5.5538195288;-47.5730023394;13240.0;17.387;21.224;60.823;0.272;0.295
2022;TO;São Salvador do Tocantins;-12.7474334145;-48.2320849917;2385.0;12.327;25.577;61.929;0.126;0.042
2022;TO;São Sebastião do Tocantins;-5.2589614537;-48.203834149;4100.0;17.073;17.707;65.171;0.024;0.024
2022;TO;São Valério;-11.9730674595;-48.2329484334;4422.0;15.061;15.038;69.878;0.023;0.0
2022;TO;Silvanópolis;-11.1498613086;-48.1798241355;5107.0;13.158;18.837;67.456;0.059;0.49
2022;TO;Sítio Novo do Tocantins;-5.6047268567;-47.6374226505;10830.0;19.04;14.294;66.454;0.129;0.083
2022;TO;Sucupira;-11.9862215109;-48.9111262827;1577.0;17.692;15.853;66.455;0.0;0.0
2022;TO;Taguatinga;-12.3961417387;-46.4387317009;14011.0;17.258;13.197;69.46;0.086;0.0
2022;TO;Taipas do Tocantins;-12.1928372091;-46.9845717959;2021.0;8.511;22.118;69.223;0.049;0.099
2022;TO;Talismã;-12.7875384069;-49.0911184339;2456.0;20.033;14.536;65.228;0.041;0.163
2022;TO;Palmas;-10.1632533268;-48.3510437082;302686.0;29.676;12.512;57.24;0.359;0.213
2022;TO;Tocantínia;-9.558147734;-48.3758796714;7459.0;9.747;5.054;32.364;0.134;52.701
2022;TO;Tocantinópolis;-6.325634376;-47.4274129287;22614.0;17.617;12.908;59.525;0.177;9.773
2022;TO;Tupirama;-8.9805695494;-48.2066848031;1909.0;20.796;7.596;70.822;0.314;0.471
2022;TO;Tupiratins;-8.395529997;-48.1229957409;1874.0;17.503;9.232;72.305;0.587;0.374
2022;TO;Wanderlândia;-6.850125517;-47.95626773;10522.0;20.88;11.671;67.24;0.133;0.076
2022;TO;Xambioá;-6.41188502;-48.53160107;10517.0;18.912;13.673;66.882;0.456;0.076
2022;MA;Açailândia;-4.9513770002;-47.5066645931;106550.0;22.763;10.569;66.472;0.061;0.135
2022;MA;Afonso Cunha;-4.1350154769;-43.320869004;6144.0;9.294;8.789;81.885;0.016;0.016
2022;MA;Água Doce do Maranhão;-2.8402782791;-42.1155512017;12142.0;20.746;4.052;75.152;0.008;0.041
2022;MA;Alcântara;-2.4032765251;-44.4170125373;18466.0;14.183;22.252;63.398;0.022;0.146
2022;MA;Aldeias Altas;-4.6307794952;-43.4687348529;23286.0;11.853;13.437;74.594;0.064;0.052
2022;MA;Altamira do Maranhão;-4.1622692669;-45.4646758312;6447.0;19.187;10.454;70.219;0.031;0.109
2022;MA;Alto Alegre do Maranhão;-4.207227;-44.4482474945;24047.0;17.911;10.808;70.961;0.1;0.22
2022;MA;Alto Alegre do Pindaré;-3.6651703745;-45.8420796162;25710.0;15.897;12.855;71.046;0.023;0.179
2022;MA;Alto Parnaíba;-9.1083659322;-45.9273440133;11109.0;15.087;8.93;75.902;0.036;0.045
2022;MA;Amapá do Maranhão;-1.6809214951;-46.0091799004;7170.0;15.676;6.597;77.699;0.014;0.014
2022;MA;Amarante do Maranhão;-5.5576620002;-46.7506375455;37085.0;15.462;7.035;55.958;0.024;21.521
2022;MA;Anajatuba;-3.2575548421;-44.6206700278;25322.0;32.249;10.023;57.642;0.012;0.075
2022;MA;Anapurus;-3.6670346623;-43.1057925097;13793.0;22.287;3.872;73.82;0.007;0.015
2022;MA;Apicum-Açu;-1.5305915778;-45.0766520734;17519.0;14.949;19.236;65.632;0.051;0.131
2022;MA;Araguanã;-2.9491256233;-45.6687944761;11181.0;13.219;8.693;75.906;0.027;2.155
2022;MA;Araioses;-2.8892558464;-41.8991394499;39050.0;21.362;8.458;70.054;0.074;0.051
2022;MA;Arame;-4.886081505;-46.0136362778;25517.0;19.128;7.336;60.254;0.121;13.16
2022;MA;Arari;-3.4591709701;-44.7788346547;29471.0;29.351;9.318;61.131;0.044;0.156
2022;MA;Axixá;-2.8377968371;-44.0545858091;11789.0;16.49;11.061;72.245;0.068;0.136
2022;MA;Bacabal;-4.2315246298;-44.7815559641;103707.0;21.603;18.626;59.427;0.179;0.165
2022;MA;Bacabeira;-2.9858247788;-44.3154229866;16966.0;21.773;7.374;70.765;0.047;0.041
2022;MA;Bacuri;-1.7240463185;-45.1373489396;16290.0;8.343;39.859;51.694;0.043;0.061
2022;MA;Bacurituba;-2.7108719765;-44.7357420062;5252.0;10.72;25.609;63.404;0.152;0.114
2022;MA;Balsas;-7.5311699902;-46.0389926733;101763.0;20.676;10.571;68.171;0.369;0.212
2022;MA;Barão de Grajaú;-6.7589552056;-43.0264526994;18984.0;20.586;11.304;67.673;0.269;0.169
2022;MA;Barra do Corda;-5.5083395;-45.2390110161;84526.0;23.246;7.352;63.022;0.069;6.312
2022;MA;Barreirinhas;-2.7500859488;-42.8278025132;65589.0;13.809;4.618;81.48;0.034;0.059
2022;MA;Belágua;-3.1567722275;-43.5100616427;8460.0;12.175;2.589;85.225;0.0;0.012
2022;MA;Bela Vista do Maranhão;-3.7377332499;-45.2482458782;11750.0;21.191;12.136;66.596;0.009;0.068
2022;MA;Benedito Leite;-7.2187997954;-44.559856799;5469.0;28.488;13.86;57.085;0.311;0.256
2022;MA;Bequimão;-2.4620629951;-44.7857301569;19584.0;27.466;19.174;53.186;0.02;0.153
2022;MA;Bernardo do Mearim;-4.6302874908;-44.7643231035;5840.0;24.178;7.5;68.253;0.0;0.068
2022;MA;Boa Vista do Gurupi;-1.7932961358;-46.2987100525;7574.0;14.154;9.77;75.561;0.0;0.515
2022;MA;Bom Jardim;-3.5441609779;-45.6018893891;33097.0;15.367;12.865;65.659;0.097;6.013
2022;MA;Bom Jesus das Selvas;-4.4899683531;-46.8532412231;28599.0;15.581;10.123;72.51;0.035;1.752
2022;MA;Bom Lugar;-4.3755096015;-45.0311078563;12212.0;23.919;8.279;67.671;0.074;0.057
2022;MA;Brejo;-3.679178;-42.7508478268;34118.0;13.864;11.158;74.717;0.064;0.196
2022;MA;Brejo de Areia;-4.3306298975;-45.5820952718;9218.0;16.902;6.173;76.904;0.011;0.011
2022;MA;Buriti;-3.9455715;-42.9251061778;29684.0;14.533;6.579;78.837;0.003;0.047
2022;MA;Buriti Bravo;-5.8352881321;-43.8356215415;22453.0;17.886;10.261;71.679;0.151;0.022
2022;MA;Buriticupu;-4.3259477263;-46.4514953191;55495.0;16.747;9.927;72.807;0.103;0.416
2022;MA;Buritirana;-5.5889151417;-47.0172250932;12918.0;19.964;9.235;70.506;0.139;0.155
2022;MA;Cachoeira Grande;-2.9319210391;-44.0596850158;9732.0;10.512;3.216;86.231;0.0;0.041
2022;MA;Cajapió;-2.8828822032;-44.6733771646;10121.0;12.578;19.771;67.592;0.02;0.04
2022;MA;Cajari;-3.3238688309;-45.007965335;16412.0;15.629;17.39;66.646;0.079;0.256
2022;MA;Campestre do Maranhão;-6.1647166458;-47.3676328633;12301.0;22.169;7.869;69.588;0.122;0.252
2022;MA;Cândido Mendes;-1.4538891085;-45.7372683656;19929.0;16.77;14.993;68.127;0.03;0.08
2022;MA;Cantanhede;-3.6283643119;-44.3818161358;24303.0;11.834;9.172;78.863;0.025;0.107
2022;MA;Capinzal do Norte;-4.7212453888;-44.330436252;11374.0;19.509;11.86;68.182;0.369;0.079
2022;MA;Carolina;-7.3307830052;-47.4700918028;24062.0;24.582;10.107;64.878;0.208;0.224
2022;MA;Carutapera;-1.200602;-46.0231508346;24238.0;14.164;5.644;79.891;0.07;0.231
2022;MA;Caxias;-4.8616749902;-43.3585394285;156965.0;15.977;17.53;66.175;0.201;0.117
2022;MA;Cedral;-1.9979159256;-44.5307895278;10208.0;15.762;14.185;69.935;0.02;0.098
2022;MA;Central do Maranhão;-2.1913139076;-44.8318437025;7094.0;9.698;30.688;59.247;0.07;0.296
2022;MA;Centro do Guilherme;-2.4569850818;-46.0399601132;12342.0;16.164;7.292;69.778;0.0;6.766
2022;MA;Centro Novo do Maranhão;-2.1442916986;-46.128408955;16266.0;16.642;10.07;70.312;0.148;2.828
2022;MA;Chapadinha;-3.74002452;-43.3611207818;81384.0;20.618;5.894;73.424;0.021;0.043
2022;MA;Cidelândia;-5.1774210472;-47.7842327757;12878.0;20.438;10.219;69.211;0.062;0.07
2022;MA;Codó;-4.4513375001;-43.886080235;114274.0;13.878;17.672;68.288;0.061;0.1
2022;MA;Coelho Neto;-4.2547375001;-43.0140136155;41657.0;13.726;10.935;75.197;0.108;0.034
2022;MA;Colinas;-6.0273655202;-44.2497802305;40316.0;19.809;17.336;62.61;0.047;0.198
2022;MA;Conceição do Lago-Açu;-3.8411184579;-44.9030159052;14915.0;18.404;14.093;67.409;0.047;0.047
2022;MA;Coroatá;-4.128976;-44.1255992015;59565.0;19.876;10.896;69.076;0.109;0.044
2022;MA;Cururupu;-1.8255207812;-44.867761617;31551.0;11.496;30.398;57.913;0.108;0.086
2022;MA;Davinópolis;-5.5344562161;-47.4049963875;14404.0;20.182;11.865;67.648;0.167;0.139
2022;MA;Dom Pedro;-5.0384476352;-44.440009911;23052.0;24.267;9.695;65.786;0.195;0.056
2022;MA;Duque Bacelar;-4.1478190971;-42.9441802036;10223.0;14.595;13.313;72.004;0.049;0.039
2022;MA;Esperantinópolis;-4.8703008975;-44.886068699;18311.0;23.936;6.22;69.707;0.082;0.055
2022;MA;Estreito;-6.5680849802;-47.4478829861;33294.0;23.83;6.557;69.298;0.132;0.183
2022;MA;Feira Nova do Maranhão;-6.9631355406;-46.687355216;8048.0;19.359;11.593;68.837;0.199;0.012
2022;MA;Fernando Falcão;-6.1549784629;-44.9107074022;10872.0;17.807;5.316;45.042;0.028;31.806
2022;MA;Formosa da Serra Negra;-6.4353041056;-46.1863570069;17719.0;23.873;8.511;67.43;0.04;0.147
2022;MA;Fortaleza dos Nogueiras;-6.9659260875;-46.185557542;12640.0;19.035;8.932;71.938;0.04;0.055
2022;MA;Fortuna;-5.7362241325;-44.1606284272;16976.0;20.199;10.621;68.992;0.147;0.041
2022;MA;Godofredo Viana;-1.4098001867;-45.7717548081;10186.0;14.579;9.778;75.329;0.02;0.295
2022;MA;Gonçalves Dias;-5.1439555695;-44.3059065359;17206.0;23.073;10.915;65.57;0.372;0.07
2022;MA;Governador Archer;-5.0253878239;-44.2757565261;10231.0;20.536;7.653;71.762;0.039;0.01
2022;MA;Governador Edison Lobão;-5.7474117385;-47.368935839;18410.0;21.711;9.473;68.604;0.081;0.13
2022;MA;Governador Eugênio Barros;-5.3224910015;-44.246962646;13930.0;15.549;10.991;73.367;0.022;0.072
2022;MA;Governador Luiz Rocha;-5.4728646849;-44.0708873355;7063.0;17.556;7.178;75.223;0.014;0.028
2022;MA;Governador Newton Bello;-3.4297047199;-45.674501797;10712.0;11.585;7.59;80.424;0.289;0.112
2022;MA;Governador Nunes Freire;-2.13496236;-45.8814811328;23128.0;14.939;8.63;76.306;0.039;0.086
2022;MA;Graça Aranha;-5.4048212131;-44.3357912599;6023.0;23.875;14.644;61.166;0.05;0.266
2022;MA;Grajaú;-5.8185484313;-46.142395636;73872.0;20.927;8.577;60.057;0.089;10.35
2022;MA;Guimarães;-2.1350771584;-44.5977464563;10289.0;10.613;17.98;70.153;0.039;1.215
2022;MA;Humberto de Campos;-2.5912239723;-43.4650921443;25680.0;11.316;3.902;84.634;0.031;0.117
2022;MA;Icatu;-2.7748278631;-44.0658484686;24794.0;7.437;15.697;76.752;0.036;0.077
2022;MA;Igarapé do Meio;-3.6367085219;-45.1833277022;13973.0;13.204;13.211;73.356;0.05;0.179
2022;MA;Igarapé Grande;-4.6608538062;-44.8674033459;10231.0;25.638;9.862;64.344;0.147;0.01
2022;MA;Imperatriz;-5.5265240252;-47.4798108058;273108.0;27.495;10.817;61.237;0.26;0.191
2022;MA;Itaipava do Grajaú;-5.1445822618;-45.7926825035;13828.0;18.607;7.615;64.557;0.014;9.206
2022;MA;Itapecuru Mirim;-3.3990454801;-44.3542633904;60440.0;14.694;12.728;72.472;0.02;0.086
2022;MA;Itinga do Maranhão;-4.4550039984;-47.5279099638;22512.0;23.507;11.212;65.152;0.031;0.098
2022;MA;Jatobá;-5.8196669368;-44.2199147698;7470.0;18.568;12.276;69.116;0.027;0.013
2022;MA;Jenipapo dos Vieiras;-5.3694249264;-45.6333791074;17076.0;12.696;3.572;37.884;0.018;45.83
2022;MA;João Lisboa;-5.4536629416;-47.4050361498;24706.0;22.1;12.454;65.178;0.166;0.101
2022;MA;Joselândia;-4.9726933289;-44.6991525645;14924.0;21.335;10.453;68.092;0.074;0.047
2022;MA;Junco do Maranhão;-1.8746095975;-46.0707260732;5144.0;18.585;11.236;70.101;0.039;0.039
2022;MA;Lago da Pedra;-4.564744515;-45.1258913559;44402.0;22.985;9.547;67.335;0.072;0.061
2022;MA;Lago do Junco;-4.6076432177;-45.0513443921;9506.0;21.965;11.382;66.432;0.137;0.084
2022;MA;Lago Verde;-4.0387112953;-44.937635232;14769.0;19.48;13.19;67.127;0.169;0.034
2022;MA;Lagoa do Mato;-6.0452772966;-43.5275591166;10572.0;19.854;7.974;72.124;0.0;0.047
2022;MA;Lago dos Rodrigues;-4.6123757769;-44.9764423256;8758.0;25.554;6.097;68.303;0.046;0.0
2022;MA;Lagoa Grande do Maranhão;-4.9931237371;-45.3906142794;11411.0;18.526;10.7;70.677;0.026;0.07
2022;MA;Lajeado Novo;-6.1916092267;-47.0324475171;7057.0;17.869;5.399;73.969;0.283;2.48
2022;MA;Lima Campos;-4.5170459872;-44.4693403292;11296.0;23.407;15.643;60.588;0.248;0.115
2022;MA;Loreto;-7.0944541654;-45.1392416375;11597.0;19.548;10.227;70.173;0.017;0.034
2022;MA;Luís Domingues;-1.3254602444;-45.8953319921;7161.0;15.598;8.476;75.869;0.056;0.0
2022;MA;Magalhães de Almeida;-3.3966676742;-42.2015066914;13807.0;23.618;5.917;70.356;0.043;0.065
2022;MA;Maracaçumé;-2.0561645495;-45.9586390372;21149.0;20.001;10.558;69.422;0.009;0.009
2022;MA;Marajá do Sena;-4.6203133241;-45.4572376526;7027.0;17.974;8.268;73.36;0.299;0.1
2022;MA;Maranhãozinho;-2.2356169921;-45.8556114549;13761.0;12.572;6.707;65.729;0.051;14.941
2022;MA;Mata Roma;-3.6190455099;-43.1203894236;17090.0;12.937;7.42;79.438;0.07;0.135
2022;MA;Matinha;-3.09840003;-45.0364289401;22034.0;14.836;19.288;65.644;0.005;0.227
2022;MA;Matões;-5.5224650194;-43.2012082829;32174.0;12.588;14.972;72.288;0.09;0.062
2022;MA;Matões do Norte;-3.6275187802;-44.5502445069;17431.0;17.314;11.583;71.08;0.017;0.006
2022;MA;Milagres do Maranhão;-3.5822066414;-42.6107528325;8818.0;18.553;5.874;75.414;0.079;0.079
2022;MA;Mirador;-6.3775656954;-44.3626097939;21030.0;20.775;9.177;70.0;0.024;0.024
2022;MA;Miranda do Norte;-3.5626447744;-44.5842756917;23864.0;27.087;7.622;65.257;0.021;0.013
2022;MA;Mirinzal;-2.0642241916;-44.7857559865;13977.0;9.845;26.429;63.633;0.014;0.079
2022;MA;Monção;-3.49393248;-45.2475846706;27751.0;9.171;17.426;73.187;0.05;0.166
2022;MA;Montes Altos;-5.8285625042;-47.070439508;9106.0;22.238;7.786;58.137;0.0;11.838
2022;MA;Morros;-2.8614789531;-44.0445445432;18553.0;10.187;5.056;84.612;0.005;0.14
2022;MA;Nina Rodrigues;-3.4624642894;-43.9044847603;14176.0;17.685;12.719;69.547;0.014;0.035
2022;MA;Nova Colinas;-7.1205660036;-46.2593252229;5021.0;17.984;10.476;71.38;0.0;0.159
2022;MA;Nova Iorque;-6.7332033058;-44.0486267271;4320.0;21.644;15.532;62.755;0.069;0.0
2022;MA;Nova Olinda do Maranhão;-2.7998865441;-45.7045360408;14314.0;14.832;8.404;74.221;0.014;2.529
2022;MA;Olho d'Água das Cunhãs;-4.1372759298;-45.1195796205;17919.0;25.481;11.106;62.877;0.43;0.106
2022;MA;Olinda Nova do Maranhão;-2.9974776154;-45.0032353745;13577.0;11.195;20.711;68.005;0.015;0.074
2022;MA;Paço do Lumiar;-2.528063;-44.0986923548;145640.0;22.166;14.505;63.094;0.093;0.141
2022;MA;Palmeirândia;-2.6477742783;-44.9044638923;21059.0;10.798;17.888;71.262;0.019;0.033
2022;MA;Paraibano;-6.4318254141;-43.9857620488;18274.0;22.71;11.7;65.35;0.219;0.022
2022;MA;Parnarama;-5.6844671764;-43.0904013535;31250.0;15.405;13.059;71.296;0.15;0.09
2022;MA;Passagem Franca;-6.1739944256;-43.7817452259;17220.0;20.354;11.719;67.718;0.192;0.017
2022;MA;Pastos Bons;-6.6040277321;-44.0886025134;18802.0;26.242;10.802;62.706;0.138;0.112
2022;MA;Paulino Neves;-2.7182059898;-42.5454239809;17056.0;16.921;4.855;78.137;0.012;0.076
2022;MA;Paulo Ramos;-4.4479567659;-45.2399800047;20340.0;18.299;9.518;71.986;0.133;0.064
2022;MA;Pedreiras;-4.5693506881;-44.6037348763;37049.0;24.441;13.992;61.119;0.2;0.248
2022;MA;Pedro do Rosário;-2.9681146727;-45.3464537341;24320.0;7.841;19.782;72.262;0.033;0.082
2022;MA;Penalva;-3.2932333178;-45.1764616888;32508.0;8.866;24.326;66.565;0.071;0.172
2022;MA;Peri Mirim;-2.5730546485;-44.8502907001;11108.0;23.758;15.925;60.299;0.0;0.018
2022;MA;Peritoró;-4.3702251177;-44.3258535239;20479.0;17.765;14.278;67.889;0.029;0.039
2022;MA;Pindaré-Mirim;-3.6055005749;-45.3468679178;31429.0;15.498;16.233;68.004;0.067;0.197
2022;MA;Pinheiro;-2.5227405;-45.0839266013;84610.0;18.219;14.302;67.26;0.1;0.118
2022;MA;Pio XII;-3.8875875301;-45.1699603887;21886.0;21.703;10.303;67.874;0.064;0.055
2022;MA;Pirapemas;-3.7253290661;-44.2282808838;17714.0;16.174;7.762;76.013;0.023;0.028
2022;MA;Poção de Pedras;-4.7500252112;-44.9515514003;17161.0;22.318;8.018;69.565;0.047;0.052
2022;MA;Porto Franco;-6.3541818639;-47.3821649019;23903.0;24.106;7.263;68.397;0.042;0.192
2022;MA;Porto Rico do Maranhão;-1.8572232148;-44.5837478896;5954.0;16.963;14.696;68.257;0.017;0.067
2022;MA;Presidente Dutra;-5.2823742578;-44.4929188624;45155.0;27.12;8.759;63.957;0.029;0.135
2022;MA;Presidente Juscelino;-2.9282292461;-44.0767794214;11356.0;8.735;14.812;76.365;0.018;0.07
2022;MA;Presidente Médici;-2.3836640465;-45.8207086476;4696.0;16.61;10.392;72.381;0.277;0.341
2022;MA;Presidente Sarney;-2.5955305599;-45.3713022606;17511.0;12.666;9.794;77.431;0.04;0.069
2022;MA;Presidente Vargas;-3.4020115222;-44.0334018673;10549.0;12.769;9.157;78.045;0.028;0.0
2022;MA;Primeira Cruz;-2.510583172;-43.4424433047;13614.0;11.172;3.225;85.566;0.007;0.029
2022;MA;Raposa;-2.4150749026;-44.1025161642;30839.0;22.65;10.639;66.049;0.045;0.616
2022;MA;Riachão;-7.3645650002;-46.6233501429;22145.0;15.417;9.555;74.951;0.027;0.05
2022;MA;Ribamar Fiquene;-5.9338228588;-47.3834777871;7420.0;23.41;9.218;67.143;0.121;0.108
2022;MA;Rosário;-2.941543035;-44.2475185953;38474.0;14.745;11.431;73.598;0.055;0.172
2022;MA;Sambaíba;-7.1383508975;-45.344203198;5568.0;13.919;12.5;73.24;0.198;0.144
2022;MA;Santa Filomena do Maranhão;-5.4997668067;-44.5637140401;6697.0;26.43;3.972;69.598;0.0;0.0
2022;MA;Santa Helena;-2.2345325089;-45.3051611932;41561.0;17.824;13.724;68.398;0.036;0.017
2022;MA;Santa Inês;-3.65857452;-45.3782724523;85011.0;21.3;13.834;64.463;0.134;0.269
2022;MA;Santa Luzia;-3.968391465;-45.6650117249;57635.0;17.852;9.597;72.138;0.047;0.366
2022;MA;Santa Luzia do Paruá;-2.5461614748;-45.7764615616;24307.0;20.414;8.458;70.992;0.066;0.07
2022;MA;Santa Quitéria do Maranhão;-3.4984849951;-42.5628730097;23957.0;15.302;7.422;77.23;0.021;0.025
2022;MA;Santa Rita;-3.1341167657;-44.3199480819;37035.0;16.86;12.386;70.66;0.035;0.059
2022;MA;Santana do Maranhão;-3.1130683428;-42.4007677572;10567.0;13.788;4.694;81.452;0.009;0.057
2022;MA;Santo Amaro do Maranhão;-2.502721199;-43.2552849422;13948.0;14.282;5.341;80.327;0.036;0.014
2022;MA;Santo Antônio dos Lopes;-4.8738195756;-44.3614474338;14304.0;18.177;12.591;69.093;0.049;0.091
2022;MA;São Benedito do Rio Preto;-3.3327660037;-43.5299918702;18364.0;18.885;3.932;77.173;0.005;0.005
2022;MA;São Bento;-2.6970075;-44.8283451799;46393.0;12.681;19.406;67.874;0.017;0.022
2022;MA;São Bernardo;-3.3654365101;-42.4230096609;26943.0;15.982;4.981;78.937;0.052;0.048
2022;MA;São Domingos do Azeitão;-6.8044250098;-44.6504239103;7992.0;23.774;15.766;60.235;0.025;0.2
2022;MA;São Domingos do Maranhão;-5.5656420002;-44.3928792569;34033.0;27.009;9.896;62.904;0.097;0.094
2022;MA;São Félix de Balsas;-7.0846851542;-44.8114476615;4402.0;21.899;12.517;65.493;0.068;0.023
2022;MA;São Francisco do Brejão;-5.1302007872;-47.3911373986;9051.0;22.075;10.408;67.44;0.0;0.077
2022;MA;São Francisco do Maranhão;-6.2527979167;-42.8653217276;12064.0;15.7;12.376;71.286;0.456;0.182
2022;MA;São João Batista;-2.9533329125;-44.8117618531;18544.0;17.785;11.362;70.734;0.038;0.081
2022;MA;São João do Carú;-3.5608034069;-46.2549254827;12251.0;15.068;11.542;72.492;0.016;0.882
2022;MA;São João do Paraíso;-6.4662222864;-47.0506104205;9904.0;25.808;8.3;65.872;0.01;0.01
2022;MA;São João do Soter;-5.1157392644;-43.8181817951;16889.0;9.817;21.476;68.666;0.036;0.006
2022;MA;São João dos Patos;-6.4982081521;-43.7029101658;25020.0;28.389;14.181;57.182;0.108;0.14
2022;MA;São José de Ribamar;-2.55585852;-44.0575481151;244573.0;23.358;14.355;62.009;0.101;0.177
2022;MA;São José dos Basílios;-5.0486872452;-44.5824465176;6956.0;18.617;11.601;69.738;0.014;0.029
2022;MA;São Luís;-2.5318859851;-44.2979185642;1037744.0;26.406;16.178;57.161;0.109;0.146
2022;MA;São Luís Gonzaga do Maranhão;-4.3739184906;-44.6627084964;17818.0;17.892;15.187;66.528;0.297;0.095
2022;MA;São Mateus do Maranhão;-4.0345505101;-44.4685628111;38827.0;19.304;12.182;68.388;0.09;0.036
2022;MA;São Pedro da Água Branca;-5.0889109974;-48.4236235936;14338.0;19.375;10.929;69.605;0.021;0.07
2022;MA;São Pedro dos Crentes;-6.8285556408;-46.5325803474;5783.0;16.531;5.897;77.52;0.052;0.0
2022;MA;São Raimundo das Mangabeiras;-7.0269626572;-45.4848314302;18672.0;21.155;12.211;66.286;0.257;0.091
2022;MA;São Raimundo do Doca Bezerra;-5.1031818449;-45.0841627903;5650.0;19.062;7.628;73.08;0.177;0.053
2022;MA;São Roberto;-5.0173668824;-44.9919011593;4544.0;21.061;7.967;70.775;0.154;0.044
2022;MA;São Vicente Ferrer;-2.8907310644;-44.8869045766;19496.0;12.813;17.916;69.122;0.056;0.092
2022;MA;Satubinha;-4.0357354948;-45.2336295762;8784.0;17.668;11.111;71.072;0.046;0.102
2022;MA;Senador Alexandre Costa;-5.2610765444;-44.0563015064;10206.0;12.914;19.41;67.441;0.039;0.196
2022;MA;Senador La Rocque;-5.4418324952;-47.289191424;14700.0;22.789;10.748;66.306;0.041;0.116
2022;MA;Serrano do Maranhão;-1.8526455417;-45.1146408497;10202.0;2.715;58.479;38.718;0.039;0.049
2022;MA;Sítio Novo;-5.8706298913;-46.6949833407;17074.0;27.34;8.229;64.232;0.023;0.176
2022;MA;Sucupira do Norte;-6.4782844476;-44.1886027052;10238.0;23.012;11.565;65.198;0.147;0.078
2022;MA;Sucupira do Riachão;-6.4201084051;-43.5458533208;4985.0;16.971;13.701;68.706;0.622;0.0
2022;MA;Tasso Fragoso;-8.4798310179;-45.7441235175;8862.0;16.746;8.158;74.904;0.169;0.023
2022;MA;Timbiras;-4.253840505;-43.9384339738;26484.0;12.596;8.786;78.493;0.098;0.026
2022;MA;Timon;-5.1006811101;-42.8337278989;174454.0;15.945;15.592;68.31;0.096;0.057
2022;MA;Trizidela do Vale;-4.5701268566;-44.6106851966;22484.0;22.581;10.857;66.416;0.08;0.067
2022;MA;Tufilândia;-3.6764041184;-45.6339164757;5507.0;15.199;10.314;74.16;0.163;0.163
2022;MA;Tuntum;-5.24965554;-44.6490121517;36246.0;24.019;7.466;68.03;0.143;0.342
2022;MA;Turiaçu;-1.6690220477;-45.3691524172;37490.0;15.895;14.366;69.701;0.013;0.024
2022;MA;Turilândia;-2.228833525;-45.306765312;31637.0;15.561;11.784;72.529;0.047;0.079
2022;MA;Tutóia;-2.7635501969;-42.2768472077;53353.0;21.483;6.77;71.488;0.058;0.201
2022;MA;Urbano Santos;-3.2084094996;-43.4042484724;32812.0;12.63;6.418;80.891;0.034;0.027
2022;MA;Vargem Grande;-3.5418960001;-43.9166644902;43261.0;12.959;7.942;79.039;0.016;0.044
2022;MA;Viana;-3.2145625131;-45.0013066953;51442.0;17.346;14.605;64.859;0.023;3.167
2022;MA;Vila Nova dos Martírios;-5.1835115192;-48.1389264826;10361.0;22.006;15.722;61.731;0.405;0.135
2022;MA;Vitória do Mearim;-3.4820473645;-44.8695722406;30804.0;25.789;10.44;63.514;0.019;0.237
2022;MA;Vitorino Freire;-4.2911865001;-45.2441851432;30845.0;21.281;6.987;71.671;0.006;0.055
2022;MA;Zé Doca;-3.2754805;-45.6576978606;40801.0;16.85;9.122;73.006;0.022;1.0
2022;PI;Acauã;-8.2207866629;-41.0836378172;6420.0;67.196;9.595;23.146;0.016;0.047
2022;PI;Agricolândia;-5.7955019354;-42.6591831974;4938.0;15.735;12.029;71.871;0.041;0.324
2022;PI;Água Branca;-5.8932663379;-42.63513086;17573.0;22.404;12.479;64.98;0.057;0.08
2022;PI;Alagoinha do Piauí;-7.0081752801;-40.9346348169;6819.0;38.319;8.726;52.926;0.029;0.0
2022;PI;Alegrete do Piauí;-7.2453494663;-40.8578629896;4634.0;26.155;5.891;67.933;0.0;0.022
2022;PI;Alto Longá;-5.2509930114;-42.2103219622;13479.0;19.564;11.774;68.558;0.089;0.015
2022;PI;Altos;-5.0365464343;-42.4609480356;47453.0;16.132;10.229;73.557;0.004;0.078
2022;PI;Alvorada do Gurguéia;-8.4439590723;-43.8630715789;5322.0;13.435;12.251;74.22;0.0;0.094
2022;PI;Amarante;-6.2466107722;-42.853692823;17233.0;11.06;31.033;57.744;0.064;0.099
2022;PI;Angical do Piauí;-6.0872416921;-42.7438657484;6827.0;18.354;20.053;61.579;0.0;0.015
2022;PI;Anísio de Abreu;-9.1749185309;-43.0348533321;9407.0;23.663;13.214;62.932;0.053;0.138
2022;PI;Antônio Almeida;-7.219355834;-44.19653532;3152.0;13.484;18.179;67.322;0.761;0.254
2022;PI;Aroazes;-6.1128502563;-41.7974533388;5369.0;14.509;18.588;66.903;0.0;0.0
2022;PI;Aroeiras do Itaim;-7.278745465;-41.5632044183;2690.0;23.234;6.431;70.26;0.037;0.037
2022;PI;Arraial;-6.6508270275;-42.5365666247;4520.0;7.699;18.96;73.341;0.0;0.0
2022;PI;Assunção do Piauí;-5.8649144945;-41.0508299965;7452.0;25.322;16.935;57.515;0.201;0.027
2022;PI;Avelino Lopes;-10.1347450128;-43.9415101418;10866.0;19.262;5.264;75.143;0.221;0.11
2022;PI;Baixa Grande do Ribeiro;-7.8533519592;-45.2128152926;13272.0;18.701;7.738;71.602;0.053;1.906
2022;PI;Barra d'Alcântara;-6.5188730723;-42.1050020826;3995.0;18.748;9.812;71.439;0.0;0.0
2022;PI;Barras;-4.2430933543;-42.2953398573;47938.0;14.6;9.911;75.345;0.1;0.044
2022;PI;Barreiras do Piauí;-9.9212468267;-45.4777877055;3264.0;10.539;18.321;71.109;0.031;0.0
2022;PI;Barro Duro;-5.8123597078;-42.5133778221;6640.0;18.645;13.133;68.223;0.0;0.0
2022;PI;Batalha;-4.0204123358;-42.075218732;26300.0;13.559;7.802;78.582;0.049;0.008
2022;PI;Bela Vista do Piauí;-7.9721853196;-41.871379644;4091.0;62.576;9.264;28.062;0.098;0.0
2022;PI;Belém do Piauí;-7.3701396155;-40.9703021907;3423.0;31.522;9.845;58.633;0.0;0.0
2022;PI;Beneditinos;-5.4476028602;-42.3706167025;9929.0;18.199;10.112;71.528;0.01;0.151
2022;PI;Bertolínia;-7.6286247631;-43.9543877391;5562.0;17.817;15.013;66.864;0.072;0.234
2022;PI;Betânia do Piauí;-8.1456655773;-40.7966219288;6220.0;31.688;12.974;54.759;0.032;0.547
2022;PI;Boa Hora;-4.4090096058;-42.1252957359;6902.0;13.141;7.027;79.803;0.0;0.029
2022;PI;Bocaina;-6.9548423326;-41.3223406827;4078.0;38.843;7.847;53.31;0.0;0.0
2022;PI;Bom Jesus;-9.0709489837;-44.3605250848;28795.0;21.709;12.888;64.515;0.021;0.868
2022;PI;Bom Princípio do Piauí;-3.1898586876;-41.6452095701;5636.0;27.999;3.336;68.435;0.231;0.0
2022;PI;Bonfim do Piauí;-9.1665605393;-42.8796630651;5913.0;21.089;7.661;70.878;0.051;0.321
2022;PI;Boqueirão do Piauí;-4.4858196316;-42.1036271347;6545.0;11.215;6.57;82.154;0.015;0.046
2022;PI;Brasileira;-4.1378291077;-41.7892596436;8436.0;19.334;6.117;74.265;0.036;0.249
2022;PI;Brejo do Piauí;-8.2070647664;-42.8303018098;3904.0;19.16;11.885;68.929;0.0;0.026
2022;PI;Buriti dos Lopes;-3.1727213351;-41.8699088471;19654.0;20.897;11.265;67.711;0.056;0.071
2022;PI;Buriti dos Montes;-5.3120667826;-41.1018513937;7434.0;15.268;5.529;79.069;0.013;0.121
2022;PI;Cabeceiras do Piauí;-4.4713312938;-42.3083160653;10212.0;10.488;11.203;78.212;0.098;0.0
2022;PI;Cajazeiras do Piauí;-6.7941841175;-42.3967272946;3108.0;5.373;18.179;76.448;0.0;0.0
2022;PI;Cajueiro da Praia;-2.9292271718;-41.3471503622;7957.0;26.153;5.618;68.104;0.113;0.013
2022;PI;Caldeirão Grande do Piauí;-7.3315596518;-40.6374189127;5503.0;31.128;4.888;63.983;0.0;0.0
2022;PI;Campinas do Piauí;-7.654778128;-41.880745293;4938.0;12.171;18.489;69.117;0.223;0.0
2022;PI;Campo Alegre do Fidalgo;-8.3744803807;-41.8320133242;4616.0;25.152;11.352;63.475;0.0;0.022
2022;PI;Campo Grande do Piauí;-7.1359931202;-41.0312009604;6020.0;22.342;11.163;66.329;0.033;0.133
2022;PI;Campo Largo do Piauí;-3.8078689392;-42.6260410417;7419.0;9.179;19.598;71.142;0.054;0.027
2022;PI;Campo Maior;-4.8291139266;-42.1667446047;45792.0;15.492;7.049;77.339;0.074;0.046
2022;PI;Canavieira;-7.6946215595;-43.7194280334;3414.0;14.177;15.466;69.684;0.644;0.029
2022;PI;Canto do Buriti;-8.1082319197;-42.944021022;19365.0;23.052;8.206;68.691;0.026;0.026
2022;PI;Capitão de Campos;-4.4585592684;-41.9435219724;11100.0;18.252;10.694;70.793;0.045;0.216
2022;PI;Capitão Gervásio Oliveira;-8.4968378684;-41.8161163124;3974.0;26.271;6.316;67.212;0.025;0.176
2022;PI;Caracol;-9.2767652672;-43.3342004508;10318.0;18.347;12.725;68.918;0.0;0.01
2022;PI;Caraúbas do Piauí;-3.4785905375;-41.841208126;5630.0;22.345;9.822;67.833;0.0;0.0
2022;PI;Caridade do Piauí;-7.7286523876;-40.9903345468;5033.0;26.207;9.358;64.395;0.0;0.04
2022;PI;Castelo do Piauí;-5.3215438709;-41.5473162427;19287.0;20.102;10.121;69.549;0.207;0.021
2022;PI;Caxingó;-3.4269384028;-41.8826837611;5496.0;19.141;11.954;68.85;0.055;0.0
2022;PI;Cocal;-3.4704534897;-41.5568448346;28211.0;31.151;4.58;64.127;0.138;0.004
2022;PI;Cocal de Telha;-4.5538157239;-41.979047874;4911.0;13.48;8.389;78.11;0.02;0.0
2022;PI;Cocal dos Alves;-3.6060725908;-41.4554189108;6386.0;38.537;1.801;59.662;0.0;0.0
2022;PI;Coivaras;-5.0913083514;-42.2073159063;4117.0;13.408;7.846;78.698;0.0;0.049
2022;PI;Colônia do Gurguéia;-8.1875742163;-43.7960171561;6150.0;18.358;12.407;69.187;0.0;0.049
2022;PI;Colônia do Piauí;-7.223657564;-42.1771185064;6994.0;12.425;25.937;61.624;0.0;0.014
2022;PI;Conceição do Canindé;-7.8827041539;-41.5966339439;4932.0;26.987;10.381;62.551;0.0;0.081
2022;PI;Coronel José Dias;-8.8163694115;-42.4703571012;4250.0;21.882;12.824;65.129;0.047;0.118
2022;PI;Corrente;-10.4409360381;-45.1633125236;27278.0;15.232;15.082;69.32;0.26;0.106
2022;PI;Cristalândia do Piauí;-10.6478037518;-45.1860307001;7356.0;15.973;13.771;69.997;0.231;0.027
2022;PI;Cristino Castro;-8.8201862885;-44.2244147473;10503.0;14.92;11.549;73.493;0.0;0.038
2022;PI;Curimatá;-10.0312924303;-44.3007222329;11270.0;13.345;8.82;77.702;0.027;0.106
2022;PI;Currais;-9.0124338389;-44.403002153;4854.0;12.588;8.302;72.538;0.0;6.572
2022;PI;Curralinhos;-5.6204532294;-42.8322105193;4413.0;11.67;14.775;73.465;0.023;0.068
2022;PI;Curral Novo do Piauí;-7.8307971884;-40.9010694707;5071.0;20.706;10.018;69.158;0.079;0.039
2022;PI;Demerval Lobão;-5.3584654659;-42.6742286111;16352.0;17.472;9.968;72.499;0.043;0.018
2022;PI;Dirceu Arcoverde;-9.3352000441;-42.439569962;7054.0;30.777;9.399;59.399;0.354;0.071
2022;PI;Dom Expedito Lopes;-6.9579018427;-41.6523852113;6320.0;41.076;5.538;53.37;0.016;0.0
2022;PI;Domingos Mourão;-4.2534336345;-41.2718814489;4075.0;32.196;6.061;61.497;0.221;0.025
2022;PI;Dom Inocêncio;-9.0080749434;-41.9768511188;9159.0;34.938;10.973;54.056;0.0;0.033
2022;PI;Elesbão Veloso;-6.2017194613;-42.1381444495;13607.0;17.594;12.288;69.942;0.169;0.007
2022;PI;Eliseu Martins;-8.0964622896;-43.6648111317;4377.0;16.929;13.068;69.979;0.0;0.023
2022;PI;Esperantina;-3.8956045306;-42.2353645251;40970.0;19.319;11.552;69.033;0.051;0.044
2022;PI;Fartura do Piauí;-9.4786062863;-42.7944014032;5284.0;16.181;16.616;67.184;0.0;0.019
2022;PI;Flores do Piauí;-7.7917756018;-42.924305802;4414.0;16.153;14.001;69.823;0.023;0.0
2022;PI;Floresta do Piauí;-7.4667953749;-41.8003142914;2333.0;17.96;7.415;74.453;0.0;0.171
2022;PI;Floriano;-6.7696724338;-43.0206447383;62036.0;18.72;20.457;60.313;0.213;0.297
2022;PI;Francinópolis;-6.3952926226;-42.263366099;4505.0;9.945;16.559;73.43;0.022;0.044
2022;PI;Francisco Ayres;-6.6233435319;-42.6911278448;4412.0;15.481;12.602;71.804;0.068;0.045
2022;PI;Francisco Macedo;-7.3278710406;-40.7955673541;2929.0;22.124;5.667;72.209;0.0;0.0
2022;PI;Francisco Santos;-6.9941711375;-41.1361573365;8237.0;34.454;7.102;58.383;0.012;0.049
2022;PI;Fronteiras;-7.0884125329;-40.6172329307;10259.0;37.401;4.835;57.51;0.195;0.058
2022;PI;Geminiano;-7.1584176259;-41.3575797605;5445.0;29.715;5.032;65.234;0.018;0.0
2022;PI;Gilbués;-9.8345699055;-45.3469199782;10892.0;13.221;15.387;71.052;0.138;0.202
2022;PI;Guadalupe;-6.7852469087;-43.5669236545;10269.0;23.508;13.565;62.547;0.107;0.273
2022;PI;Guaribas;-9.3951113037;-43.6877210274;4276.0;23.316;5.496;71.165;0.023;0.0
2022;PI;Hugo Napoleão;-5.9877878907;-42.5625630466;3518.0;21.035;10.404;68.533;0.0;0.028
2022;PI;Ilha Grande;-2.8540086072;-41.819773184;9274.0;21.997;9.608;68.061;0.011;0.323
2022;PI;Inhuma;-6.6671203407;-41.7101940565;14958.0;23.365;11.084;65.303;0.027;0.221
2022;PI;Ipiranga do Piauí;-6.8269326783;-41.7399141279;9420.0;23.79;16.911;59.299;0.0;0.0
2022;PI;Isaías Coelho;-7.7343106967;-41.6794480825;7774.0;13.429;28.274;58.284;0.0;0.013
2022;PI;Itainópolis;-7.4512808131;-41.4800253105;10790.0;25.894;6.478;67.498;0.102;0.028
2022;PI;Itaueira;-7.6081166325;-43.0254965078;10323.0;19.171;15.887;64.749;0.048;0.145
2022;PI;Jacobina do Piauí;-7.9362644875;-41.2107620507;5613.0;32.46;7.5;59.986;0.053;0.0
2022;PI;Jaicós;-7.3531523272;-41.1464748135;17527.0;15.975;9.254;74.708;0.0;0.063
2022;PI;Jardim do Mulato;-6.0965775948;-42.6339595632;4180.0;16.124;15.742;68.134;0.0;0.0
2022;PI;Jatobá do Piauí;-4.7731589443;-41.8198222186;4494.0;17.579;5.919;76.391;0.089;0.022
2022;PI;Jerumenha;-7.0846321939;-43.5027430064;4497.0;14.854;24.105;60.529;0.445;0.067
2022;PI;João Costa;-8.4891257219;-42.4178485806;2970.0;21.549;6.768;71.515;0.101;0.067
2022;PI;Joaquim Pires;-3.5131035479;-42.1876898036;13886.0;16.527;8.462;74.982;0.007;0.022
2022;PI;Joca Marques;-3.4880338256;-42.427737079;5394.0;13.552;7.379;79.032;0.019;0.019
2022;PI;José de Freitas;-4.7630506395;-42.5783745315;42558.0;13.229;10.555;76.143;0.054;0.019
2022;PI;Juazeiro do Piauí;-5.1613727543;-41.7026007597;5214.0;22.133;8.266;69.486;0.058;0.058
2022;PI;Júlio Borges;-10.3267868137;-44.2437006324;5388.0;7.275;11.47;81.255;0.0;0.0
2022;PI;Jurema;-9.2220247205;-43.133109743;4425.0;23.209;7.006;69.785;0.0;0.0
2022;PI;Lagoinha do Piauí;-5.8365834406;-42.6273837299;2939.0;16.672;10.037;73.086;0.102;0.102
2022;PI;Lagoa Alegre;-4.5087297492;-42.616742539;8256.0;16.376;7.534;76.078;0.012;0.0
2022;PI;Lagoa do Barro do Piauí;-8.4824371152;-41.5302754057;4995.0;31.992;6.226;61.502;0.14;0.14
2022;PI;Lagoa de São Francisco;-4.3927463867;-41.6054686902;6331.0;34.023;4.754;53.578;0.032;7.613
2022;PI;Lagoa do Piauí;-5.4121441696;-42.6490132063;4810.0;13.638;15.925;70.249;0.146;0.042
2022;PI;Lagoa do Sítio;-6.5153476298;-41.5823863013;4520.0;28.385;12.434;59.181;0.0;0.0
2022;PI;Landri Sales;-7.2665999754;-43.9310455151;5213.0;13.294;18.933;67.754;0.019;0.0
2022;PI;Luís Correia;-2.8815665358;-41.6645672323;30641.0;29.062;6.256;64.492;0.104;0.085
2022;PI;Luzilândia;-3.4608176352;-42.3716375238;25375.0;21.785;7.046;71.133;0.028;0.008
2022;PI;Madeiro;-3.4842120052;-42.5051412465;8032.0;14.081;9.238;76.569;0.075;0.037
2022;PI;Manoel Emídio;-8.011358674;-43.8754746717;5209.0;16.683;13.745;69.572;0.0;0.0
2022;PI;Marcolândia;-7.4435566614;-40.6628542914;8533.0;24.786;8.274;66.94;0.0;0.0
2022;PI;Marcos Parente;-7.1192953775;-43.8883140086;4724.0;15.919;10.267;73.582;0.127;0.106
2022;PI;Massapê do Piauí;-7.4654826845;-41.1238546846;5218.0;24.971;16.079;58.471;0.019;0.46
2022;PI;Matias Olímpio;-3.7110272834;-42.5586289028;10641.0;18.739;9.21;72.005;0.028;0.019
2022;PI;Miguel Alves;-4.1682155823;-42.8931666493;32143.0;14.28;12.839;72.703;0.152;0.025
2022;PI;Miguel Leão;-5.6822417804;-42.7358295252;1318.0;13.961;24.431;61.533;0.076;0.0
2022;PI;Milton Brandão;-4.6999534776;-41.4479595412;6542.0;40.4;4.295;55.105;0.076;0.122
2022;PI;Monsenhor Gil;-5.5514856314;-42.6173989159;10255.0;14.276;14.686;70.853;0.088;0.098
2022;PI;Monsenhor Hipólito;-7.0035024726;-41.0328934036;7576.0;32.418;5.768;61.774;0.0;0.04
2022;PI;Monte Alegre do Piauí;-9.7558336681;-45.2957402209;10660.0;13.49;14.559;71.914;0.028;0.009
2022;PI;Morro Cabeça no Tempo;-9.7193194922;-43.9018743654;4377.0;14.416;11.446;73.955;0.0;0.183
2022;PI;Morro do Chapéu do Piauí;-3.7422550962;-42.309063395;6425.0;16.903;7.051;75.86;0.031;0.156
2022;PI;Murici dos Portelas;-3.3238597851;-42.0967690818;9797.0;18.24;7.615;73.645;0.47;0.031
2022;PI;Nazaré do Piauí;-6.9671284911;-42.6682272301;6665.0;13.113;17.854;68.912;0.045;0.075
2022;PI;Nazária;-5.346925;-42.8140484696;10262.0;11.284;21.165;67.453;0.01;0.088
2022;PI;Nossa Senhora de Nazaré;-4.6269320917;-42.1793030785;5228.0;12.682;6.389;80.777;0.134;0.019
2022;PI;Nossa Senhora dos Remédios;-3.9912253518;-42.6239510485;8525.0;12.0;12.68;75.284;0.035;0.0
2022;PI;Novo Oriente do Piauí;-6.4494051369;-41.9287223144;6097.0;14.696;10.3;75.004;0.0;0.0
2022;PI;Novo Santo Antônio;-5.286057644;-41.9345074979;2827.0;19.385;17.439;63.07;0.106;0.0
2022;PI;Oeiras;-7.016418006;-42.1314056604;38161.0;17.285;22.471;60.127;0.01;0.107
2022;PI;Olho d'Água do Piauí;-5.8471585734;-42.578551609;2637.0;16.989;15.358;67.349;0.0;0.303
2022;PI;Padre Marcos;-7.3547121155;-40.9058620824;6382.0;32.874;16.327;50.627;0.0;0.172
2022;PI;Paes Landim;-7.7755629145;-42.2569576294;4088.0;21.013;9.662;69.203;0.122;0.0
2022;PI;Pajeú do Piauí;-7.8525200922;-42.8169360898;3000.0;17.567;8.733;73.7;0.0;0.0
2022;PI;Palmeira do Piauí;-8.7295011188;-44.2325685792;4952.0;23.465;10.602;65.913;0.0;0.02
2022;PI;Palmeirais;-5.9797968361;-43.0618435229;13261.0;12.495;24.991;62.401;0.0;0.113
2022;PI;Paquetá;-7.1014662443;-41.7013852456;3813.0;30.921;11.487;57.592;0.0;0.0
2022;PI;Parnaguá;-10.2171809705;-44.6343146131;10103.0;12.491;13.531;73.523;0.317;0.139
2022;PI;Parnaíba;-2.9033601445;-41.778170592;162153.0;30.428;8.857;60.493;0.115;0.107
2022;PI;Passagem Franca do Piauí;-5.8562473203;-42.4405267463;4135.0;15.671;19.952;64.039;0.29;0.048
2022;PI;Patos do Piauí;-7.6807639351;-41.2522813963;5425.0;20.571;6.323;73.106;0.0;0.0
2022;PI;Pau d'Arco do Piauí;-5.2510934294;-42.3888654971;3880.0;12.216;4.588;83.196;0.0;0.0
2022;PI;Paulistana;-8.1414361349;-41.1470964851;21055.0;33.042;13.754;50.492;0.019;2.693
2022;PI;Pavussu;-7.9642869548;-43.2217523026;3628.0;15.132;9.509;75.331;0.0;0.028
2022;PI;Pedro II;-4.4270552654;-41.4585599331;37891.0;38.199;5.194;56.496;0.053;0.058
2022;PI;Pedro Laurentino;-8.0668825944;-42.28607367;2457.0;24.257;12.617;63.126;0.0;0.0
2022;PI;Nova Santa Rita;-8.0749647181;-42.0482620011;4076.0;24.607;12.733;62.61;0.0;0.049
2022;PI;Picos;-7.0813739122;-41.4688267147;83086.0;35.755;9.069;55.025;0.055;0.096
2022;PI;Pimenteiras;-6.2416884097;-41.4151586072;11341.0;26.55;8.897;64.456;0.026;0.071
2022;PI;Pio IX;-6.8326873012;-40.6182727863;17613.0;27.264;6.484;66.173;0.006;0.074
2022;PI;Piracuruca;-3.9292874936;-41.7090415496;28846.0;25.477;6.143;68.11;0.194;0.076
2022;PI;Piripiri;-4.2760686933;-41.7785048524;65538.0;24.851;8.581;65.057;0.134;1.376
2022;PI;Porto;-3.891422995;-42.7109259993;12051.0;11.061;12.679;76.209;0.05;0.0
2022;PI;Porto Alegre do Piauí;-6.9717246866;-44.1948371019;2364.0;10.871;11.379;77.75;0.0;0.0
2022;PI;Prata do Piauí;-5.6647976938;-42.2042236753;3042.0;21.17;10.684;67.982;0.066;0.099
2022;PI;Queimada Nova;-8.5854253469;-41.4170249222;8738.0;51.476;16.857;29.778;0.0;1.888
2022;PI;Redenção do Gurguéia;-9.4934482414;-44.5812141606;8394.0;11.711;22.457;65.737;0.0;0.095
2022;PI;Regeneração;-6.2401830211;-42.6850242313;17133.0;12.922;24.17;62.803;0.0;0.105
2022;PI;Riacho Frio;-10.1287276881;-44.9525300483;4165.0;11.837;13.181;74.982;0.0;0.0
2022;PI;Ribeira do Piauí;-7.6905755012;-42.7140434913;4055.0;10.308;17.559;71.985;0.099;0.049
2022;PI;Ribeiro Gonçalves;-7.558034245;-45.2456386843;6164.0;19.322;13.222;67.391;0.0;0.065
2022;PI;Rio Grande do Piauí;-7.7708571198;-43.140182786;5801.0;17.342;13.842;68.781;0.034;0.0
2022;PI;Santa Cruz do Piauí;-7.1776264961;-41.7619256891;5831.0;19.671;17.338;62.939;0.0;0.051
2022;PI;Santa Cruz dos Milagres;-5.8081209984;-41.9584459531;3435.0;10.393;9.927;79.68;0.0;0.0
2022;PI;Santa Filomena;-9.1067957053;-45.9205564411;6087.0;14.588;12.469;71.759;0.444;0.739
2022;PI;Santa Luz;-8.9446242169;-44.1295859063;5336.0;16.417;13.849;69.64;0.094;0.0
2022;PI;Santana do Piauí;-6.9490717639;-41.518480558;4125.0;41.648;4.897;53.455;0.0;0.0
2022;PI;Santa Rosa do Piauí;-6.8014550583;-42.2808138761;4650.0;15.118;18.043;66.839;0.0;0.0
2022;PI;Santo Antônio de Lisboa;-6.981848477;-41.2337647421;5839.0;36.427;7.604;55.831;0.086;0.051
2022;PI;Santo Antônio dos Milagres;-6.0467175963;-42.711196805;2138.0;8.793;9.542;81.665;0.0;0.0
2022;PI;Santo Inácio do Piauí;-7.4223368374;-41.91821286;3646.0;26.33;9.6;64.07;0.0;0.0
2022;PI;São Braz do Piauí;-9.0625605359;-42.9990725171;4358.0;24.553;10.326;65.007;0.092;0.023
2022;PI;São Félix do Piauí;-5.932867663;-42.1135025902;2842.0;26.355;10.134;63.512;0.0;0.0
2022;PI;São Francisco de Assis do Piauí;-8.2377547497;-41.6895971517;5572.0;57.574;7.627;34.027;0.664;0.108
2022;PI;São Francisco do Piauí;-7.2439761039;-42.538531987;5392.0;13.446;19.733;66.283;0.538;0.0
2022;PI;São Gonçalo do Gurguéia;-10.0299401062;-45.3014055106;2947.0;10.655;12.25;76.926;0.17;0.0
2022;PI;São Gonçalo do Piauí;-5.9896674395;-42.6988309841;4837.0;21.666;16.973;61.36;0.0;0.0
2022;PI;São João da Canabrava;-6.8189309895;-41.3460536519;4242.0;30.882;5.351;63.673;0.071;0.024
2022;PI;São João da Fronteira;-3.9385974341;-41.2562869593;5522.0;22.148;5.849;71.822;0.127;0.054
2022;PI;São João da Serra;-5.5087975378;-41.8992637511;6114.0;20.936;12.496;66.323;0.131;0.114
2022;PI;São João da Varjota;-6.9190178385;-41.8637422049;4382.0;7.622;41.077;51.118;0.0;0.183
2022;PI;São João do Arraial;-3.8131688736;-42.4531261733;8186.0;16.565;6.12;77.217;0.037;0.061
2022;PI;São João do Piauí;-8.348849688;-42.2564375329;21418.0;20.698;22.374;56.555;0.266;0.107
2022;PI;São José do Divino;-3.8057163565;-41.8301087692;4841.0;24.375;7.003;68.374;0.248;0.0
2022;PI;São José do Peixe;-7.4930087809;-42.5701794158;3297.0;15.408;24.962;59.539;0.091;0.0
2022;PI;São José do Piauí;-6.8706262447;-41.4794072342;6597.0;46.673;9.08;44.247;0.0;0.0
2022;PI;São Julião;-7.0853150046;-40.8369132448;6025.0;34.34;4.763;60.896;0.0;0.0
2022;PI;São Lourenço do Piauí;-9.1720018771;-42.5443519904;4410.0;20.476;7.438;72.063;0.0;0.023
2022;PI;São Luis do Piauí;-6.8281438298;-41.3228378192;2309.0;34.171;3.551;62.278;0.0;0.0
2022;PI;São Miguel da Baixa Grande;-5.8622986343;-42.1853773738;2269.0;23.358;7.801;68.621;0.22;0.0
2022;PI;São Miguel do Fidalgo;-7.5849691189;-42.3705290412;2829.0;16.225;17.179;66.49;0.0;0.106
2022;PI;São Miguel do Tapuio;-5.5006636991;-41.3197984895;17554.0;23.072;9.474;67.204;0.074;0.177
2022;PI;São Pedro do Piauí;-5.9139516466;-42.7236601721;13751.0;14.203;16.122;69.58;0.051;0.044
2022;PI;São Raimundo Nonato;-9.0153604824;-42.6922851642;38933.0;23.597;14.777;60.81;0.465;0.352
2022;PI;Sebastião Barros;-10.8166752206;-44.8332841775;3202.0;18.988;13.242;67.708;0.062;0.0
2022;PI;Sebastião Leal;-7.5773856302;-44.0676917696;4446.0;28.07;7.467;64.417;0.0;0.045
2022;PI;Sigefredo Pacheco;-4.9116891642;-41.7275592248;9460.0;18.161;5.486;76.268;0.063;0.021
2022;PI;Simões;-7.5991371657;-40.8175090684;14350.0;22.578;11.498;65.895;0.028;0.0
2022;PI;Simplício Mendes;-7.8579572939;-41.9109103617;13870.0;20.627;15.458;63.353;0.397;0.166
2022;PI;Socorro do Piauí;-7.8649380571;-42.5046917237;4141.0;11.616;14.682;73.654;0.048;0.0
2022;PI;Sussuapara;-7.0170105888;-41.3922677309;6220.0;37.814;4.662;57.492;0.0;0.032
2022;PI;Tamboril do Piauí;-8.4004317801;-42.9096888302;2949.0;18.515;9.257;72.228;0.0;0.0
2022;PI;Tanque do Piauí;-6.5963534674;-42.2839013405;2316.0;18.826;18.135;62.737;0.0;0.302
2022;PI;Teresina;-5.0863419523;-42.8052704582;866288.0;24.531;14.412;60.805;0.114;0.138
2022;PI;União;-4.5860181591;-42.862929716;46119.0;16.208;12.331;71.348;0.054;0.059
2022;PI;Uruçuí;-7.2295033446;-44.5602559239;25203.0;21.152;11.534;66.115;0.171;1.028
2022;PI;Valença do Piauí;-6.3981960227;-41.7405359913;22278.0;21.259;13.233;65.374;0.004;0.13
2022;PI;Várzea Branca;-9.2365410893;-42.969444535;5055.0;17.587;16.419;65.935;0.0;0.059
2022;PI;Várzea Grande;-6.5429475544;-42.2531016233;4417.0;20.761;15.395;63.776;0.0;0.068
2022;PI;Vera Mendes;-7.6028492829;-41.47973675;3185.0;22.92;4.898;72.119;0.0;0.063
2022;PI;Vila Nova do Piauí;-7.141046434;-40.9378013965;2935.0;29.983;3.578;66.371;0.0;0.068
2022;PI;Wall Ferraz;-7.2357790064;-41.9089536203;4059.0;20.572;10.2;69.18;0.0;0.049
2022;CE;Abaiara;-7.3569765959;-39.0475466362;10038.0;23.481;7.422;68.938;0.11;0.05
2022;CE;Acarape;-4.2231384094;-38.705623771;14027.0;17.737;7.692;74.521;0.0;0.05
2022;CE;Acaraú;-2.8853105401;-40.1182414712;65263.0;25.068;5.804;68.294;0.075;0.758
2022;CE;Acopiara;-6.092761995;-39.4557052762;44962.0;31.985;6.365;61.568;0.029;0.053
2022;CE;Aiuaba;-6.5632984401;-40.1231600776;14076.0;24.048;8.014;67.882;0.028;0.028
2022;CE;Alcântaras;-3.5869837692;-40.5446381226;11369.0;17.979;6.263;75.583;0.176;0.0
2022;CE;Altaneira;-6.9974983508;-39.7458206389;6782.0;28.089;10.543;61.28;0.074;0.015
2022;CE;Alto Santo;-5.5220817397;-38.2727781487;14155.0;29.347;7.722;62.812;0.085;0.035
2022;CE;Amontada;-3.3648778035;-39.8288227917;42147.0;23.181;4.622;71.981;0.081;0.135
2022;CE;Antonina do Norte;-6.7796878471;-39.9823868419;7245.0;37.239;8.778;53.885;0.041;0.055
2022;CE;Apuiarés;-3.9480185186;-39.4304227833;12928.0;25.449;5.275;69.144;0.031;0.101
2022;CE;Aquiraz;-3.9061945;-38.3898029589;80643.0;24.997;7.947;66.399;0.093;0.564
2022;CE;Aracati;-4.56706647;-37.7727525989;75108.0;26.081;8.168;65.398;0.117;0.236
2022;CE;Aracoiaba;-4.370393807;-38.8094409692;25553.0;22.103;6.461;71.369;0.055;0.012
2022;CE;Ararendá;-4.751938272;-40.831096735;11096.0;24.667;2.632;72.359;0.207;0.135
2022;CE;Araripe;-7.2061837892;-40.1374458094;19783.0;21.195;6.794;71.789;0.177;0.045
2022;CE;Aratuba;-4.416930645;-39.0475545618;11224.0;12.562;4.945;76.042;0.045;6.406
2022;CE;Arneiroz;-6.319425803;-40.1614437124;7428.0;34.128;5.775;59.962;0.027;0.108
2022;CE;Assaré;-6.8726071122;-39.8712747475;21697.0;34.922;7.033;57.731;0.272;0.041
2022;CE;Aurora;-6.940391832;-38.9769908769;23714.0;32.605;5.596;61.664;0.11;0.025
2022;CE;Baixio;-6.7271620493;-38.720125916;5704.0;25.894;4.839;68.987;0.105;0.175
2022;CE;Banabuiú;-5.315047304;-38.9257848049;17195.0;24.559;5.345;70.067;0.006;0.023
2022;CE;Barbalha;-7.3071721269;-39.3023163692;75033.0;20.78;10.365;68.347;0.409;0.099
2022;CE;Barreira;-4.2887622668;-38.6385018296;22392.0;16.792;4.805;78.349;0.027;0.027
2022;CE;Barro;-7.1682087267;-38.7798806461;19381.0;32.011;7.605;60.239;0.083;0.062
2022;CE;Barroquinha;-3.0091167462;-41.1394815382;14567.0;18.178;5.396;76.275;0.144;0.007
2022;CE;Baturité;-4.3312051564;-38.8800213756;35218.0;19.76;8.209;71.611;0.091;0.329
2022;CE;Beberibe;-4.1747632212;-38.1232730421;53114.0;24.395;6.049;69.436;0.051;0.07
2022;CE;Bela Cruz;-3.0551067243;-40.166842907;32775.0;21.452;7.603;70.795;0.061;0.088
2022;CE;Boa Viagem;-5.1257438701;-39.7332823425;50411.0;27.891;5.366;65.869;0.081;0.793
2022;CE;Brejo Santo;-7.4916380087;-38.9855138674;51090.0;28.377;5.847;65.651;0.074;0.051
2022;CE;Camocim;-2.9009665746;-40.8475277409;62325.0;21.213;6.554;71.997;0.159;0.077
2022;CE;Campos Sales;-7.0733835;-40.3790031302;25134.0;31.276;7.77;60.555;0.338;0.06
2022;CE;Canindé;-4.3553442897;-39.3103429529;74173.0;23.344;6.156;69.641;0.276;0.582
2022;CE;Capistrano;-4.4598966121;-38.9018287595;17254.0;16.512;10.316;72.928;0.191;0.052
2022;CE;Caridade;-4.2249600008;-39.193032915;16377.0;21.188;5.758;72.901;0.085;0.067
2022;CE;Cariré;-3.95161188;-40.4738448077;17632.0;23.758;7.64;68.347;0.199;0.057
2022;CE;Caririaçu;-7.041528;-39.2843720296;26320.0;27.857;5.175;66.706;0.198;0.065
2022;CE;Cariús;-6.5311279379;-39.4976886801;17014.0;37.775;6.248;55.725;0.217;0.035
2022;CE;Carnaubal;-4.1639885624;-40.9356315773;17208.0;39.743;4.632;51.22;0.081;4.324
2022;CE;Cascavel;-4.1314336782;-38.2396859407;72716.0;22.229;5.808;71.695;0.133;0.135
2022;CE;Catarina;-6.1275562908;-39.8794662283;10243.0;31.085;6.17;62.618;0.117;0.01
2022;CE;Catunda;-4.6515493857;-40.2058037894;10443.0;21.44;3.706;74.011;0.201;0.642
2022;CE;Caucaia;-3.736487;-38.6640175358;355671.0;24.477;7.419;64.627;0.13;3.347
2022;CE;Cedro;-6.6049605;-39.059743148;22344.0;33.969;7.022;58.946;0.063;0.0
2022;CE;Chaval;-3.0389011891;-41.2445958219;12462.0;21.586;6.275;72.091;0.048;0.0
2022;CE;Choró;-4.8425156593;-39.1374675316;12112.0;14.424;4.615;80.953;0.008;0.0
2022;CE;Chorozinho;-4.302170914;-38.5012856667;20163.0;24.466;7.613;67.837;0.025;0.06
2022;CE;Coreaú;-3.5494878611;-40.6569510758;20953.0;29.294;4.496;66.196;0.01;0.005
2022;CE;Crateús;-5.1769505508;-40.6684001308;76389.0;28.825;6.645;61.566;0.12;2.843
2022;CE;Crato;-7.2317527899;-39.4083902978;131047.0;27.06;12.605;59.712;0.353;0.269
2022;CE;Croatá;-4.4140572655;-40.9090450982;17481.0;26.051;3.118;70.436;0.366;0.029
2022;CE;Cruz;-2.9167080504;-40.1712787065;29761.0;30.695;4.14;64.91;0.161;0.094
2022;CE;Deputado Irapuan Pinheiro;-5.9089623738;-39.2615417651;8932.0;27.553;3.907;68.484;0.056;0.0
2022;CE;Ererê;-6.0313327299;-38.3472589621;6474.0;37.967;7.244;54.665;0.062;0.062
2022;CE;Eusébio;-3.8869728867;-38.4451218386;74170.0;29.581;4.761;65.455;0.131;0.073
2022;CE;Farias Brito;-6.9271099806;-39.5708350212;18217.0;26.607;6.653;66.586;0.11;0.044
2022;CE;Forquilha;-3.7989577431;-40.2587689981;24172.0;22.927;7.529;69.076;0.439;0.029
2022;CE;Fortaleza;-3.723805035;-38.589927555;2428021.0;32.7;7.044;60.004;0.129;0.124
2022;CE;Fortim;-4.4498049174;-37.798975486;17294.0;25.812;6.846;67.179;0.064;0.098
2022;CE;Frecheirinha;-3.7606119315;-40.8214052012;15657.0;26.876;4.956;67.893;0.211;0.064
2022;CE;General Sampaio;-4.0510412747;-39.4535299504;6734.0;22.527;5.138;72.275;0.059;0.0
2022;CE;Graça;-4.046938794;-40.7555248996;13801.0;31.005;6.507;62.329;0.087;0.072
2022;CE;Granja;-3.1189521562;-40.829938991;53344.0;18.726;5.643;75.403;0.174;0.054
2022;CE;Granjeiro;-6.8888843729;-39.2203088858;4841.0;27.825;9.626;62.281;0.248;0.021
2022;CE;Groaíras;-3.9119541292;-40.3821460239;10909.0;34.962;6.518;57.97;0.468;0.083
2022;CE;Guaiúba;-4.0402435005;-38.6344347805;24325.0;19.133;8.802;71.979;0.078;0.008
2022;CE;Guaraciaba do Norte;-4.1624510671;-40.7526331779;42053.0;30.038;3.688;65.926;0.262;0.086
2022;CE;Guaramiranga;-4.2620509186;-38.9406332851;5654.0;15.617;6.067;78.228;0.088;0.0
2022;CE;Hidrolândia;-4.4079994443;-40.4018171244;17854.0;31.556;6.307;61.924;0.19;0.022
2022;CE;Horizonte;-4.093278;-38.4942395586;74752.0;21.015;6.423;72.353;0.079;0.131
2022;CE;Ibaretama;-4.8186515779;-38.8216783127;11956.0;21.086;6.465;72.449;0.0;0.0
2022;CE;Ibiapina;-3.9361312622;-40.8939290198;23963.0;25.402;3.639;70.834;0.096;0.029
2022;CE;Ibicuitinga;-4.9691664228;-38.6408630486;11611.0;30.178;4.1;65.507;0.164;0.052
2022;CE;Icapuí;-4.7155494878;-37.3535630986;21432.0;32.26;9.388;58.189;0.135;0.028
2022;CE;Icó;-6.4030312519;-38.8630851789;62642.0;30.813;5.741;63.378;0.061;0.008
2022;CE;Iguatu;-6.36055472;-39.2999056782;98060.0;34.885;6.86;58.057;0.082;0.116
2022;CE;Independência;-5.3980281003;-40.3093482606;24024.0;33.741;6.285;59.84;0.054;0.079
2022;CE;Ipaporanga;-4.9006297857;-40.75796634;11575.0;25.866;4.847;69.045;0.199;0.043
2022;CE;Ipaumirim;-6.7883612602;-38.7159037441;12083.0;33.303;6.927;59.704;0.058;0.008
2022;CE;Ipu;-4.3134316852;-40.7187261447;41081.0;31.547;5.711;62.559;0.112;0.071
2022;CE;Ipueiras;-4.543785495;-40.7156965106;36797.0;28.046;5.389;66.052;0.345;0.168
2022;CE;Iracema;-5.8098425529;-38.3046616557;14001.0;36.083;7.371;56.489;0.014;0.043
2022;CE;Irauçuba;-3.7454188017;-39.7922381151;23915.0;18.942;4.303;76.529;0.201;0.025
2022;CE;Itaiçaba;-4.6834047119;-37.8216295137;7536.0;29.538;4.485;65.87;0.066;0.04
2022;CE;Itaitinga;-3.9704590163;-38.5264051495;64648.0;21.105;7.349;71.221;0.238;0.087
2022;CE;Itapajé;-3.6856731098;-39.5835332386;46422.0;25.04;4.399;70.378;0.144;0.039
2022;CE;Itapipoca;-3.4994355;-39.5834815758;131120.0;20.953;5.78;72.625;0.162;0.48
2022;CE;Itapiúna;-4.5547401747;-38.9206739559;17841.0;20.296;11.115;68.371;0.213;0.006
2022;CE;Itarema;-2.923348;-39.9156777489;42956.0;21.361;5.033;64.806;0.223;8.576
2022;CE;Itatira;-4.5289225623;-39.6179040159;20423.0;19.532;4.96;75.444;0.049;0.015
2022;CE;Jaguaretama;-5.6108895632;-38.7625262979;17232.0;19.847;5.211;74.907;0.017;0.017
2022;CE;Jaguaribara;-5.457502034;-38.4630972956;10356.0;28.689;9.849;61.317;0.077;0.068
2022;CE;Jaguaribe;-5.886459045;-38.6230050493;33725.0;31.152;6.491;62.221;0.113;0.024
2022;CE;Jaguaruana;-4.8395551683;-37.782391481;31700.0;31.202;6.407;62.009;0.24;0.142
2022;CE;Jardim;-7.5855364657;-39.2841644574;27410.0;18.114;8.727;72.889;0.157;0.113
2022;CE;Jati;-7.6927415948;-39.0051387612;7861.0;27.401;5.623;66.824;0.14;0.013
2022;CE;Jijoca de Jericoacoara;-2.8996827089;-40.4387354019;25555.0;26.312;4.719;68.754;0.133;0.082
2022;CE;Juazeiro do Norte;-7.210766;-39.3169933556;286115.0;31.34;8.899;59.545;0.13;0.087
2022;CE;Jucás;-6.5225492731;-39.5267762434;23922.0;31.879;6.968;61.094;0.017;0.042
2022;CE;Lavras da Mangabeira;-6.7547479768;-38.9672750539;30802.0;30.203;7.386;62.363;0.019;0.029
2022;CE;Limoeiro do Norte;-5.15023902;-38.0990948705;59560.0;37.839;6.617;55.358;0.104;0.082
2022;CE;Madalena;-4.8524341766;-39.5757886826;16896.0;21.946;8.428;69.046;0.556;0.024
2022;CE;Maracanaú;-3.876964451;-38.6244186466;234501.0;24.81;6.445;67.087;0.122;1.536
2022;CE;Maranguape;-3.89186946;-38.6858512477;105093.0;24.037;8.185;67.601;0.069;0.108
2022;CE;Marco;-3.120707025;-40.1516436427;25798.0;23.575;8.206;68.133;0.035;0.05
2022;CE;Martinópole;-3.2250122274;-40.6993551751;10846.0;21.012;7.035;71.732;0.138;0.083
2022;CE;Massapê;-3.5238705843;-40.3421348648;37695.0;16.904;6.274;76.514;0.271;0.037
2022;CE;Mauriti;-7.387398;-38.772795438;45561.0;27.572;7.886;64.406;0.114;0.022
2022;CE;Meruoca;-3.5390066623;-40.4508809568;15157.0;15.986;6.967;77.014;0.007;0.026
2022;CE;Milagres;-7.3104277968;-38.9431567662;25900.0;26.019;9.185;64.595;0.178;0.023
2022;CE;Milhã;-5.6795641009;-39.2035741816;14122.0;37.799;4.744;57.407;0.021;0.028
2022;CE;Miraíma;-3.5685999066;-39.970064882;14193.0;22.194;4.798;72.881;0.085;0.042
2022;CE;Missão Velha;-7.2432315138;-39.1451977079;36822.0;21.71;10.673;67.375;0.122;0.119
2022;CE;Mombaça;-5.74700454;-39.6244052479;37735.0;29.758;4.245;65.92;0.066;0.011
2022;CE;Monsenhor Tabosa;-4.7830912915;-40.0700674616;17147.0;20.085;2.589;57.188;0.099;20.038
2022;CE;Morada Nova;-5.0969520002;-38.3649073451;61442.0;34.758;5.307;59.863;0.034;0.037
2022;CE;Moraújo;-3.4663632744;-40.6835989271;8254.0;18.476;5.391;76.096;0.036;0.0
2022;CE;Morrinhos;-3.2288305343;-40.1241788929;22753.0;25.144;7.832;66.607;0.075;0.343
2022;CE;Mucambo;-3.9060299796;-40.7452804652;13666.0;36.47;4.756;58.635;0.095;0.044
2022;CE;Mulungu;-4.2995283201;-38.9930659239;10569.0;22.736;6.699;70.139;0.322;0.104
2022;CE;Nova Olinda;-7.0841028114;-39.6794854727;15395.0;24.131;6.652;69.146;0.039;0.032
2022;CE;Nova Russas;-4.7068083499;-40.5653033549;30698.0;28.188;4.847;66.825;0.039;0.101
2022;CE;Novo Oriente;-5.5338648355;-40.7747672682;27545.0;27.163;4.534;66.444;0.167;1.692
2022;CE;Ocara;-4.4850665445;-38.5985379828;24493.0;23.203;8.149;68.395;0.176;0.078
2022;CE;Orós;-6.2427987837;-38.9135959845;19675.0;31.365;5.657;62.887;0.071;0.02
2022;CE;Pacajus;-4.17054051;-38.4670222649;70980.0;23.484;6.736;69.593;0.096;0.092
2022;CE;Pacatuba;-3.9861200223;-38.618299312;81521.0;23.6;8.366;66.569;0.118;1.347
2022;CE;Pacoti;-4.2247654331;-38.9258889387;11186.0;19.587;6.142;74.262;0.0;0.009
2022;CE;Pacujá;-3.9783943861;-40.6967361073;6175.0;31.87;8.713;59.304;0.016;0.097
2022;CE;Palhano;-4.7439450768;-37.9662351611;9346.0;26.6;5.339;67.986;0.043;0.032
2022;CE;Palmácia;-4.1489817745;-38.8450290663;10242.0;20.426;7.254;72.173;0.078;0.068
2022;CE;Paracuru;-3.4116350092;-39.0295453441;38978.0;23.395;6.906;69.275;0.149;0.275
2022;CE;Paraipaba;-3.4361967279;-39.1481155272;32216.0;24.221;4.467;71.151;0.118;0.043
2022;CE;Parambu;-6.2103360017;-40.6942072413;31445.0;31.325;7.041;61.269;0.315;0.051
2022;CE;Paramoti;-4.097432332;-39.239466495;10384.0;19.588;4.391;75.847;0.125;0.048
2022;CE;Pedra Branca;-5.4546855;-39.7139376447;40187.0;24.077;3.506;72.262;0.129;0.025
2022;CE;Penaforte;-7.8299146121;-39.0741275241;8972.0;25.078;6.821;67.956;0.078;0.067
2022;CE;Pentecoste;-3.7962667362;-39.2670087315;37813.0;25.787;6.31;67.741;0.124;0.037
2022;CE;Pereiro;-6.045076902;-38.459136039;15274.0;34.411;6.508;58.976;0.059;0.046
2022;CE;Pindoretama;-4.0278039927;-38.3000879763;23390.0;21.659;7.341;70.723;0.124;0.154
2022;CE;Piquet Carneiro;-5.8085695598;-39.4194062555;16614.0;34.248;4.701;61.003;0.018;0.03
2022;CE;Pires Ferreira;-4.2421541432;-40.6465412478;10606.0;28.456;4.356;67.132;0.057;0.0
2022;CE;Poranga;-4.7439507319;-40.9263795103;12065.0;28.827;3.481;57.19;0.083;10.419
2022;CE;Porteiras;-7.5357464416;-39.1153314615;17050.0;19.918;7.109;72.669;0.217;0.088
2022;CE;Potengi;-7.0901794696;-40.0321325357;8833.0;26.095;10.246;63.41;0.238;0.011
2022;CE;Potiretama;-5.7216679037;-38.1579178532;5974.0;52.343;5.29;42.35;0.017;0.0
2022;CE;Quiterianópolis;-5.8470092293;-40.7044888468;20212.0;30.581;5.927;60.123;0.054;3.315
2022;CE;Quixadá;-4.9637;-39.0117446758;84166.0;25.344;6.689;67.82;0.114;0.033
2022;CE;Quixelô;-6.2512119004;-39.2022943665;15910.0;35.632;3.048;61.207;0.05;0.063
2022;CE;Quixeramobim;-5.1984048374;-39.294354227;82177.0;23.171;6.233;70.422;0.033;0.141
2022;CE;Quixeré;-5.0687289544;-37.9905222251;20874.0;31.168;6.122;62.676;0.014;0.019
2022;CE;Redenção;-4.2229581502;-38.7295707506;27214.0;15.874;5.611;78.408;0.026;0.081
2022;CE;Reriutaba;-4.1415676008;-40.5846120037;18606.0;31.307;3.381;65.21;0.097;0.005
2022;CE;Russas;-4.9397378154;-37.9754312969;72927.0;32.301;5.379;62.166;0.114;0.04
2022;CE;Saboeiro;-6.5364333525;-39.9045806984;13854.0;36.711;7.355;55.803;0.108;0.022
2022;CE;Salitre;-7.284528685;-40.4647520646;16633.0;22.347;14.7;62.857;0.006;0.09
2022;CE;Santana do Acaraú;-3.4597753417;-40.2094628598;30628.0;22.59;9.426;67.752;0.144;0.088
2022;CE;Santana do Cariri;-7.1808977833;-39.7379797815;16954.0;20.65;7.691;71.529;0.1;0.029
2022;CE;Santa Quitéria;-4.3332705;-40.1535078136;40180.0;23.489;5.689;70.637;0.062;0.122
2022;CE;São Benedito;-4.04472699;-40.8644898758;47639.0;29.996;6.092;63.299;0.057;0.556
2022;CE;São Gonçalo do Amarante;-3.6056325;-38.9720758653;54143.0;19.445;5.469;74.774;0.113;0.199
2022;CE;São João do Jaguaribe;-5.2686305505;-38.2719407044;5855.0;30.589;3.962;65.431;0.017;0.0
2022;CE;São Luís do Curu;-3.6730092532;-39.241606185;10822.0;24.413;5.433;69.867;0.231;0.055
2022;CE;Senador Pompeu;-5.5893437521;-39.3753253308;24264.0;27.209;7.398;65.364;0.008;0.021
2022;CE;Senador Sá;-3.351789628;-40.4637920044;7262.0;15.712;6.114;78.036;0.11;0.028
2022;CE;Sobral;-3.6880376838;-40.3486680337;203017.0;25.522;7.802;66.46;0.159;0.056
2022;CE;Solonópole;-5.726351291;-39.0082249132;18179.0;25.76;5.715;68.48;0.028;0.017
2022;CE;Tabuleiro do Norte;-5.2438038699;-38.1297371282;30652.0;40.81;4.456;54.639;0.072;0.023
2022;CE;Tamboril;-4.8339285832;-40.3190685133;24812.0;21.482;6.291;69.849;0.044;2.334
2022;CE;Tarrafas;-6.6825903147;-39.7584941949;7529.0;43.352;4.728;51.893;0.0;0.027
2022;CE;Tauá;-6.0029989399;-40.2926246551;61213.0;39.872;8.273;51.697;0.093;0.065
2022;CE;Tejuçuoca;-3.9897118086;-39.5768263617;17154.0;17.203;3.387;79.276;0.087;0.047
2022;CE;Tianguá;-3.722674;-40.9917056227;81506.0;26.654;3.897;69.215;0.152;0.082
2022;CE;Trairi;-3.2644201691;-39.2722318726;58410.0;21.109;5.239;73.467;0.144;0.041
2022;CE;Tururu;-3.5955952355;-39.434363537;15412.0;19.913;6.287;73.715;0.039;0.045
2022;CE;Ubajara;-3.8484914352;-40.907143928;32766.0;23.457;3.925;72.481;0.073;0.064
2022;CE;Umari;-6.6472443752;-38.7013257159;6871.0;31.873;9.416;58.594;0.102;0.015
2022;CE;Umirim;-3.6755618981;-39.3423844043;17470.0;19.937;5.701;74.23;0.109;0.023
2022;CE;Uruburetama;-3.6230168337;-39.5081780698;20189.0;23.3;6.063;70.459;0.05;0.129
2022;CE;Uruoca;-3.3132306604;-40.5611630277;13746.0;18.056;5.027;76.837;0.051;0.029
2022;CE;Varjota;-4.1828222828;-40.4789932741;18104.0;29.48;4.137;66.129;0.193;0.061
2022;CE;Várzea Alegre;-6.7918458556;-39.2989329971;38982.0;31.409;7.68;60.856;0.049;0.005
2022;CE;Viçosa do Ceará;-3.5660127532;-41.091629075;59712.0;17.375;3.468;78.947;0.099;0.111
2022;RN;Acari;-6.4420850889;-36.64373887;10597.0;45.919;12.296;41.644;0.019;0.123
2022;RN;Açu;-5.5719459992;-36.91792322;56495.0;33.019;10.242;56.311;0.191;0.237
2022;RN;Afonso Bezerra;-5.4987342681;-36.509148234;10839.0;26.986;12.049;60.762;0.185;0.018
2022;RN;Água Nova;-6.2047167188;-38.2908249542;2946.0;50.713;8.316;40.971;0.0;0.0
2022;RN;Alexandria;-6.4171363379;-38.0192888913;13640.0;36.305;4.743;58.776;0.139;0.037
2022;RN;Almino Afonso;-6.1574206925;-37.7631253024;4687.0;47.728;6.017;46.085;0.107;0.064
2022;RN;Alto do Rodrigues;-5.2938077876;-36.7594926142;12484.0;38.794;6.665;54.526;0.016;0.0
2022;RN;Angicos;-5.6603653291;-36.6054328738;11632.0;34.99;10.703;54.273;0.017;0.017
2022;RN;Antônio Martins;-6.2160044547;-37.8857345656;6577.0;49.886;4.683;45.416;0.015;0.0
2022;RN;Apodi;-5.6637698192;-37.7977844763;36091.0;43.842;4.965;50.716;0.069;0.407
2022;RN;Areia Branca;-4.9528976306;-37.1312717157;24093.0;30.457;11.053;58.336;0.087;0.066
2022;RN;Arez;-6.1937122745;-35.1606360959;13251.0;27.175;11.222;61.127;0.113;0.362
2022;RN;Campo Grande;-5.858114424;-37.3088725642;9730.0;33.803;4.615;61.531;0.031;0.021
2022;RN;Baía Formosa;-6.3699923042;-35.0090361818;8825.0;31.218;6.255;56.873;0.034;5.62
2022;RN;Baraúna;-5.0766181048;-37.6181801951;26913.0;30.922;9.386;59.313;0.29;0.089
2022;RN;Barcelona;-5.9481318483;-35.926794528;3986.0;39.789;8.003;52.158;0.05;0.0
2022;RN;Bento Fernandes;-5.6923833177;-35.8216988907;4807.0;26.253;6.241;67.464;0.021;0.021
2022;RN;Bodó;-5.9880452499;-36.4138377023;2306.0;41.327;6.418;52.168;0.0;0.087
2022;RN;Bom Jesus;-5.9863188523;-35.5888032898;9949.0;30.315;13.328;56.187;0.151;0.02
2022;RN;Brejinho;-6.1925790587;-35.357354054;12202.0;36.076;6.302;57.507;0.09;0.025
2022;RN;Caiçara do Norte;-5.0629944094;-36.0558571538;6292.0;29.466;8.106;62.397;0.016;0.016
2022;RN;Caiçara do Rio do Vento;-5.7590871428;-35.9997904111;3268.0;31.946;7.436;60.496;0.092;0.031
2022;RN;Caicó;-6.4591388314;-37.0964887712;61144.0;56.915;7.706;35.222;0.07;0.087
2022;RN;Campo Redondo;-6.2433830532;-36.1825045694;10215.0;34.41;4.826;60.705;0.059;0.0
2022;RN;Canguaretama;-6.3749252157;-35.128539664;29668.0;29.877;8.103;60.671;0.081;1.267
2022;RN;Caraúbas;-5.7911761029;-37.5537021978;19727.0;36.939;7.406;55.345;0.233;0.076
2022;RN;Carnaúba dos Dantas;-6.5607325174;-36.5952519215;7992.0;57.345;6.431;35.711;0.05;0.463
2022;RN;Carnaubais;-5.3397853943;-36.8346423564;9714.0;28.845;11.54;59.481;0.062;0.072
2022;RN;Ceará-Mirim;-5.6409835919;-35.4244869285;79114.0;25.496;14.626;58.393;0.234;1.251
2022;RN;Cerro Corá;-6.0348271931;-36.3457414415;11000.0;41.482;4.318;54.009;0.1;0.091
2022;RN;Coronel Ezequiel;-6.3834023903;-36.2147710444;5117.0;36.31;5.863;57.768;0.059;0.0
2022;RN;Coronel João Pessoa;-6.2601122114;-38.4402581627;4237.0;52.986;15.624;31.39;0.0;0.0
2022;RN;Cruzeta;-6.413176407;-36.7917053203;8005.0;47.97;7.433;44.322;0.187;0.087
2022;RN;Currais Novos;-6.264672219;-36.516219221;41313.0;48.658;7.233;43.996;0.039;0.075
2022;RN;Doutor Severiano;-6.0936873706;-38.3736830788;7044.0;50.511;6.317;43.143;0.014;0.014
2022;RN;Parnamirim;-5.9103697583;-35.2592090739;252706.0;46.766;7.768;45.185;0.146;0.136
2022;RN;Encanto;-6.1111342006;-38.3048789907;6016.0;52.045;7.463;40.442;0.017;0.033
2022;RN;Equador;-6.9458427491;-36.7164124289;5360.0;48.918;7.332;43.694;0.037;0.019
2022;RN;Espírito Santo;-6.3355717032;-35.3170907892;10620.0;32.618;7.09;60.075;0.207;0.009
2022;RN;Extremoz;-5.7027099362;-35.314025432;61634.0;30.903;12.92;55.838;0.162;0.177
2022;RN;Felipe Guerra;-5.6019617698;-37.6913850557;5944.0;38.678;7.015;54.29;0.017;0.0
2022;RN;Fernando Pedroza;-5.6960157815;-36.5324535354;2938.0;28.012;10.892;60.517;0.477;0.102
2022;RN;Florânia;-6.126951955;-36.8140762988;10196.0;48.029;7.336;44.606;0.02;0.01
2022;RN;Francisco Dantas;-6.0880967167;-38.1256497554;2700.0;52.407;8.148;39.37;0.037;0.037
2022;RN;Frutuoso Gomes;-6.1562327993;-37.840960754;4122.0;46.628;3.324;49.927;0.049;0.073
2022;RN;Galinhos;-5.0916897784;-36.27464007;2104.0;28.945;5.371;65.494;0.095;0.095
2022;RN;Goianinha;-6.25059039;-35.2177861245;26741.0;30.029;9.102;59.1;0.183;1.586
2022;RN;Governador Dix-Sept Rosado;-5.4589138421;-37.521911843;11938.0;41.163;9.097;49.59;0.142;0.008
2022;RN;Grossos;-4.9755148071;-37.15748416;9924.0;31.509;8.021;60.47;0.0;0.0
2022;RN;Guamaré;-5.1073629546;-36.3181443774;15294.0;32.941;10.305;56.362;0.366;0.026
2022;RN;Ielmo Marinho;-5.8153150383;-35.5528293751;11615.0;26.294;11.322;62.006;0.224;0.155
2022;RN;Ipanguaçu;-5.4971483533;-36.8528746047;14131.0;29.828;12.688;57.243;0.149;0.092
2022;RN;Ipueira;-6.8155507619;-37.1978561299;2035.0;43.882;6.585;48.943;0.59;0.0
2022;RN;Itajá;-5.643547609;-36.8698181053;7292.0;33.297;11.67;54.8;0.123;0.11
2022;RN;Itaú;-5.8379360734;-37.9882686257;5320.0;41.861;6.053;52.068;0.0;0.019
2022;RN;Jaçanã;-6.4249733474;-36.2055929077;7834.0;33.814;4.595;61.565;0.026;0.0
2022;RN;Jandaíra;-5.35528;-36.1305852719;6562.0;29.534;7.909;62.222;0.274;0.061
2022;RN;Janduís;-6.0160927029;-37.4092111089;4746.0;34.345;7.859;57.438;0.063;0.295
2022;RN;Boa Saúde;-6.1560980226;-35.6008919626;9051.0;32.715;8.408;58.601;0.254;0.022
2022;RN;Japi;-6.4605660133;-35.945934828;5117.0;37.073;5.062;57.768;0.059;0.039
2022;RN;Jardim de Angicos;-5.6526312124;-35.9699543298;2437.0;31.391;12.68;52.154;0.041;3.734
2022;RN;Jardim de Piranhas;-6.3800975492;-37.3492178523;13977.0;55.777;4.801;39.279;0.086;0.057
2022;RN;Jardim do Seridó;-6.5863362517;-36.7745815234;11655.0;62.274;6.083;31.566;0.077;0.0
2022;RN;João Câmara;-5.5384233834;-35.8167878739;33290.0;28.084;9.483;54.824;0.475;7.134
2022;RN;João Dias;-6.2761140978;-37.796960782;2076.0;40.511;6.744;52.697;0.048;0.0
2022;RN;José da Penha;-6.3126884428;-38.2844030705;5803.0;53.3;6.531;40.117;0.052;0.0
2022;RN;Jucurutu;-6.0334187841;-37.0202258294;17793.0;41.494;5.941;52.448;0.056;0.062
2022;RN;Jundiá;-6.2691693311;-35.3277885219;3739.0;33.03;8.478;58.411;0.053;0.027
2022;RN;Lagoa d'Anta;-6.3915023235;-35.5997951777;6654.0;32.011;7.394;60.28;0.271;0.045
2022;RN;Lagoa de Pedras;-6.149739102;-35.4334827322;7338.0;31.385;9.58;58.613;0.354;0.068
2022;RN;Lagoa de Velhos;-5.9999155193;-35.8706988331;2567.0;36.385;8.804;54.694;0.039;0.078
2022;RN;Lagoa Nova;-6.0976692964;-36.4589606696;15573.0;36.204;9.317;54.357;0.058;0.064
2022;RN;Lagoa Salgada;-6.1258182619;-35.4724975676;8319.0;36.375;8.451;55.115;0.012;0.048
2022;RN;Lajes;-5.6988303588;-36.2427351264;9866.0;29.708;11.464;58.778;0.02;0.03
2022;RN;Lajes Pintadas;-6.1514320721;-36.1184417929;4787.0;25.632;6.33;68.038;0.0;0.0
2022;RN;Lucrécia;-6.1169236352;-37.8156328477;3490.0;48.453;4.499;47.049;0.0;0.0
2022;RN;Luís Gomes;-6.4140281424;-38.3864203751;9070.0;37.508;11.18;50.838;0.243;0.232
2022;RN;Macaíba;-5.8572366196;-35.3552371336;82248.0;30.633;12.163;55.88;0.221;1.103
2022;RN;Macau;-5.1133676503;-36.6349731819;27368.0;31.511;11.513;56.756;0.102;0.117
2022;RN;Major Sales;-6.4037565657;-38.3234550212;3924.0;38.022;5.632;56.167;0.102;0.076
2022;RN;Marcelino Vieira;-6.2935497878;-38.1666126187;7896.0;50.861;8.447;40.679;0.013;0.0
2022;RN;Martins;-6.0963474929;-37.9113273957;8175.0;44.453;9.223;46.275;0.049;0.0
2022;RN;Maxaranguape;-5.5054562658;-35.2620748681;10254.0;24.254;14.677;60.776;0.234;0.059
2022;RN;Messias Targino;-6.0764975053;-37.5120589302;4274.0;32.078;13.477;54.352;0.047;0.047
2022;RN;Montanhas;-6.4822429389;-35.2876919576;11444.0;34.498;5.828;59.49;0.096;0.087
2022;RN;Monte Alegre;-6.0678766241;-35.3320992693;23031.0;33.438;7.859;58.391;0.169;0.143
2022;RN;Monte das Gameleiras;-6.4394660165;-35.7866071235;2276.0;39.719;2.856;57.425;0.0;0.0
2022;RN;Mossoró;-5.1938012347;-37.3568741367;264570.0;41.964;9.274;48.468;0.209;0.085
2022;RN;Natal;-5.7508985376;-35.2522547281;751269.0;43.226;9.804;46.631;0.171;0.168
2022;RN;Nísia Floresta;-6.0907141459;-35.2113095645;31942.0;30.033;12.006;57.62;0.153;0.188
2022;RN;Nova Cruz;-6.480064792;-35.4323003946;34268.0;37.192;5.224;57.278;0.216;0.09
2022;RN;Olho-d'Água do Borges;-5.9592583875;-37.7118209786;3905.0;48.604;5.839;45.557;0.0;0.0
2022;RN;Ouro Branco;-6.6996589474;-36.9462950767;4913.0;65.764;3.989;30.165;0.0;0.081
2022;RN;Paraná;-6.4853305013;-38.3111288501;3934.0;48.17;4.093;47.712;0.0;0.025
2022;RN;Paraú;-5.7770555176;-37.1016501353;3579.0;31.601;7.041;61.246;0.112;0.0
2022;RN;Parazinho;-5.2307807345;-35.8449895224;4801.0;31.368;12.102;56.03;0.458;0.042
2022;RN;Parelhas;-6.6887551972;-36.6578048562;21499.0;58.547;6.991;34.239;0.181;0.042
2022;RN;Rio do Fogo;-5.2715586596;-35.3848720422;10351.0;27.06;9.274;63.037;0.454;0.174
2022;RN;Passa e Fica;-6.4291154937;-35.6473522143;10894.0;38.471;6.15;55.196;0.129;0.055
2022;RN;Passagem;-6.274442213;-35.3755657141;3115.0;37.143;6.902;55.795;0.064;0.096
2022;RN;Patu;-6.1015320673;-37.6401023995;11007.0;39.093;7.023;53.439;0.427;0.018
2022;RN;Santa Maria;-5.8385187011;-35.6903638553;4847.0;29.874;9.511;60.058;0.309;0.248
2022;RN;Pau dos Ferros;-6.1147318387;-38.2032615201;30478.0;51.962;9.262;38.723;0.026;0.026
2022;RN;Pedra Grande;-5.1493874335;-35.8759906401;3618.0;28.994;12.742;57.573;0.636;0.055
2022;RN;Pedra Preta;-5.5819091562;-36.103135819;2441.0;30.52;14.175;55.305;0.0;0.0
2022;RN;Pedro Avelino;-5.5240021821;-36.3852292559;6242.0;31.032;12.015;56.12;0.833;0.0
2022;RN;Pedro Velho;-6.4331894882;-35.2229392417;13824.0;35.843;6.843;57.125;0.087;0.101
2022;RN;Pendências;-5.2567881709;-36.7191460403;12278.0;28.05;11.761;60.14;0.049;0.0
2022;RN;Pilões;-6.2657224402;-38.0444431555;2965.0;31.366;5.835;62.766;0.034;0.0
2022;RN;Poço Branco;-5.6188515041;-35.65501177;12390.0;25.722;10.847;63.398;0.016;0.016
2022;RN;Portalegre;-6.0243280135;-37.9851948257;7601.0;40.271;19.497;40.074;0.013;0.145
2022;RN;Porto do Mangue;-5.0696701522;-36.7805380667;5227.0;28.008;11.861;60.034;0.019;0.077
2022;RN;Serra Caiada;-6.1049127856;-35.7056053224;10125.0;29.965;7.111;62.805;0.069;0.049
2022;RN;Pureza;-5.4659185859;-35.5622682321;9362.0;29.727;9.378;60.564;0.096;0.235
2022;RN;Rafael Fernandes;-6.1864951981;-38.2225028857;5432.0;54.179;4.86;40.777;0.074;0.11
2022;RN;Rafael Godeiro;-6.0782966478;-37.7159740682;2934.0;58.896;4.635;36.469;0.0;0.0
2022;RN;Riacho da Cruz;-5.935802522;-37.9502747099;2701.0;35.542;15.883;48.575;0.0;0.0
2022;RN;Riacho de Santana;-6.2647305468;-38.3148330294;4127.0;55.076;3.707;41.192;0.024;0.0
2022;RN;Riachuelo;-5.8139469647;-35.8262747639;7389.0;28.529;9.189;62.106;0.095;0.081
2022;RN;Rodolfo Fernandes;-5.7879936117;-38.0628743291;4242.0;37.011;7.591;55.257;0.047;0.094
2022;RN;Tibau;-4.8414374104;-37.2513026681;5380.0;28.29;7.937;63.699;0.037;0.037
2022;RN;Ruy Barbosa;-5.879428941;-35.9354841632;3206.0;23.862;6.332;69.807;0.0;0.0
2022;RN;Santa Cruz;-6.2300756234;-36.0205165703;37313.0;40.629;9.219;49.564;0.504;0.083
2022;RN;Santana do Matos;-5.9577271554;-36.6541049651;12455.0;37.367;8.35;54.139;0.064;0.08
2022;RN;Santana do Seridó;-6.7701517529;-36.7368516419;2696.0;62.315;4.859;32.826;0.0;0.0
2022;RN;Santo Antônio;-6.3051739213;-35.475136984;22177.0;36.826;6.299;56.613;0.14;0.122
2022;RN;São Bento do Norte;-5.0595010601;-36.0354313534;3304.0;28.632;6.477;64.437;0.393;0.061
2022;RN;São Bento do Trairí;-6.3444812167;-36.0868875014;3792.0;38.95;6.988;53.639;0.422;0.0
2022;RN;São Fernando;-6.383861073;-37.1854030398;3492.0;64.633;8.706;26.575;0.057;0.029
2022;RN;São Francisco do Oeste;-6.0006365705;-38.1692961808;4161.0;49.363;5.912;44.581;0.144;0.0
2022;RN;São Gonçalo do Amarante;-5.7895555402;-35.3311560931;115837.0;34.056;12.44;52.997;0.158;0.35
2022;RN;São João do Sabugi;-6.71122435;-37.204139658;5956.0;55.49;6.783;37.626;0.084;0.017
2022;RN;São José de Mipibu;-6.0704657116;-35.2402746487;47286.0;33.82;10.13;55.708;0.214;0.129
2022;RN;São José do Campestre;-6.3155639806;-35.7121150331;11121.0;32.695;8.695;58.43;0.171;0.009
2022;RN;São José do Seridó;-6.4487985346;-36.8832588929;4558.0;53.137;7.701;39.162;0.0;0.0
2022;RN;São Miguel;-6.2123429186;-38.4963439737;23537.0;57.718;5.404;36.636;0.212;0.03
2022;RN;São Miguel do Gostoso;-5.1228571163;-35.6412835112;10221.0;32.883;11.144;55.679;0.137;0.157
2022;RN;São Paulo do Potengi;-5.8998203338;-35.7643696369;16786.0;33.844;7.25;58.811;0.03;0.066
2022;RN;São Pedro;-5.8979802825;-35.6403110302;5776.0;29.051;9.47;61.444;0.035;0.0
2022;RN;São Rafael;-5.8009342266;-36.8903975641;7711.0;48.009;5.563;46.31;0.117;0.0
2022;RN;São Tomé;-5.9730223471;-36.0736631486;9972.0;30.455;8.504;60.981;0.06;0.0
2022;RN;São Vicente;-6.2149638782;-36.6886618517;6309.0;52.671;5.468;41.48;0.349;0.032
2022;RN;Senador Elói de Souza;-6.0362264288;-35.6956637752;5965.0;30.344;8.298;61.291;0.067;0.0
2022;RN;Senador Georgino Avelino;-6.1586943344;-35.124176228;4065.0;27.306;7.724;64.797;0.025;0.148
2022;RN;Serra de São Bento;-6.4153669923;-35.7034898199;5703.0;33.789;6.242;59.74;0.193;0.035
2022;RN;Serra do Mel;-5.1652413482;-37.0413013452;13091.0;33.947;7.96;57.757;0.252;0.084
2022;RN;Serra Negra do Norte;-6.6639843364;-37.3949730106;7597.0;44.083;7.74;47.795;0.276;0.105
2022;RN;Serrinha;-6.2770915257;-35.501343234;6436.0;33.002;7.411;59.493;0.093;0.0
2022;RN;Serrinha dos Pintos;-6.1141293698;-37.9615790489;4658.0;56.119;8.308;35.552;0.021;0.0
2022;RN;Severiano Melo;-5.7781877653;-37.956580706;5487.0;38.09;6.962;54.948;0.0;0.0
2022;RN;Sítio Novo;-6.1040915828;-35.9104491799;4654.0;42.566;4.534;52.836;0.043;0.021
2022;RN;Taboleiro Grande;-5.9267522922;-38.0435675406;2338.0;38.281;10.95;50.77;0.0;0.0
2022;RN;Taipu;-5.6196666753;-35.5988465613;11422.0;23.875;12.826;63.281;0.0;0.018
2022;RN;Tangará;-6.1973573683;-35.8001895983;13281.0;34.448;6.581;58.859;0.098;0.015
2022;RN;Tenente Ananias;-6.4775437122;-38.1792978897;10262.0;45.537;6.12;48.119;0.224;0.0
2022;RN;Tenente Laurentino Cruz;-6.1472301595;-36.7206601449;5891.0;44.543;5.008;50.331;0.051;0.068
2022;RN;Tibau do Sul;-6.1880717593;-35.0926003672;16929.0;33.18;10.467;55.81;0.148;0.396
2022;RN;Timbaúba dos Batistas;-6.4632892631;-37.2713399064;2348.0;46.976;6.346;46.678;0.0;0.0
2022;RN;Touros;-5.2026068014;-35.4552931657;33034.0;28.616;8.721;62.336;0.179;0.148
2022;RN;Triunfo Potiguar;-5.8669590186;-37.1837968506;3376.0;38.892;7.109;53.406;0.385;0.207
2022;RN;Umarizal;-5.9899019796;-37.8132584901;10076.0;45.613;4.297;50.069;0.01;0.01
2022;RN;Upanema;-5.6417976593;-37.260146942;13577.0;38.484;5.428;56.058;0.029;0.0
2022;RN;Várzea;-6.3487998907;-35.3747906644;5233.0;40.684;6.363;52.761;0.115;0.076
2022;RN;Venha-Ver;-6.3194228369;-38.4912301677;3014.0;55.674;6.072;38.222;0.033;0.0
2022;RN;Vera Cruz;-6.0456084818;-35.4281095272;10735.0;39.106;7.191;53.544;0.102;0.056
2022;RN;Viçosa;-5.9918571747;-37.947409016;1822.0;26.564;14.38;59.056;0.0;0.0
2022;RN;Vila Flor;-6.3127918709;-35.0761274954;3174.0;29.143;6.49;64.02;0.252;0.095
2022;PB;Água Branca;-7.5110701506;-37.6422090443;9335.0;38.286;4.242;57.386;0.032;0.054
2022;PB;Aguiar;-7.0948057625;-38.1775818446;5003.0;34.359;3.818;61.783;0.04;0.0
2022;PB;Alagoa Grande;-7.036775;-35.6338919827;26060.0;27.176;14.137;58.289;0.368;0.031
2022;PB;Alagoa Nova;-7.0577988253;-35.7594565398;21013.0;27.093;8.461;64.355;0.043;0.048
2022;PB;Alagoinha;-6.9481404046;-35.5454913506;13724.0;23.098;12.853;63.837;0.16;0.051
2022;PB;Alcantil;-7.7414770383;-36.0606043309;5578.0;35.461;4.912;59.555;0.072;0.0
2022;PB;Algodão de Jandaíra;-6.9046940378;-36.0060933988;2953.0;26.312;5.113;68.337;0.0;0.237
2022;PB;Alhandra;-7.4329953022;-34.9119851554;21730.0;23.373;9.798;66.576;0.161;0.092
2022;PB;São João do Rio do Peixe;-6.7344308283;-38.4454535708;17962.0;41.827;5.361;52.773;0.022;0.017
2022;PB;Amparo;-7.5672115216;-37.0647752481;2234.0;32.856;4.79;61.996;0.134;0.224
2022;PB;Aparecida;-6.7836951415;-38.0833382545;7960.0;33.128;12.638;53.857;0.264;0.113
2022;PB;Araçagi;-6.8516966175;-35.3832990883;16646.0;33.467;6.572;59.702;0.168;0.09
2022;PB;Arara;-6.8261917212;-35.7595417216;12212.0;32.141;7.746;60.113;0.0;0.0
2022;PB;Araruna;-6.5314470213;-35.7359805119;17189.0;37.251;4.643;58.06;0.023;0.023
2022;PB;Areia;-6.965515;-35.7033914011;22633.0;26.055;11.996;61.614;0.243;0.093
2022;PB;Areia de Baraúnas;-7.123695013;-36.9435079584;2005.0;33.217;5.536;61.097;0.15;0.0
2022;PB;Areial;-7.0499610887;-35.9228094313;7128.0;33.614;5.626;60.592;0.098;0.07
2022;PB;Aroeiras;-7.5484620227;-35.7155929489;18705.0;35.231;3.304;61.427;0.005;0.032
2022;PB;Assunção;-7.0763269437;-36.7331874761;4152.0;28.348;10.067;61.344;0.048;0.193
2022;PB;Baía da Traição;-6.679529123;-34.949931095;9224.0;9.844;2.374;11.134;0.076;76.572
2022;PB;Bananeiras;-6.749637275;-35.6315999028;23134.0;34.261;6.216;59.298;0.19;0.035
2022;PB;Baraúna;-6.6424050352;-36.253041353;4762.0;26.438;4.095;69.236;0.189;0.042
2022;PB;Barra de Santana;-7.5228337806;-35.9963140811;8059.0;47.711;3.958;48.133;0.186;0.012
2022;PB;Barra de Santa Rosa;-6.7202526776;-36.0597726422;12903.0;31.497;5.115;63.233;0.14;0.016
2022;PB;Barra de São Miguel;-7.7526706262;-36.3215359678;5906.0;40.264;5.791;53.623;0.034;0.288
2022;PB;Bayeux;-7.132276485;-34.9291858201;82742.0;31.407;11.472;56.653;0.164;0.303
2022;PB;Belém;-6.6940426098;-35.5362740821;16401.0;33.547;6.006;60.259;0.165;0.024
2022;PB;Belém do Brejo do Cruz;-6.1885749977;-37.5395024823;6268.0;30.488;5.648;63.848;0.016;0.0
2022;PB;Bernardino Batista;-6.4535477932;-38.5488692212;3504.0;33.447;8.048;58.505;0.0;0.0
2022;PB;Boa Ventura;-7.4222821453;-38.2189508765;5207.0;31.534;8.604;59.478;0.211;0.173
2022;PB;Boa Vista;-7.2579130806;-36.2353736588;6377.0;40.207;8.311;51.09;0.172;0.22
2022;PB;Bom Jesus;-6.8179576512;-38.655142807;2286.0;33.946;5.774;60.149;0.087;0.044
2022;PB;Bom Sucesso;-6.445046723;-37.9300236974;4661.0;40.764;3.411;55.825;0.0;0.0
2022;PB;Bonito de Santa Fé;-7.3107630819;-38.5164953051;10252.0;29.272;7.481;63.158;0.01;0.078
2022;PB;Boqueirão;-7.4826479199;-36.1334047507;17598.0;42.016;5.035;52.796;0.057;0.097
2022;PB;Igaracy;-7.1793192914;-38.1466946448;5648.0;39.784;4.214;55.878;0.124;0.0
2022;PB;Borborema;-6.8043058831;-35.5993759656;4214.0;24.537;7.736;67.394;0.19;0.142
2022;PB;Brejo do Cruz;-6.3477076068;-37.5001626417;13613.0;39.918;5.598;54.433;0.029;0.022
2022;PB;Brejo dos Santos;-6.3761833082;-37.8237101751;5742.0;46.674;4.824;48.45;0.0;0.052
2022;PB;Caaporã;-7.5142876414;-34.917850144;21193.0;23.753;11.438;64.347;0.316;0.146
2022;PB;Cabaceiras;-7.4906698737;-36.2843418898;5335.0;43.88;5.286;50.291;0.487;0.056
2022;PB;Cabedelo;-6.9669830633;-34.8394300208;66519.0;33.663;10.149;55.688;0.138;0.362
2022;PB;Cachoeira dos Índios;-6.9239358528;-38.6783031917;9150.0;28.612;4.71;66.601;0.033;0.044
2022;PB;Cacimba de Areia;-7.1284733769;-37.1582169542;3291.0;29.292;8.174;62.473;0.0;0.061
2022;PB;Cacimba de Dentro;-6.640016747;-35.7928209014;16063.0;31.271;4.165;64.428;0.081;0.056
2022;PB;Cacimbas;-7.2123593026;-37.0604021094;7223.0;21.902;6.022;71.937;0.069;0.069
2022;PB;Caiçara;-6.6174697909;-35.4691142821;6602.0;28.491;6.256;65.223;0.0;0.03
2022;PB;Cajazeiras;-6.8904645;-38.5605303718;63238.0;40.085;7.293;52.498;0.073;0.051
2022;PB;Cajazeirinhas;-6.9626928132;-37.7991843341;2740.0;33.978;11.022;54.854;0.146;0.0
2022;PB;Caldas Brandão;-7.171751437;-35.342382092;5753.0;36.051;11.194;52.755;0.0;0.0
2022;PB;Camalaú;-7.8912420951;-36.8316105815;6085.0;34.248;6.491;58.998;0.0;0.263
2022;PB;Campina Grande;-7.22149704;-35.8838591148;419377.0;39.434;7.629;52.649;0.182;0.106
2022;PB;Capim;-6.9108443749;-35.1677387141;6970.0;34.003;5.782;59.684;0.187;0.344
2022;PB;Caraúbas;-7.7310993724;-36.4954780727;3944.0;33.469;4.716;61.765;0.0;0.051
2022;PB;Carrapateira;-7.0396542415;-38.3442167253;2312.0;61.029;5.753;33.045;0.087;0.087
2022;PB;Casserengue;-6.7837603257;-35.8163048295;6889.0;29.656;4.906;65.409;0.029;0.0
2022;PB;Catingueira;-7.1252097836;-37.6107199033;4491.0;35.716;7.816;56.112;0.178;0.178
2022;PB;Catolé do Rocha;-6.346752995;-37.7485000906;30661.0;39.167;8.45;52.259;0.059;0.065
2022;PB;Caturité;-7.4196183207;-36.0206588241;5254.0;37.99;2.474;59.498;0.019;0.019
2022;PB;Conceição;-7.5602250866;-38.5091579595;18260.0;26.884;6.616;66.396;0.06;0.044
2022;PB;Condado;-6.9123067773;-37.6039713346;6451.0;42.412;6.774;50.612;0.202;0.0
2022;PB;Conde;-7.2635718267;-34.9071513371;27605.0;24.709;16.627;56.78;0.101;1.782
2022;PB;Congo;-7.7925707775;-36.6615328552;4933.0;44.78;6.649;48.51;0.061;0.0
2022;PB;Coremas;-7.0169182842;-37.9455372752;14683.0;44.18;10.945;44.834;0.041;0.0
2022;PB;Coxixola;-7.6287969606;-36.6048295219;1824.0;46.765;6.908;45.833;0.384;0.11
2022;PB;Cruz do Espírito Santo;-7.1413369619;-35.0914891262;17095.0;27.575;7.763;64.592;0.058;0.012
2022;PB;Cubati;-6.8623606092;-36.3479297162;7580.0;38.325;7.15;54.208;0.185;0.132
2022;PB;Cuité;-6.4855553012;-36.1532081655;19719.0;36.488;4.782;58.664;0.056;0.01
2022;PB;Cuitegi;-6.8958137426;-35.5257412327;6730.0;25.988;11.382;62.496;0.045;0.089
2022;PB;Cuité de Mamanguape;-6.9141574734;-35.2528248925;6251.0;29.403;4.623;65.861;0.064;0.048
2022;PB;Curral de Cima;-6.7174300292;-35.2670572688;5251.0;27.69;10.341;61.95;0.0;0.019
2022;PB;Curral Velho;-7.5380851077;-38.2003914462;2291.0;31.165;6.067;62.68;0.087;0.0
2022;PB;Damião;-6.6318974073;-35.9099425358;4982.0;33.019;2.83;64.131;0.02;0.0
2022;PB;Desterro;-7.2914475304;-37.0921693225;8067.0;28.982;5.566;65.328;0.087;0.037
2022;PB;Vista Serrana;-6.7406872724;-37.5679145327;3641.0;46.169;4.806;48.915;0.11;0.0
2022;PB;Diamante;-7.4235834212;-38.2650442086;6299.0;21.686;13.621;64.693;0.0;0.0
2022;PB;Dona Inês;-6.6021227352;-35.6225406506;10379.0;31.544;10.078;58.243;0.067;0.067
2022;PB;Duas Estradas;-6.6881329547;-35.4181768048;3327.0;35.768;6.282;57.589;0.24;0.12
2022;PB;Emas;-7.1079922324;-37.7145859751;3011.0;32.913;13.982;53.105;0.0;0.0
2022;PB;Esperança;-7.020685;-35.858593287;31231.0;36.963;6.237;56.527;0.128;0.144
2022;PB;Fagundes;-7.3630616044;-35.7846088758;11049.0;33.189;4.589;62.123;0.027;0.072
2022;PB;Frei Martinho;-6.4045158524;-36.4520440619;2846.0;35.383;5.868;58.679;0.07;0.0
2022;PB;Gado Bravo;-7.5829411773;-35.7906509035;8179.0;39.381;4.157;56.401;0.0;0.061
2022;PB;Guarabira;-6.852715;-35.4899649849;57484.0;35.859;7.522;56.433;0.059;0.127
2022;PB;Gurinhém;-7.1232156684;-35.4281860624;13766.0;28.926;11.129;59.865;0.065;0.015
2022;PB;Gurjão;-7.2462216609;-36.4862761218;3242.0;37.045;7.68;55.213;0.062;0.0
2022;PB;Ibiara;-7.4978512245;-38.4055678575;5631.0;27.81;6.66;65.157;0.302;0.071
2022;PB;Imaculada;-7.3885372613;-37.5100748564;10392.0;30.254;7.082;62.433;0.058;0.173
2022;PB;Ingá;-7.2950269135;-35.6176892168;17692.0;30.059;7.941;61.796;0.164;0.04
2022;PB;Itabaiana;-7.3309315;-35.3375333859;23182.0;31.106;8.627;60.211;0.022;0.035
2022;PB;Itaporanga;-7.3039804631;-38.1525731067;23940.0;35.038;7.74;56.93;0.255;0.038
2022;PB;Itapororoca;-6.829920163;-35.2462957146;18382.0;36.345;6.245;57.219;0.033;0.158
2022;PB;Itatuba;-7.374957755;-35.62816125;10499.0;28.993;10.21;60.749;0.01;0.038
2022;PB;Jacaraú;-6.6129685867;-35.2942824484;14477.0;38.834;5.312;55.605;0.076;0.173
2022;PB;Jericó;-6.5561949909;-37.8086413774;7516.0;38.478;4.484;56.998;0.027;0.013
2022;PB;João Pessoa;-7.14938202;-34.8733848135;833918.0;39.741;9.191;50.623;0.138;0.307
2022;PB;Juarez Távora;-7.1663446273;-35.5911781067;7796.0;31.054;8.774;59.646;0.398;0.128
2022;PB;Juazeirinho;-7.0653683106;-36.5707010055;17004.0;26.97;7.439;65.508;0.065;0.018
2022;PB;Junco do Seridó;-6.9933376489;-36.7164412261;6793.0;32.813;9.451;57.412;0.28;0.044
2022;PB;Juripiranga;-7.3702907732;-35.2394540486;10012.0;31.692;9.878;58.21;0.19;0.03
2022;PB;Juru;-7.5343071384;-37.819264489;9234.0;44.358;2.751;52.859;0.011;0.022
2022;PB;Lagoa;-6.5942086133;-37.9150900701;4415.0;39.683;2.333;57.916;0.023;0.045
2022;PB;Lagoa de Dentro;-6.6705990497;-35.3770436482;7819.0;33.086;7.111;59.65;0.038;0.115
2022;PB;Lagoa Seca;-7.1584124886;-35.8514401351;27726.0;36.399;6.723;56.716;0.094;0.069
2022;PB;Lastro;-6.5165306258;-38.1792184928;3162.0;36.243;6.42;57.211;0.127;0.0
2022;PB;Livramento;-7.3790028228;-36.948629304;6875.0;36.131;7.985;55.84;0.015;0.029
2022;PB;Logradouro;-6.6153714223;-35.4432993556;4797.0;32.27;4.044;63.602;0.083;0.0
2022;PB;Lucena;-6.8988493384;-34.8746090974;12560.0;24.928;12.667;61.64;0.183;0.581
2022;PB;Mãe d'Água;-7.2570490927;-37.428160995;3583.0;32.85;7.619;58.471;1.005;0.056
2022;PB;Malta;-6.9071851235;-37.5177757104;6046.0;39.249;8.452;52.249;0.033;0.017
2022;PB;Mamanguape;-6.8337151469;-35.1238932021;44597.0;33.841;7.543;57.493;0.161;0.962
2022;PB;Manaíra;-7.7046141416;-38.1530716661;10433.0;25.429;5.924;68.6;0.048;0.0
2022;PB;Marcação;-6.770054174;-35.0139243935;8999.0;8.101;1.389;9.079;0.033;81.398
2022;PB;Mari;-7.056384;-35.3185424166;21512.0;36.947;7.977;54.974;0.06;0.042
2022;PB;Marizópolis;-6.844674277;-38.3553961304;6705.0;36.48;11.961;51.439;0.0;0.119
2022;PB;Massaranduba;-7.1801994711;-35.7375152077;14139.0;30.9;5.892;63.18;0.021;0.007
2022;PB;Mataraca;-6.6005186544;-35.0485576738;8244.0;29.609;7.436;55.798;0.206;6.951
2022;PB;Matinhas;-7.1211683437;-35.7709374162;4571.0;25.859;7.723;66.397;0.0;0.022
2022;PB;Mato Grosso;-6.5426334912;-37.7115726982;2543.0;25.639;5.151;69.052;0.157;0.0
2022;PB;Matureia;-7.2659300019;-37.3504338851;6433.0;28.913;8.161;62.77;0.155;0.0
2022;PB;Mogeiro;-7.3094805323;-35.482424602;13899.0;29.628;8.792;61.508;0.036;0.036
2022;PB;Montadas;-7.0890963385;-35.9582754293;5812.0;34.979;3.923;60.994;0.103;0.0
2022;PB;Monte Horebe;-7.2095264023;-38.5836574944;4338.0;27.086;6.178;66.667;0.046;0.023
2022;PB;Monteiro;-7.892217;-37.1226806806;32275.0;30.565;4.381;64.737;0.167;0.149
2022;PB;Mulungu;-7.0278860316;-35.4651434243;8791.0;31.282;6.746;61.916;0.011;0.046
2022;PB;Natuba;-7.6409788248;-35.5561446826;8945.0;38.312;7.177;54.511;0.0;0.0
2022;PB;Nazarezinho;-6.9127009191;-38.3189125786;7203.0;45.134;4.581;50.271;0.0;0.014
2022;PB;Nova Floresta;-6.4561399418;-36.2024954255;9724.0;33.546;7.805;58.371;0.216;0.062
2022;PB;Nova Olinda;-7.4768427808;-38.0410502008;5787.0;25.143;8.398;66.459;0.0;0.0
2022;PB;Nova Palmeira;-6.6766058426;-36.4187129744;4259.0;43.344;6.527;50.059;0.023;0.047
2022;PB;Olho d'Água;-7.2249726485;-37.7526855286;6060.0;36.056;6.023;57.921;0.0;0.0
2022;PB;Olivedos;-6.9882256223;-36.2436652194;3580.0;44.609;6.313;48.464;0.615;0.0
2022;PB;Ouro Velho;-7.6186521245;-37.1543789425;2918.0;35.915;7.471;56.546;0.069;0.0
2022;PB;Parari;-7.3167001008;-36.6583244439;1720.0;48.605;5.0;46.395;0.0;0.0
2022;PB;Passagem;-7.1328195967;-37.0543919437;2463.0;38.855;3.938;57.044;0.0;0.162
2022;PB;Patos;-7.0244916682;-37.2769133373;103165.0;43.042;7.77;49.033;0.08;0.075
2022;PB;Paulista;-6.5940615798;-37.621055674;11834.0;35.221;5.036;59.701;0.034;0.008
2022;PB;Pedra Branca;-7.4265644261;-38.0722463078;3739.0;31.639;5.59;62.771;0.0;0.0
2022;PB;Pedra Lavrada;-6.7578814606;-36.4720503638;6859.0;45.706;5.715;48.345;0.19;0.044
2022;PB;Pedras de Fogo;-7.4015385;-35.1131779827;29662.0;27.904;8.02;63.876;0.152;0.047
2022;PB;Piancó;-7.192569876;-37.9265190012;16441.0;43.805;7.986;48.166;0.018;0.024
2022;PB;Picuí;-6.5101356574;-36.3470460251;18333.0;34.375;6.807;58.697;0.093;0.027
2022;PB;Pilar;-7.2598879849;-35.2598804076;12311.0;28.722;10.162;61.075;0.0;0.041
2022;PB;Pilões;-6.8692205282;-35.6155405947;6815.0;23.58;10.169;66.134;0.088;0.029
2022;PB;Pilõezinhos;-6.840568783;-35.530585704;5329.0;25.652;5.517;68.793;0.038;0.0
2022;PB;Pirpirituba;-6.7808000985;-35.4977157928;9340.0;30.064;6.82;63.062;0.043;0.011
2022;PB;Pitimbu;-7.482413396;-34.8139304143;16751.0;21.3;14.924;63.202;0.167;0.406
2022;PB;Pocinhos;-7.0786172694;-36.056442281;17469.0;37.959;5.85;55.973;0.155;0.063
2022;PB;Poço Dantas;-6.407175642;-38.4971655332;3830.0;38.12;2.089;59.739;0.026;0.026
2022;PB;Poço de José de Moura;-6.5769188159;-38.5099999913;4006.0;27.659;5.092;67.149;0.0;0.1
2022;PB;Pombal;-6.769855485;-37.7982672714;32468.0;42.728;9.018;47.853;0.117;0.283
2022;PB;Prata;-7.6969830843;-37.0823339752;3915.0;27.969;6.948;65.006;0.026;0.051
2022;PB;Princesa Isabel;-7.733866459;-37.9936640096;21114.0;31.875;5.925;61.893;0.142;0.166
2022;PB;Puxinanã;-7.1489066441;-35.9584940731;14277.0;37.263;4.525;58.191;0.021;0.0
2022;PB;Queimadas;-7.3607915;-35.8994339112;47655.0;35.373;4.602;59.939;0.044;0.042
2022;PB;Quixabá;-7.0308176066;-37.1470987043;1743.0;32.186;6.426;61.388;0.0;0.0
2022;PB;Remígio;-6.966292952;-35.7958331901;17885.0;30.042;7.593;62.181;0.078;0.106
2022;PB;Pedro Régis;-6.6444714973;-35.2930058538;5766.0;35.553;4.475;59.591;0.277;0.104
2022;PB;Riachão;-6.5426765279;-35.6627216944;2927.0;30.714;6.115;63.136;0.034;0.0
2022;PB;Riachão do Bacamarte;-7.2505947733;-35.6553876583;4690.0;23.923;11.599;64.478;0.0;0.0
2022;PB;Riachão do Poço;-7.1515036157;-35.261242692;4738.0;39.109;2.786;58.105;0.0;0.0
2022;PB;Riacho de Santo Antônio;-7.6902953445;-36.1567097727;1955.0;28.44;1.228;70.332;0.0;0.0
2022;PB;Riacho dos Cavalos;-6.4364942491;-37.653835391;8493.0;41.446;4.357;53.95;0.235;0.012
2022;PB;Rio Tinto;-6.8084485;-35.078852226;24581.0;26.195;4.422;52.044;0.057;17.282
2022;PB;Salgadinho;-7.1030347331;-36.8455028943;3355.0;28.614;5.961;65.365;0.0;0.06
2022;PB;Salgado de São Félix;-7.3553573137;-35.4433017395;11505.0;36.254;14.229;49.344;0.139;0.035
2022;PB;Santa Cecília;-7.7429059622;-35.8774744666;7670.0;40.183;2.125;57.601;0.052;0.039
2022;PB;Santa Cruz;-6.5350141675;-38.060555592;5947.0;44.813;6.507;48.512;0.151;0.017
2022;PB;Santa Helena;-6.7186941996;-38.6427896707;5865.0;30.997;5.03;63.973;0.0;0.0
2022;PB;Santa Inês;-7.6277797185;-38.5595999296;3227.0;29.78;5.826;64.394;0.0;0.0
2022;PB;Santa Luzia;-6.8718632619;-36.92167833;14959.0;37.569;11.405;50.752;0.214;0.06
2022;PB;Santana de Mangueira;-7.5512134095;-38.3325811539;5010.0;24.75;3.154;72.096;0.0;0.0
2022;PB;Santana dos Garrotes;-7.3876444597;-37.9850430999;6569.0;37.905;7.718;54.27;0.076;0.03
2022;PB;Joca Claudino;-6.4840552967;-38.4791522142;2539.0;26.703;7.759;65.538;0.0;0.0
2022;PB;Santa Rita;-7.1380845;-34.9658392783;149907.0;28.738;11.127;59.78;0.15;0.205
2022;PB;Santa Teresinha;-7.0841917053;-37.4417177955;4400.0;43.682;5.841;50.432;0.0;0.045
2022;PB;Santo André;-7.2204891228;-36.6309754331;2622.0;38.749;6.407;54.844;0.0;0.0
2022;PB;São Bento;-6.4893075408;-37.4493496644;32235.0;43.394;5.975;50.563;0.043;0.025
2022;PB;São Bentinho;-6.890308509;-37.7227213006;4327.0;38.11;10.215;51.514;0.023;0.139
2022;PB;São Domingos do Cariri;-7.6329907025;-36.4359294005;2585.0;45.068;2.669;52.224;0.039;0.0
2022;PB;São Domingos;-6.8159249809;-37.9426027474;2595.0;26.898;15.915;57.148;0.0;0.039
2022;PB;São Francisco;-6.6192799824;-38.0971412339;3137.0;42.174;4.718;53.012;0.096;0.0
2022;PB;São João do Cariri;-7.3902013358;-36.5315209359;4226.0;39.612;5.703;54.188;0.095;0.402
2022;PB;São João do Tigre;-8.0810428894;-36.8457433216;4263.0;31.433;10.04;58.316;0.07;0.141
2022;PB;São José da Lagoa Tapada;-6.9442314894;-38.1577701893;7126.0;38.689;8.322;52.61;0.253;0.126
2022;PB;São José de Caiana;-7.2491596311;-38.2978233702;5034.0;29.36;5.244;65.356;0.04;0.0
2022;PB;São José de Espinharas;-6.8441796085;-37.32511484;4083.0;35.758;7.935;56.184;0.098;0.024
2022;PB;São José dos Ramos;-7.2471273572;-35.3779610545;5891.0;30.453;6.213;63.13;0.0;0.204
2022;PB;São José de Piranhas;-7.1208699574;-38.5010748206;19067.0;43.688;7.416;48.697;0.189;0.01
2022;PB;São José de Princesa;-7.7429694508;-38.0988027203;3416.0;32.319;4.713;62.851;0.059;0.059
2022;PB;São José do Bonfim;-7.1609149774;-37.3092447285;3242.0;32.449;4.904;62.616;0.031;0.0
2022;PB;São José do Brejo do Cruz;-6.2129153407;-37.3538296762;1698.0;32.214;11.425;56.36;0.0;0.0
2022;PB;São José do Sabugi;-6.7755314068;-36.7974932182;4138.0;42.702;5.921;50.58;0.725;0.072
2022;PB;São José dos Cordeiros;-7.392642697;-36.8027778195;3411.0;39.373;3.87;56.758;0.0;0.0
2022;PB;São Mamede;-6.9302283714;-37.0948573852;7470.0;44.284;5.797;49.572;0.335;0.013
2022;PB;São Miguel de Taipu;-7.2492335304;-35.2104513919;7066.0;29.097;8.845;62.001;0.028;0.028
2022;PB;São Sebastião de Lagoa de Roça;-7.1009459552;-35.8664139115;11040.0;32.808;6.775;60.299;0.045;0.072
2022;PB;São Sebastião do Umbuzeiro;-8.1571187547;-37.008416978;3279.0;29.155;2.409;67.826;0.0;0.61
2022;PB;Sapé;-7.087111;-35.2304326165;51304.0;32.395;7.251;60.147;0.146;0.06
2022;PB;São Vicente do Seridó;-6.8569085632;-36.4107641096;10291.0;24.186;6.88;68.458;0.476;0.0
2022;PB;Serra Branca;-7.4805025245;-36.6556668629;13614.0;41.193;6.457;51.939;0.309;0.103
2022;PB;Serra da Raiz;-6.6855176501;-35.4427388369;3094.0;29.024;12.185;58.371;0.162;0.259
2022;PB;Serra Grande;-7.2141477578;-38.374894787;2939.0;28.275;6.329;65.396;0.0;0.0
2022;PB;Serra Redonda;-7.1825494247;-35.6742704972;6828.0;36.585;7.586;55.785;0.015;0.029
2022;PB;Serraria;-6.8170889428;-35.6441425708;4885.0;26.059;7.042;66.592;0.082;0.225
2022;PB;Sertãozinho;-6.750797546;-35.4417507457;5054.0;39.77;6.134;53.68;0.139;0.277
2022;PB;Sobrado;-7.1445756136;-35.238195479;8236.0;33.184;5.342;61.0;0.425;0.049
2022;PB;Solânea;-6.7598975;-35.6561584077;26774.0;33.346;5.744;60.839;0.037;0.034
2022;PB;Soledade;-7.0587413778;-36.3626648604;13968.0;35.281;5.434;59.064;0.186;0.036
2022;PB;Sossêgo;-6.7675275289;-36.2482238788;3345.0;34.768;4.245;60.867;0.06;0.06
2022;PB;Sousa;-6.763378005;-38.2296050806;67256.0;40.686;8.429;50.746;0.116;0.022
2022;PB;Sumé;-7.6710536151;-36.8802761457;17165.0;34.471;7.48;57.827;0.14;0.082
2022;PB;Tacima;-6.4889169425;-35.6388366565;8010.0;32.484;6.392;61.049;0.025;0.05
2022;PB;Taperoá;-7.209539351;-36.8289985343;14068.0;33.381;6.817;59.525;0.199;0.078
2022;PB;Tavares;-7.6357084462;-37.8785919325;14101.0;31.523;6.127;62.336;0.007;0.007
2022;PB;Teixeira;-7.2237029086;-37.2515615776;14631.0;31.399;6.097;62.128;0.335;0.041
2022;PB;Tenório;-6.9382604029;-36.6279998744;2966.0;38.874;6.406;54.72;0.0;0.0
2022;PB;Triunfo;-6.5768355074;-38.5980983313;9892.0;35.443;4.357;60.089;0.081;0.03
2022;PB;Uiraúna;-6.5249270951;-38.4070270102;14930.0;38.969;6.731;54.2;0.087;0.013
2022;PB;Umbuzeiro;-7.6982063294;-35.6714708229;9124.0;35.226;5.37;59.382;0.022;0.0
2022;PB;Várzea;-6.7708072468;-36.9927210043;2668.0;48.613;8.921;42.429;0.0;0.037
2022;PB;Vieirópolis;-6.5457135517;-38.2778434981;4864.0;47.163;5.14;47.697;0.0;0.0
2022;PB;Zabelê;-8.0768741972;-37.0935519729;2228.0;27.873;4.713;67.325;0.0;0.09
2022;PE;Abreu e Lima;-7.90444899;-34.8991305847;96959.0;30.33;12.915;56.396;0.134;0.225
2022;PE;Afogados da Ingazeira;-7.7483275858;-37.6376860181;40241.0;42.628;5.624;51.366;0.199;0.184
2022;PE;Afrânio;-8.5110912838;-41.0057973411;18672.0;44.719;10.947;44.146;0.15;0.037
2022;PE;Agrestina;-8.455973;-35.9467768375;23779.0;45.389;7.7;46.621;0.147;0.143
2022;PE;Água Preta;-8.7091225523;-35.5185573512;26461.0;28.003;9.025;62.798;0.166;0.008
2022;PE;Águas Belas;-9.1145895;-37.1219571686;41542.0;25.812;6.244;56.439;0.082;11.422
2022;PE;Alagoinha;-8.466270523;-36.7754560083;13542.0;37.262;7.827;53.796;0.133;0.982
2022;PE;Aliança;-7.6047298085;-35.2285014971;35741.0;26.194;12.353;61.339;0.067;0.048
2022;PE;Altinho;-8.4895925;-36.0596997586;20674.0;38.057;4.068;57.744;0.063;0.068
2022;PE;Amaraji;-8.378487;-35.450772921;18205.0;38.242;8.278;53.381;0.077;0.022
2022;PE;Angelim;-8.8903742079;-36.2848143555;10241.0;35.905;7.656;56.196;0.107;0.137
2022;PE;Araçoiaba;-7.7856418725;-35.0939665275;19241.0;21.137;11.928;66.868;0.036;0.031
2022;PE;Araripina;-7.5781415;-40.502460575;85072.0;25.031;8.613;66.065;0.22;0.072
2022;PE;Arcoverde;-8.4239405;-37.0565055646;77741.0;32.616;9.285;57.189;0.265;0.646
2022;PE;Barra de Guabiraba;-8.4209350376;-35.6628188858;12263.0;37.413;5.708;56.878;0.0;0.0
2022;PE;Barreiros;-8.8141379901;-35.1990859873;40121.0;27.731;10.194;61.913;0.115;0.047
2022;PE;Belém de Maria;-8.6212019106;-35.8399240901;10378.0;36.134;5.984;57.844;0.039;0.0
2022;PE;Belém do São Francisco;-8.7461845;-38.965567;18301.0;15.119;13.606;66.018;0.011;5.246
2022;PE;Belo Jardim;-8.3352954394;-36.420035083;79505.0;35.054;5.346;59.409;0.067;0.125
2022;PE;Betânia;-8.2698407896;-38.0387381366;11232.0;27.137;17.504;54.906;0.196;0.258
2022;PE;Bezerros;-8.2353595;-35.7544879459;61691.0;48.865;5.38;45.486;0.198;0.071
2022;PE;Bodocó;-7.779342627;-39.936163185;34478.0;21.405;6.068;72.437;0.049;0.041
2022;PE;Bom Conselho;-9.1633829849;-36.6793143857;44294.0;28.304;7.581;63.625;0.19;0.3
2022;PE;Bom Jardim;-7.7995121807;-35.5871395023;37629.0;37.678;5.538;56.69;0.066;0.027
2022;PE;Bonito;-8.4722605;-35.7285279259;37474.0;40.481;6.3;53.05;0.109;0.059
2022;PE;Brejão;-9.0272491507;-36.5646966593;9079.0;33.043;9.12;57.517;0.077;0.242
2022;PE;Brejinho;-7.345671276;-37.287334554;7720.0;34.754;4.702;60.402;0.065;0.078
2022;PE;Brejo da Madre de Deus;-8.1489565;-36.3703914413;48648.0;37.13;5.437;57.295;0.103;0.035
2022;PE;Buenos Aires;-7.72437221;-35.3295704142;12808.0;29.755;13.328;56.808;0.047;0.062
2022;PE;Buíque;-8.6220590407;-37.1569881148;52097.0;23.132;7.008;67.754;0.144;1.962
2022;PE;Cabo de Santo Agostinho;-8.2898642303;-35.0384889718;203434.0;28.092;13.745;57.95;0.123;0.09
2022;PE;Cabrobó;-8.5151054833;-39.309841338;30294.0;19.129;10.913;55.523;0.182;14.254
2022;PE;Cachoeirinha;-8.486831073;-36.2359914118;19898.0;43.361;4.709;51.89;0.005;0.035
2022;PE;Caetés;-8.7755948448;-36.6248040076;28827.0;37.947;5.075;56.86;0.083;0.035
2022;PE;Calçado;-8.7383779437;-36.3332880795;11093.0;32.173;4.985;62.751;0.027;0.063
2022;PE;Calumbi;-7.9384273267;-38.1537459243;5228.0;27.047;5.853;67.024;0.019;0.057
2022;PE;Camaragibe;-8.0205217675;-34.9957213564;147769.0;32.065;12.918;54.67;0.156;0.191
2022;PE;Camocim de São Félix;-8.3621380401;-35.7651947266;17419.0;46.139;8.089;45.588;0.126;0.057
2022;PE;Camutanga;-7.4070824199;-35.2827906438;7750.0;34.735;6.09;58.826;0.116;0.232
2022;PE;Canhotinho;-8.8838705622;-36.1935748781;24329.0;35.657;6.182;58.038;0.033;0.09
2022;PE;Capoeiras;-8.7361426797;-36.6237980173;18338.0;45.67;5.284;48.844;0.082;0.12
2022;PE;Carnaíba;-7.8030582189;-37.7933989026;18642.0;36.509;6.732;56.33;0.343;0.086
2022;PE;Carnaubeira da Penha;-8.3206079647;-38.7434219469;12239.0;4.077;3.17;15.614;0.025;77.114
2022;PE;Carpina;-7.8468867164;-35.2580606059;79293.0;32.641;11.658;55.475;0.084;0.141
2022;PE;Caruaru;-8.285898;-35.9670733601;378032.0;44.491;6.456;48.746;0.148;0.158
2022;PE;Casinhas;-7.7432065679;-35.7253231034;12967.0;44.667;3.123;52.117;0.062;0.031
2022;PE;Catende;-8.6703075;-35.7216666573;32156.0;32.576;7.859;59.367;0.124;0.075
2022;PE;Cedro;-7.7174692333;-39.2371382153;10518.0;24.083;8.519;67.056;0.219;0.124
2022;PE;Chã de Alegria;-7.9979007802;-35.2137267362;12984.0;22.304;9.35;68.261;0.085;0.0
2022;PE;Chã Grande;-8.2401127765;-35.4647408125;20546.0;41.804;4.935;53.149;0.024;0.088
2022;PE;Condado;-7.589382255;-35.1041184907;24587.0;25.928;11.648;62.322;0.089;0.012
2022;PE;Correntes;-9.1286655015;-36.3297018953;17131.0;36.209;4.822;58.695;0.146;0.128
2022;PE;Cortês;-8.4751512173;-35.5415869;10198.0;33.409;8.129;58.335;0.069;0.059
2022;PE;Cumaru;-8.0150324429;-35.6946989631;15920.0;43.335;6.903;49.749;0.006;0.006
2022;PE;Cupira;-8.6112826602;-35.9502573664;23516.0;42.75;4.822;52.186;0.132;0.111
2022;PE;Custódia;-8.089002;-37.6410965907;37699.0;34.844;9.173;55.691;0.199;0.093
2022;PE;Dormentes;-8.4486569865;-40.7707358131;17183.0;44.986;4.761;50.038;0.111;0.105
2022;PE;Escada;-8.36252199;-35.2361574244;59887.0;29.546;8.613;61.633;0.112;0.097
2022;PE;Exu;-7.516307;-39.7227283393;31843.0;22.903;12.059;64.802;0.166;0.069
2022;PE;Feira Nova;-7.9487277422;-35.3905979865;21427.0;33.663;7.127;58.968;0.14;0.103
2022;PE;Fernando de Noronha;-3.8520214008;-32.4351863281;3167.0;34.102;14.114;51.342;0.158;0.284
2022;PE;Ferreiros;-7.4454942053;-35.2440702124;15026.0;34.088;7.114;58.392;0.379;0.027
2022;PE;Flores;-7.8617144749;-37.9714561138;20347.0;32.393;4.674;62.668;0.202;0.064
2022;PE;Floresta;-8.6008265;-38.571239342;30136.0;17.122;8.93;60.625;0.159;13.164
2022;PE;Frei Miguelinho;-7.9444582474;-35.9231276419;13635.0;54.345;2.23;43.352;0.059;0.015
2022;PE;Gameleira;-8.5838357705;-35.3866107835;18214.0;28.599;10.744;60.377;0.236;0.044
2022;PE;Garanhuns;-8.88890553;-36.4930502821;142499.0;38.452;8.352;52.752;0.14;0.304
2022;PE;Glória do Goitá;-7.9996084721;-35.2923223923;29344.0;28.997;9.29;61.471;0.16;0.082
2022;PE;Goiana;-7.5592318549;-34.9983762972;81053.0;25.945;12.357;61.477;0.118;0.102
2022;PE;Granito;-7.7092532823;-39.6192863432;6967.0;18.889;5.655;74.982;0.445;0.029
2022;PE;Gravatá;-8.2059995;-35.5714923938;86516.0;47.302;5.347;47.131;0.086;0.134
2022;PE;Iati;-9.0457092509;-36.8472759684;17165.0;32.304;6.187;61.276;0.093;0.14
2022;PE;Ibimirim;-8.5387622082;-37.6900466897;26593.0;26.849;5.419;62.595;0.154;4.983
2022;PE;Ibirajuba;-8.5805349356;-36.1804630924;7140.0;44.174;4.538;51.092;0.168;0.028
2022;PE;Igarassu;-7.82837199;-34.9105833876;115190.0;26.783;12.519;60.445;0.082;0.171
2022;PE;Iguaracy;-7.8447743013;-37.5188211185;11081.0;35.683;6.615;57.441;0.18;0.081
2022;PE;Inajá;-8.9020460789;-37.8244851112;25603.0;20.373;5.152;63.239;0.07;11.167
2022;PE;Ingazeira;-7.6777971945;-37.4576704744;4764.0;40.743;6.15;52.897;0.147;0.063
2022;PE;Ipojuca;-8.3969865;-35.0634719379;98929.0;25.259;14.655;59.732;0.222;0.132
2022;PE;Ipubi;-7.6497045;-40.1502087502;29009.0;21.355;5.074;73.246;0.2;0.124
2022;PE;Itacuruba;-8.7245150648;-38.6863416893;4284.0;10.294;19.585;42.11;0.023;27.988
2022;PE;Itaíba;-8.9400544004;-37.4189484589;32650.0;28.971;4.156;66.76;0.028;0.086
2022;PE;Ilha de Itamaracá;-7.7465733177;-34.823950567;24538.0;24.232;15.466;60.037;0.061;0.204
2022;PE;Itambé;-7.40926386;-35.1106273574;34935.0;26.303;9.363;64.277;0.026;0.031
2022;PE;Itapetim;-7.3784285284;-37.188439311;13791.0;40.033;4.865;54.833;0.138;0.131
2022;PE;Itapissuma;-7.7740347647;-34.8892710487;27748.0;20.293;13.907;65.554;0.108;0.137
2022;PE;Itaquitinga;-7.6663936085;-35.1026145695;16554.0;20.388;13.066;66.347;0.133;0.066
2022;PE;Jaboatão dos Guararapes;-8.1653914674;-34.9211734673;644020.0;32.726;12.742;54.2;0.175;0.156
2022;PE;Jaqueira;-8.727969878;-35.7973952138;10247.0;22.748;4.401;72.714;0.127;0.01
2022;PE;Jataúba;-7.9872577772;-36.4988285484;15843.0;36.155;5.353;58.278;0.126;0.088
2022;PE;Jatobá;-9.1850699925;-38.2750376624;14020.0;17.083;5.078;44.044;0.057;33.738
2022;PE;João Alfredo;-7.860188727;-35.591502369;27725.0;37.652;6.366;55.852;0.076;0.054
2022;PE;Joaquim Nabuco;-8.6268982995;-35.5292418262;13269.0;27.538;11.493;60.525;0.301;0.143
2022;PE;Jucati;-8.7070289644;-36.4903865237;11517.0;38.465;6.799;54.467;0.234;0.035
2022;PE;Jupi;-8.7060968528;-36.4117337385;15329.0;35.11;5.173;59.476;0.085;0.157
2022;PE;Jurema;-8.719667174;-36.1359544906;13648.0;37.339;4.132;58.441;0.073;0.015
2022;PE;Lagoa do Carro;-7.8442324952;-35.3126019234;17978.0;34.77;8.694;56.319;0.095;0.122
2022;PE;Lagoa de Itaenga;-7.9323781785;-35.2928036525;19003.0;26.596;10.819;62.085;0.179;0.321
2022;PE;Lagoa do Ouro;-9.1241718379;-36.4643169318;11933.0;41.406;4.039;54.462;0.067;0.025
2022;PE;Lagoa dos Gatos;-8.6492548646;-35.9071210443;14076.0;40.317;8.461;51.13;0.05;0.043
2022;PE;Lagoa Grande;-8.995051485;-40.2707251265;24088.0;21.754;11.703;65.402;0.083;1.059
2022;PE;Lajedo;-8.6628568658;-36.3214966175;39582.0;40.016;4.588;55.197;0.109;0.091
2022;PE;Limoeiro;-7.880198;-35.455261051;56509.0;38.509;7.848;53.542;0.053;0.048
2022;PE;Macaparana;-7.5556806987;-35.4498749787;23878.0;35.535;8.447;55.771;0.147;0.101
2022;PE;Machados;-7.6885724856;-35.5141405623;11333.0;38.198;5.515;56.19;0.062;0.035
2022;PE;Manari;-8.9601081446;-37.6268229455;23763.0;19.118;2.702;78.054;0.055;0.072
2022;PE;Maraial;-8.7830776013;-35.8141175725;9359.0;32.183;6.293;61.492;0.021;0.011
2022;PE;Mirandiba;-8.1202438022;-38.7345645823;14166.0;8.852;21.142;46.534;0.014;23.458
2022;PE;Moreno;-8.11869453;-35.0948690999;55292.0;29.323;12.354;57.866;0.217;0.241
2022;PE;Nazaré da Mata;-7.737688;-35.2213386962;30644.0;26.188;15.674;57.848;0.153;0.137
2022;PE;Olinda;-7.9926600753;-34.8613103898;349971.0;33.568;14.778;51.287;0.178;0.19
2022;PE;Orobó;-7.7378951337;-35.6029820967;21808.0;39.165;5.03;55.713;0.032;0.06
2022;PE;Orocó;-8.6179456461;-39.5952457761;13613.0;12.495;18.343;62.323;0.073;6.766
2022;PE;Ouricuri;-7.883151975;-40.0814625767;65238.0;27.381;6.482;65.87;0.127;0.139
2022;PE;Palmares;-8.6790825;-35.5883359938;54584.0;31.154;10.706;57.865;0.158;0.117
2022;PE;Palmeirina;-9.0016832851;-36.3273109987;7031.0;36.396;6.016;57.161;0.171;0.256
2022;PE;Panelas;-8.667242285;-36.0015757987;22990.0;34.602;5.159;60.074;0.13;0.035
2022;PE;Paranatama;-8.920145338;-36.6584292681;12199.0;34.864;2.295;62.579;0.131;0.131
2022;PE;Parnamirim;-8.0901383272;-39.575786823;18612.0;27.59;5.024;67.306;0.032;0.048
2022;PE;Passira;-7.9788839418;-35.5816849952;28339.0;39.246;5.628;55.073;0.028;0.025
2022;PE;Paudalho;-7.897135005;-35.1791510624;56664.0;26.191;11.579;62.022;0.125;0.083
2022;PE;Paulista;-7.943188;-34.8847916197;342163.0;32.407;13.611;53.652;0.122;0.208
2022;PE;Pedra;-8.4984765;-36.9427981489;22795.0;31.757;6.422;61.579;0.018;0.224
2022;PE;Pesqueira;-8.3554561078;-36.6955147219;62722.0;29.621;5.438;42.548;0.153;22.239
2022;PE;Petrolândia;-8.9773434644;-38.2207335453;34161.0;20.799;5.392;63.974;0.082;9.754
2022;PE;Petrolina;-9.397375515;-40.4999993347;386785.0;27.954;11.381;59.985;0.225;0.455
2022;PE;Poção;-8.1862270089;-36.7058798977;10500.0;34.343;4.495;56.133;0.095;4.933
2022;PE;Pombos;-8.14435986;-35.3961953582;27548.0;38.417;7.619;53.724;0.138;0.102
2022;PE;Primavera;-8.3313760861;-35.3539433949;13838.0;33.805;7.588;58.52;0.079;0.007
2022;PE;Quipapá;-8.8278850221;-36.01198953;17928.0;31.236;8.222;60.297;0.178;0.067
2022;PE;Quixaba;-7.7181264101;-37.8464456195;6554.0;35.658;6.225;58.026;0.031;0.061
2022;PE;Recife;-8.0627624831;-34.8889419446;1488873.0;38.849;12.261;48.53;0.182;0.178
2022;PE;Riacho das Almas;-8.1270327806;-35.8608749475;20639.0;48.961;2.989;47.963;0.048;0.039
2022;PE;Ribeirão;-8.51111604;-35.3761308237;33507.0;30.937;8.401;60.531;0.048;0.084
2022;PE;Rio Formoso;-8.6621710853;-35.1554328172;20009.0;23.439;17.367;58.958;0.13;0.105
2022;PE;Sairé;-8.3276135393;-35.7102477663;10887.0;49.545;5.557;44.585;0.23;0.083
2022;PE;Salgadinho;-7.9394837414;-35.6380612405;5727.0;38.362;8.224;53.309;0.105;0.0
2022;PE;Salgueiro;-8.0706775221;-39.1208509811;62371.0;23.33;13.198;58.115;0.29;5.066
2022;PE;Saloá;-8.9759954809;-36.6927291742;13834.0;34.321;6.759;58.522;0.188;0.21
2022;PE;Sanharó;-8.3629619689;-36.5625071954;18624.0;38.23;5.955;55.434;0.064;0.317
2022;PE;Santa Cruz;-8.2379611184;-40.3376876556;13841.0;29.767;4.299;65.804;0.072;0.058
2022;PE;Santa Cruz da Baixa Verde;-7.8214696823;-38.1531381818;11567.0;25.46;6.847;67.416;0.173;0.104
2022;PE;Santa Cruz do Capibaribe;-7.9551895;-36.2039500171;98253.0;41.217;5.736;52.553;0.37;0.123
2022;PE;Santa Filomena;-8.1605111673;-40.615775185;12106.0;26.491;3.593;69.66;0.223;0.033
2022;PE;Santa Maria da Boa Vista;-8.8041265;-39.8242357255;40578.0;13.539;20.952;64.744;0.025;0.739
2022;PE;Santa Maria do Cambucá;-7.8318134262;-35.885243339;14011.0;39.876;3.397;56.548;0.128;0.05
2022;PE;Santa Terezinha;-7.3703557393;-37.4800327233;10244.0;39.213;6.072;54.51;0.146;0.059
2022;PE;São Benedito do Sul;-8.8104382342;-35.9311226194;13113.0;26.173;8.656;65.042;0.099;0.031
2022;PE;São Bento do Una;-8.5198675206;-36.4462983616;49449.0;36.982;5.46;57.346;0.095;0.117
2022;PE;São Caetano;-8.3273605;-36.1373597958;37126.0;42.668;6.801;50.17;0.18;0.18
2022;PE;São João;-8.8775593754;-36.3682530765;23835.0;33.505;4.581;61.863;0.029;0.021
2022;PE;São Joaquim do Monte;-8.4321515;-35.8094911721;20037.0;47.023;4.097;48.75;0.05;0.08
2022;PE;São José da Coroa Grande;-8.8941951307;-35.1457070847;18825.0;22.518;8.653;68.749;0.048;0.032
2022;PE;São José do Belmonte;-7.8617400547;-38.75945378;34843.0;21.588;7.881;69.147;0.06;1.323
2022;PE;São José do Egito;-7.4740251833;-37.2750721852;31004.0;39.45;4.696;55.586;0.145;0.123
2022;PE;São Lourenço da Mata;-7.995938;-35.0412775393;111247.0;30.684;14.169;54.934;0.12;0.093
2022;PE;São Vicente Ferrer;-7.5922127326;-35.4901218809;16677.0;34.712;9.072;56.143;0.06;0.012
2022;PE;Serra Talhada;-7.98799752;-38.2963149475;92222.0;31.677;8.731;58.761;0.082;0.748
2022;PE;Serrita;-7.9543403981;-39.2926231744;18207.0;21.684;6.904;71.22;0.148;0.044
2022;PE;Sertânia;-8.07245;-37.2673901013;32809.0;33.945;6.763;59.072;0.064;0.155
2022;PE;Sirinhaém;-8.5933695;-35.1164053547;37596.0;24.005;14.017;61.89;0.048;0.04
2022;PE;Moreilândia;-7.6299826881;-39.5537537311;10540.0;25.531;5.901;68.444;0.057;0.066
2022;PE;Solidão;-7.6021256842;-37.647470237;5210.0;53.397;3.532;42.802;0.134;0.134
2022;PE;Surubim;-7.8351570573;-35.7567841034;64119.0;45.952;4.576;49.325;0.075;0.072
2022;PE;Tabira;-7.591136513;-37.5402657742;27681.0;44.308;4.675;50.851;0.065;0.101
2022;PE;Tacaimbó;-8.3156107248;-36.2904043048;13735.0;39.163;3.495;57.153;0.175;0.015
2022;PE;Tacaratu;-9.1056996443;-38.1534611597;23901.0;14.179;2.962;53.341;0.109;29.409
2022;PE;Tamandaré;-8.7046892785;-35.0906465455;23561.0;24.638;17.313;57.88;0.136;0.034
2022;PE;Taquaritinga do Norte;-7.9021598258;-36.0433376713;24736.0;47.198;4.968;47.502;0.214;0.117
2022;PE;Terezinha;-9.0577780595;-36.6214759482;6511.0;35.202;5.514;59.054;0.108;0.123
2022;PE;Terra Nova;-8.2303579786;-39.3744218379;8920.0;26.502;7.713;65.538;0.112;0.135
2022;PE;Timbaúba;-7.511745674;-35.318772121;46142.0;33.51;10.353;55.982;0.117;0.039
2022;PE;Toritama;-8.0066502709;-36.056843493;41135.0;40.656;5.871;53.14;0.129;0.204
2022;PE;Tracunhaém;-7.8026886127;-35.237922814;13865.0;23.289;14.995;61.68;0.022;0.014
2022;PE;Trindade;-7.7617946257;-40.2655906093;30320.0;23.585;6.428;69.759;0.102;0.125
2022;PE;Triunfo;-7.8308763588;-38.1070603447;14705.0;33.886;7.616;57.892;0.211;0.394
2022;PE;Tupanatinga;-8.7515816593;-37.3402334718;26919.0;22.534;6.546;63.803;0.115;7.002
2022;PE;Tuparetama;-7.5987594648;-37.3111818113;8005.0;39.613;6.458;53.691;0.15;0.087
2022;PE;Venturosa;-8.5765269012;-36.8783720839;17249.0;36.82;5.415;57.186;0.354;0.226
2022;PE;Verdejante;-7.9328837046;-38.9742826043;9169.0;16.49;7.46;75.374;0.393;0.284
2022;PE;Vertente do Lério;-7.7748194553;-35.8530027397;7558.0;44.787;3.665;51.535;0.0;0.013
2022;PE;Vertentes;-7.9057426035;-35.989305931;21958.0;41.411;5.019;53.352;0.082;0.137
2022;PE;Vicência;-7.6529595;-35.3203006893;26358.0;31.827;10.532;57.573;0.027;0.042
2022;PE;Vitória de Santo Antão;-8.118748;-35.2938642411;134079.0;35.731;9.676;54.316;0.139;0.139
2022;PE;Xexéu;-8.8033134055;-35.6242353158;11611.0;26.32;8.147;65.412;0.078;0.043
2022;AL;Água Branca;-9.2670254971;-37.940715176;19008.0;13.81;6.061;78.183;0.068;1.878
2022;AL;Anadia;-9.6840837851;-36.3008135714;13966.0;31.319;10.339;58.048;0.243;0.05
2022;AL;Arapiraca;-9.7559070107;-36.6572965063;234684.0;32.701;7.023;59.962;0.121;0.192
2022;AL;Atalaia;-9.5013867465;-36.0214273163;37510.0;26.417;12.541;60.741;0.259;0.043
2022;AL;Barra de Santo Antônio;-9.4092781094;-35.5002980958;16364.0;26.302;10.218;63.371;0.061;0.049
2022;AL;Barra de São Miguel;-9.8389982517;-35.9074498726;7944.0;26.863;10.675;62.185;0.239;0.038
2022;AL;Batalha;-9.674593028;-37.1270918945;16448.0;26.897;8.463;64.5;0.024;0.116
2022;AL;Belém;-9.5686482313;-36.4944979894;4722.0;24.248;10.504;64.74;0.021;0.487
2022;AL;Belo Monte;-9.8269888548;-37.2784386582;5936.0;23.585;7.935;68.447;0.0;0.034
2022;AL;Boca da Mata;-9.6451445673;-36.2117249001;21186.0;28.354;7.845;63.632;0.137;0.033
2022;AL;Branquinha;-9.2465831083;-36.0200335332;9603.0;24.43;9.83;65.396;0.302;0.042
2022;AL;Cacimbinhas;-9.4051627511;-36.996869626;10482.0;27.886;9.178;62.727;0.048;0.162
2022;AL;Cajueiro;-9.3896605751;-36.1563785914;16024.0;28.707;9.255;61.789;0.069;0.181
2022;AL;Campestre;-8.8483753532;-35.5667177265;6665.0;26.317;9.572;64.021;0.045;0.045
2022;AL;Campo Alegre;-9.783416039;-36.3524347522;32105.0;26.295;11.294;62.264;0.103;0.044
2022;AL;Campo Grande;-9.9569226033;-36.7908400521;8143.0;24.033;9.112;66.732;0.037;0.086
2022;AL;Canapi;-9.1173802976;-37.6056471506;15559.0;27.097;5.482;67.286;0.058;0.077
2022;AL;Capela;-9.4129315555;-36.0750084924;15032.0;27.322;12.813;59.693;0.126;0.047
2022;AL;Carneiros;-9.4806797209;-37.3747504206;8999.0;21.28;10.279;68.185;0.033;0.222
2022;AL;Chã Preta;-9.2614224594;-36.2993814519;5910.0;36.734;5.668;57.58;0.017;0.0
2022;AL;Coité do Nóia;-9.6384872708;-36.5796842002;10807.0;34.394;6.755;58.851;0.0;0.0
2022;AL;Colônia Leopoldina;-8.91268827;-35.7197808594;15816.0;31.689;6.437;61.564;0.145;0.164
2022;AL;Coqueiro Seco;-9.637554271;-35.7953630017;5581.0;22.971;10.159;66.816;0.018;0.036
2022;AL;Coruripe;-10.1265472504;-36.1760783105;50412.0;27.823;10.412;61.372;0.274;0.119
2022;AL;Craíbas;-9.6199337974;-36.7723914019;25396.0;27.221;6.985;65.672;0.075;0.047
2022;AL;Delmiro Gouveia;-9.3845744469;-37.9992334862;51317.0;24.399;6.585;68.1;0.107;0.809
2022;AL;Dois Riachos;-9.3856708115;-37.0898496479;9805.0;27.486;5.13;67.221;0.071;0.092
2022;AL;Estrela de Alagoas;-9.3874053066;-36.758333111;15429.0;26.988;5.172;67.639;0.091;0.11
2022;AL;Feira Grande;-9.9004371989;-36.6776855005;22710.0;29.674;4.87;63.945;0.004;1.506
2022;AL;Feliz Deserto;-10.2923806199;-36.3071875177;3963.0;21.297;13.121;65.38;0.126;0.076
2022;AL;Flexeiras;-9.27323546;-35.7243716386;9618.0;25.452;11.478;62.903;0.073;0.094
2022;AL;Girau do Ponciano;-9.8873641522;-36.830313903;36101.0;22.6;5.803;71.416;0.122;0.058
2022;AL;Ibateguara;-8.9769852176;-35.9311844564;13729.0;35.079;7.604;56.741;0.408;0.168
2022;AL;Igaci;-9.5336886595;-36.6281597165;23995.0;28.518;5.118;66.18;0.038;0.146
2022;AL;Igreja Nova;-10.1292988372;-36.6533450125;21371.0;24.36;8.998;66.548;0.047;0.047
2022;AL;Inhapi;-9.2238987733;-37.752636521;15167.0;20.795;4.424;70.119;0.138;4.523
2022;AL;Jacaré dos Homens;-9.6366588283;-37.207833409;5083.0;16.978;16.329;66.693;0.0;0.0
2022;AL;Jacuípe;-8.8403005076;-35.4609975081;5351.0;27.733;9.811;61.39;0.897;0.168
2022;AL;Japaratinga;-9.0889743543;-35.258658354;9219.0;22.573;14.709;62.675;0.022;0.022
2022;AL;Jaramataia;-9.6583519388;-37.0035959132;4985.0;24.614;7.583;67.763;0.0;0.04
2022;AL;Jequiá da Praia;-10.0095918936;-36.027334043;9470.0;31.098;9.894;58.786;0.169;0.053
2022;AL;Joaquim Gomes;-9.1359791463;-35.7490302589;17150.0;25.405;10.443;54.886;0.117;9.149
2022;AL;Jundiá;-8.9388767542;-35.5555972975;4092.0;26.124;5.034;68.231;0.513;0.098
2022;AL;Junqueiro;-9.9316103897;-36.4715218222;23907.0;29.247;7.55;62.986;0.138;0.079
2022;AL;Lagoa da Canoa;-9.8308756565;-36.73578926;18457.0;27.832;6.995;64.989;0.114;0.07
2022;AL;Limoeiro de Anadia;-9.7386131678;-36.5038970865;24739.0;31.169;6.831;61.66;0.295;0.044
2022;AL;Maceió;-9.6608221516;-35.7016299135;957875.0;33.986;11.197;54.371;0.237;0.209
2022;AL;Major Isidoro;-9.5266440679;-36.9847996142;17700.0;29.141;6.469;64.294;0.034;0.062
2022;AL;Maragogi;-9.0154564858;-35.2230154091;32174.0;23.659;11.643;64.431;0.177;0.09
2022;AL;Maravilha;-9.2339970634;-37.356635422;9534.0;25.236;6.744;67.799;0.136;0.084
2022;AL;Marechal Deodoro;-9.7391557024;-35.8930686988;60369.0;28.016;12.296;59.156;0.343;0.189
2022;AL;Maribondo;-9.577249956;-36.3066028985;13679.0;33.051;9.416;57.409;0.08;0.044
2022;AL;Mar Vermelho;-9.4477726435;-36.385040024;3155.0;34.263;7.607;58.067;0.032;0.032
2022;AL;Mata Grande;-9.1148062576;-37.7252240649;21843.0;25.702;5.416;67.115;0.087;1.68
2022;AL;Matriz de Camaragibe;-9.1585258247;-35.5335548298;23857.0;23.326;11.405;63.625;0.092;1.551
2022;AL;Messias;-9.3918122251;-35.8403783005;15405.0;26.05;13.47;60.247;0.123;0.11
2022;AL;Minador do Negrão;-9.3036832606;-36.8649157725;4845.0;30.361;3.674;65.903;0.021;0.041
2022;AL;Monteirópolis;-9.6023275389;-37.2452720989;7184.0;17.163;13.266;69.557;0.014;0.0
2022;AL;Murici;-9.3163011443;-35.9475555857;25184.0;27.001;11.761;60.932;0.187;0.119
2022;AL;Novo Lino;-8.9431588081;-35.6609637181;10015.0;27.728;6.72;64.543;0.639;0.369
2022;AL;Olho d'Água das Flores;-9.5336012753;-37.2978907898;20694.0;23.306;7.819;68.6;0.15;0.126
2022;AL;Olho d'Água do Casado;-9.5014462653;-37.8362428165;8349.0;19.787;8.468;71.254;0.084;0.407
2022;AL;Olho d'Água Grande;-10.05849496;-36.8067459677;4330.0;28.222;5.081;66.097;0.531;0.069
2022;AL;Olivença;-9.5194564834;-37.1908187181;10812.0;22.225;4.819;72.762;0.074;0.12
2022;AL;Ouro Branco;-9.163415364;-37.354443729;11446.0;29.984;4.229;65.682;0.052;0.052
2022;AL;Palestina;-9.6730971856;-37.3311364505;4325.0;16.301;20.416;63.237;0.0;0.046
2022;AL;Palmeira dos Índios;-9.4061587984;-36.6309840973;71573.0;29.842;6.022;59.992;0.067;4.077
2022;AL;Pão de Açúcar;-9.7470418503;-37.4351388566;23823.0;15.363;9.617;74.646;0.076;0.298
2022;AL;Pariconha;-9.2578843852;-38.0098260716;10573.0;11.331;3.537;39.714;0.038;45.38
2022;AL;Paripueira;-9.4663134783;-35.5591051843;13835.0;26.867;10.372;62.205;0.181;0.376
2022;AL;Passo de Camaragibe;-9.244846658;-35.4912752632;13804.0;24.464;12.583;62.569;0.101;0.283
2022;AL;Paulo Jacinto;-9.3733643824;-36.3727420946;6576.0;34.687;6.098;58.896;0.167;0.152
2022;AL;Penedo;-10.2961102979;-36.5804602141;58648.0;25.506;11.786;62.198;0.21;0.3
2022;AL;Piaçabuçu;-10.4073624263;-36.4343520081;15908.0;24.302;10.473;65.055;0.05;0.119
2022;AL;Pilar;-9.6068942927;-35.94851752;35366.0;27.235;11.783;60.666;0.243;0.074
2022;AL;Pindoba;-9.4762107998;-36.2865406443;2731.0;29.733;14.866;55.401;0.0;0.0
2022;AL;Piranhas;-9.6235592003;-37.7503929131;22609.0;21.248;8.842;69.477;0.111;0.323
2022;AL;Poço das Trincheiras;-9.3029136554;-37.2792980528;12518.0;23.558;5.768;70.514;0.008;0.152
2022;AL;Porto Calvo;-9.0524483141;-35.3983344556;24069.0;24.895;11.887;62.936;0.245;0.037
2022;AL;Porto de Pedras;-9.1560861631;-35.2970152177;9295.0;17.751;9.242;72.641;0.28;0.086
2022;AL;Porto Real do Colégio;-10.1737325642;-36.8246292915;20082.0;23.165;7.181;57.868;0.025;11.762
2022;AL;Quebrangulo;-9.3235470554;-36.4772220767;11080.0;29.513;7.816;62.374;0.072;0.226
2022;AL;Rio Largo;-9.4861576083;-35.8524223086;93924.0;28.444;11.428;59.824;0.204;0.099
2022;AL;Roteiro;-9.8321894902;-35.9812102214;6474.0;25.301;8.094;66.512;0.062;0.031
2022;AL;Santa Luzia do Norte;-9.5967677417;-35.8234877699;6919.0;21.029;13.99;64.749;0.058;0.173
2022;AL;Santana do Ipanema;-9.3722843627;-37.2454070204;46220.0;29.513;5.707;64.267;0.154;0.359
2022;AL;Santana do Mundaú;-9.1650332208;-36.225234117;11323.0;31.838;7.224;60.779;0.062;0.097
2022;AL;São Brás;-10.1203099966;-36.8989486552;6555.0;22.395;7.109;69.367;0.076;1.053
2022;AL;São José da Laje;-9.0110658819;-36.0573877321;20813.0;33.676;9.336;56.647;0.202;0.139
2022;AL;São José da Tapera;-9.5493957404;-37.3837077657;30598.0;16.877;5.353;77.512;0.046;0.212
2022;AL;São Luís do Quitunde;-9.3141173692;-35.5654908366;30873.0;24.98;11.405;63.382;0.168;0.065
2022;AL;São Miguel dos Campos;-9.7799345761;-36.0942642744;51989.0;26.698;12.401;60.286;0.377;0.239
2022;AL;São Miguel dos Milagres;-9.267186295;-35.3691193336;8482.0;25.43;13.145;60.929;0.2;0.295
2022;AL;São Sebastião;-9.9316573889;-36.551091902;31783.0;34.893;5.566;55.929;0.107;3.505
2022;AL;Satuba;-9.5694278678;-35.8285402271;24277.0;28.043;11.665;60.04;0.161;0.091
2022;AL;Senador Rui Palmeira;-9.463391449;-37.4536462478;12303.0;21.596;7.193;71.096;0.024;0.089
2022;AL;Tanque d'Arca;-9.5319624423;-36.4367415959;5796.0;30.124;7.816;61.749;0.138;0.173
2022;AL;Taquarana;-9.6423201054;-36.496767692;19032.0;27.333;6.552;65.663;0.105;0.347
2022;AL;Teotônio Vilela;-9.907497883;-36.3555631422;38053.0;25.669;11.213;62.623;0.258;0.237
2022;AL;Traipu;-9.971059382;-37.0060056722;23565.0;22.826;7.138;69.531;0.081;0.424
2022;AL;União dos Palmares;-9.1595241165;-36.0331428428;59279.0;31.127;10.673;57.84;0.253;0.106
2022;AL;Viçosa;-9.3770543545;-36.2483932029;24091.0;28.347;7.463;64.14;0.025;0.025
2022;SE;Amparo de São Francisco;-10.1339710339;-36.9274836892;2170.0;20.691;22.304;56.912;0.092;0.0
2022;SE;Aquidabã;-10.2925180922;-37.0221808561;20131.0;27.515;8.624;63.673;0.104;0.084
2022;SE;Aracaju;-10.9072157979;-37.0482126395;602730.0;29.746;14.361;55.376;0.203;0.314
2022;SE;Arauá;-11.2645047799;-37.6123374341;10318.0;15.982;15.381;68.55;0.048;0.039
2022;SE;Areia Branca;-10.7581922508;-37.3133626004;18081.0;18.334;16.067;65.4;0.055;0.144
2022;SE;Barra dos Coqueiros;-10.9067992471;-37.0412415493;41511.0;23.982;16.427;59.276;0.063;0.253
2022;SE;Boquim;-11.1463916304;-37.623573478;24636.0;20.141;11.138;68.554;0.081;0.085
2022;SE;Brejo Grande;-10.4189433106;-36.471820244;7841.0;17.855;24.27;57.671;0.115;0.089
2022;SE;Campo do Brito;-10.7433351539;-37.4963563345;18149.0;26.949;9.692;63.276;0.061;0.022
2022;SE;Canhoba;-10.1387436557;-36.9738449754;3791.0;23.055;10.762;66.13;0.026;0.026
2022;SE;Canindé de São Francisco;-9.6541040673;-37.7879637221;26834.0;23.526;8.493;67.66;0.116;0.205
2022;SE;Capela;-10.5060996319;-37.0548329946;31645.0;19.261;14.84;65.723;0.085;0.092
2022;SE;Carira;-10.3580170969;-37.7019192069;19939.0;29.044;5.472;65.354;0.06;0.07
2022;SE;Carmópolis;-10.646818584;-36.9908161852;13853.0;20.248;17.873;61.705;0.072;0.101
2022;SE;Cedro de São João;-10.2477649415;-36.8840359529;5391.0;36.784;5.917;57.281;0.019;0.0
2022;SE;Cristinápolis;-11.4735577971;-37.7546596351;17100.0;14.971;10.439;74.48;0.088;0.023
2022;SE;Cumbe;-10.3570250323;-37.1878992757;3824.0;27.171;9.493;62.526;0.026;0.785
2022;SE;Divina Pastora;-10.6773757002;-37.1493449602;4340.0;14.839;29.032;55.968;0.138;0.023
2022;SE;Estância;-11.2679486493;-37.4400108537;65076.0;18.34;15.941;65.416;0.089;0.214
2022;SE;Feira Nova;-10.2705325209;-37.3161177207;5975.0;22.912;6.929;69.992;0.0;0.167
2022;SE;Frei Paulo;-10.5400847469;-37.5418762487;14530.0;21.948;8.493;69.429;0.11;0.021
2022;SE;Gararu;-9.9673514679;-37.0843724853;11096.0;25.892;8.228;65.744;0.045;0.09
2022;SE;General Maynard;-10.6865298124;-36.9879844295;3037.0;15.509;20.415;64.043;0.033;0.0
2022;SE;Gracho Cardoso;-10.2261996604;-37.1960546323;5834.0;27.923;4.937;67.021;0.017;0.103
2022;SE;Ilha das Flores;-10.4342758299;-36.5386352409;8321.0;23.903;11.549;64.439;0.012;0.096
2022;SE;Indiaroba;-11.5185072682;-37.5150947929;16549.0;10.768;19.191;69.63;0.205;0.205
2022;SE;Itabaiana;-10.6857160383;-37.4268609403;103439.0;32.449;7.687;59.642;0.115;0.107
2022;SE;Itabaianinha;-11.2767854369;-37.7874111399;40674.0;24.057;8.421;67.409;0.054;0.059
2022;SE;Itabi;-10.1234895922;-37.0996499528;4745.0;30.011;5.163;64.658;0.042;0.126
2022;SE;Itaporanga d'Ajuda;-10.9967327673;-37.3078269331;34408.0;15.953;15.99;67.787;0.096;0.174
2022;SE;Japaratuba;-10.5894668148;-36.9417863038;16209.0;17.521;16.244;66.087;0.043;0.105
2022;SE;Japoatã;-10.3465099142;-36.8007564644;13407.0;23.122;14.358;62.139;0.283;0.097
2022;SE;Lagarto;-10.9153009699;-37.6663534097;101573.0;26.595;9.227;64.015;0.057;0.106
2022;SE;Laranjeiras;-10.797029509;-37.1605681987;23974.0;11.492;25.215;63.089;0.079;0.125
2022;SE;Macambira;-10.6641499738;-37.5434453913;6838.0;21.454;7.356;71.147;0.015;0.029
2022;SE;Malhada dos Bois;-10.3464515201;-36.918902204;3579.0;23.051;13.747;62.839;0.084;0.279
2022;SE;Malhador;-10.6600442409;-37.311459944;11533.0;20.61;10.11;69.115;0.087;0.078
2022;SE;Maruim;-10.7369324036;-37.0833143406;15719.0;19.397;21.98;58.305;0.108;0.21
2022;SE;Moita Bonita;-10.5790438595;-37.3457494007;11050.0;28.968;5.367;65.584;0.063;0.018
2022;SE;Monte Alegre de Sergipe;-10.0258616274;-37.5614258473;14336.0;30.183;5.176;64.495;0.133;0.014
2022;SE;Muribeca;-10.4274274735;-36.9570014376;7821.0;21.148;10.318;68.329;0.179;0.026
2022;SE;Neópolis;-10.3158782273;-36.5767181794;16426.0;18.678;12.291;68.854;0.049;0.128
2022;SE;Nossa Senhora Aparecida;-10.3946514574;-37.454438546;9232.0;32.701;4.019;63.117;0.076;0.087
2022;SE;Nossa Senhora da Glória;-10.2156868491;-37.4199214593;41212.0;33.226;5.537;61.121;0.044;0.073
2022;SE;Nossa Senhora das Dores;-10.4920543731;-37.1937112099;24995.0;27.642;7.658;64.365;0.18;0.156
2022;SE;Nossa Senhora de Lourdes;-10.0786160367;-37.0504728834;6268.0;28.861;7.227;63.577;0.064;0.271
2022;SE;Nossa Senhora do Socorro;-10.8487541757;-37.12849613;192327.0;21.203;17.515;60.876;0.158;0.247
2022;SE;Pacatuba;-10.4498997629;-36.6479863948;12502.0;19.765;11.102;69.061;0.056;0.016
2022;SE;Pedra Mole;-10.6181191604;-37.686027213;2778.0;10.871;10.007;79.086;0.036;0.0
2022;SE;Pedrinhas;-11.1935033961;-37.6811281604;7396.0;19.24;13.223;67.334;0.054;0.149
2022;SE;Pinhão;-10.5666899532;-37.7221107205;5677.0;15.554;6.183;78.193;0.053;0.018
2022;SE;Pirambu;-10.7410561555;-36.8597462117;7909.0;19.737;15.059;64.888;0.253;0.063
2022;SE;Poço Redondo;-9.8057902083;-37.6842137118;33438.0;23.766;7.491;68.599;0.108;0.036
2022;SE;Poço Verde;-10.7075986489;-38.1766582213;21793.0;29.936;6.19;63.731;0.073;0.069
2022;SE;Porto da Folha;-9.9192588724;-37.2766348495;26575.0;34.86;7.865;55.74;0.06;1.475
2022;SE;Propriá;-10.2082073153;-36.8420993591;26618.0;28.879;10.204;60.271;0.289;0.357
2022;SE;Riachão do Dantas;-11.0664022904;-37.729341225;18313.0;17.343;9.441;73.178;0.033;0.005
2022;SE;Riachuelo;-10.7316512985;-37.1934568326;8747.0;14.485;22.042;63.222;0.137;0.114
2022;SE;Ribeirópolis;-10.5451904693;-37.4329390299;17033.0;35.713;3.881;60.195;0.07;0.141
2022;SE;Rosário do Catete;-10.694589979;-37.0313228649;9295.0;18.117;22.786;58.978;0.054;0.065
2022;SE;Salgado;-11.0221187749;-37.4777553589;20279.0;21.692;11.712;66.285;0.182;0.128
2022;SE;Santa Luzia do Itanhy;-11.3533173973;-37.4498421802;13616.0;11.589;20.057;67.876;0.375;0.103
2022;SE;Santana do São Francisco;-10.2876719724;-36.599579348;7346.0;17.806;10.4;71.672;0.0;0.123
2022;SE;Santa Rosa de Lima;-10.6462336647;-37.1977318456;3937.0;16.916;21.438;61.316;0.0;0.33
2022;SE;Santo Amaro das Brotas;-10.7820113826;-37.0563110977;11092.0;17.499;18.13;64.028;0.225;0.117
2022;SE;São Cristóvão;-11.0136768571;-37.2094987839;95600.0;22.075;17.401;60.059;0.203;0.263
2022;SE;São Domingos;-10.7923257834;-37.5684292045;10327.0;20.422;7.543;71.928;0.068;0.039
2022;SE;São Francisco;-10.3464864527;-36.8862396609;3243.0;22.788;10.792;66.081;0.0;0.339
2022;SE;São Miguel do Aleixo;-10.3877721948;-37.3839764494;3434.0;26.441;7.688;65.842;0.029;0.0
2022;SE;Simão Dias;-10.7380617977;-37.8094305823;42573.0;25.671;9.055;65.086;0.103;0.085
2022;SE;Siriri;-10.6050355731;-37.1122253408;7834.0;16.301;17.82;64.999;0.166;0.715
2022;SE;Telha;-10.2091732237;-36.8838500416;3274.0;28.681;12.523;58.338;0.031;0.428
2022;SE;Tobias Barreto;-11.1843298681;-37.9990006951;50905.0;28.418;6.988;64.428;0.061;0.106
2022;SE;Tomar do Geru;-11.3680522747;-37.8453707753;12012.0;24.442;7.942;67.133;0.258;0.225
2022;SE;Umbaúba;-11.3798724697;-37.6611466731;23917.0;18.389;12.627;68.784;0.109;0.092
2022;BA;Abaíra;-13.2535318933;-41.6616084802;7300.0;40.74;7.836;51.26;0.068;0.096
2022;BA;Abaré;-8.7234182457;-39.1165879396;17639.0;11.645;14.326;60.468;0.091;13.47
2022;BA;Acajutiba;-11.66261283;-38.0182863706;13795.0;16.774;18.043;64.879;0.014;0.29
2022;BA;Adustina;-10.52957157;-38.1155058348;14201.0;30.357;8.556;60.644;0.289;0.155
2022;BA;Água Fria;-11.8729309976;-38.768077795;14497.0;7.774;33.779;58.019;0.041;0.386
2022;BA;Érico Cardoso;-13.4223477953;-42.1361637333;10604.0;24.717;14.645;60.609;0.009;0.019
2022;BA;Aiquara;-14.1272774886;-39.8857780091;4446.0;13.068;25.281;61.606;0.0;0.045
2022;BA;Alagoinhas;-12.1341825924;-38.4226157693;151050.0;14.414;28.113;57.166;0.095;0.212
2022;BA;Alcobaça;-17.5189333438;-39.1942143207;24530.0;14.073;28.577;56.429;0.11;0.811
2022;BA;Almadina;-14.7060477475;-39.6359031752;5218.0;16.501;21.598;61.633;0.0;0.268
2022;BA;Amargosa;-13.0344513622;-39.5981225035;36521.0;18.663;28.458;52.605;0.071;0.203
2022;BA;Amélia Rodrigues;-12.4001884013;-38.7555569164;24136.0;6.613;40.172;53.062;0.07;0.083
2022;BA;América Dourada;-11.4496458648;-41.4371632791;15134.0;16.671;24.138;58.782;0.271;0.139
2022;BA;Anagé;-14.6113255925;-41.1271131685;25438.0;26.916;7.339;65.662;0.024;0.059
2022;BA;Andaraí;-12.801350646;-41.324641804;13080.0;7.653;29.48;62.416;0.069;0.382
2022;BA;Andorinha;-10.3442400415;-39.832335701;15012.0;25.147;8.28;65.967;0.127;0.48
2022;BA;Angical;-12.0066827725;-44.6958234827;13732.0;24.592;13.516;61.455;0.022;0.415
2022;BA;Anguera;-12.1495870701;-39.2484989183;11031.0;7.144;28.193;64.527;0.054;0.082
2022;BA;Antas;-10.4127021693;-38.3310416783;14197.0;36.825;9.601;53.377;0.035;0.162
2022;BA;Antônio Cardoso;-12.4348389095;-39.1186615355;11146.0;4.926;55.078;39.889;0.009;0.099
2022;BA;Antônio Gonçalves;-10.5757977913;-40.2756586986;10862.0;18.063;19.913;61.379;0.074;0.571
2022;BA;Aporá;-11.6553942919;-38.0799953495;15922.0;20.318;19.049;60.426;0.006;0.201
2022;BA;Apuarema;-13.8532288488;-39.7421321165;6913.0;19.355;22.754;57.037;0.072;0.781
2022;BA;Aracatu;-14.426630242;-41.4616853207;13936.0;32.865;6.932;59.924;0.23;0.05
2022;BA;Araçás;-12.2151996675;-38.1982880172;11557.0;9.726;37.683;52.029;0.087;0.476
2022;BA;Araci;-11.3357278753;-38.9609581594;48293.0;19.866;16.505;63.305;0.093;0.23
2022;BA;Aramari;-12.0881829783;-38.5030663542;9833.0;7.139;40.771;51.897;0.061;0.132
2022;BA;Arataca;-15.2608729974;-39.4132815657;10191.0;13.6;22.863;62.82;0.098;0.618
2022;BA;Aratuípe;-13.080596541;-39.002910866;8677.0;8.92;26.726;64.273;0.0;0.081
2022;BA;Aurelino Leal;-14.316949448;-39.3219966377;11179.0;12.005;28.867;58.753;0.0;0.376
2022;BA;Baianópolis;-12.3041247008;-44.5360980467;13614.0;25.694;7.632;66.615;0.022;0.037
2022;BA;Baixa Grande;-11.959357489;-40.1668609095;18218.0;14.447;16.088;69.333;0.082;0.049
2022;BA;Banzaê;-10.5740919358;-38.6118696306;11958.0;22.178;7.434;46.446;0.05;23.892
2022;BA;Barra;-11.0889548205;-43.1436385525;51091.0;14.842;22.425;62.639;0.025;0.069
2022;BA;Barra da Estiva;-13.620204563;-41.3316958705;26025.0;27.873;7.896;64.146;0.027;0.058
2022;BA;Barra do Choça;-14.8642730428;-40.5763729896;36539.0;25.225;14.554;60.067;0.066;0.088
2022;BA;Barra do Mendes;-11.8088282813;-42.0591284157;13836.0;26.388;10.957;62.272;0.116;0.267
2022;BA;Barra do Rocha;-14.2100292485;-39.6013860899;5775.0;10.632;31.723;57.558;0.017;0.069
2022;BA;Barreiras;-12.1449248884;-45.004168437;159721.0;25.779;15.478;58.215;0.284;0.245
2022;BA;Barro Alto;-11.761063923;-41.9120960648;13453.0;27.823;10.355;61.503;0.156;0.164
2022;BA;Barrocas;-11.5291128521;-39.0786688809;15203.0;21.996;20.41;57.561;0.0;0.033
2022;BA;Barro Preto;-14.8097543871;-39.4733346714;5833.0;12.189;19.013;67.718;0.206;0.874
2022;BA;Belmonte;-15.8613964918;-38.8803032386;20121.0;13.941;24.517;60.086;0.099;1.357
2022;BA;Belo Campo;-15.0334961972;-41.260033479;18410.0;24.823;10.961;63.982;0.114;0.12
2022;BA;Biritinga;-11.620110263;-38.8121589229;15146.0;11.666;25.677;62.578;0.073;0.007
2022;BA;Boa Nova;-14.362607943;-40.2005218938;13690.0;24.595;10.993;63.63;0.183;0.599
2022;BA;Boa Vista do Tupim;-12.6613221925;-40.605742824;16873.0;12.713;22.006;65.086;0.148;0.047
2022;BA;Bom Jesus da Lapa;-13.2541143731;-43.4171416421;65549.0;20.151;24.719;54.817;0.078;0.235
2022;BA;Bom Jesus da Serra;-14.3729222944;-40.5011763298;9730.0;29.342;8.304;62.148;0.031;0.175
2022;BA;Boninal;-12.7151207923;-41.8243284848;13622.0;16.539;18.837;64.455;0.117;0.051
2022;BA;Bonito;-11.9695725021;-41.2684027882;15844.0;15.874;12.939;70.544;0.215;0.429
2022;BA;Boquira;-12.82082283;-42.7301154012;19322.0;27.896;5.331;66.717;0.026;0.031
2022;BA;Botuporã;-13.3808662137;-42.529277559;11024.0;23.621;6.731;69.612;0.009;0.027
2022;BA;Brejões;-13.1055364832;-39.7934915927;12943.0;17.005;25.411;57.297;0.147;0.139
2022;BA;Brejolândia;-12.4866933421;-43.9656645943;9108.0;26.241;9.289;64.383;0.044;0.044
2022;BA;Brotas de Macaúbas;-12.0026355373;-42.6246912893;11765.0;28.84;8.551;62.363;0.102;0.144
2022;BA;Brumado;-14.2054382407;-41.6670695037;70509.0;39.455;7.593;52.763;0.075;0.113
2022;BA;Buerarema;-14.9564408366;-39.3025196058;14804.0;16.8;18.853;61.524;0.128;2.695
2022;BA;Buritirama;-10.7117914663;-43.6313808982;19589.0;19.802;13.998;66.027;0.092;0.082
2022;BA;Caatiba;-14.9785506352;-40.4102724753;6205.0;28.896;12.313;58.469;0.016;0.306
2022;BA;Cabaceiras do Paraguaçu;-12.5371357854;-39.1867130922;16559.0;8.056;39.737;52.056;0.012;0.139
2022;BA;Cachoeira;-12.5962107985;-38.969398069;29250.0;6.239;51.826;41.648;0.089;0.198
2022;BA;Caculé;-14.5042061971;-42.2214140996;22461.0;34.086;10.115;55.746;0.04;0.013
2022;BA;Caém;-11.0930915175;-40.4373119407;10384.0;14.176;26.608;58.927;0.077;0.212
2022;BA;Caetanos;-14.3385629674;-40.9092896392;11265.0;34.425;3.844;61.545;0.124;0.062
2022;BA;Caetité;-14.0667543191;-42.4857114475;52012.0;35.296;12.887;51.611;0.121;0.085
2022;BA;Cafarnaum;-11.6913562191;-41.4722215133;17466.0;16.627;12.985;70.302;0.052;0.034
2022;BA;Cairu;-13.4876034013;-39.0432543551;17761.0;14.374;30.775;54.09;0.175;0.586
2022;BA;Caldeirão Grande;-11.0221557769;-40.3073703595;13080.0;15.543;15.879;68.173;0.115;0.291
2022;BA;Camacan;-15.4176268518;-39.4963673315;22574.0;16.962;21.591;57.168;0.075;4.204
2022;BA;Camaçari;-12.69881676;-38.3257400621;300366.0;15.585;27.965;55.954;0.153;0.342
2022;BA;Camamu;-13.9470763406;-39.1005697175;30469.0;11.953;41.797;45.535;0.043;0.673
2022;BA;Campo Alegre de Lourdes;-9.517154114;-43.0122984391;30670.0;22.416;10.329;66.756;0.32;0.179
2022;BA;Campo Formoso;-10.5056615545;-40.3188209871;71375.0;20.916;18.478;60.256;0.164;0.185
2022;BA;Canápolis;-13.0759114977;-44.2050289854;10225.0;33.819;7.227;58.846;0.029;0.078
2022;BA;Canarana;-11.687583314;-41.765492232;24206.0;20.59;13.918;65.29;0.103;0.099
2022;BA;Canavieiras;-15.6797774765;-38.9473758746;32682.0;14.479;20.623;64.197;0.116;0.584
2022;BA;Candeal;-11.80497023;-39.1237184955;7772.0;11.541;38.806;49.55;0.0;0.103
2022;BA;Candeias;-12.6719227053;-38.5435962675;72382.0;9.605;36.125;53.919;0.217;0.134
2022;BA;Candiba;-14.4131865031;-42.8644023352;13016.0;27.919;12.569;59.427;0.061;0.023
2022;BA;Cândido Sales;-15.5060663508;-41.2411175946;25247.0;27.401;9.11;63.231;0.067;0.19
2022;BA;Cansanção;-10.6667499149;-39.4966050065;37439.0;21.87;9.875;68.009;0.027;0.219
2022;BA;Canudos;-9.8906729609;-39.0240712427;16105.0;17.237;10.748;71.773;0.192;0.05
2022;BA;Capela do Alto Alegre;-11.6700816433;-39.8353553091;10744.0;27.606;11.579;60.517;0.149;0.149
2022;BA;Capim Grosso;-11.3815744576;-40.0110006117;33235.0;26.857;13.94;58.899;0.039;0.265
2022;BA;Caraíbas;-14.7220694937;-41.2654313237;9940.0;37.374;6.539;55.895;0.05;0.141
2022;BA;Caravelas;-17.7333705275;-39.2533822214;20577.0;15.906;20.785;62.677;0.097;0.535
2022;BA;Cardeal da Silva;-11.9407674064;-37.945476583;8365.0;9.097;41.351;48.655;0.155;0.741
2022;BA;Carinhanha;-14.3020069036;-43.7617772009;28869.0;20.063;13.284;66.445;0.104;0.104
2022;BA;Casa Nova;-9.1785945741;-40.9757969269;72085.0;29.634;12.016;57.869;0.147;0.333
2022;BA;Castro Alves;-12.7658326369;-39.4265194303;24711.0;11.995;28.874;59.026;0.032;0.073
2022;BA;Catolândia;-12.3160059385;-44.8597702834;3434.0;26.704;12.609;60.658;0.0;0.029
2022;BA;Catu;-12.3551865589;-38.3762943036;48148.0;13.083;23.478;63.216;0.062;0.162
2022;BA;Caturama;-13.3282013504;-42.2964066437;8841.0;37.258;9.241;53.388;0.09;0.023
2022;BA;Central;-11.1379885829;-42.1123489751;16348.0;23.367;12.497;63.745;0.165;0.226
2022;BA;Chorrochó;-8.975477804;-39.1023700774;10579.0;9.264;13.602;76.888;0.047;0.199
2022;BA;Cícero Dantas;-10.5921715319;-38.3834191279;30905.0;35.787;9.38;54.266;0.061;0.505
2022;BA;Cipó;-11.1011435641;-38.5171293979;17230.0;24.092;18.537;57.017;0.041;0.313
2022;BA;Coaraci;-14.6368142028;-39.5523042559;17327.0;16.985;19.992;62.613;0.104;0.306
2022;BA;Cocos;-14.1710775452;-44.5456688581;19151.0;34.092;7.352;57.997;0.24;0.319
2022;BA;Conceição da Feira;-12.5039919119;-38.9997807982;20800.0;7.918;50.274;41.572;0.058;0.178
2022;BA;Conceição do Almeida;-12.7780203224;-39.1709464494;15794.0;10.067;41.566;48.335;0.013;0.019
2022;BA;Conceição do Coité;-11.5618258459;-39.2816841782;67824.0;24.404;20.23;55.085;0.087;0.193
2022;BA;Conceição do Jacuípe;-12.322946459;-38.7636737165;35308.0;8.344;35.015;56.364;0.071;0.207
2022;BA;Conde;-11.813431761;-37.6069779821;23653.0;11.229;27.768;60.419;0.051;0.533
2022;BA;Condeúba;-14.8904103648;-41.9708095383;17053.0;25.192;5.424;69.313;0.07;0.0
2022;BA;Contendas do Sincorá;-13.7554968279;-41.046318064;4333.0;23.425;16.571;59.82;0.092;0.092
2022;BA;Coração de Maria;-12.2479210101;-38.7505165474;26691.0;8.04;38.305;53.231;0.105;0.318
2022;BA;Cordeiros;-15.0372341089;-41.9357339067;7544.0;30.713;4.069;65.191;0.027;0.0
2022;BA;Coribe;-13.8278416058;-44.4530364349;13990.0;27.491;7.491;64.904;0.086;0.029
2022;BA;Coronel João Sá;-10.2793954002;-37.9329643376;17055.0;24.597;7.458;67.916;0.023;0.006
2022;BA;Correntina;-13.3417718212;-44.6410867012;32456.0;25.746;12.087;61.699;0.136;0.333
2022;BA;Cotegipe;-12.0285973836;-44.2524761377;13063.0;20.363;13.006;66.11;0.046;0.475
2022;BA;Cravolândia;-13.362623064;-39.8127117487;4415.0;17.758;23.465;58.618;0.091;0.068
2022;BA;Crisópolis;-11.5177899236;-38.1517158173;19729.0;22.525;9.788;67.581;0.035;0.071
2022;BA;Cristópolis;-12.231450809;-44.4118418963;13993.0;26.606;8.011;65.275;0.021;0.086
2022;BA;Cruz das Almas;-12.6637862128;-39.1007361428;60341.0;13.157;33.054;53.546;0.078;0.166
2022;BA;Curaçá;-8.989032118;-39.9080810189;34180.0;15.369;12.51;67.007;0.091;5.023
2022;BA;Dário Meira;-14.4350474388;-39.9024656528;10820.0;17.394;18.42;64.039;0.092;0.055
2022;BA;Dias d'Ávila;-12.6043684168;-38.2979935899;71482.0;13.964;29.553;56.016;0.201;0.266
2022;BA;Dom Basílio;-13.7633265546;-41.7708775807;11884.0;50.942;3.593;45.406;0.025;0.034
2022;BA;Dom Macedo Costa;-12.9114892623;-39.1880941696;4407.0;15.702;38.734;44.883;0.023;0.658
2022;BA;Elísio Medrado;-12.9433258382;-39.5204855551;7808.0;21.478;24.142;54.137;0.064;0.179
2022;BA;Encruzilhada;-15.5345801803;-40.9091207501;19106.0;18.685;9.489;71.752;0.042;0.031
2022;BA;Entre Rios;-11.9372613704;-38.0787770198;38098.0;11.452;31.135;56.801;0.249;0.362
2022;BA;Esplanada;-11.7994094961;-37.9449814741;32554.0;15.393;23.42;60.506;0.23;0.452
2022;BA;Euclides da Cunha;-10.5058180637;-39.0142487251;61455.0;22.966;8.32;66.234;0.08;2.4
2022;BA;Eunápolis;-16.3751672323;-39.584171941;113708.0;21.545;15.72;60.774;0.174;1.787
2022;BA;Fátima;-10.600170214;-38.2086747829;17895.0;31.662;5.029;63.118;0.061;0.129
2022;BA;Feira da Mata;-14.2105645058;-44.2834639384;5631.0;34.328;10.407;54.413;0.249;0.604
2022;BA;Feira de Santana;-12.2292842525;-38.9600330963;616249.0;16.865;29.24;53.623;0.096;0.176
2022;BA;Filadélfia;-10.7384641099;-40.1378268768;17897.0;16.103;22.11;61.508;0.05;0.229
2022;BA;Firmino Alves;-14.9849353753;-39.9214417636;4873.0;18.838;19.988;60.969;0.041;0.164
2022;BA;Floresta Azul;-14.8627983966;-39.6565235874;11059.0;20.101;19.685;59.825;0.054;0.335
2022;BA;Formosa do Rio Preto;-11.0470324907;-45.1909909097;25898.0;14.283;21.102;62.441;2.066;0.108
2022;BA;Gandu;-13.7437807885;-39.4863240793;32178.0;15.281;23.491;61.063;0.078;0.087
2022;BA;Gavião;-11.4708954591;-39.78611293;4360.0;23.922;9.862;66.147;0.023;0.046
2022;BA;Gentio do Ouro;-11.4275313127;-42.5047423861;10884.0;35.924;9.776;54.19;0.046;0.064
2022;BA;Glória;-9.3401731836;-38.2592732301;15524.0;22.952;6.951;56.416;0.045;13.637
2022;BA;Gongogi;-14.3237132993;-39.467239655;5555.0;10.711;29.901;59.334;0.018;0.036
2022;BA;Governador Mangabeira;-12.6015538384;-39.0340236148;20605.0;8.503;41.359;49.736;0.044;0.359
2022;BA;Guajeru;-14.5469622717;-41.9371481669;8050.0;24.46;7.379;67.95;0.012;0.199
2022;BA;Guanambi;-14.225315027;-42.7785619667;87811.0;32.81;12.623;54.199;0.145;0.223
2022;BA;Guaratinga;-16.5812160356;-39.7812844708;19049.0;18.3;11.344;69.463;0.084;0.808
2022;BA;Heliópolis;-10.675298788;-38.2802330423;12309.0;32.854;5.476;61.54;0.032;0.097
2022;BA;Iaçu;-12.7691377865;-40.213365235;24607.0;15.597;21.429;62.742;0.073;0.158
2022;BA;Ibiassucê;-14.2767025345;-42.2557743547;10429.0;33.301;10.423;56.113;0.058;0.105
2022;BA;Ibicaraí;-14.8657631414;-39.5915412035;21665.0;21.062;18.006;60.185;0.106;0.642
2022;BA;Ibicoara;-13.4263272088;-41.2720658081;20785.0;18.706;15.117;65.826;0.149;0.202
2022;BA;Ibicuí;-14.8430903651;-39.9898321057;13934.0;27.336;12.545;59.796;0.05;0.273
2022;BA;Ibipeba;-11.6375264432;-42.0112484399;16603.0;24.351;17.22;58.2;0.042;0.187
2022;BA;Ibipitanga;-12.8791061453;-42.4912287412;13863.0;37.005;4.544;58.234;0.108;0.108
2022;BA;Ibiquera;-12.6499286126;-40.9354210019;3723.0;13.672;8.837;77.196;0.161;0.134
2022;BA;Ibirapitanga;-14.1650324961;-39.3744665327;25343.0;10.918;31.35;57.531;0.039;0.162
2022;BA;Ibirapuã;-17.6841971442;-40.1063094115;8896.0;21.695;17.277;60.544;0.247;0.236
2022;BA;Ibirataia;-14.0672690808;-39.6409188889;18791.0;14.044;16.455;69.427;0.053;0.021
2022;BA;Ibitiara;-12.6455137042;-42.2132943235;14637.0;19.56;19.362;60.941;0.055;0.082
2022;BA;Ibititá;-11.5527707224;-41.9751521501;16968.0;27.758;19.272;52.717;0.065;0.189
2022;BA;Ibotirama;-12.184013569;-43.218696265;26308.0;17.474;14.855;65.235;0.099;2.338
2022;BA;Ichu;-11.7552498737;-39.1887163055;6190.0;22.924;32.084;44.927;0.048;0.016
2022;BA;Igaporã;-13.7679764775;-42.7178798075;15527.0;37.219;16.977;45.746;0.039;0.019
2022;BA;Igrapiúna;-13.8204024423;-39.1400807979;13151.0;8.463;35.29;56.117;0.0;0.129
2022;BA;Iguaí;-14.7579625256;-40.0975134506;21490.0;25.1;10.126;64.435;0.154;0.186
2022;BA;Ilhéus;-14.7933202697;-39.0431842869;178642.0;17.107;22.814;55.484;0.148;4.447
2022;BA;Inhambupe;-11.7891274641;-38.3540192706;33790.0;14.549;27.177;57.869;0.204;0.201
2022;BA;Ipecaetá;-12.3141993063;-39.3060256384;13709.0;15.311;23.277;61.164;0.095;0.153
2022;BA;Ipiaú;-14.1374736713;-39.7356541802;40700.0;18.273;21.568;59.892;0.064;0.204
2022;BA;Ipirá;-12.1602868809;-39.7407084849;56875.0;18.926;20.332;60.445;0.097;0.2
2022;BA;Ipupiara;-11.8288274009;-42.6106888539;9935.0;49.23;5.224;45.496;0.01;0.04
2022;BA;Irajuba;-13.2566101534;-40.0838518009;6101.0;21.931;15.85;61.678;0.361;0.18
2022;BA;Iramaia;-13.2936511934;-40.9695824783;10752.0;15.709;18.062;65.997;0.028;0.205
2022;BA;Iraquara;-12.2435010164;-41.6179588574;23879.0;13.753;12.367;73.738;0.05;0.092
2022;BA;Irará;-12.0337039632;-38.7716507784;28043.0;6.322;43.997;49.203;0.139;0.339
2022;BA;Irecê;-11.3033796243;-41.8588604759;74506.0;28.969;14.392;56.264;0.102;0.272
2022;BA;Itabela;-16.5758360568;-39.5532377751;28165.0;17.106;12.988;68.422;0.05;1.434
2022;BA;Itaberaba;-12.532254089;-40.3069949197;65070.0;18.037;21.068;60.476;0.181;0.237
2022;BA;Itabuna;-14.7890395486;-39.273108952;186704.0;20.64;19.604;59.056;0.113;0.587
2022;BA;Itacaré;-14.2782492856;-38.9948415531;27704.0;12.623;33.609;52.455;0.134;1.18
2022;BA;Itaetê;-12.9820339945;-40.9634187749;13472.0;12.7;28.942;57.89;0.052;0.416
2022;BA;Itagi;-14.1617937178;-40.0136249931;13803.0;15.185;17.916;66.572;0.109;0.217
2022;BA;Itagibá;-14.2865141678;-39.8485155566;15310.0;15.023;18.432;66.381;0.0;0.163
2022;BA;Itagimirim;-16.0881432759;-39.6151918109;6345.0;18.455;15.24;65.311;0.126;0.867
2022;BA;Itaguaçu da Bahia;-11.0087222104;-42.4011571243;12311.0;21.29;19.113;59.24;0.057;0.301
2022;BA;Itaju do Colônia;-15.1401935524;-39.7247246149;6037.0;14.03;14.13;52.642;0.05;19.149
2022;BA;Itajuípe;-14.6780189898;-39.3817881541;18781.0;16.485;22.299;60.726;0.17;0.319
2022;BA;Itamaraju;-17.0423375997;-39.5330398846;59603.0;13.741;11.065;73.075;0.082;2.037
2022;BA;Itamari;-13.7748367559;-39.6763483469;7051.0;16.934;20.139;62.629;0.057;0.241
2022;BA;Itambé;-15.248019194;-40.6240417224;24394.0;20.013;15.885;63.856;0.049;0.197
2022;BA;Itanagra;-12.2681631439;-38.0381809412;5914.0;8.438;32.026;59.249;0.034;0.254
2022;BA;Itanhém;-17.1663329037;-40.327048649;17813.0;26.84;10.56;61.837;0.14;0.623
2022;BA;Itaparica;-12.8814890528;-38.6840303113;19789.0;6.771;31.725;61.251;0.066;0.187
2022;BA;Itapé;-14.8948079608;-39.4299627284;10341.0;13.925;15.792;69.887;0.039;0.358
2022;BA;Itapebi;-15.9721666551;-39.5285413926;9174.0;15.718;22.804;59.963;0.142;1.373
2022;BA;Itapetinga;-15.2461671887;-40.2473809072;65894.0;22.864;15.835;60.723;0.1;0.478
2022;BA;Itapicuru;-11.3109527006;-38.2186123755;31679.0;17.592;14.214;68.083;0.016;0.095
2022;BA;Itapitanga;-14.4211947387;-39.5663618837;10279.0;21.627;22.804;55.502;0.0;0.068
2022;BA;Itaquara;-13.4464090028;-39.9382435936;8152.0;19.222;16.499;64.23;0.037;0.012
2022;BA;Itarantim;-15.6578300416;-40.0615452744;17052.0;26.56;12.016;60.984;0.065;0.375
2022;BA;Itatim;-12.7092465331;-39.7037746062;15737.0;21.942;10.135;67.719;0.057;0.146
2022;BA;Itiruçu;-13.5323986079;-40.1461722977;10999.0;21.647;18.82;59.36;0.055;0.118
2022;BA;Itiúba;-10.6919012257;-39.8532769742;33872.0;18.357;11.027;70.176;0.189;0.251
2022;BA;Itororó;-15.119037314;-40.0717033442;16617.0;21.647;15.899;61.666;0.108;0.68
2022;BA;Ituaçu;-13.8074071462;-41.3109815271;17914.0;31.886;8.061;59.936;0.033;0.084
2022;BA;Ituberá;-13.7361569057;-39.1490424919;21902.0;16.026;30.107;53.488;0.288;0.091
2022;BA;Iuiú;-14.4121460364;-43.5564026155;11118.0;19.329;12.394;68.169;0.099;0.009
2022;BA;Jaborandi;-13.625934002;-44.4659699897;9275.0;20.69;5.52;73.736;0.011;0.043
2022;BA;Jacaraci;-14.8491905702;-42.4306087706;14436.0;39.228;4.468;56.131;0.125;0.048
2022;BA;Jacobina;-11.1850621601;-40.5130176279;82589.0;20.981;20.085;58.373;0.156;0.404
2022;BA;Jaguaquara;-13.5306986308;-39.9702551832;45960.0;20.624;18.503;60.335;0.196;0.342
2022;BA;Jaguarari;-10.2628542593;-40.1936114662;32702.0;23.95;9.125;66.712;0.11;0.104
2022;BA;Jaguaripe;-13.1150638884;-38.8914186277;17659.0;8.517;36.248;55.133;0.017;0.085
2022;BA;Jandaíra;-11.5657484739;-37.7868684912;9285.0;11.319;15.714;72.536;0.162;0.269
2022;BA;Jequié;-13.8556640077;-40.0886073275;158801.0;22.893;19.873;56.947;0.114;0.174
2022;BA;Jeremoabo;-10.0622424076;-38.3518191467;37625.0;23.495;11.479;64.75;0.066;0.21
2022;BA;Jiquiriçá;-13.2523063493;-39.5765017781;13629.0;14.242;29.914;55.829;0.007;0.007
2022;BA;Jitaúna;-14.0174286979;-39.8896321767;14355.0;15.019;21.644;63.281;0.021;0.035
2022;BA;João Dourado;-11.3464052247;-41.6599891798;24853.0;21.374;17.213;61.196;0.105;0.113
2022;BA;Juazeiro;-9.4107170962;-40.5035521594;237814.0;21.894;16.243;61.297;0.152;0.415
2022;BA;Jucuruçu;-16.8445161458;-40.1588126299;9655.0;17.38;7.095;75.381;0.073;0.073
2022;BA;Jussara;-11.0545549484;-41.9797319275;16354.0;23.322;10.395;66.112;0.061;0.11
2022;BA;Jussari;-15.1904562989;-39.4949398663;5888.0;14.946;22.385;61.022;0.272;1.376
2022;BA;Jussiape;-13.5129503421;-41.5901420146;7379.0;42.377;8.199;49.234;0.027;0.163
2022;BA;Lafaiete Coutinho;-13.6529994248;-40.2106058828;4075.0;19.706;18.331;61.693;0.196;0.074
2022;BA;Lagoa Real;-14.0300289856;-42.1457118364;14105.0;43.495;7.005;49.387;0.007;0.106
2022;BA;Laje;-13.1796486825;-39.4275521529;21052.0;12.517;34.296;53.102;0.062;0.024
2022;BA;Lajedão;-17.612130938;-40.3458465321;3845.0;26.476;11.105;61.795;0.364;0.26
2022;BA;Lajedinho;-12.3603741929;-40.9037099703;3527.0;15.396;17.891;66.657;0.028;0.028
2022;BA;Lajedo do Tabocal;-13.4725200036;-40.2252295032;7494.0;24.006;17.08;58.5;0.187;0.227
2022;BA;Lamarão;-11.7915777404;-38.8929803339;9015.0;6.567;33.145;59.501;0.288;0.499
2022;BA;Lapão;-11.3801390539;-41.8319086534;25729.0;21.05;18.734;59.711;0.284;0.222
2022;BA;Lauro de Freitas;-12.8967176089;-38.3234616103;203323.0;19.804;29.883;49.766;0.194;0.353
2022;BA;Lençóis;-12.5640631156;-41.3940311361;10774.0;11.583;31.353;56.72;0.056;0.288
2022;BA;Licínio de Almeida;-14.6758660768;-42.5026836359;11833.0;32.435;7.572;59.765;0.127;0.101
2022;BA;Livramento de Nossa Senhora;-13.6495009052;-41.8403872818;43903.0;37.439;10.749;51.68;0.064;0.068
2022;BA;Luís Eduardo Magalhães;-12.0783722562;-45.8004644065;107909.0;27.68;14.309;57.485;0.296;0.231
2022;BA;Macajuba;-12.1413926806;-40.3651796434;10454.0;16.644;15.831;67.333;0.067;0.124
2022;BA;Macarani;-15.5673161525;-40.4220441103;21598.0;24.146;14.538;61.182;0.065;0.069
2022;BA;Macaúbas;-13.0236716699;-42.6946657469;41856.0;34.784;6.539;58.204;0.165;0.308
2022;BA;Macururé;-9.1747059109;-39.0595150265;7256.0;14.609;8.352;76.861;0.0;0.179
2022;BA;Madre de Deus;-12.7403126545;-38.6027685669;18503.0;10.939;22.564;66.141;0.141;0.216
2022;BA;Maetinga;-14.6612663591;-41.4836566953;6973.0;29.026;6.195;64.692;0.0;0.086
2022;BA;Maiquinique;-15.6197717026;-40.2605151186;8731.0;24.224;17.558;57.794;0.023;0.401
2022;BA;Mairi;-11.7111106231;-40.1497825192;17573.0;19.285;18.011;62.505;0.12;0.08
2022;BA;Malhada;-14.3403832841;-43.7716203177;15398.0;7.975;17.002;75.023;0.0;0.0
2022;BA;Malhada de Pedras;-14.3779454038;-41.8786983401;8670.0;37.52;4.625;57.832;0.0;0.023
2022;BA;Manoel Vitorino;-14.145932206;-40.2420162477;13860.0;30.815;11.681;57.453;0.029;0.022
2022;BA;Mansidão;-10.71582896;-44.0364854096;13919.0;4.936;11.926;83.102;0.0;0.036
2022;BA;Maracás;-13.4376744923;-40.4312875474;27620.0;24.627;13.324;61.256;0.163;0.63
2022;BA;Maragogipe;-12.7751199192;-38.9188814372;35859.0;14.376;29.198;56.24;0.073;0.114
2022;BA;Maraú;-14.1055306717;-39.0249517557;24527.0;12.476;33.053;54.075;0.082;0.314
2022;BA;Marcionílio Souza;-13.0035103723;-40.5345299893;9267.0;13.737;21.15;64.919;0.043;0.151
2022;BA;Mascote;-15.5659880327;-39.3024004527;13544.0;17.019;22.6;59.251;0.103;1.026
2022;BA;Mata de São João;-12.5299707907;-38.2972993248;42566.0;10.689;33.87;55.004;0.15;0.287
2022;BA;Matina;-13.9126360111;-42.8429324443;10330.0;26.554;17.444;55.983;0.0;0.019
2022;BA;Medeiros Neto;-17.3704094821;-40.220174208;22194.0;23.813;8.475;67.59;0.045;0.077
2022;BA;Miguel Calmon;-11.4283442062;-40.5960696127;24660.0;18.589;14.242;66.934;0.134;0.101
2022;BA;Milagres;-12.8705749151;-39.8591271005;11069.0;22.586;15.205;62.174;0.018;0.018
2022;BA;Mirangaba;-10.9561172849;-40.5747927022;15734.0;12.978;25.677;61.161;0.108;0.076
2022;BA;Mirante;-14.2398179211;-40.7735665979;10187.0;35.084;3.72;61.009;0.049;0.137
2022;BA;Monte Santo;-10.4401577407;-39.3327059521;47780.0;37.288;7.204;55.226;0.019;0.264
2022;BA;Morpará;-11.5580425446;-43.277913407;7996.0;22.124;11.356;66.496;0.0;0.025
2022;BA;Morro do Chapéu;-11.5501261105;-41.1590965078;33592.0;17.483;21.196;60.83;0.158;0.333
2022;BA;Mortugaba;-15.0164072904;-42.3804489223;11143.0;24.679;5.726;69.164;0.323;0.108
2022;BA;Mucugê;-13.0038942045;-41.3732130119;12137.0;22.403;16.24;60.971;0.091;0.297
2022;BA;Mucuri;-18.0885397389;-39.5475458898;37977.0;20.004;18.58;60.916;0.097;0.403
2022;BA;Mulungu do Morro;-11.9672200211;-41.6438000096;13152.0;16.758;7.961;74.567;0.304;0.411
2022;BA;Mundo Novo;-11.8647227486;-40.4714981501;17303.0;18.979;17.442;63.411;0.069;0.098
2022;BA;Muniz Ferreira;-12.9973037019;-39.1129817012;7190.0;12.49;28.512;58.915;0.07;0.014
2022;BA;Muquém do São Francisco;-12.0682612649;-43.5518599151;10443.0;12.123;21.469;64.014;0.172;2.222
2022;BA;Muritiba;-12.6233724415;-38.9886888174;28707.0;10.499;35.096;54.175;0.01;0.219
2022;BA;Mutuípe;-13.2293733237;-39.504163852;20037.0;15.451;38.025;46.429;0.07;0.025
2022;BA;Nazaré;-13.0351482202;-39.0106225829;27059.0;11.578;30.825;57.445;0.037;0.115
2022;BA;Nilo Peçanha;-13.6044944204;-39.1129855091;12063.0;11.755;31.907;56.105;0.116;0.116
2022;BA;Nordestina;-10.8320535248;-39.4291308507;18523.0;17.924;7.709;74.286;0.027;0.054
2022;BA;Nova Canaã;-14.7935980877;-40.145174652;13711.0;25.046;11.101;63.256;0.117;0.481
2022;BA;Nova Fátima;-11.6083983892;-39.6322170919;7967.0;20.698;12.301;66.876;0.1;0.025
2022;BA;Nova Ibiá;-13.809907366;-39.6256860495;6501.0;13.952;22.304;63.652;0.062;0.031
2022;BA;Nova Itarana;-13.0330498856;-40.0692497333;7780.0;18.252;16.041;65.36;0.0;0.347
2022;BA;Nova Redenção;-12.8188675675;-41.0688595103;7538.0;9.751;19.302;70.815;0.027;0.106
2022;BA;Nova Soure;-11.2380081972;-38.484613927;24236.0;18.856;13.761;67.008;0.066;0.309
2022;BA;Nova Viçosa;-17.8933917822;-39.3720115381;39509.0;18.224;21.347;59.809;0.299;0.321
2022;BA;Novo Horizonte;-12.801997364;-42.1677884485;11162.0;32.557;10.097;57.14;0.134;0.072
2022;BA;Novo Triunfo;-10.3420182309;-38.415581348;10660.0;34.775;12.899;52.186;0.056;0.084
2022;BA;Olindina;-11.3583061402;-38.3310801961;22633.0;21.486;15.853;62.435;0.137;0.088
2022;BA;Oliveira dos Brejinhos;-12.32058895;-42.8970197687;20715.0;19.392;9.385;71.151;0.039;0.034
2022;BA;Ouriçangas;-12.0068519179;-38.6284167702;7716.0;4.86;52.786;42.133;0.065;0.156
2022;BA;Ourolândia;-10.9646176504;-41.081811729;19243.0;16.817;16.713;66.393;0.021;0.057
2022;BA;Palmas de Monte Alto;-14.2573509944;-43.1705121315;20078.0;22.373;15.878;61.057;0.189;0.503
2022;BA;Palmeiras;-12.5100711046;-41.5773369327;10338.0;17.973;23.293;57.951;0.261;0.522
2022;BA;Paramirim;-13.4424266572;-42.2406487777;20351.0;32.406;13.076;54.405;0.054;0.059
2022;BA;Paratinga;-12.6906971249;-43.1820250756;29252.0;15.705;19.195;64.895;0.089;0.116
2022;BA;Paripiranga;-10.6759923133;-37.8704477007;26604.0;33.157;6.048;60.645;0.105;0.045
2022;BA;Pau Brasil;-15.4636188169;-39.6487820361;9370.0;13.084;17.012;42.102;0.021;27.78
2022;BA;Paulo Afonso;-9.4033316974;-38.2183289682;112870.0;29.802;7.872;60.571;0.131;1.623
2022;BA;Pé de Serra;-11.8311793086;-39.609425329;13243.0;22.548;12.845;64.494;0.015;0.098
2022;BA;Pedrão;-12.1435872038;-38.6490014216;6235.0;4.956;49.671;45.325;0.016;0.032
2022;BA;Pedro Alexandre;-10.0100715805;-37.8992615844;13954.0;11.531;4.68;83.718;0.036;0.036
2022;BA;Piatã;-13.1644568683;-41.7706230393;20086.0;27.402;15.683;56.497;0.1;0.319
2022;BA;Pilão Arcado;-9.997771056;-42.4847567625;35357.0;20.415;11.754;67.752;0.042;0.037
2022;BA;Pindaí;-14.4899875405;-42.6870333191;14731.0;23.25;9.68;66.94;0.02;0.109
2022;BA;Pindobaçu;-10.7342066124;-40.3571591936;19083.0;18.341;18.404;63.035;0.031;0.189
2022;BA;Pintadas;-11.8080365091;-39.9082386319;10325.0;16.736;11.496;71.68;0.058;0.029
2022;BA;Piraí do Norte;-13.7612250393;-39.3745221879;10974.0;12.32;20.685;66.931;0.018;0.046
2022;BA;Piripá;-14.9468709101;-41.7248658273;9152.0;24.323;5.256;70.356;0.066;0.0
2022;BA;Piritiba;-11.7372340018;-40.5513277059;17566.0;19.321;15.035;65.416;0.006;0.222
2022;BA;Planaltino;-13.2566087534;-40.3683973567;8022.0;25.355;10.945;63.588;0.025;0.087
2022;BA;Planalto;-14.6701699702;-40.4846403764;23334.0;28.949;11.588;59.235;0.051;0.176
2022;BA;Poções;-14.5223245426;-40.3651272938;48290.0;28.573;11.47;59.404;0.186;0.367
2022;BA;Pojuca;-12.4292631349;-38.3271668771;32136.0;13.097;29.241;57.381;0.056;0.224
2022;BA;Ponto Novo;-10.8671478313;-40.1353928451;17938.0;17.154;13.09;68.809;0.574;0.374
2022;BA;Porto Seguro;-16.4490561794;-39.0621135239;168316.0;20.319;16.767;56.292;0.152;6.471
2022;BA;Potiraguá;-15.5924563117;-39.8756600706;10273.0;18.028;14.339;67.371;0.01;0.253
2022;BA;Prado;-17.3295639894;-39.2292384212;35003.0;13.353;17.533;57.926;0.143;11.045
2022;BA;Presidente Dutra;-11.2965040663;-41.9909309024;15130.0;21.778;10.674;67.416;0.053;0.079
2022;BA;Presidente Jânio Quadros;-14.685395367;-41.6824426344;12621.0;32.874;3.922;63.069;0.079;0.055
2022;BA;Presidente Tancredo Neves;-13.4708417736;-39.4240598299;27734.0;14.196;22.691;63.027;0.004;0.083
2022;BA;Queimadas;-10.9763905292;-39.6264068266;25987.0;22.307;12.776;64.675;0.142;0.1
2022;BA;Quijingue;-10.75167233;-39.206609254;25271.0;17.023;6.636;75.826;0.036;0.479
2022;BA;Quixabeira;-11.4086852033;-40.1214965949;9461.0;23.179;17.239;59.254;0.222;0.106
2022;BA;Rafael Jambeiro;-12.4074173545;-39.5006356829;19661.0;14.002;18.036;67.87;0.031;0.061
2022;BA;Remanso;-9.6239067892;-42.0796675417;40586.0;25.181;14.118;60.531;0.099;0.071
2022;BA;Retirolândia;-11.4896669832;-39.4241777923;13650.0;26.286;17.582;56.073;0.022;0.037
2022;BA;Riachão das Neves;-11.74624753;-44.9164697719;21642.0;17.54;15.114;66.912;0.176;0.259
2022;BA;Riachão do Jacuípe;-11.8059790259;-39.3830354939;33383.0;24.629;19.869;55.393;0.039;0.069
2022;BA;Riacho de Santana;-13.6065881421;-42.93834712;30711.0;33.392;15.011;51.402;0.049;0.147
2022;BA;Ribeira do Amparo;-11.0391582801;-38.4305538667;13840.0;19.205;12.052;68.627;0.051;0.065
2022;BA;Ribeira do Pombal;-10.8362780748;-38.5360987874;54009.0;27.412;8.517;62.736;0.065;1.27
2022;BA;Ribeirão do Largo;-15.4640596335;-40.7438597619;9740.0;18.409;9.374;69.723;0.041;2.454
2022;BA;Rio de Contas;-13.588607787;-41.8187905564;13184.0;38.911;16.475;43.841;0.099;0.675
2022;BA;Rio do Antônio;-14.4085096465;-42.075055335;13146.0;40.971;6.565;52.419;0.023;0.023
2022;BA;Rio do Pires;-13.1186631387;-42.2878777528;10497.0;42.403;5.535;51.996;0.029;0.038
2022;BA;Rio Real;-11.4849354254;-37.9335777751;35362.0;20.777;8.834;70.268;0.051;0.071
2022;BA;Rodelas;-8.8449965336;-38.7723090007;10308.0;20.673;10.768;49.311;0.097;19.15
2022;BA;Ruy Barbosa;-12.2893169588;-40.5003712306;28282.0;16.449;19.79;63.57;0.021;0.17
2022;BA;Salinas da Margarida;-12.8779970546;-38.7579439509;14987.0;4.978;47.094;47.708;0.187;0.033
2022;BA;Salvador;-13.0147719115;-38.488061484;2417613.0;16.491;34.146;49.074;0.108;0.182
2022;BA;Santa Bárbara;-11.9569028341;-38.9661390064;20951.0;11.011;26.777;62.007;0.029;0.177
2022;BA;Santa Brígida;-9.7318909595;-38.1278183663;14965.0;20.621;9.128;69.689;0.04;0.521
2022;BA;Santa Cruz Cabrália;-16.3380965838;-39.0131825841;29185.0;17.101;13.589;50.495;0.113;18.701
2022;BA;Santa Cruz da Vitória;-14.9600783107;-39.81183597;4678.0;18.961;17.935;62.227;0.0;0.876
2022;BA;Santa Inês;-13.2986872233;-39.8276053255;10299.0;18.497;29.401;51.578;0.039;0.485
2022;BA;Santaluz;-11.2533600345;-39.3773777963;37834.0;19.501;16.261;64.043;0.05;0.145
2022;BA;Santa Luzia;-15.4327879846;-39.332493425;13896.0;14.054;17.206;67.897;0.194;0.648
2022;BA;Santa Maria da Vitória;-13.3935452501;-44.1983088658;38604.0;26.43;13.364;59.538;0.339;0.329
2022;BA;Santana;-12.9807511747;-44.0532579029;24755.0;29.331;11.23;59.172;0.016;0.25
2022;BA;Santanópolis;-12.028406888;-38.8671618077;8716.0;8.02;37.712;54.13;0.011;0.126
2022;BA;Santa Rita de Cássia;-11.0080450699;-44.5190497203;27390.0;20.0;13.468;66.218;0.007;0.307
2022;BA;Santa Teresinha;-12.7728517712;-39.5211400562;10441.0;15.985;22.699;60.933;0.096;0.287
2022;BA;Santo Amaro;-12.5491401087;-38.7090314625;56010.0;5.77;50.877;43.105;0.123;0.125
2022;BA;Santo Antônio de Jesus;-12.9680077697;-39.261131258;103053.0;19.097;29.53;51.162;0.064;0.147
2022;BA;Santo Estêvão;-12.4288932289;-39.2531902035;52275.0;11.985;29.19;58.722;0.025;0.078
2022;BA;São Desidério;-12.3608954905;-44.9740962396;32828.0;22.819;10.93;66.078;0.113;0.061
2022;BA;São Domingos;-11.4634661342;-39.5262647672;8426.0;19.44;11.892;68.621;0.0;0.047
2022;BA;São Félix;-12.605713252;-38.9687185314;11026.0;8.453;41.13;50.0;0.091;0.327
2022;BA;São Félix do Coribe;-13.4042182498;-44.1968725575;15194.0;30.387;11.715;57.273;0.099;0.527
2022;BA;São Felipe;-12.845078215;-39.0840148984;20283.0;14.727;31.213;53.917;0.059;0.084
2022;BA;São Francisco do Conde;-12.6299828044;-38.6757980533;38733.0;5.742;49.911;44.097;0.083;0.168
2022;BA;São Gabriel;-11.2267073343;-41.8742692011;18599.0;24.06;14.35;61.191;0.172;0.226
2022;BA;São Gonçalo dos Campos;-12.4303098042;-38.9497724306;39511.0;7.337;47.02;45.486;0.076;0.081
2022;BA;São José da Vitória;-15.0781782114;-39.3389205029;5315.0;12.568;25.193;60.715;0.32;1.204
2022;BA;São José do Jacuípe;-11.5053260938;-40.0236558829;10183.0;23.942;14.937;61.063;0.059;0.0
2022;BA;São Miguel das Matas;-13.0517330821;-39.455780426;10334.0;19.373;39.085;41.388;0.048;0.106
2022;BA;São Sebastião do Passé;-12.512724643;-38.4953098454;40957.0;8.629;38.379;52.628;0.181;0.183
2022;BA;Sapeaçu;-12.7351614751;-39.1948084366;17962.0;9.214;35.803;54.91;0.045;0.028
2022;BA;Sátiro Dias;-11.6008090454;-38.5913537821;16008.0;20.084;20.046;59.608;0.062;0.2
2022;BA;Saubara;-12.7369036248;-38.77060683;11438.0;6.129;42.997;50.839;0.035;0.0
2022;BA;Saúde;-10.9411051662;-40.4185507431;10478.0;15.375;22.972;61.414;0.057;0.181
2022;BA;Seabra;-12.4187631865;-41.7682012411;46158.0;21.875;15.813;62.028;0.087;0.197
2022;BA;Sebastião Laranjeiras;-14.5748223923;-42.9441131531;9360.0;20.791;8.846;70.31;0.053;0.0
2022;BA;Senhor do Bonfim;-10.4567714932;-40.18998454;74522.0;23.154;15.76;60.44;0.165;0.48
2022;BA;Serra do Ramalho;-13.5644659881;-43.5807307421;34222.0;20.966;18.056;59.941;0.07;0.967
2022;BA;Sento Sé;-9.7403798046;-41.8909969156;38154.0;19.282;15.849;64.515;0.037;0.317
2022;BA;Serra Dourada;-12.7625947393;-43.9523372559;17064.0;22.884;7.46;69.591;0.041;0.023
2022;BA;Serra Preta;-12.1597268274;-39.3325039203;17996.0;8.241;25.856;65.854;0.022;0.028
2022;BA;Serrinha;-11.6595317244;-39.0081326288;80428.0;18.964;25.673;55.014;0.123;0.226
2022;BA;Serrolândia;-11.4160318981;-40.299905217;13335.0;23.63;17.21;58.598;0.135;0.427
2022;BA;Simões Filho;-12.7839414834;-38.4115191932;114555.0;10.76;31.164;57.637;0.106;0.333
2022;BA;Sítio do Mato;-13.0857927061;-43.4664411673;13408.0;13.783;22.546;63.596;0.045;0.03
2022;BA;Sítio do Quinto;-10.3641586478;-38.2003708811;14773.0;23.171;5.544;71.252;0.014;0.02
2022;BA;Sobradinho;-9.4708066385;-40.7915948464;25474.0;22.085;14.513;62.896;0.047;0.459
2022;BA;Souto Soares;-12.0925960034;-41.6442483899;17054.0;23.883;9.763;66.289;0.047;0.018
2022;BA;Tabocas do Brejo Velho;-12.7073009223;-44.0111890671;11979.0;29.618;6.244;63.653;0.125;0.359
2022;BA;Tanhaçu;-14.0255080592;-41.2543335107;21006.0;33.933;7.655;58.226;0.024;0.162
2022;BA;Tanque Novo;-13.5465603207;-42.4906125115;17158.0;29.654;9.086;61.219;0.017;0.023
2022;BA;Tanquinho;-11.9716930935;-39.1005471654;7716.0;8.087;42.276;49.482;0.104;0.052
2022;BA;Taperoá;-13.5309926332;-39.1006222479;18044.0;11.073;29.096;59.111;0.482;0.238
2022;BA;Tapiramutá;-11.8523411105;-40.7887003323;15818.0;14.673;13.978;71.008;0.133;0.209
2022;BA;Teixeira de Freitas;-17.5377498817;-39.7445176868;145213.0;22.762;14.901;61.674;0.229;0.434
2022;BA;Teodoro Sampaio;-12.3014071565;-38.6419275419;7110.0;4.782;33.783;61.421;0.014;0.0
2022;BA;Teofilândia;-11.4829246318;-39.0058128587;21176.0;14.191;24.211;61.121;0.161;0.316
2022;BA;Teolândia;-13.601106007;-39.4893857886;15331.0;10.763;31.342;57.804;0.033;0.059
2022;BA;Terra Nova;-12.4030919014;-38.6231018592;10798.0;3.769;42.962;53.204;0.046;0.019
2022;BA;Tremedal;-14.9724717723;-41.4095763196;16296.0;28.743;8.051;63.157;0.006;0.043
2022;BA;Tucano;-10.9643001696;-38.7859480015;48736.0;29.656;10.922;58.917;0.045;0.46
2022;BA;Uauá;-9.8326541656;-39.4880641705;24665.0;30.732;5.798;63.329;0.057;0.085
2022;BA;Ubaíra;-13.2680894849;-39.6620325672;18626.0;18.077;26.372;55.417;0.081;0.054
2022;BA;Ubaitaba;-14.3104363678;-39.3225474058;17596.0;12.241;31.348;56.001;0.045;0.364
2022;BA;Ubatã;-14.2114665539;-39.5226677884;16094.0;13.701;21.561;64.589;0.025;0.124
2022;BA;Uibaí;-11.3381145645;-42.1337955488;13432.0;26.869;17.481;55.1;0.365;0.186
2022;BA;Umburanas;-10.7292712188;-41.3329141303;13642.0;23.362;11.465;64.536;0.198;0.44
2022;BA;Una;-15.2942080649;-39.074712888;18131.0;9.111;17.484;69.61;0.524;3.271
2022;BA;Urandi;-14.7632421838;-42.6589988098;15355.0;27.939;7.444;64.52;0.033;0.065
2022;BA;Uruçuca;-14.5920354535;-39.2838018788;21420.0;16.494;25.514;57.493;0.079;0.42
2022;BA;Utinga;-12.083317663;-41.0958288508;16277.0;17.018;12.791;69.62;0.061;0.51
2022;BA;Valença;-13.3703415065;-39.0723502472;85653.0;14.672;28.439;56.292;0.188;0.409
2022;BA;Valente;-11.4124895358;-39.4642460663;24359.0;30.141;12.878;56.854;0.029;0.099
2022;BA;Várzea da Roça;-11.5989862635;-40.1406370839;13800.0;28.819;8.572;62.377;0.087;0.145
2022;BA;Várzea do Poço;-11.5239795326;-40.3189181998;8101.0;28.095;13.69;58.178;0.012;0.025
2022;BA;Várzea Nova;-11.2572312023;-40.9458459311;13377.0;19.556;19.279;60.791;0.105;0.269
2022;BA;Varzedo;-12.975312565;-39.3934758347;9913.0;15.535;31.07;53.273;0.02;0.101
2022;BA;Vera Cruz;-12.9357333313;-38.6191597463;42529.0;8.961;38.715;52.044;0.061;0.219
2022;BA;Vereda;-17.2239340594;-40.0844849278;6003.0;24.421;10.012;65.351;0.167;0.05
2022;BA;Vitória da Conquista;-14.8480048116;-40.8398095372;370877.0;29.503;13.898;56.305;0.104;0.189
2022;BA;Wagner;-12.2842507899;-41.1696269859;9503.0;12.365;14.206;73.303;0.0;0.126
2022;BA;Wanderley;-12.120150314;-43.8889295199;12968.0;23.35;14.459;62.122;0.062;0.008
2022;BA;Wenceslau Guimarães;-13.6885877525;-39.4796708032;24474.0;10.517;26.354;62.936;0.02;0.172
2022;BA;Xique-Xique;-10.8249744181;-42.7255080012;44757.0;18.118;19.606;62.12;0.067;0.089
2022;MG;Abadia dos Dourados;-18.4875649589;-47.3968324406;6272.0;57.717;3.954;38.329;0.0;0.0
2022;MG;Abaeté;-19.1558476941;-45.4461914172;22675.0;45.363;7.943;46.602;0.044;0.049
2022;MG;Abre Campo;-20.3014452838;-42.4809899867;13927.0;37.136;10.749;52.072;0.022;0.022
2022;MG;Acaiaca;-20.3604089313;-43.1482389018;3909.0;17.652;23.305;58.915;0.0;0.128
2022;MG;Açucena;-19.0767128936;-42.5462108797;8943.0;19.736;16.191;63.312;0.034;0.727
2022;MG;Água Boa;-17.9910530496;-42.3896432301;12589.0;17.571;10.454;71.88;0.048;0.048
2022;MG;Água Comprida;-20.0593124134;-48.1080767742;2108.0;49.81;8.065;41.983;0.095;0.047
2022;MG;Aguanil;-20.9374322025;-45.3894653435;4357.0;57.333;7.551;34.955;0.046;0.115
2022;MG;Águas Formosas;-17.0823043196;-40.9352279399;18446.0;23.642;6.131;70.151;0.054;0.022
2022;MG;Águas Vermelhas;-15.7453199452;-41.4587883041;14037.0;25.896;9.518;64.451;0.1;0.036
2022;MG;Aimorés;-19.4919501493;-41.0733274628;25268.0;33.893;8.077;57.852;0.04;0.139
2022;MG;Aiuruoca;-21.9758966559;-44.6028244646;6233.0;62.843;8.006;28.494;0.289;0.369
2022;MG;Alagoa;-22.1711356644;-44.6380988672;2749.0;68.643;3.165;28.119;0.073;0.0
2022;MG;Albertina;-22.1997644819;-46.6116025734;2952.0;75.711;2.947;21.341;0.0;0.0
2022;MG;Além Paraíba;-21.8768037119;-42.6959466025;30717.0;38.236;25.439;36.198;0.098;0.029
2022;MG;Alfenas;-21.4281781229;-45.9489181992;78949.0;61.362;8.089;30.214;0.251;0.084
2022;MG;Alfredo Vasconcelos;-21.1394234648;-43.7738899527;6931.0;53.153;6.521;40.139;0.188;0.0
2022;MG;Almenara;-16.1806161744;-40.6976511833;40364.0;26.68;10.856;62.343;0.045;0.077
2022;MG;Alpercata;-18.9868312565;-41.9891291116;6903.0;26.829;10.213;62.35;0.406;0.203
2022;MG;Alpinópolis;-20.8618546557;-46.3894825348;18300.0;64.219;5.749;29.956;0.044;0.033
2022;MG;Alterosa;-21.2558699519;-46.1453205615;13915.0;72.878;3.751;23.169;0.108;0.093
2022;MG;Alto Caparaó;-20.444361121;-41.87308374;5795.0;57.256;6.575;36.117;0.052;0.0
2022;MG;Alto Rio Doce;-21.0221461476;-43.4188706642;10890.0;45.794;7.319;46.804;0.073;0.009
2022;MG;Alvarenga;-19.4144696868;-41.7264422739;3975.0;39.421;5.233;55.145;0.151;0.05
2022;MG;Alvinópolis;-20.1147634824;-43.0660832381;15059.0;33.668;15.399;50.82;0.086;0.027
2022;MG;Alvorada de Minas;-18.7335930244;-43.3660843434;4159.0;12.311;13.321;74.345;0.024;0.0
2022;MG;Amparo do Serra;-20.5100666871;-42.8072021534;4541.0;31.491;25.105;43.405;0.0;0.0
2022;MG;Andradas;-22.0728073441;-46.5755830009;40543.0;71.465;4.104;24.251;0.138;0.042
2022;MG;Cachoeira de Pajeú;-15.9651758417;-41.4964103684;9110.0;20.922;7.245;71.712;0.121;0.0
2022;MG;Andrelândia;-21.7369681987;-44.3176990379;11927.0;58.799;11.679;29.395;0.084;0.042
2022;MG;Angelândia;-17.7277898321;-42.2664504899;7718.0;18.191;13.255;68.489;0.013;0.052
2022;MG;Antônio Carlos;-21.3185803699;-43.7556410098;11095.0;49.283;9.247;41.316;0.09;0.063
2022;MG;Antônio Dias;-19.6514666726;-42.869545209;9219.0;22.953;14.145;62.805;0.054;0.043
2022;MG;Antônio Prado de Minas;-21.0182320588;-42.1093426501;1538.0;50.715;12.809;36.086;0.325;0.065
2022;MG;Araçaí;-19.2003638594;-44.2469237129;2181.0;25.951;10.454;63.228;0.321;0.046
2022;MG;Aracitaba;-21.339268736;-43.3815562385;2049.0;52.318;13.812;33.87;0.0;0.0
2022;MG;Araçuaí;-16.8517813954;-42.0642065495;34295.0;19.869;14.88;64.552;0.044;0.656
2022;MG;Araguari;-18.6482695268;-48.191605379;117808.0;53.179;7.589;38.799;0.376;0.058
2022;MG;Arantina;-21.9161042282;-44.2469542481;2915.0;65.077;9.331;25.283;0.24;0.069
2022;MG;Araponga;-20.6656617313;-42.5262731;8048.0;26.528;9.605;63.357;0.099;0.41
2022;MG;Araporã;-18.4419093766;-49.1900866447;8479.0;38.802;9.128;51.952;0.118;0.0
2022;MG;Arapuá;-19.0338552875;-46.1545977685;2631.0;71.228;4.333;24.211;0.19;0.038
2022;MG;Araújos;-19.9467853402;-45.1667022785;9198.0;54.218;5.816;39.802;0.022;0.141
2022;MG;Araxá;-19.5913298028;-46.94000989;111689.0;50.182;10.782;38.714;0.253;0.069
2022;MG;Arceburgo;-21.3601814752;-46.9443541317;9177.0;62.842;4.642;32.429;0.087;0.0
2022;MG;Arcos;-20.2825631199;-45.5436318712;41416.0;53.721;8.675;37.449;0.051;0.104
2022;MG;Areado;-21.3583823575;-46.1465594661;13881.0;64.52;6.491;28.939;0.036;0.014
2022;MG;Argirita;-21.6075545063;-42.8364467678;2688.0;42.15;22.433;35.417;0.0;0.0
2022;MG;Aricanduva;-17.8677629385;-42.5592310546;4719.0;25.471;5.976;68.298;0.233;0.021
2022;MG;Arinos;-15.9217716943;-46.1077521361;17272.0;20.6;12.917;66.31;0.122;0.052
2022;MG;Astolfo Dutra;-21.3112038508;-42.8596443142;14138.0;53.657;10.334;35.967;0.014;0.028
2022;MG;Ataléia;-18.0459198092;-41.1105583899;13736.0;16.075;11.983;71.68;0.204;0.058
2022;MG;Augusto de Lima;-18.1125481037;-44.2752188423;4538.0;17.651;11.723;70.339;0.198;0.088
2022;MG;Baependi;-21.9576108079;-44.8903706628;18366.0;72.188;6.283;21.447;0.06;0.022
2022;MG;Baldim;-19.2864373042;-43.9570406413;7492.0;22.25;9.41;68.179;0.147;0.013
2022;MG;Bambuí;-20.0118916914;-45.9790448126;23546.0;52.281;6.965;40.674;0.051;0.03
2022;MG;Bandeira;-15.8849769792;-40.5588864206;4741.0;24.615;6.391;68.825;0.169;0.0
2022;MG;Bandeira do Sul;-21.7248685443;-46.3852629849;5943.0;63.335;6.041;30.574;0.034;0.017
2022;MG;Barão de Cocais;-19.9358474343;-43.484882469;30778.0;25.918;13.493;60.472;0.071;0.045
2022;MG;Barão de Monte Alto;-21.2478823447;-42.2391465797;4964.0;36.039;24.073;39.847;0.04;0.0
2022;MG;Barbacena;-21.2249153847;-43.7761933161;125312.0;56.745;9.262;33.774;0.12;0.1
2022;MG;Barra Longa;-20.2836358985;-43.0371967111;5665.0;26.726;20.565;52.692;0.0;0.018
2022;MG;Barroso;-21.176286999;-43.9753811243;20080.0;45.921;12.231;41.768;0.04;0.04
2022;MG;Bela Vista de Minas;-19.825846764;-43.0969322664;10167.0;24.019;24.137;51.805;0.01;0.03
2022;MG;Belmiro Braga;-21.950131302;-43.4157207679;3244.0;39.18;25.247;35.45;0.031;0.092
2022;MG;Belo Horizonte;-19.9375242938;-43.9264531735;2315467.0;43.571;13.514;42.596;0.211;0.107
2022;MG;Belo Oriente;-19.2246449994;-42.4872826002;23928.0;20.361;12.291;67.252;0.042;0.054
2022;MG;Belo Vale;-20.4066578718;-44.0285276542;8627.0;42.089;12.67;45.137;0.035;0.07
2022;MG;Berilo;-16.9503017553;-42.4613537743;9826.0;13.057;23.58;62.894;0.295;0.173
2022;MG;Bertópolis;-17.0609628122;-40.5722458501;4451.0;18.243;8.74;57.448;0.0;15.57
2022;MG;Berizal;-15.6107836517;-41.7467850899;4201.0;27.97;12.021;59.914;0.071;0.024
2022;MG;Betim;-19.9653792401;-44.1975511033;411828.0;30.201;14.667;54.88;0.149;0.103
2022;MG;Bias Fortes;-21.6087474848;-43.7565748275;3361.0;54.18;16.424;29.366;0.03;0.0
2022;MG;Bicas;-21.722105121;-43.0620472621;13976.0;54.901;12.607;32.291;0.129;0.072
2022;MG;Biquinhas;-18.7847516602;-45.504651716;2383.0;50.315;4.658;44.985;0.0;0.042
2022;MG;Boa Esperança;-21.0905310792;-45.5644089308;39848.0;49.714;12.249;37.839;0.158;0.04
2022;MG;Bocaina de Minas;-22.1696084676;-44.3973057605;5348.0;66.978;5.366;27.487;0.0;0.168
2022;MG;Bocaiuva;-17.1121047332;-43.8144435712;48032.0;23.164;10.895;65.833;0.085;0.023
2022;MG;Bom Despacho;-19.7375963339;-45.2541151986;51733.0;50.527;6.986;42.331;0.097;0.06
2022;MG;Bom Jardim de Minas;-21.9458997849;-44.189374456;6783.0;65.384;7.46;27.053;0.088;0.015
2022;MG;Bom Jesus da Penha;-21.0172693112;-46.5235436139;4474.0;60.818;4.649;34.287;0.045;0.201
2022;MG;Bom Jesus do Amparo;-19.7041372739;-43.4735149245;5631.0;23.655;20.067;56.242;0.018;0.018
2022;MG;Bom Jesus do Galho;-19.8244720395;-42.3157265526;14536.0;31.907;10.078;57.911;0.041;0.062
2022;MG;Bom Repouso;-22.4768368285;-46.1478822021;12649.0;78.164;2.253;19.353;0.174;0.055
2022;MG;Bom Sucesso;-21.0304160944;-44.7555027233;17151.0;37.508;14.297;47.951;0.111;0.134
2022;MG;Bonfim;-20.3254910996;-44.2329110849;7434.0;51.708;6.228;41.956;0.027;0.081
2022;MG;Bonfinópolis de Minas;-16.5707647861;-45.9883406572;5528.0;24.837;11.559;63.314;0.072;0.217
2022;MG;Bonito de Minas;-15.3238044715;-44.7580284449;10200.0;16.147;7.255;76.51;0.059;0.029
2022;MG;Borda da Mata;-22.2724082578;-46.1671682395;17404.0;73.098;3.764;22.983;0.115;0.04
2022;MG;Botelhos;-21.6516638757;-46.3954931503;14828.0;58.781;5.139;35.865;0.169;0.047
2022;MG;Botumirim;-16.8629245519;-43.0104324369;5790.0;19.689;9.275;71.036;0.0;0.0
2022;MG;Brasilândia de Minas;-16.9986005536;-46.015401759;15020.0;22.83;17.53;59.394;0.166;0.08
2022;MG;Brasília de Minas;-16.2058726888;-44.4275330931;32024.0;22.049;10.548;67.181;0.131;0.091
2022;MG;Brás Pires;-20.848456436;-43.2391225993;4260.0;35.61;13.944;50.164;0.282;0.0
2022;MG;Braúnas;-19.0535966189;-42.715352637;4441.0;26.368;8.714;64.67;0.18;0.068
2022;MG;Brazópolis;-22.4731102415;-45.6153258183;14246.0;76.955;3.489;19.409;0.098;0.049
2022;MG;Brumadinho;-20.1441744103;-44.2001876091;38915.0;41.038;10.024;48.585;0.062;0.29
2022;MG;Bueno Brandão;-22.4361670056;-46.3533880872;10911.0;81.083;2.75;15.911;0.183;0.073
2022;MG;Buenópolis;-17.8742562843;-44.1807884588;9150.0;22.645;12.929;64.186;0.131;0.109
2022;MG;Bugre;-19.422212675;-42.2594570123;4041.0;33.135;8.364;58.476;0.0;0.025
2022;MG;Buritis;-15.62650549;-46.4240408012;24030.0;25.872;12.393;61.436;0.221;0.079
2022;MG;Buritizeiro;-17.3594207726;-44.9551936819;23908.0;15.702;18.228;65.673;0.259;0.138
2022;MG;Cabeceira Grande;-16.0282748032;-47.0849893051;6627.0;29.908;11.966;57.583;0.287;0.257
2022;MG;Cabo Verde;-21.4692919516;-46.3999705002;11410.0;60.999;6.223;32.734;0.044;0.0
2022;MG;Cachoeira da Prata;-19.5264353263;-44.4410509536;3693.0;26.537;13.675;59.653;0.081;0.054
2022;MG;Cachoeira de Minas;-22.3539840612;-45.7821375141;11883.0;79.18;3.686;16.94;0.16;0.034
2022;MG;Cachoeira Dourada;-18.5126898158;-49.5017341333;2315.0;46.091;11.793;41.685;0.043;0.389
2022;MG;Caetanópolis;-19.2937130281;-44.4130373375;11435.0;27.599;10.826;61.408;0.017;0.149
2022;MG;Caeté;-19.8871411326;-43.6647873511;38773.0;29.42;12.202;58.327;0.031;0.021
2022;MG;Caiana;-20.6968289779;-41.9229821869;5304.0;52.809;12.104;34.766;0.264;0.057
2022;MG;Cajuri;-20.7889426719;-42.7939202734;4088.0;31.825;14.75;53.253;0.073;0.098
2022;MG;Caldas;-21.9233359583;-46.3877891099;14217.0;71.407;5.339;21.917;0.176;1.161
2022;MG;Camacho;-20.6269158528;-45.158792672;2838.0;55.779;9.796;34.39;0.035;0.0
2022;MG;Camanducaia;-22.7567463578;-46.1468632893;26097.0;66.617;4.564;28.367;0.349;0.103
2022;MG;Cambuí;-22.6110971634;-46.0580193633;29535.0;70.787;4.865;23.944;0.362;0.041
2022;MG;Cambuquira;-21.8554097676;-45.2925205085;12312.0;46.621;12.736;40.456;0.146;0.041
2022;MG;Campanário;-18.2411235319;-41.7301317866;2923.0;19.193;12.453;67.089;0.068;1.197
2022;MG;Campanha;-21.835356704;-45.3984486739;15935.0;58.368;9.15;32.256;0.182;0.044
2022;MG;Campestre;-21.711454834;-46.2481585071;20696.0;75.309;3.638;20.98;0.058;0.014
2022;MG;Campina Verde;-19.5354556029;-49.4811690506;18011.0;51.99;9.483;38.288;0.139;0.1
2022;MG;Campo Azul;-16.5040634893;-44.8118582138;3714.0;20.652;15.67;63.543;0.108;0.027
2022;MG;Campo Belo;-20.8953162458;-45.2758613611;52277.0;55.212;10.483;34.139;0.126;0.04
2022;MG;Campo do Meio;-21.1093257176;-45.8307571405;11377.0;51.121;7.858;40.854;0.105;0.062
2022;MG;Campo Florido;-19.7654453933;-48.5730034682;8465.0;41.335;12.227;46.214;0.059;0.165
2022;MG;Campos Altos;-19.6988958418;-46.1737099168;12979.0;46.945;11.218;41.467;0.277;0.092
2022;MG;Campos Gerais;-21.2386979074;-45.7569073652;26105.0;58.586;5.895;35.311;0.088;0.119
2022;MG;Canaã;-20.6873760387;-42.6130114531;4715.0;41.527;10.604;47.444;0.424;0.0
2022;MG;Canápolis;-18.721663722;-49.2040544544;10607.0;49.76;7.354;42.745;0.113;0.028
2022;MG;Cana Verde;-21.0234516664;-45.1859253147;5272.0;49.317;14.264;36.381;0.019;0.019
2022;MG;Candeias;-20.7703500412;-45.2768566965;14000.0;62.921;8.479;28.443;0.093;0.064
2022;MG;Cantagalo;-18.5317179063;-42.6257272922;3974.0;19.703;11.55;68.218;0.302;0.226
2022;MG;Caparaó;-20.5255883674;-41.907190295;5048.0;46.929;8.281;44.691;0.099;0.0
2022;MG;Capela Nova;-20.9166679077;-43.6124218664;4362.0;62.173;3.783;33.998;0.023;0.023
2022;MG;Capelinha;-17.6953852202;-42.5160753735;39623.0;23.645;8.381;67.829;0.086;0.058
2022;MG;Capetinga;-20.6204991279;-47.0574368007;6562.0;62.481;5.806;31.667;0.046;0.0
2022;MG;Capim Branco;-19.5455422093;-44.1331662414;10663.0;25.415;11.695;62.665;0.103;0.122
2022;MG;Capinópolis;-18.6822937338;-49.5744822394;14655.0;46.796;8.68;44.046;0.293;0.184
2022;MG;Capitão Andrade;-19.0790244576;-41.8650973291;4585.0;37.056;11.363;51.276;0.305;0.0
2022;MG;Capitão Enéas;-16.3209151364;-43.7054128999;14108.0;18.635;13.709;67.543;0.028;0.085
2022;MG;Capitólio;-20.6146635995;-46.0545138881;10380.0;62.678;6.127;31.098;0.077;0.019
2022;MG;Caputira;-20.1708899895;-42.2719878999;8936.0;34.311;13.216;52.361;0.101;0.011
2022;MG;Caraí;-17.1929041661;-41.6983072512;19547.0;13.066;8.856;77.961;0.067;0.051
2022;MG;Caranaíba;-20.8702194156;-43.7394664789;2933.0;32.97;16.434;50.528;0.068;0.0
2022;MG;Carandaí;-20.9543694555;-43.8054753702;23808.0;49.303;7.741;42.658;0.252;0.046
2022;MG;Carangola;-20.7325505083;-42.0322245231;31239.0;49.989;12.03;37.632;0.195;0.154
2022;MG;Caratinga;-19.7896349231;-42.1437070452;87356.0;40.397;10.718;48.671;0.166;0.048
2022;MG;Carbonita;-17.5302458346;-43.0144602005;8512.0;27.35;6.99;65.59;0.035;0.035
2022;MG;Careaçu;-22.0380848512;-45.6876774051;6816.0;65.948;5.692;28.213;0.117;0.029
2022;MG;Carlos Chagas;-17.703331044;-40.7673997961;18611.0;23.9;12.831;63.199;0.038;0.032
2022;MG;Carmésia;-19.0870863874;-43.1458403032;2605.0;24.453;8.983;48.868;0.154;17.543
2022;MG;Carmo da Cachoeira;-21.4610604283;-45.2246230942;11546.0;36.03;15.287;48.519;0.165;0.0
2022;MG;Carmo da Mata;-20.559210002;-44.8683827333;11015.0;50.803;12.419;36.659;0.045;0.073
2022;MG;Carmo de Minas;-22.1181266346;-45.1327634856;13796.0;54.349;7.48;38.105;0.058;0.007
2022;MG;Carmo do Cajuru;-20.1860938307;-44.7714781373;23479.0;51.936;11.355;36.484;0.162;0.064
2022;MG;Carmo do Paranaíba;-18.9972890251;-46.3142888776;29010.0;57.408;7.242;35.102;0.238;0.01
2022;MG;Carmo do Rio Claro;-20.9729965301;-46.1219647341;20954.0;68.941;3.947;26.821;0.129;0.162
2022;MG;Carmópolis de Minas;-20.5396421743;-44.6325277075;18003.0;49.292;7.127;43.354;0.172;0.056
2022;MG;Carneirinho;-19.6973263173;-50.6914274937;9420.0;50.892;7.611;41.125;0.308;0.064
2022;MG;Carrancas;-21.4916256214;-44.6436090229;4049.0;42.356;17.782;39.738;0.099;0.025
2022;MG;Carvalhópolis;-21.7760729207;-45.845639185;3340.0;71.976;4.94;22.964;0.06;0.06
2022;MG;Carvalhos;-21.9967053816;-44.4660150728;4422.0;70.149;4.455;24.898;0.068;0.43
2022;MG;Casa Grande;-20.7934512868;-43.9314665941;2214.0;44.444;6.369;49.187;0.0;0.0
2022;MG;Cascalho Rico;-18.5785902483;-47.875998783;2712.0;54.13;4.683;41.15;0.0;0.037
2022;MG;Cássia;-20.5828560244;-46.9240358606;17155.0;57.528;7.386;34.923;0.122;0.041
2022;MG;Conceição da Barra de Minas;-21.1317693675;-44.4778082132;3560.0;45.562;10.562;43.848;0.028;0.0
2022;MG;Cataguases;-21.3892484232;-42.6920846108;66257.0;52.733;16.149;31.011;0.05;0.057
2022;MG;Catas Altas;-20.0748929432;-43.414805735;5473.0;31.665;14.38;53.755;0.183;0.018
2022;MG;Catas Altas da Noruega;-20.687087621;-43.5050592005;3110.0;23.248;16.431;60.289;0.032;0.0
2022;MG;Catuji;-17.3010807061;-41.5231268654;7029.0;13.629;16.034;70.209;0.028;0.1
2022;MG;Catuti;-15.3573788763;-42.9635229642;4739.0;21.101;10.108;68.77;0.0;0.021
2022;MG;Caxambu;-21.9793115398;-44.9314985914;21056.0;57.831;11.175;30.842;0.119;0.033
2022;MG;Cedro do Abaeté;-19.1471676521;-45.712194936;1081.0;41.258;10.916;47.734;0.0;0.093
2022;MG;Central de Minas;-18.7574605377;-41.3104050537;6171.0;33.252;8.702;57.965;0.065;0.016
2022;MG;Centralina;-18.5853855112;-49.1962825701;10207.0;40.178;9.954;49.77;0.069;0.029
2022;MG;Chácara;-21.6729132233;-43.2187700295;3075.0;54.894;10.829;34.081;0.163;0.033
2022;MG;Chalé;-20.0442533446;-41.692207008;6075.0;47.77;5.975;46.189;0.049;0.016
2022;MG;Chapada do Norte;-17.0866959813;-42.5407487605;10334.0;9.57;27.56;62.822;0.029;0.019
2022;MG;Chapada Gaúcha;-15.2998087151;-45.62558444;12355.0;18.26;11.259;70.352;0.081;0.049
2022;MG;Chiador;-22.0037126009;-43.0590388471;2800.0;48.536;18.929;32.5;0.0;0.036
2022;MG;Cipotânea;-20.9055357479;-43.3679772078;5581.0;56.889;10.446;32.646;0.018;0.0
2022;MG;Claraval;-20.398376081;-47.2877612862;4658.0;53.993;2.984;42.872;0.15;0.0
2022;MG;Claro dos Poções;-17.0776850229;-44.2087100149;7165.0;22.777;11.626;65.234;0.223;0.14
2022;MG;Cláudio;-20.444574655;-44.7684225279;30158.0;51.23;8.969;39.658;0.106;0.036
2022;MG;Coimbra;-20.858659528;-42.8059391026;7117.0;49.993;10.313;39.539;0.112;0.042
2022;MG;Coluna;-18.2204050352;-42.8436545123;8163.0;18.804;6.199;74.85;0.049;0.098
2022;MG;Comendador Gomes;-19.7002146271;-49.0814302053;2773.0;52.326;10.061;37.432;0.18;0.0
2022;MG;Comercinho;-16.2965954748;-41.7911317349;6659.0;23.412;5.121;71.242;0.195;0.03
2022;MG;Conceição da Aparecida;-21.0966200708;-46.2031272496;10371.0;71.237;3.298;25.359;0.077;0.029
2022;MG;Conceição das Pedras;-22.1611757088;-45.4536794627;2772.0;79.185;2.525;18.218;0.072;0.0
2022;MG;Conceição das Alagoas;-19.9231135062;-48.3818741295;28381.0;43.438;8.837;47.077;0.416;0.233
2022;MG;Conceição de Ipanema;-19.9307803587;-41.6924492632;4409.0;49.58;7.507;42.753;0.091;0.068
2022;MG;Conceição do Mato Dentro;-19.0451899945;-43.4234357675;23163.0;21.625;14.316;63.951;0.043;0.065
2022;MG;Conceição do Pará;-19.7490562324;-44.8958756116;5412.0;46.822;8.019;45.048;0.055;0.055
2022;MG;Conceição do Rio Verde;-21.8776655592;-45.0837688661;12541.0;49.278;10.908;39.726;0.056;0.032
2022;MG;Conceição dos Ouros;-22.4174754897;-45.7963266585;10880.0;76.572;2.564;20.781;0.074;0.009
2022;MG;Cônego Marinho;-15.2962703182;-44.4151547108;7237.0;14.509;13.279;71.521;0.111;0.58
2022;MG;Confins;-19.6299482494;-43.9955960876;7350.0;27.483;14.218;58.15;0.082;0.068
2022;MG;Congonhal;-22.1525607581;-46.0536623723;11083.0;67.446;3.717;28.557;0.189;0.09
2022;MG;Congonhas;-20.5046427886;-43.8568926497;52890.0;34.744;12.915;52.186;0.1;0.055
2022;MG;Congonhas do Norte;-18.8164519608;-43.6876316327;4831.0;18.65;9.729;71.352;0.248;0.021
2022;MG;Conquista;-19.9369306256;-47.5432832203;6694.0;57.559;6.857;35.39;0.075;0.12
2022;MG;Conselheiro Lafaiete;-20.6608517994;-43.7884446647;131617.0;43.576;13.045;43.261;0.077;0.041
2022;MG;Conselheiro Pena;-19.1756232015;-41.4719740204;20823.0;34.049;10.796;54.834;0.082;0.24
2022;MG;Consolação;-22.5504650358;-45.9222507202;1563.0;75.688;2.815;21.305;0.0;0.192
2022;MG;Contagem;-19.9434459057;-44.0663446487;621846.0;35.47;14.077;50.234;0.117;0.102
2022;MG;Coqueiral;-21.1865745237;-45.4408055668;9023.0;57.309;10.218;32.395;0.066;0.011
2022;MG;Coração de Jesus;-16.6893234477;-44.3584952947;25376.0;20.145;12.031;67.67;0.11;0.043
2022;MG;Cordisburgo;-19.1285333207;-44.3220674519;7547.0;24.738;10.905;64.277;0.08;0.0
2022;MG;Cordislândia;-21.7912077552;-45.7005297277;3200.0;47.812;8.781;43.156;0.219;0.031
2022;MG;Corinto;-18.3635162871;-44.4562256497;23531.0;21.589;12.09;66.172;0.098;0.051
2022;MG;Coroaci;-18.6180835059;-42.2830278915;10884.0;21.022;8.251;70.544;0.018;0.165
2022;MG;Coromandel;-18.4738505976;-47.2015477282;28892.0;56.794;5.662;37.422;0.121;0.0
2022;MG;Coronel Fabriciano;-19.5250528393;-42.6243465773;104736.0;32.922;12.427;54.495;0.119;0.036
2022;MG;Coronel Murta;-16.6102682357;-42.1848038231;8200.0;22.585;16.817;54.049;0.268;6.28
2022;MG;Coronel Pacheco;-21.5764151525;-43.2688579711;2762.0;44.605;17.596;37.364;0.217;0.217
2022;MG;Coronel Xavier Chaves;-21.0245950067;-44.2286242458;3486.0;43.832;21.314;34.481;0.258;0.115
2022;MG;Córrego Danta;-19.8264100219;-45.8984710284;2960.0;48.919;7.635;43.412;0.034;0.0
2022;MG;Córrego do Bom Jesus;-22.6299218874;-46.0179092076;4272.0;78.02;2.879;18.703;0.328;0.07
2022;MG;Córrego Fundo;-20.4555253223;-45.553395446;6133.0;64.667;4.826;30.474;0.0;0.033
2022;MG;Córrego Novo;-19.8347854823;-42.4001378803;2875.0;31.722;7.826;59.548;0.904;0.0
2022;MG;Couto de Magalhães de Minas;-18.072059306;-43.475348775;4245.0;16.537;22.568;60.66;0.024;0.212
2022;MG;Crisólita;-17.2375343951;-40.9148952781;5265.0;20.114;8.547;71.263;0.076;0.0
2022;MG;Cristais;-20.8752331535;-45.518503849;12197.0;54.686;9.347;35.828;0.115;0.025
2022;MG;Cristália;-16.7126340057;-42.859550912;5121.0;14.938;11.189;73.853;0.02;0.0
2022;MG;Cristiano Otoni;-20.8408523331;-43.7978363805;4667.0;48.725;9.214;41.911;0.15;0.0
2022;MG;Cristina;-22.2083205227;-45.2628086074;10374.0;71.159;8.463;20.291;0.087;0.0
2022;MG;Crucilândia;-20.3932917694;-44.3378369394;5434.0;57.011;6.607;36.18;0.184;0.018
2022;MG;Cruzeiro da Fortaleza;-18.9386473164;-46.6733926485;3521.0;48.679;9.514;41.636;0.17;0.0
2022;MG;Cruzília;-21.8389511789;-44.8110234837;15362.0;61.099;11.991;26.728;0.163;0.02
2022;MG;Cuparaque;-18.9666415321;-41.1031257418;3983.0;33.191;8.26;58.172;0.176;0.201
2022;MG;Curral de Dentro;-15.939326781;-41.8559797796;7406.0;25.479;9.047;65.42;0.027;0.027
2022;MG;Curvelo;-18.7554807216;-44.4283989683;80665.0;25.74;10.236;63.873;0.105;0.046
2022;MG;Datas;-18.4533026488;-43.656714638;5465.0;16.597;21.464;61.848;0.073;0.018
2022;MG;Delfim Moreira;-22.502008746;-45.2725963577;7952.0;68.297;2.741;28.861;0.101;0.0
2022;MG;Delfinópolis;-20.3458462167;-46.8581796122;8392.0;56.47;6.709;36.511;0.262;0.048
2022;MG;Delta;-19.9774726891;-47.7729714325;10492.0;35.656;9.989;54.318;0.029;0.01
2022;MG;Descoberto;-21.4602039707;-42.9720691788;4928.0;52.029;10.572;37.317;0.061;0.02
2022;MG;Desterro de Entre Rios;-20.6546306804;-44.3436660059;7653.0;63.779;4.443;31.53;0.17;0.078
2022;MG;Desterro do Melo;-21.1471785182;-43.5196002212;2994.0;64.863;5.511;29.593;0.033;0.0
2022;MG;Diamantina;-18.2420927242;-43.5944568222;47700.0;25.073;17.686;56.889;0.22;0.132
2022;MG;Diogo de Vasconcelos;-20.4875057995;-43.1965768272;3549.0;26.036;21.978;51.536;0.451;0.0
2022;MG;Dionísio;-19.8439966743;-42.7823684408;6847.0;29.604;14.736;55.586;0.015;0.058
2022;MG;Divinésia;-20.9900103367;-43.0110812038;4226.0;44.274;7.17;48.533;0.0;0.024
2022;MG;Divino;-20.6129771965;-42.1477393353;20705.0;43.333;8.442;47.781;0.251;0.193
2022;MG;Divino das Laranjeiras;-18.7731284728;-41.4832539383;4178.0;28.746;11.896;59.239;0.072;0.048
2022;MG;Divinolândia de Minas;-18.8052604138;-42.6218202062;6515.0;25.249;10.223;64.421;0.046;0.061
2022;MG;Divinópolis;-20.1420739746;-44.8938855339;231085.0;53.904;9.489;36.379;0.152;0.077
2022;MG;Divisa Alegre;-15.7239399549;-41.3400243278;6321.0;21.342;11.28;67.363;0.0;0.016
2022;MG;Divisa Nova;-21.5172644643;-46.2029411062;5851.0;52.077;6.341;41.548;0.034;0.0
2022;MG;Divisópolis;-15.72463536;-41.002582397;10213.0;23.568;9.184;66.895;0.186;0.166
2022;MG;Dom Bosco;-16.6507498919;-46.2714498988;3697.0;31.377;10.089;58.399;0.081;0.054
2022;MG;Dom Cavati;-19.3791630319;-42.1103240465;4904.0;38.254;6.994;54.649;0.0;0.102
2022;MG;Dom Joaquim;-18.9645501866;-43.261348004;4899.0;16.065;13.472;70.443;0.0;0.02
2022;MG;Dom Silvério;-20.1622049297;-42.970872967;5228.0;43.037;12.796;43.936;0.191;0.038
2022;MG;Dom Viçoso;-22.2536741087;-45.1591686739;3095.0;82.423;4.33;13.053;0.162;0.032
2022;MG;Dona Euzébia;-21.3238746965;-42.8069340638;6093.0;47.267;12.227;40.391;0.098;0.016
2022;MG;Dores de Campos;-21.10408756;-44.0230465709;10007.0;60.638;6.505;32.457;0.31;0.09
2022;MG;Dores de Guanhães;-19.0542617835;-42.9267218923;5029.0;23.066;12.169;64.068;0.597;0.099
2022;MG;Dores do Indaiá;-19.4616294368;-45.6026558325;12630.0;54.901;6.849;38.155;0.055;0.04
2022;MG;Dores do Turvo;-20.9812733744;-43.1951945185;4987.0;47.824;6.577;45.157;0.261;0.18
2022;MG;Doresópolis;-20.2884509606;-45.9051968862;1461.0;64.339;7.734;27.926;0.0;0.0
2022;MG;Douradoquara;-18.4338340923;-47.6119749499;1829.0;61.236;5.413;33.352;0.0;0.0
2022;MG;Durandé;-20.2072388772;-41.7942616474;7817.0;42.369;9.108;48.395;0.09;0.038
2022;MG;Elói Mendes;-21.6093127849;-45.5664342008;26336.0;53.729;7.693;38.305;0.205;0.068
2022;MG;Engenheiro Caldas;-19.1981028703;-42.0498416858;13622.0;28.3;12.539;59.11;0.029;0.022
2022;MG;Engenheiro Navarro;-17.2877532078;-43.9494147387;6354.0;18.776;11.017;70.113;0.016;0.079
2022;MG;Entre Folhas;-19.6277833509;-42.2323599753;5179.0;36.416;10.427;52.983;0.174;0.0
2022;MG;Entre Rios de Minas;-20.6713572038;-44.0670816813;14744.0;44.031;6.694;49.064;0.054;0.156
2022;MG;Ervália;-20.833506558;-42.659367465;20255.0;42.819;7.647;49.336;0.059;0.138
2022;MG;Esmeraldas;-19.7592007438;-44.3148069192;85597.0;23.816;18.081;57.796;0.151;0.155
2022;MG;Espera Feliz;-20.6437078083;-41.913935017;24102.0;52.871;9.136;37.889;0.058;0.046
2022;MG;Espinosa;-14.9252718112;-42.8129818449;30443.0;27.143;8.183;64.54;0.089;0.046
2022;MG;Espírito Santo do Dourado;-22.0475136418;-45.9540125199;6611.0;62.199;5.34;32.219;0.045;0.197
2022;MG;Estiva;-22.4630450604;-46.0163518066;11502.0;74.213;3.304;22.257;0.209;0.017
2022;MG;Estrela Dalva;-21.7422852764;-42.4583710299;2186.0;40.531;20.403;38.884;0.183;0.0
2022;MG;Estrela do Indaiá;-19.5202378221;-45.792432562;2772.0;47.15;12.013;40.765;0.0;0.072
2022;MG;Estrela do Sul;-18.7412931757;-47.6889748021;6840.0;48.099;8.158;43.596;0.058;0.088
2022;MG;Eugenópolis;-21.0972225307;-42.1922770819;10801.0;45.264;9.675;44.913;0.056;0.093
2022;MG;Ewbank da Câmara;-21.5416361511;-43.5075913951;3875.0;38.529;16.8;44.49;0.129;0.052
2022;MG;Extrema;-22.858190072;-46.3221617404;53482.0;54.532;7.363;37.542;0.464;0.099
2022;MG;Fama;-21.405761529;-45.8323121024;2578.0;63.809;4.965;31.187;0.039;0.0
2022;MG;Faria Lemos;-20.8017449435;-42.0138461767;3188.0;39.272;21.769;38.833;0.094;0.031
2022;MG;Felício dos Santos;-18.0775631171;-43.2451709348;5133.0;21.703;15.215;63.024;0.039;0.019
2022;MG;São Gonçalo do Rio Preto;-18.0063941615;-43.3845437324;3032.0;21.603;15.666;62.368;0.0;0.363
2022;MG;Felisburgo;-16.6383331501;-40.7585704995;6488.0;21.686;10.296;67.818;0.031;0.17
2022;MG;Felixlândia;-18.7543565615;-44.8965866174;13978.0;23.895;8.048;67.714;0.286;0.057
2022;MG;Fernandes Tourinho;-19.151000645;-42.0809784804;2789.0;30.118;10.721;58.767;0.215;0.179
2022;MG;Ferros;-19.2364195947;-43.0197136171;9589.0;25.123;11.451;63.323;0.021;0.083
2022;MG;Fervedouro;-20.7327756858;-42.2781805292;10444.0;42.283;5.726;51.752;0.201;0.038
2022;MG;Florestal;-19.8945182325;-44.4301155625;8042.0;42.514;8.393;48.893;0.099;0.099
2022;MG;Formiga;-20.4648835525;-45.4264281831;68244.0;59.717;7.102;33.021;0.122;0.038
2022;MG;Formoso;-14.9517425979;-46.2399795368;7949.0;18.606;10.177;71.141;0.038;0.038
2022;MG;Fortaleza de Minas;-20.848492512;-46.7126434064;3477.0;60.713;5.234;33.995;0.058;0.0
2022;MG;Fortuna de Minas;-19.5639009597;-44.443397045;3093.0;23.569;18.364;57.97;0.065;0.032
2022;MG;Francisco Badaró;-16.9906912878;-42.3497731637;7366.0;11.947;12.734;75.278;0.014;0.027
2022;MG;Francisco Dumont;-17.3199488056;-44.2342065278;4503.0;24.206;11.481;64.268;0.022;0.022
2022;MG;Francisco Sá;-16.4756808657;-43.4887352815;23476.0;22.159;10.879;66.766;0.145;0.051
2022;MG;Franciscópolis;-17.9590435726;-42.0073128119;5034.0;14.66;14.084;70.977;0.258;0.02
2022;MG;Frei Gaspar;-18.0711850281;-41.4294207856;5640.0;17.801;15.0;67.11;0.071;0.018
2022;MG;Frei Inocêncio;-18.5617897298;-41.9012165865;8226.0;17.7;13.506;68.636;0.109;0.049
2022;MG;Frei Lagonegro;-18.1650807121;-42.7652952386;3391.0;19.109;3.362;77.529;0.0;0.0
2022;MG;Fronteira;-20.2883005579;-49.2042820251;14540.0;44.931;7.428;47.373;0.199;0.069
2022;MG;Fronteira dos Vales;-16.8920152174;-40.9250786594;4345.0;25.201;9.965;64.764;0.0;0.069
2022;MG;Fruta de Leite;-16.116418423;-42.532221936;4647.0;21.283;4.756;73.897;0.065;0.0
2022;MG;Frutal;-20.0258978751;-48.9391537103;58588.0;53.033;7.898;38.726;0.285;0.058
2022;MG;Funilândia;-19.369987333;-44.0630858804;4686.0;22.898;12.783;64.106;0.107;0.107
2022;MG;Galiléia;-19.0054736425;-41.5361971686;6222.0;26.599;10.286;62.906;0.048;0.161
2022;MG;Gameleiras;-15.0768220675;-43.1194808392;4793.0;31.525;6.197;61.903;0.25;0.125
2022;MG;Glaucilândia;-16.8502186918;-43.6964058978;2928.0;19.262;8.436;72.302;0.0;0.0
2022;MG;Goiabeira;-18.9817133371;-41.2228216103;2830.0;32.862;7.633;59.47;0.0;0.035
2022;MG;Goianá;-21.5324178277;-43.191482397;4053.0;43.227;16.186;40.415;0.025;0.148
2022;MG;Gonçalves;-22.6576191871;-45.8565920385;4727.0;79.162;3.194;16.924;0.635;0.085
2022;MG;Gonzaga;-18.8248250014;-42.4772238729;5230.0;21.415;11.816;66.73;0.019;0.019
2022;MG;Gouveia;-18.4429725027;-43.7339867458;11331.0;24.376;13.962;61.407;0.106;0.15
2022;MG;Governador Valadares;-18.8528824033;-41.947081334;257167.0;29.772;12.137;57.864;0.134;0.094
2022;MG;Grão Mogol;-16.5664951548;-42.8880128801;13901.0;18.768;9.014;72.153;0.029;0.036
2022;MG;Grupiara;-18.4930238023;-47.724798435;1392.0;55.675;10.201;33.98;0.144;0.0
2022;MG;Guanhães;-18.7771507902;-42.9370490952;32244.0;27.456;11.311;60.973;0.068;0.192
2022;MG;Guapé;-20.756724512;-45.9183838607;13771.0;59.843;7.0;33.033;0.029;0.094
2022;MG;Guaraciaba;-20.571703501;-43.0112816472;9752.0;22.775;14.715;62.387;0.072;0.051
2022;MG;Guaraciama;-17.0115274631;-43.6687777058;5051.0;19.422;7.246;73.292;0.04;0.0
2022;MG;Guaranésia;-21.3055603707;-46.7954912203;19150.0;59.896;6.334;33.619;0.099;0.052
2022;MG;Guarani;-21.3626691859;-43.046456684;7714.0;41.483;21.727;36.751;0.039;0.0
2022;MG;Guarará;-21.7327203008;-43.0389524781;3149.0;44.522;17.244;38.107;0.0;0.127
2022;MG;Guarda-Mor;-17.7712998978;-47.1010758535;6539.0;34.409;9.436;55.941;0.122;0.092
2022;MG;Guaxupé;-21.3037814647;-46.713537231;50909.0;64.796;6.085;28.812;0.257;0.049
2022;MG;Guidoval;-21.1442385033;-42.8008173121;7131.0;49.558;14.037;36.054;0.323;0.028
2022;MG;Guimarânia;-18.8380192151;-46.7972650323;8478.0;49.033;5.933;44.657;0.165;0.212
2022;MG;Guiricema;-21.0106733748;-42.7188124698;7778.0;58.845;6.673;34.443;0.0;0.039
2022;MG;Gurinhatã;-19.2137484368;-49.786273294;5192.0;52.812;7.82;39.349;0.019;0.0
2022;MG;Heliodora;-22.0647444405;-45.5445766341;6134.0;71.047;5.494;23.362;0.082;0.016
2022;MG;Iapu;-19.4402724492;-42.2146925148;12029.0;49.597;7.482;42.871;0.017;0.033
2022;MG;Ibertioga;-21.429472482;-43.9681238351;5198.0;50.481;7.234;42.035;0.192;0.058
2022;MG;Ibiá;-19.4751117154;-46.538611419;22229.0;44.168;10.63;44.716;0.423;0.063
2022;MG;Ibiaí;-16.8598724484;-44.9141068387;6286.0;17.467;15.717;66.179;0.541;0.095
2022;MG;Ibiracatu;-15.6654666513;-44.1677094358;5081.0;29.541;4.172;66.286;0.0;0.0
2022;MG;Ibiraci;-20.4701548793;-47.1308034907;10948.0;52.603;7.481;39.752;0.137;0.027
2022;MG;Ibirité;-20.0280377507;-44.0566646388;170534.0;28.026;17.215;54.568;0.109;0.082
2022;MG;Ibitiúra de Minas;-22.0570551562;-46.4376032821;3365.0;71.412;3.804;24.755;0.03;0.0
2022;MG;Ibituruna;-21.1464850112;-44.7384635852;2698.0;40.363;13.195;46.331;0.037;0.074
2022;MG;Icaraí de Minas;-16.2140127771;-44.9027768021;10677.0;17.458;12.101;70.329;0.094;0.019
2022;MG;Igarapé;-20.0699086841;-44.3011578803;45847.0;30.979;12.263;56.425;0.19;0.144
2022;MG;Igaratinga;-19.9538862483;-44.7004951349;10830.0;42.752;6.888;50.212;0.148;0.0
2022;MG;Iguatama;-20.1760739664;-45.709140106;6826.0;42.397;13.507;43.979;0.103;0.015
2022;MG;Ijaci;-21.1720656159;-44.9287829737;7003.0;37.727;12.166;49.893;0.143;0.071
2022;MG;Ilicínea;-20.9403890168;-45.8284636231;12740.0;58.807;9.451;31.688;0.055;0.0
2022;MG;Imbé de Minas;-19.5958756425;-41.9624807645;6986.0;33.138;6.127;60.707;0.0;0.029
2022;MG;Inconfidentes;-22.32148713;-46.3338013988;7301.0;76.647;2.739;20.394;0.151;0.068
2022;MG;Indaiabira;-15.4923847143;-42.2035848205;6346.0;28.506;5.752;65.711;0.016;0.016
2022;MG;Indianópolis;-19.0424949328;-47.9179923167;6171.0;42.57;6.612;50.429;0.357;0.032
2022;MG;Ingaí;-21.4037168147;-44.9224226367;2580.0;45.039;15.039;39.767;0.155;0.0
2022;MG;Inhapim;-19.5501147218;-42.121930935;22690.0;37.387;7.223;55.311;0.048;0.031
2022;MG;Inhaúma;-19.4923673885;-44.3909455266;6239.0;23.305;15.884;60.699;0.064;0.048
2022;MG;Inimutaba;-18.7314405299;-44.3662617661;7371.0;21.259;9.198;69.475;0.054;0.014
2022;MG;Ipaba;-19.4132508262;-42.4181656694;17133.0;26.213;13.319;60.118;0.339;0.012
2022;MG;Ipanema;-19.8003359539;-41.71735332;19522.0;47.157;9.692;42.895;0.046;0.21
2022;MG;Ipatinga;-19.4810320973;-42.5203511114;227726.0;36.977;10.745;51.987;0.209;0.081
2022;MG;Ipiaçu;-18.6948803087;-49.9457732111;3775.0;46.808;6.146;47.02;0.0;0.026
2022;MG;Ipuiúna;-22.0995205122;-46.1908292322;9135.0;67.017;7.575;25.364;0.033;0.011
2022;MG;Iraí de Minas;-18.9818583455;-47.4629914178;7180.0;51.476;9.721;38.663;0.111;0.028
2022;MG;Itabira;-19.6381694926;-43.223951619;113339.0;26.275;15.935;57.608;0.108;0.074
2022;MG;Itabirinha;-18.5567992809;-41.2331827153;10362.0;29.367;9.651;60.606;0.27;0.106
2022;MG;Itabirito;-20.2541765124;-43.8021429839;53365.0;37.879;12.448;49.517;0.101;0.054
2022;MG;Itacambira;-17.0644351817;-43.3104021871;4252.0;25.588;4.774;69.238;0.4;0.0
2022;MG;Itacarambi;-15.1026418649;-44.0931858021;17206.0;15.134;16.663;62.908;0.122;5.173
2022;MG;Itaguara;-20.390678217;-44.4867779578;13846.0;59.454;10.776;29.409;0.296;0.065
2022;MG;Itaipé;-17.4042316438;-41.6732295732;10463.0;21.82;10.637;67.285;0.096;0.162
2022;MG;Itajubá;-22.4306005745;-45.4645825045;93068.0;70.47;5.623;23.657;0.214;0.037
2022;MG;Itamarandiba;-17.8585173258;-42.8491577569;32948.0;26.994;7.982;64.893;0.088;0.042
2022;MG;Itamarati de Minas;-21.4194556178;-42.8185933585;3690.0;44.336;17.48;38.157;0.027;0.0
2022;MG;Itambacuri;-18.0343299629;-41.682267382;21042.0;18.159;14.894;66.757;0.09;0.1
2022;MG;Itambé do Mato Dentro;-19.4209634657;-43.3228953039;2142.0;25.303;5.229;69.421;0.0;0.047
2022;MG;Itamogi;-21.0784433613;-47.0474677839;10770.0;59.926;5.088;34.865;0.084;0.037
2022;MG;Itamonte;-22.2851269734;-44.8682875036;14786.0;71.649;4.186;24.124;0.027;0.014
2022;MG;Itanhandu;-22.2950796549;-44.9359219047;15235.0;76.889;5.934;17.013;0.138;0.026
2022;MG;Itanhomi;-19.1716889296;-41.8649318371;11128.0;32.989;7.477;59.301;0.198;0.036
2022;MG;Itaobim;-16.559525917;-41.4989769804;19150.0;24.308;9.201;66.454;0.026;0.01
2022;MG;Itapagipe;-19.9032958274;-49.3698210446;13690.0;60.424;6.72;32.761;0.066;0.029
2022;MG;Itapecerica;-20.4728898996;-45.1246798889;21046.0;57.165;8.125;34.391;0.105;0.214
2022;MG;Itapeva;-22.7697403889;-46.2195568578;12692.0;59.084;5.736;35.038;0.11;0.032
2022;MG;Itatiaiuçu;-20.1986423604;-44.4291636129;12966.0;35.146;9.725;54.72;0.308;0.1
2022;MG;Itaú de Minas;-20.7381893868;-46.7529537831;14406.0;65.771;5.532;28.495;0.146;0.056
2022;MG;Itaúna;-20.0744355868;-44.578276578;97668.0;50.876;8.107;40.902;0.074;0.041
2022;MG;Itaverava;-20.674727471;-43.6043223481;5642.0;39.312;11.663;49.007;0.018;0.0
2022;MG;Itinga;-16.601429392;-41.7781780722;13740.0;25.91;9.985;64.01;0.015;0.08
2022;MG;Itueta;-19.3923977847;-41.2256319128;6055.0;45.467;7.581;46.557;0.017;0.38
2022;MG;Ituiutaba;-18.9730676809;-49.4622351892;102216.0;50.104;9.738;39.92;0.168;0.069
2022;MG;Itumirim;-21.3137963381;-44.875787846;6638.0;42.694;14.914;42.317;0.075;0.0
2022;MG;Iturama;-19.7319475242;-50.2019735754;38295.0;47.215;9.317;43.154;0.251;0.063
2022;MG;Itutinga;-21.2960563593;-44.6588381542;4216.0;49.692;14.516;35.579;0.213;0.0
2022;MG;Jaboticatubas;-19.5222886182;-43.747333633;20406.0;25.581;13.819;60.404;0.132;0.064
2022;MG;Jacinto;-16.1411618529;-40.2914288341;11042.0;24.923;8.658;66.211;0.145;0.063
2022;MG;Jacuí;-21.0176021589;-46.7420103807;7495.0;69.74;3.936;26.231;0.08;0.013
2022;MG;Jacutinga;-22.2866380298;-46.6123411663;25525.0;67.596;4.478;27.726;0.098;0.102
2022;MG;Jaguaraçu;-19.6470726974;-42.7529990592;3092.0;31.145;19.179;49.094;0.517;0.065
2022;MG;Jaíba;-15.3429340536;-43.670328876;37659.0;22.096;14.121;63.472;0.061;0.25
2022;MG;Jampruca;-18.4615985742;-41.8101692474;4296.0;15.456;19.018;65.456;0.047;0.023
2022;MG;Janaúba;-15.7990284584;-43.3076829438;70698.0;22.698;18.438;58.5;0.141;0.223
2022;MG;Januária;-15.487872814;-44.3598053349;65150.0;17.104;16.812;65.455;0.212;0.417
2022;MG;Japaraíba;-20.1416175951;-45.5041178059;4506.0;51.065;6.347;42.543;0.044;0.0
2022;MG;Japonvar;-16.0009569336;-44.2761272372;8127.0;28.375;3.618;67.823;0.086;0.098
2022;MG;Jeceaba;-20.5330334383;-43.9852319173;6196.0;40.058;8.538;51.227;0.113;0.065
2022;MG;Jenipapo de Minas;-17.0804230781;-42.2560474559;6100.0;13.377;18.311;68.148;0.049;0.115
2022;MG;Jequeri;-20.4463030375;-42.6822636839;12419.0;32.257;10.911;56.736;0.072;0.024
2022;MG;Jequitaí;-17.2163725571;-44.4416872766;6484.0;17.782;16.363;65.669;0.123;0.062
2022;MG;Jequitibá;-19.2376735102;-44.0280763937;5883.0;23.95;11.916;63.964;0.068;0.102
2022;MG;Jequitinhonha;-16.4417689424;-41.0071154424;24007.0;22.456;10.855;66.481;0.058;0.15
2022;MG;Jesuânia;-21.9984256961;-45.2908769704;5138.0;66.796;4.924;28.124;0.019;0.136
2022;MG;Joaíma;-16.654729638;-41.0230530137;13887.0;20.66;9.109;70.058;0.086;0.086
2022;MG;Joanésia;-19.1686956741;-42.6747016823;4329.0;28.482;9.61;61.862;0.046;0.0
2022;MG;João Monlevade;-19.8056386938;-43.1745712713;80182.0;34.468;17.465;47.874;0.101;0.092
2022;MG;João Pinheiro;-17.7418529396;-46.1754635513;46801.0;30.296;10.97;58.548;0.147;0.038
2022;MG;Joaquim Felício;-17.7552943066;-44.1736047178;3854.0;18.137;11.624;70.239;0.0;0.0
2022;MG;Jordânia;-15.9010651064;-40.1800141591;10304.0;25.961;9.88;64.033;0.0;0.126
2022;MG;José Gonçalves de Minas;-16.9071819766;-42.6071746086;3969.0;18.947;11.036;69.791;0.227;0.0
2022;MG;José Raydan;-18.2174949412;-42.5005902688;4268.0;19.096;9.958;70.9;0.0;0.047
2022;MG;Josenópolis;-16.5445254003;-42.5131370187;3630.0;20.083;3.196;76.722;0.0;0.0
2022;MG;Nova União;-19.688103368;-43.5799944147;5909.0;27.856;13.454;58.69;0.0;0.0
2022;MG;Juatuba;-19.9557908623;-44.3413314409;30716.0;27.416;14.898;57.328;0.111;0.247
2022;MG;Juiz de Fora;-21.7609243087;-43.3488172725;540731.0;52.928;16.985;29.837;0.155;0.095
2022;MG;Juramento;-16.851270455;-43.5901936206;3768.0;19.321;7.006;73.593;0.0;0.08
2022;MG;Juruaia;-21.2493559381;-46.5805964847;11084.0;77.454;2.652;19.812;0.063;0.018
2022;MG;Juvenília;-14.2635945629;-44.15958971;5789.0;25.428;9.466;65.106;0.0;0.0
2022;MG;Ladainha;-17.6244796697;-41.7404499397;14383.0;17.041;13.905;67.726;0.174;1.154
2022;MG;Lagamar;-18.1769616223;-46.8125356351;6631.0;51.033;4.464;44.428;0.015;0.06
2022;MG;Lagoa da Prata;-20.0237653293;-45.5416920321;51409.0;48.563;9.975;41.23;0.144;0.088
2022;MG;Lagoa dos Patos;-16.9784492005;-44.5783346323;3313.0;19.952;12.345;67.673;0.03;0.0
2022;MG;Lagoa Dourada;-20.918598617;-44.07111644;12769.0;57.757;9.586;32.524;0.078;0.055
2022;MG;Lagoa Formosa;-18.7755725804;-46.406528792;18887.0;50.05;4.416;45.365;0.132;0.037
2022;MG;Lagoa Grande;-17.8380469909;-46.5179054004;8969.0;35.745;8.139;56.026;0.033;0.056
2022;MG;Lagoa Santa;-19.6258505201;-43.8952876969;75143.0;36.32;11.61;51.835;0.138;0.097
2022;MG;Lajinha;-20.1641701468;-41.6452930379;20835.0;42.625;8.927;48.433;0.014;0.0
2022;MG;Lambari;-21.9743155557;-45.3524788135;20414.0;64.975;6.133;28.74;0.142;0.01
2022;MG;Lamim;-20.7920574263;-43.4744670606;3184.0;44.001;13.128;42.431;0.314;0.126
2022;MG;Laranjal;-21.3636296129;-42.4806742916;5963.0;65.739;14.942;19.252;0.034;0.034
2022;MG;Lassance;-17.8951151805;-44.5793585587;7124.0;18.894;13.981;66.816;0.309;0.0
2022;MG;Lavras;-21.2428702373;-44.9999311091;104759.0;49.595;15.135;34.965;0.241;0.065
2022;MG;Leandro Ferreira;-19.719223472;-45.0262837853;3199.0;45.889;9.19;44.701;0.219;0.0
2022;MG;Leme do Prado;-17.0838668462;-42.6956826242;4341.0;27.044;11.126;61.76;0.046;0.023
2022;MG;Leopoldina;-21.5307293645;-42.6418441295;51138.0;44.22;21.231;34.448;0.049;0.053
2022;MG;Liberdade;-22.0243587048;-44.3151409364;4737.0;64.661;7.621;27.57;0.106;0.042
2022;MG;Lima Duarte;-21.8410955181;-43.796383224;17221.0;52.297;12.52;35.004;0.163;0.017
2022;MG;Limeira do Oeste;-19.5477771593;-50.5752903742;8685.0;44.007;7.346;48.198;0.449;0.0
2022;MG;Lontra;-15.902058353;-44.3061148191;8790.0;30.808;4.915;64.187;0.034;0.057
2022;MG;Luisburgo;-20.4383761083;-42.1064719036;6956.0;43.79;5.65;50.403;0.058;0.101
2022;MG;Luislândia;-16.1153114862;-44.586048427;6210.0;18.309;15.958;65.459;0.048;0.225
2022;MG;Luminárias;-21.5123199002;-44.9061064797;5584.0;55.552;9.294;35.064;0.072;0.018
2022;MG;Luz;-19.7962466219;-45.6838812681;17875.0;46.232;8.856;44.761;0.112;0.039
2022;MG;Machacalis;-17.0773703529;-40.7204221322;6487.0;21.844;5.318;72.776;0.015;0.046
2022;MG;Machado;-21.6783538965;-45.9217640832;37684.0;54.012;10.954;34.895;0.085;0.053
2022;MG;Madre de Deus de Minas;-21.4773220689;-44.3408859115;5191.0;56.887;11.443;31.42;0.231;0.019
2022;MG;Malacacheta;-17.84162254;-42.076076701;17516.0;16.528;11.738;71.586;0.12;0.029
2022;MG;Mamonas;-15.0516469178;-42.9559643493;5997.0;42.971;7.17;49.458;0.334;0.067
2022;MG;Manga;-14.7559221144;-43.9367615224;18886.0;17.622;19.925;61.654;0.079;0.72
2022;MG;Manhuaçu;-20.2586800833;-42.0338482904;91883.0;41.669;9.557;48.709;0.04;0.025
2022;MG;Manhumirim;-20.3639991115;-41.9626798074;20610.0;46.555;11.611;41.655;0.146;0.034
2022;MG;Mantena;-18.780699875;-40.9785257407;26535.0;31.694;7.94;60.139;0.113;0.113
2022;MG;Maravilhas;-19.5146797201;-44.6760761302;7333.0;38.593;8.946;52.461;0.0;0.0
2022;MG;Mar de Espanha;-21.8668933766;-43.0084067544;12721.0;51.042;19.55;29.298;0.063;0.047
2022;MG;Maria da Fé;-22.3072187776;-45.3710536908;14247.0;69.165;4.892;25.472;0.456;0.014
2022;MG;Mariana;-20.3744932309;-43.4161404121;61386.0;26.524;22.184;51.049;0.137;0.106
2022;MG;Marilac;-18.5049724111;-42.0816889526;4224.0;13.755;14.512;71.544;0.118;0.071
2022;MG;Mário Campos;-20.0536364124;-44.1858252962;15899.0;29.807;12.347;57.727;0.05;0.069
2022;MG;Maripá de Minas;-21.692262751;-42.9683499275;3387.0;51.255;13.227;35.371;0.148;0.0
2022;MG;Marliéria;-19.7064561098;-42.7373790359;4592.0;26.633;16.964;56.228;0.109;0.065
2022;MG;Marmelópolis;-22.4465170978;-45.1600478025;3200.0;75.5;2.312;22.031;0.156;0.0
2022;MG;Martinho Campos;-19.3297423483;-45.2386503971;14003.0;48.361;6.984;43.741;0.064;0.85
2022;MG;Martins Soares;-20.258229196;-41.8757909082;8396.0;41.77;9.79;48.392;0.036;0.012
2022;MG;Mata Verde;-15.6876678048;-40.7385334085;9112.0;22.827;6.64;70.5;0.022;0.011
2022;MG;Materlândia;-18.4727736734;-43.0573759059;3963.0;12.087;18.294;69.064;0.555;0.0
2022;MG;Mateus Leme;-19.9908681368;-44.4289912352;37834.0;32.127;12.639;55.054;0.108;0.071
2022;MG;Matias Barbosa;-21.8694792711;-43.3191619888;14121.0;44.197;16.33;39.416;0.028;0.028
2022;MG;Matias Cardoso;-14.8502838777;-43.9178264366;8895.0;13.435;26.509;59.865;0.067;0.124
2022;MG;Matipó;-20.2871482525;-42.3414864061;18552.0;34.837;13.885;51.11;0.059;0.108
2022;MG;Mato Verde;-15.397321553;-42.8665147238;12038.0;34.74;9.337;55.807;0.017;0.1
2022;MG;Matozinhos;-19.561910281;-44.0839745679;37613.0;26.903;13.102;59.78;0.146;0.069
2022;MG;Matutina;-19.2266120633;-45.9835170335;3814.0;64.893;4.746;30.362;0.0;0.0
2022;MG;Medeiros;-19.9933078776;-46.2266888204;3900.0;55.744;7.179;37.026;0.051;0.0
2022;MG;Medina;-16.224795621;-41.4763090669;20156.0;21.18;6.261;72.514;0.04;0.005
2022;MG;Mendes Pimentel;-18.6617777406;-41.4056151687;5606.0;30.075;8.848;61.006;0.054;0.018
2022;MG;Mercês;-21.1920649247;-43.3410701614;10370.0;49.624;9.624;40.685;0.01;0.058
2022;MG;Mesquita;-19.2243458125;-42.6056610568;5040.0;28.413;12.52;58.968;0.0;0.099
2022;MG;Minas Novas;-17.2154581636;-42.5967587107;24405.0;19.529;13.501;66.913;0.049;0.008
2022;MG;Minduri;-21.6775434808;-44.6092928195;3741.0;37.797;20.984;41.059;0.16;0.0
2022;MG;Mirabela;-16.2584529385;-44.1606437772;13651.0;23.39;11.398;64.955;0.117;0.139
2022;MG;Miradouro;-20.8944190662;-42.3461498563;8968.0;48.249;7.281;44.391;0.067;0.011
2022;MG;Miraí;-21.1939817415;-42.6160395903;13633.0;57.992;11.546;30.412;0.037;0.015
2022;MG;Miravânia;-14.7478394007;-44.4120754278;3985.0;28.607;8.708;60.301;0.176;2.208
2022;MG;Moeda;-20.330268843;-44.0475686705;5125.0;37.737;14.459;47.727;0.039;0.039
2022;MG;Moema;-19.8386998979;-45.4253101337;7548.0;53.06;7.353;39.202;0.318;0.066
2022;MG;Monjolos;-18.3236856183;-44.1193167724;2167.0;16.29;10.66;72.912;0.092;0.046
2022;MG;Monsenhor Paulo;-21.7617721381;-45.5450741387;8340.0;57.902;6.451;35.456;0.132;0.06
2022;MG;Montalvânia;-14.4203647786;-44.3636205826;14059.0;26.858;13.344;59.378;0.32;0.1
2022;MG;Monte Alegre de Minas;-18.8691667166;-48.877116909;20170.0;50.164;9.841;39.668;0.233;0.094
2022;MG;Monte Azul;-15.1553385887;-42.873165494;20328.0;35.518;5.864;58.456;0.103;0.059
2022;MG;Monte Belo;-21.3271458475;-46.3682455768;13043.0;75.228;3.197;21.383;0.176;0.015
2022;MG;Monte Carmelo;-18.7290384401;-47.4959724312;47690.0;50.661;8.318;40.696;0.27;0.055
2022;MG;Monte Formoso;-16.86649383;-41.2545787418;4381.0;23.328;4.999;71.582;0.091;0.0
2022;MG;Monte Santo de Minas;-21.1904748351;-46.9771185471;20889.0;61.008;4.62;34.229;0.105;0.038
2022;MG;Montes Claros;-16.72270664;-43.8654224344;414234.0;28.815;10.947;60.03;0.101;0.107
2022;MG;Monte Sião;-22.4335488212;-46.5737026934;24089.0;71.942;3.948;23.766;0.332;0.012
2022;MG;Montezuma;-15.1711441585;-42.5074736992;6887.0;30.333;5.474;64.15;0.015;0.029
2022;MG;Morada Nova de Minas;-18.6074447216;-45.3555023481;9067.0;43.929;8.272;47.723;0.011;0.066
2022;MG;Morro da Garça;-18.5472184629;-44.6035310348;2411.0;19.328;9.083;71.464;0.0;0.124
2022;MG;Morro do Pilar;-19.2183422251;-43.3748041823;3133.0;14.363;14.076;71.497;0.064;0.0
2022;MG;Munhoz;-22.612782689;-46.3603709348;7451.0;66.729;4.107;28.788;0.268;0.107
2022;MG;Muriaé;-21.1320467915;-42.3610748979;104107.0;50.058;10.559;39.272;0.064;0.046
2022;MG;Mutum;-19.8071892243;-41.4391385241;27633.0;35.219;6.503;58.184;0.051;0.043
2022;MG;Muzambinho;-21.3730127527;-46.5268046885;21889.0;73.64;4.354;21.869;0.101;0.037
2022;MG;Nacip Raydan;-18.4579241927;-42.2517915937;2459.0;20.374;16.023;63.156;0.325;0.122
2022;MG;Nanuque;-17.8389933519;-40.3517388336;35033.0;24.326;12.268;63.126;0.083;0.197
2022;MG;Naque;-19.2235434749;-42.3347084489;6303.0;19.515;16.722;63.668;0.016;0.079
2022;MG;Natalândia;-16.5038364836;-46.4975343553;3520.0;28.807;7.841;63.352;0.0;0.0
2022;MG;Natércia;-22.1184737389;-45.5182345057;4691.0;79.621;4.796;15.498;0.021;0.064
2022;MG;Nazareno;-21.2176969672;-44.6172346644;8179.0;43.526;12.288;44.137;0.049;0.0
2022;MG;Nepomuceno;-21.234576935;-45.2374291198;25016.0;44.931;14.223;40.71;0.112;0.024
2022;MG;Ninheira;-15.3238019192;-41.7487889594;10588.0;26.7;5.081;68.096;0.123;0.0
2022;MG;Nova Belém;-18.4940908208;-41.1036878324;3151.0;23.929;8.378;67.629;0.032;0.032
2022;MG;Nova Era;-19.7644230686;-43.0354568497;17438.0;23.351;19.911;56.589;0.057;0.092
2022;MG;Nova Lima;-19.9838929939;-43.8497833626;111695.0;43.858;12.035;43.878;0.158;0.073
2022;MG;Nova Módica;-18.4416056135;-41.501336274;3663.0;16.762;15.397;67.813;0.0;0.027
2022;MG;Nova Ponte;-19.1688916493;-47.6705707497;14597.0;46.612;10.858;42.132;0.315;0.082
2022;MG;Nova Porteirinha;-15.8022101967;-43.3025512295;6706.0;24.068;12.675;63.093;0.089;0.075
2022;MG;Nova Resende;-21.1266519126;-46.4170291046;16387.0;70.788;2.441;26.661;0.079;0.031
2022;MG;Nova Serrana;-19.8758673806;-44.9855787363;105552.0;33.902;9.725;56.127;0.164;0.082
2022;MG;Novo Cruzeiro;-17.4748888552;-41.8753915421;26974.0;15.5;14.269;70.027;0.148;0.056
2022;MG;Novo Oriente de Minas;-17.4091656809;-41.2220966101;10274.0;19.36;8.497;71.754;0.185;0.204
2022;MG;Novorizonte;-16.0195385668;-42.416780837;4571.0;27.084;4.594;68.06;0.044;0.219
2022;MG;Olaria;-21.8647729424;-43.9309268802;1945.0;56.504;11.26;32.031;0.0;0.206
2022;MG;Olhos-d'Água;-17.4018999265;-43.5714109825;5384.0;19.205;13.577;67.106;0.056;0.056
2022;MG;Olímpio Noronha;-22.0669598145;-45.2641356959;2555.0;56.438;10.607;32.72;0.157;0.078
2022;MG;Oliveira;-20.6975157762;-44.8264108665;39262.0;50.069;15.19;34.637;0.061;0.043
2022;MG;Oliveira Fortes;-21.3394932743;-43.4625438692;2027.0;57.474;7.795;34.484;0.148;0.099
2022;MG;Onça de Pitangui;-19.7455244846;-44.80838218;2969.0;41.226;9.195;49.545;0.0;0.034
2022;MG;Oratórios;-20.4309959521;-42.8063392208;4917.0;22.229;24.609;52.532;0.163;0.468
2022;MG;Orizânia;-20.5041213742;-42.2029460821;8436.0;36.617;7.504;55.607;0.071;0.202
2022;MG;Ouro Branco;-20.5235831235;-43.6947707969;38721.0;39.674;11.795;48.305;0.183;0.044
2022;MG;Ouro Fino;-22.2835244239;-46.3800808288;32094.0;70.091;3.864;25.849;0.14;0.056
2022;MG;Ouro Preto;-20.3867763679;-43.5064475197;74814.0;29.116;19.451;51.168;0.155;0.11
2022;MG;Ouro Verde de Minas;-18.069339095;-41.2687094923;5756.0;16.974;19.892;63.047;0.035;0.052
2022;MG;Padre Carvalho;-16.3651032683;-42.5207448266;5058.0;21.906;4.547;73.448;0.099;0.0
2022;MG;Padre Paraíso;-17.0763186514;-41.4849648092;17334.0;20.457;8.354;71.103;0.063;0.023
2022;MG;Paineiras;-18.9022172144;-45.5387576862;4223.0;55.198;5.517;38.622;0.663;0.0
2022;MG;Pains;-20.3709172455;-45.6608131833;8142.0;52.014;13.351;34.562;0.049;0.025
2022;MG;Pai Pedro;-15.5370659875;-43.0705559756;5551.0;16.718;16.628;66.276;0.18;0.198
2022;MG;Paiva;-21.2878522493;-43.4188333733;1474.0;48.643;7.056;44.233;0.068;0.0
2022;MG;Palma;-21.3725611559;-42.3158258828;5707.0;47.924;20.799;30.839;0.175;0.263
2022;MG;Palmópolis;-16.7344674967;-40.4203975984;6301.0;20.235;12.681;67.053;0.0;0.032
2022;MG;Papagaios;-19.4555367596;-44.7447017251;13920.0;37.328;11.674;50.941;0.029;0.029
2022;MG;Paracatu;-17.2197419102;-46.875418891;94023.0;23.494;18.464;57.575;0.347;0.12
2022;MG;Pará de Minas;-19.8647379639;-44.6053801879;97135.0;45.731;8.74;45.367;0.11;0.051
2022;MG;Paraguaçu;-21.5473160268;-45.7326954708;21722.0;62.646;6.468;30.794;0.087;0.005
2022;MG;Paraisópolis;-22.5551927715;-45.781703528;20445.0;77.339;4.285;18.176;0.112;0.088
2022;MG;Paraopeba;-19.2814289521;-44.4031168703;24107.0;24.997;14.676;60.086;0.207;0.033
2022;MG;Passabém;-19.3509824792;-43.1438137395;1600.0;21.375;13.5;65.125;0.0;0.0
2022;MG;Passa Quatro;-22.3897981316;-44.9696386731;15514.0;79.064;5.015;15.734;0.168;0.019
2022;MG;Passa Tempo;-20.6523877473;-44.493417199;8473.0;68.193;10.988;20.784;0.035;0.0
2022;MG;Passa-Vinte;-22.2089768784;-44.2310487921;2233.0;60.681;8.016;31.214;0.09;0.0
2022;MG;Passos;-20.7192119019;-46.611412568;111937.0;55.124;9.907;34.739;0.17;0.06
2022;MG;Patis;-16.0792763597;-44.0827053067;4837.0;15.257;4.569;79.988;0.103;0.083
2022;MG;Patos de Minas;-18.5925708199;-46.5159156766;159232.0;51.689;6.57;41.417;0.178;0.146
2022;MG;Patrocínio;-18.9408129613;-46.9974382402;89825.0;51.565;9.197;38.928;0.262;0.049
2022;MG;Patrocínio do Muriaé;-21.1517112745;-42.2126532983;5576.0;43.221;11.245;45.481;0.018;0.036
2022;MG;Paula Cândido;-20.870161533;-42.9831550987;8659.0;39.45;17.3;43.053;0.058;0.139
2022;MG;Paulistas;-18.4317377127;-42.8726250989;4389.0;11.415;9.592;78.902;0.046;0.046
2022;MG;Pavão;-17.4326895767;-41.0001132091;8047.0;19.324;11.01;69.405;0.149;0.112
2022;MG;Peçanha;-18.5468889888;-42.5631862675;17446.0;20.979;10.931;68.039;0.046;0.006
2022;MG;Pedra Azul;-16.0059227891;-41.2817519782;24410.0;16.735;6.489;76.714;0.053;0.008
2022;MG;Pedra Bonita;-20.5200184906;-42.3321344917;7320.0;45.697;5.478;48.689;0.137;0.0
2022;MG;Pedra do Anta;-20.5960112648;-42.7159333248;3310.0;33.293;16.767;49.728;0.181;0.03
2022;MG;Pedra do Indaiá;-20.2535964014;-45.2098100906;4112.0;62.67;6.153;31.007;0.024;0.146
2022;MG;Pedra Dourada;-20.8299461552;-42.154538669;2757.0;33.841;11.498;54.48;0.145;0.036
2022;MG;Pedralva;-22.2542260031;-45.4659715176;10760.0;70.149;4.349;25.353;0.028;0.121
2022;MG;Pedras de Maria da Cruz;-15.5990124532;-44.3924439592;10433.0;23.876;14.943;60.922;0.096;0.163
2022;MG;Pedrinópolis;-19.2277204067;-47.4606173926;3344.0;50.748;7.177;42.045;0.0;0.03
2022;MG;Pedro Leopoldo;-19.618395891;-44.0458839603;62576.0;28.239;12.904;58.657;0.121;0.078
2022;MG;Pedro Teixeira;-21.7068071497;-43.7454590572;1810.0;58.95;10.497;30.442;0.055;0.055
2022;MG;Pequeri;-21.8369041285;-43.1262861746;3351.0;47.269;16.98;35.751;0.0;0.0
2022;MG;Pequi;-19.6279870911;-44.6534418965;4155.0;38.171;9.001;52.419;0.048;0.361
2022;MG;Perdigão;-19.9551229354;-45.0793625823;12268.0;42.362;7.882;49.552;0.147;0.057
2022;MG;Perdizes;-19.3386575249;-47.2920084471;17151.0;48.983;7.428;43.239;0.268;0.082
2022;MG;Perdões;-21.0945188676;-45.0930878294;21384.0;49.715;13.505;36.724;0.028;0.028
2022;MG;Periquito;-19.1544849011;-42.234724628;6553.0;15.336;17.915;65.955;0.229;0.565
2022;MG;Pescador;-18.353628729;-41.6016228176;3570.0;16.246;18.179;65.294;0.168;0.112
2022;MG;Piau;-21.5046175294;-43.3291251743;2796.0;53.433;15.629;30.794;0.107;0.036
2022;MG;Piedade de Caratinga;-19.759212625;-42.0742639716;8529.0;39.149;5.862;54.93;0.035;0.023
2022;MG;Piedade de Ponte Nova;-20.2476646154;-42.7352388987;3976.0;26.358;21.429;52.213;0.0;0.0
2022;MG;Piedade do Rio Grande;-21.4697328736;-44.2025017472;4604.0;53.345;10.491;35.947;0.152;0.065
2022;MG;Piedade dos Gerais;-20.4610103538;-44.2279160102;5019.0;55.111;6.117;38.653;0.08;0.04
2022;MG;Pimenta;-20.4831953924;-45.7990870292;8563.0;58.052;7.346;34.38;0.117;0.105
2022;MG;Pingo-d'Água;-19.7286082528;-42.4086657784;4706.0;24.309;14.981;60.37;0.149;0.191
2022;MG;Pintópolis;-16.0549897299;-45.1495068806;7084.0;17.363;10.488;71.937;0.198;0.014
2022;MG;Piracema;-20.5089958628;-44.478471775;6700.0;50.91;9.716;39.254;0.119;0.0
2022;MG;Pirajuba;-19.9085049086;-48.6966380638;5537.0;47.426;9.536;42.767;0.108;0.163
2022;MG;Piranga;-20.6851438162;-43.2873455534;17018.0;28.875;17.1;53.937;0.065;0.024
2022;MG;Piranguçu;-22.5264938454;-45.493271705;6041.0;74.259;2.947;22.695;0.083;0.017
2022;MG;Piranguinho;-22.4118730678;-45.5347391786;9120.0;64.978;3.75;31.206;0.033;0.033
2022;MG;Pirapetinga;-21.6559720072;-42.3484310466;11076.0;49.675;15.321;34.904;0.054;0.045
2022;MG;Pirapora;-17.3495820956;-44.9510653805;55606.0;20.906;16.146;62.617;0.255;0.076
2022;MG;Piraúba;-21.2765501293;-43.0181308109;11610.0;45.909;14.522;39.414;0.112;0.043
2022;MG;Pitangui;-19.6805972413;-44.8901188907;26685.0;49.192;10.965;39.73;0.075;0.037
2022;MG;Piumhi;-20.4708828676;-45.9605686668;36061.0;56.038;8.336;35.412;0.136;0.078
2022;MG;Planura;-20.138663202;-48.6999188552;11145.0;45.814;8.228;45.698;0.144;0.117
2022;MG;Poço Fundo;-21.78469255;-45.9649695632;16390.0;72.404;4.93;22.611;0.024;0.031
2022;MG;Poços de Caldas;-21.7873635786;-46.566410045;163731.0;65.081;7.684;26.828;0.35;0.057
2022;MG;Pocrane;-19.6201444044;-41.6290012533;8350.0;40.383;7.126;52.407;0.072;0.012
2022;MG;Pompéu;-19.2209571771;-45.0018708585;31046.0;30.484;15.934;52.883;0.361;0.338
2022;MG;Ponte Nova;-20.4166434225;-42.9096842699;57774.0;34.72;18.52;46.632;0.074;0.054
2022;MG;Ponto Chique;-16.6330397392;-45.0631345096;3747.0;14.945;17.187;67.734;0.133;0.0
2022;MG;Ponto dos Volantes;-16.7545196333;-41.5078082034;10883.0;21.207;6.901;71.864;0.028;0.0
2022;MG;Porteirinha;-15.746837727;-43.0285226494;37436.0;27.586;9.13;63.129;0.075;0.08
2022;MG;Porto Firme;-20.6682669694;-43.0914109084;10569.0;39.729;11.676;48.302;0.151;0.142
2022;MG;Poté;-17.8013694473;-41.7883855249;13662.0;18.328;13.629;67.948;0.059;0.037
2022;MG;Pouso Alegre;-22.2303029952;-45.9371442758;152214.0;64.769;7.11;27.714;0.346;0.06
2022;MG;Pouso Alto;-22.1909422926;-44.9753435743;6566.0;69.662;4.66;25.586;0.076;0.015
2022;MG;Prados;-21.0560144581;-44.0732802772;9048.0;44.22;8.234;47.37;0.111;0.066
2022;MG;Prata;-19.3082112063;-48.9238460695;28341.0;43.693;10.61;45.485;0.134;0.078
2022;MG;Pratápolis;-20.744184454;-46.8609173417;8406.0;67.464;7.887;24.613;0.024;0.012
2022;MG;Pratinha;-19.7569452523;-46.3784486441;3559.0;61.337;5.732;32.874;0.028;0.028
2022;MG;Presidente Bernardes;-20.765677501;-43.1900555792;4850.0;44.309;13.567;42.082;0.021;0.021
2022;MG;Presidente Juscelino;-18.6407817384;-44.0541822752;3465.0;16.45;12.208;71.342;0.0;0.0
2022;MG;Presidente Kubitschek;-18.6154898026;-43.5574479487;3070.0;16.254;17.394;66.221;0.033;0.098
2022;MG;Presidente Olegário;-18.4147419739;-46.417788688;18765.0;44.61;5.761;49.123;0.112;0.394
2022;MG;Alto Jequitibá;-20.4229271109;-41.9671751127;8397.0;60.462;6.288;33.226;0.024;0.0
2022;MG;Prudente de Morais;-19.4835603824;-44.1583906671;11466.0;24.228;13.448;61.896;0.323;0.105
2022;MG;Quartel Geral;-19.2676900955;-45.558863386;3179.0;46.996;11.01;41.931;0.063;0.0
2022;MG;Queluzito;-20.7423844777;-43.8800273028;1770.0;59.209;8.814;31.695;0.113;0.169
2022;MG;Raposos;-19.9655987692;-43.8047741981;16279.0;26.113;16.512;57.301;0.043;0.031
2022;MG;Raul Soares;-20.101958852;-42.4541675367;23422.0;37.64;10.277;51.943;0.085;0.056
2022;MG;Recreio;-21.5337846188;-42.4713945673;11007.0;54.057;20.85;25.093;0.0;0.0
2022;MG;Reduto;-20.2426797035;-41.9851988576;7848.0;40.609;9.111;50.204;0.025;0.051
2022;MG;Resende Costa;-20.9173692443;-44.2394035043;11230.0;58.646;11.915;29.118;0.232;0.089
2022;MG;Resplendor;-19.3254839309;-41.2539671082;17226.0;32.033;8.946;55.695;0.052;3.274
2022;MG;Ressaquinha;-21.055300917;-43.7587060939;4546.0;51.98;6.269;41.399;0.11;0.242
2022;MG;Riachinho;-16.2168261724;-46.0027468183;6863.0;22.162;12.079;65.656;0.073;0.029
2022;MG;Riacho dos Machados;-15.9980341607;-43.0445637318;8756.0;23.367;8.44;68.011;0.103;0.08
2022;MG;Ribeirão das Neves;-19.7660220155;-44.0858236491;329764.0;24.171;18.707;56.932;0.08;0.11
2022;MG;Ribeirão Vermelho;-21.190414325;-45.0647821085;4080.0;44.706;16.054;39.118;0.098;0.025
2022;MG;Rio Acima;-20.0951301629;-43.7908543768;10261.0;24.462;18.643;56.583;0.136;0.175
2022;MG;Rio Casca;-20.2265128665;-42.6522301992;12789.0;27.219;18.844;53.624;0.203;0.109
2022;MG;Rio Doce;-20.2446457034;-42.8956813088;2484.0;31.643;16.465;51.53;0.201;0.161
2022;MG;Rio do Prado;-16.6094078455;-40.5718939338;4639.0;22.979;9.83;67.062;0.043;0.086
2022;MG;Rio Espera;-20.8580800986;-43.4653334003;5429.0;52.33;11.107;36.36;0.055;0.147
2022;MG;Rio Manso;-20.2616823652;-44.3102050446;5567.0;49.344;6.808;43.74;0.09;0.018
2022;MG;Rio Novo;-21.4832491499;-43.1286689153;8518.0;52.559;16.988;30.289;0.164;0.0
2022;MG;Rio Paranaíba;-19.1912383018;-46.2427530916;14530.0;50.062;8.699;41.025;0.213;0.0
2022;MG;Rio Pardo de Minas;-15.6130780189;-42.5412319787;28271.0;28.786;3.382;67.758;0.05;0.025
2022;MG;Rio Piracicaba;-19.9549411681;-43.1798237457;14631.0;31.092;19.472;49.34;0.048;0.048
2022;MG;Rio Pomba;-21.2721906098;-43.1778056454;17443.0;51.511;13.214;35.177;0.029;0.069
2022;MG;Rio Preto;-22.0869222525;-43.8294656656;5141.0;53.103;9.726;37.074;0.058;0.039
2022;MG;Rio Vermelho;-18.3011105692;-43.0224390981;12641.0;15.513;12.009;72.455;0.016;0.008
2022;MG;Ritápolis;-21.0232532704;-44.3234775238;4994.0;55.186;2.964;41.85;0.0;0.0
2022;MG;Rochedo de Minas;-21.6314596315;-43.0220685054;2291.0;43.256;15.583;41.117;0.044;0.0
2022;MG;Rodeiro;-21.2007050792;-42.8686762586;8664.0;44.09;11.173;44.633;0.092;0.012
2022;MG;Romaria;-18.8834800349;-47.5817549005;3386.0;54.312;7.915;37.685;0.059;0.03
2022;MG;Rosário da Limeira;-20.9812982014;-42.5060599702;4734.0;46.662;5.387;47.951;0.0;0.0
2022;MG;Rubelita;-16.4029664157;-42.2647623324;5679.0;23.701;5.705;70.453;0.035;0.106
2022;MG;Rubim;-16.3729735167;-40.5369414739;10293.0;23.278;8.686;67.949;0.049;0.039
2022;MG;Sabará;-19.8924945121;-43.8255570903;129375.0;26.468;20.024;53.331;0.087;0.09
2022;MG;Sabinópolis;-18.6718146532;-43.0882036429;14240.0;17.528;15.169;67.219;0.063;0.021
2022;MG;Sacramento;-19.8635763394;-47.4365553164;26669.0;53.557;8.635;37.515;0.124;0.169
2022;MG;Salinas;-16.1698557321;-42.2935064723;40177.0;29.295;6.441;63.992;0.169;0.102
2022;MG;Salto da Divisa;-15.9975707022;-39.9507560236;6110.0;20.049;15.581;64.173;0.18;0.016
2022;MG;Santa Bárbara;-19.9655911927;-43.405220988;30464.0;27.8;17.26;54.72;0.112;0.108
2022;MG;Santa Bárbara do Leste;-19.9757926674;-42.1408405819;8458.0;34.583;7.78;57.33;0.225;0.083
2022;MG;Santa Bárbara do Monte Verde;-21.9572670151;-43.7017741664;3095.0;47.916;13.958;37.997;0.032;0.097
2022;MG;Santa Bárbara do Tugúrio;-21.2462083895;-43.5589487843;4208.0;48.313;6.084;45.58;0.024;0.0
2022;MG;Santa Cruz de Minas;-21.1194710322;-44.2232578484;8109.0;44.296;10.606;44.888;0.197;0.012
2022;MG;Santa Cruz de Salinas;-16.0943556353;-41.7503545267;3910.0;30.205;6.445;63.171;0.077;0.102
2022;MG;Santa Cruz do Escalvado;-20.2382772553;-42.8184528533;4673.0;16.478;7.404;76.075;0.021;0.021
2022;MG;Santa Efigênia de Minas;-18.8198378232;-42.4393126686;4039.0;23.125;7.848;68.557;0.272;0.198
2022;MG;Santa Fé de Minas;-16.6873734528;-45.4136331222;3522.0;13.629;15.133;71.039;0.114;0.085
2022;MG;Santa Helena de Minas;-16.9363075336;-40.6862886421;5938.0;14.971;10.088;54.143;0.017;20.781
2022;MG;Santa Juliana;-19.3112989337;-47.5271443344;15734.0;43.968;5.612;50.203;0.184;0.032
2022;MG;Santa Luzia;-19.7676168525;-43.8500072606;219127.0;25.802;19.506;54.503;0.093;0.096
2022;MG;Santa Margarida;-20.3779254268;-42.2525357803;16395.0;36.639;9.283;54.047;0.012;0.018
2022;MG;Santa Maria de Itabira;-19.4590107743;-43.1101498441;10485.0;20.41;25.77;53.81;0.0;0.01
2022;MG;Santa Maria do Salto;-16.2475726794;-40.146933015;4755.0;26.12;7.445;66.351;0.021;0.063
2022;MG;Santa Maria do Suaçuí;-18.1922522025;-42.4178024505;12786.0;20.624;10.488;68.677;0.164;0.047
2022;MG;Santana da Vargem;-21.2489621802;-45.5071210487;6691.0;49.23;10.522;40.143;0.075;0.03
2022;MG;Santana de Cataguases;-21.2840280786;-42.5546049491;3489.0;52.909;12.869;34.193;0.029;0.0
2022;MG;Santana de Pirapama;-19.0068859969;-44.0381025081;7029.0;23.702;7.697;68.388;0.213;0.0
2022;MG;Santana do Deserto;-21.9496920444;-43.1723178337;3747.0;34.401;22.605;42.22;0.721;0.053
2022;MG;Santana do Garambéu;-21.6018318574;-44.11087343;2137.0;45.016;9.64;43.893;1.076;0.374
2022;MG;Santana do Jacaré;-20.9016774924;-45.1280485696;4214.0;41.789;11.628;46.369;0.024;0.19
2022;MG;Santana do Manhuaçu;-20.1085461651;-41.9234974642;8987.0;28.285;8.835;62.813;0.045;0.022
2022;MG;Santana do Paraíso;-19.3690985236;-42.552582949;44800.0;29.353;12.092;58.413;0.107;0.036
2022;MG;Santana do Riacho;-19.1700918689;-43.7114593034;5313.0;26.972;8.187;64.69;0.056;0.094
2022;MG;Santana dos Montes;-20.7897348515;-43.705998279;3469.0;40.934;12.886;46.036;0.058;0.086
2022;MG;Santa Rita de Caldas;-22.0264354861;-46.3386257814;8460.0;78.806;4.622;16.336;0.189;0.047
2022;MG;Santa Rita de Jacutinga;-22.1484611222;-44.1004418544;4755.0;61.809;8.559;29.611;0.021;0.0
2022;MG;Santa Rita de Minas;-19.8752101702;-42.1317808369;6773.0;32.172;8.977;58.822;0.03;0.0
2022;MG;Santa Rita de Ibitipoca;-21.5612300794;-43.9167605188;3300.0;56.455;9.364;34.061;0.061;0.061
2022;MG;Santa Rita do Itueto;-19.3598130147;-41.3792782175;5826.0;38.98;8.084;52.403;0.086;0.446
2022;MG;Santa Rita do Sapucaí;-22.2533298264;-45.7039881925;40633.0;62.639;7.026;30.101;0.17;0.064
2022;MG;Santa Rosa da Serra;-19.532621138;-45.9706644274;3382.0;47.161;9.137;43.465;0.0;0.237
2022;MG;Santa Vitória;-18.8439479826;-50.1234651115;20972.0;41.775;7.453;50.648;0.043;0.081
2022;MG;Santo Antônio do Amparo;-20.9462485658;-44.9186749352;17284.0;33.794;16.217;49.861;0.087;0.04
2022;MG;Santo Antônio do Aventureiro;-21.7558281759;-42.8116372461;3769.0;54.789;15.999;29.026;0.159;0.027
2022;MG;Santo Antônio do Grama;-20.3125002779;-42.613898797;4229.0;31.308;12.769;55.9;0.024;0.0
2022;MG;Santo Antônio do Itambé;-18.4689716455;-43.3037794095;3915.0;8.48;17.369;74.074;0.077;0.0
2022;MG;Santo Antônio do Jacinto;-16.5376834097;-40.1753373252;10327.0;23.899;8.163;67.474;0.174;0.291
2022;MG;Santo Antônio do Monte;-20.0872192489;-45.2939359191;27291.0;62.163;6.442;31.3;0.081;0.015
2022;MG;Santo Antônio do Retiro;-15.3426335373;-42.6243765157;6629.0;34.228;6.125;59.647;0.0;0.0
2022;MG;Santo Antônio do Rio Abaixo;-19.2256798038;-43.2530571824;1808.0;27.378;14.657;57.909;0.055;0.0
2022;MG;Santo Hipólito;-18.28781019;-44.2216982205;2717.0;16.526;16.857;66.618;0.0;0.0
2022;MG;Santos Dumont;-21.4575319947;-43.5537521653;42405.0;48.414;14.956;36.529;0.071;0.031
2022;MG;São Bento Abade;-21.5790480165;-45.0753606267;4713.0;30.936;14.449;54.466;0.127;0.021
2022;MG;São Brás do Suaçuí;-20.6265040685;-43.9526746479;3989.0;34.219;14.49;51.216;0.05;0.025
2022;MG;São Domingos das Dores;-19.5294460673;-42.0095079969;5626.0;36.953;5.937;56.968;0.053;0.089
2022;MG;São Domingos do Prata;-19.8710279004;-42.9603634004;17392.0;30.428;17.019;52.346;0.103;0.103
2022;MG;São Félix de Minas;-18.5861055945;-41.4903528288;3200.0;27.906;7.156;64.656;0.219;0.062
2022;MG;São Francisco;-15.9525638056;-44.8613127424;52762.0;17.259;15.342;66.881;0.241;0.277
2022;MG;São Francisco de Paula;-20.7135317999;-44.9826306199;6187.0;49.038;11.961;38.92;0.065;0.016
2022;MG;São Francisco de Sales;-19.8651143583;-49.7655663179;5732.0;44.348;6.926;48.465;0.227;0.035
2022;MG;São Francisco do Glória;-20.7923014187;-42.2682205327;4800.0;45.229;12.479;41.958;0.312;0.021
2022;MG;São Geraldo;-20.9208475279;-42.8376641332;10280.0;45.34;11.78;42.724;0.078;0.078
2022;MG;São Geraldo da Piedade;-18.8440313419;-42.2891350679;3305.0;16.914;17.973;65.023;0.091;0.0
2022;MG;São Geraldo do Baixio;-18.9188085164;-41.3636282369;3143.0;31.467;8.145;60.325;0.0;0.064
2022;MG;São Gonçalo do Abaeté;-18.341112928;-45.8342461504;7375.0;29.397;11.566;58.983;0.0;0.054
2022;MG;São Gonçalo do Pará;-19.9856847319;-44.8571889838;11770.0;47.4;9.703;42.736;0.068;0.093
2022;MG;São Gonçalo do Rio Abaixo;-19.8318007018;-43.3480400193;11849.0;22.095;20.516;57.186;0.118;0.084
2022;MG;São Gonçalo do Sapucaí;-21.8919051421;-45.5946377949;23959.0;56.722;7.651;35.335;0.246;0.046
2022;MG;São Gotardo;-19.3127001913;-46.0531440401;40910.0;40.506;8.511;49.951;0.963;0.068
2022;MG;São João Batista do Glória;-20.6390368456;-46.5034614693;7651.0;64.815;4.575;30.44;0.157;0.013
2022;MG;São João da Lagoa;-16.8520551567;-44.3490885622;4822.0;20.178;8.15;71.402;0.207;0.062
2022;MG;São João da Mata;-21.9348528245;-45.9265298076;2914.0;83.322;3.363;13.212;0.034;0.069
2022;MG;São João da Ponte;-15.9245130655;-44.0089551085;23930.0;21.074;12.628;66.168;0.096;0.033
2022;MG;São João das Missões;-14.8825334839;-44.0812622895;13024.0;6.05;2.626;19.387;0.0;71.936
2022;MG;São João del-Rei;-21.1355089743;-44.2609727347;90190.0;51.862;11.163;36.793;0.121;0.061
2022;MG;São João do Manhuaçu;-20.395499866;-42.1521577505;11245.0;40.178;6.536;53.268;0.009;0.009
2022;MG;São João do Manteninha;-18.7278374866;-41.1587484426;5331.0;30.257;7.935;61.771;0.038;0.0
2022;MG;São João do Oriente;-19.3376661343;-42.156459895;7070.0;39.477;5.941;54.286;0.283;0.014
2022;MG;São João do Pacuí;-16.5383751446;-44.5295709891;3972.0;19.058;14.602;66.339;0.0;0.0
2022;MG;São João do Paraíso;-15.3184380951;-42.0114224428;23910.0;30.56;4.291;65.002;0.088;0.059
2022;MG;São João Evangelista;-18.5451868295;-42.7760481434;15313.0;21.949;9.711;68.217;0.091;0.033
2022;MG;São João Nepomuceno;-21.5356970636;-43.0112857685;25565.0;51.367;15.243;33.299;0.047;0.043
2022;MG;São Joaquim de Bicas;-20.0634684606;-44.2662730161;34348.0;26.636;14.81;57.622;0.189;0.742
2022;MG;São José da Barra;-20.7220909662;-46.3193295709;7793.0;61.453;7.135;31.105;0.205;0.103
2022;MG;São José da Lapa;-19.6986268215;-43.9599562982;26090.0;27.447;16.708;55.588;0.115;0.142
2022;MG;São José da Safira;-18.3251174568;-42.1464105249;3806.0;16.658;16.185;66.947;0.131;0.079
2022;MG;São José da Varginha;-19.7048059868;-44.561059733;4536.0;38.889;8.973;51.874;0.11;0.154
2022;MG;São José do Alegre;-22.3290552486;-45.5301876075;4133.0;72.804;4.379;22.647;0.121;0.048
2022;MG;São José do Divino;-18.483263322;-41.3912087844;3464.0;24.509;10.075;65.329;0.029;0.058
2022;MG;São José do Goiabal;-19.927983217;-42.7098601269;5396.0;24.5;20.441;55.004;0.056;0.0
2022;MG;São José do Jacuri;-18.2758107503;-42.6666267692;6197.0;20.978;7.746;70.954;0.145;0.178
2022;MG;São José do Mantimento;-20.0059989819;-41.7490728164;2753.0;43.153;6.865;49.909;0.073;0.0
2022;MG;São Lourenço;-22.1177686714;-45.0533731031;44798.0;66.612;7.293;25.84;0.176;0.078
2022;MG;São Miguel do Anta;-20.7059175905;-42.7208990463;6334.0;39.691;13.404;46.795;0.047;0.063
2022;MG;São Pedro da União;-21.1334584955;-46.6213268893;4885.0;74.186;3.705;21.965;0.143;0.0
2022;MG;São Pedro dos Ferros;-20.1719098245;-42.5239009348;7166.0;28.258;22.188;49.121;0.433;0.0
2022;MG;São Pedro do Suaçuí;-18.3655057595;-42.6002319397;5103.0;19.753;10.798;69.41;0.0;0.039
2022;MG;São Romão;-16.3686392158;-45.0691351971;10315.0;11.333;19.166;69.21;0.204;0.087
2022;MG;São Roque de Minas;-20.2506708115;-46.3689949346;7129.0;63.487;6.887;29.499;0.084;0.042
2022;MG;São Sebastião da Bela Vista;-22.1550057868;-45.7547892089;6387.0;58.65;5.558;35.525;0.251;0.016
2022;MG;São Sebastião da Vargem Alegre;-21.0738303381;-42.6386658919;3113.0;69.322;5.622;25.056;0.0;0.0
2022;MG;São Sebastião do Anta;-19.5001070899;-41.9795988985;6194.0;32.128;5.505;62.254;0.048;0.065
2022;MG;São Sebastião do Maranhão;-18.0913715113;-42.5657456967;10079.0;20.835;4.643;74.492;0.02;0.01
2022;MG;São Sebastião do Oeste;-20.2740951952;-45.003133987;8815.0;49.314;6.682;43.936;0.068;0.0
2022;MG;São Sebastião do Paraíso;-20.9180654486;-46.9864718256;71796.0;61.325;6.048;32.427;0.145;0.056
2022;MG;São Sebastião do Rio Preto;-19.2857666703;-43.1747344223;1259.0;31.215;15.409;53.376;0.0;0.0
2022;MG;São Sebastião do Rio Verde;-22.2150562279;-44.9777360534;2300.0;78.87;4.783;16.348;0.0;0.0
2022;MG;São Tiago;-20.9009463499;-44.5039924427;11192.0;54.673;11.347;33.908;0.009;0.063
2022;MG;São Tomás de Aquino;-20.784994387;-47.0967829719;6740.0;53.457;7.047;39.421;0.059;0.015
2022;MG;São Tomé das Letras;-21.7207227802;-44.9870084546;6904.0;54.823;9.357;35.313;0.188;0.319
2022;MG;São Vicente de Minas;-21.6974718375;-44.4546835036;6803.0;41.908;17.58;40.232;0.206;0.073
2022;MG;Sapucaí-Mirim;-22.7515963809;-45.7409257376;6311.0;72.033;3.232;24.529;0.206;0.0
2022;MG;Sardoá;-18.7832653469;-42.3661292229;5104.0;22.433;8.582;68.868;0.098;0.02
2022;MG;Sarzedo;-20.0345349208;-44.1458673613;36844.0;28.93;15.376;55.553;0.1;0.041
2022;MG;Setubinha;-17.5970190167;-42.1664383108;9917.0;11.052;15.841;72.956;0.131;0.02
2022;MG;Sem-Peixe;-20.1025363692;-42.8419017302;2433.0;28.155;14.797;56.515;0.411;0.123
2022;MG;Senador Amaral;-22.5887215666;-46.1802335938;6206.0;68.369;5.124;25.282;1.192;0.032
2022;MG;Senador Cortes;-21.8025169575;-42.9443320994;2240.0;40.045;28.393;31.339;0.179;0.045
2022;MG;Senador Firmino;-20.9180596003;-43.1041303933;7715.0;53.519;6.779;39.456;0.091;0.156
2022;MG;Senador José Bento;-22.1666066777;-46.1794726958;2068.0;74.952;5.222;19.778;0.048;0.0
2022;MG;Senador Modestino Gonçalves;-17.9460246708;-43.2229754715;4008.0;23.852;12.75;63.398;0.0;0.0
2022;MG;Senhora de Oliveira;-20.7938997632;-43.337731994;5483.0;48.185;11.399;40.27;0.128;0.018
2022;MG;Senhora do Porto;-18.89800802;-43.0817557208;3067.0;23.117;17.672;59.048;0.13;0.033
2022;MG;Senhora dos Remédios;-21.0330829642;-43.5863819522;10383.0;56.458;7.281;36.069;0.183;0.01
2022;MG;Sericita;-20.4715553545;-42.4820072656;7345.0;38.148;8.033;53.656;0.068;0.095
2022;MG;Seritinga;-21.9113492777;-44.5214453518;1819.0;64.431;5.882;29.632;0.055;0.0
2022;MG;Serra Azul de Minas;-18.362279725;-43.1744593091;3792.0;11.788;8.703;79.378;0.079;0.053
2022;MG;Serra da Saudade;-19.4405622458;-45.7965895747;833.0;47.899;9.244;42.857;0.0;0.0
2022;MG;Serra dos Aimorés;-17.7857470183;-40.2431685749;6944.0;24.021;12.745;63.004;0.187;0.043
2022;MG;Serra do Salitre;-19.1117957635;-46.6921087262;11801.0;41.158;12.228;46.479;0.119;0.017
2022;MG;Serrania;-21.546680652;-46.0431449358;7621.0;53.51;10.917;35.323;0.157;0.092
2022;MG;Serranópolis de Minas;-15.8087837821;-42.8743863931;4399.0;25.347;11.798;62.832;0.023;0.0
2022;MG;Serranos;-21.8887817979;-44.5067541647;1990.0;61.357;4.824;33.367;0.151;0.302
2022;MG;Serro;-18.6044422453;-43.3886312681;21951.0;14.719;16.437;68.758;0.05;0.036
2022;MG;Sete Lagoas;-19.4582874188;-44.2395946156;227389.0;29.265;11.692;58.908;0.084;0.051
2022;MG;Silveirânia;-21.1646375385;-43.2178784698;2323.0;54.455;7.103;38.399;0.0;0.043
2022;MG;Silvianópolis;-22.0279972639;-45.8324471456;6179.0;68.102;5.049;26.299;0.453;0.097
2022;MG;Simão Pereira;-21.9648567892;-43.3149558126;2947.0;37.428;16.729;45.741;0.034;0.068
2022;MG;Simonésia;-20.1220295974;-42.0038567487;19750.0;34.456;6.633;58.638;0.203;0.071
2022;MG;Sobrália;-19.2355492879;-42.0986538397;5137.0;33.074;8.643;57.933;0.078;0.273
2022;MG;Soledade de Minas;-22.0592064058;-45.041022642;5613.0;68.537;5.808;25.583;0.0;0.071
2022;MG;Tabuleiro;-21.3575776594;-43.2456052646;4013.0;53.028;13.257;33.541;0.1;0.075
2022;MG;Taiobeiras;-15.8115214377;-42.2279155456;33050.0;30.396;7.48;61.985;0.085;0.054
2022;MG;Taparuba;-19.7614695843;-41.6158581306;3387.0;41.571;9.064;49.365;0.0;0.0
2022;MG;Tapira;-19.9255792183;-46.8219153622;4118.0;59.495;4.031;36.401;0.0;0.073
2022;MG;Tapiraí;-19.8858056069;-46.0185702098;1690.0;56.982;6.213;36.805;0.0;0.0
2022;MG;Taquaraçu de Minas;-19.6738480484;-43.6871427897;4224.0;29.569;12.453;57.765;0.189;0.024
2022;MG;Tarumirim;-19.2814948728;-42.0077345774;14709.0;35.019;7.9;56.85;0.177;0.054
2022;MG;Teixeiras;-20.6490665251;-42.8626438044;12255.0;43.199;13.709;42.848;0.22;0.024
2022;MG;Teófilo Otoni;-17.862539808;-41.5096351658;137418.0;24.761;13.547;61.255;0.09;0.346
2022;MG;Timóteo;-19.5840503585;-42.6439423108;81574.0;34.441;15.192;50.13;0.148;0.088
2022;MG;Tiradentes;-21.1070434368;-44.1726923811;7744.0;50.736;8.2;40.806;0.116;0.142
2022;MG;Tiros;-19.0039173801;-45.9635510992;7883.0;60.751;5.95;33.135;0.101;0.063
2022;MG;Tocantins;-21.175549526;-43.0186995084;16185.0;47.167;11.863;40.921;0.037;0.012
2022;MG;Tocos do Moji;-22.3716455947;-46.0964468007;3826.0;85.703;1.986;12.154;0.157;0.0
2022;MG;Toledo;-22.7433948081;-46.3789726565;7214.0;72.429;2.939;24.342;0.25;0.042
2022;MG;Tombos;-20.9025892251;-42.0146816211;8609.0;45.057;16.216;38.669;0.058;0.0
2022;MG;Três Corações;-21.6959657769;-45.2549368732;75482.0;43.861;14.52;41.442;0.146;0.032
2022;MG;Três Marias;-18.205921224;-45.2257352467;28890.0;29.533;10.585;59.685;0.118;0.08
2022;MG;Três Pontas;-21.3687699217;-45.515474797;55255.0;46.573;11.843;41.439;0.109;0.036
2022;MG;Tumiritinga;-18.9766076612;-41.6379804794;5886.0;24.856;13.116;61.57;0.102;0.357
2022;MG;Tupaciguara;-18.5993525644;-48.6937358802;25465.0;49.825;8.164;41.806;0.173;0.031
2022;MG;Turmalina;-17.2864120943;-42.7304145448;20000.0;28.55;6.25;65.085;0.09;0.025
2022;MG;Turvolândia;-21.8793890057;-45.7967357927;4935.0;62.533;6.14;30.294;1.013;0.02
2022;MG;Ubá;-21.1185969515;-42.9367864644;103361.0;47.075;13.502;39.213;0.11;0.1
2022;MG;Ubaí;-16.2974045209;-44.7870862055;11708.0;16.681;19.713;62.735;0.871;0.0
2022;MG;Ubaporanga;-19.6413620049;-42.1092163271;13017.0;37.428;7.467;54.606;0.238;0.261
2022;MG;Uberaba;-19.7135346071;-47.9836248956;337834.0;52.239;11.206;36.152;0.333;0.071
2022;MG;Uberlândia;-18.9189986093;-48.2779501847;713181.0;48.852;10.976;39.795;0.28;0.097
2022;MG;Umburatiba;-17.2536072103;-40.5726450205;2684.0;20.715;7.787;70.902;0.447;0.149
2022;MG;Unaí;-16.3590084925;-46.8999565953;86619.0;34.868;9.917;54.973;0.205;0.037
2022;MG;União de Minas;-19.5297366441;-50.3308029414;3827.0;43.271;8.675;47.766;0.235;0.052
2022;MG;Uruana de Minas;-16.0600251971;-46.2562288734;3282.0;23.583;10.299;66.118;0.0;0.0
2022;MG;Urucânia;-20.3508704157;-42.7412284517;10600.0;21.594;20.877;57.443;0.047;0.038
2022;MG;Urucuia;-16.132091017;-45.7370281844;17479.0;13.954;9.182;76.818;0.034;0.011
2022;MG;Vargem Alegre;-19.6007202041;-42.2998154823;5780.0;30.225;10.467;59.083;0.121;0.104
2022;MG;Vargem Bonita;-20.3267766484;-46.3724569794;2158.0;63.855;4.912;31.233;0.0;0.0
2022;MG;Vargem Grande do Rio Pardo;-15.4024006159;-42.3092908663;4633.0;30.088;2.374;67.516;0.0;0.022
2022;MG;Varginha;-21.5570800391;-45.4318861443;136465.0;53.891;11.629;34.17;0.251;0.058
2022;MG;Varjão de Minas;-18.3837044638;-46.0335015457;6969.0;33.29;8.165;57.641;0.072;0.832
2022;MG;Várzea da Palma;-17.5975701771;-44.7303465827;33744.0;22.724;15.407;61.641;0.19;0.039
2022;MG;Varzelândia;-15.7088710523;-44.0279481432;18839.0;25.628;12.883;61.351;0.09;0.048
2022;MG;Vazante;-17.9910384302;-46.9019668858;19974.0;35.907;10.484;53.414;0.135;0.06
2022;MG;Verdelândia;-15.5945423473;-43.6060222624;7672.0;15.068;28.975;55.592;0.13;0.235
2022;MG;Veredinha;-17.3939690803;-42.73593024;5181.0;26.404;4.497;69.06;0.019;0.019
2022;MG;Veríssimo;-19.6693578326;-48.3037105803;3411.0;52.682;10.495;36.763;0.029;0.029
2022;MG;Vermelho Novo;-20.0347660883;-42.2683458174;4899.0;35.497;5.838;58.359;0.286;0.02
2022;MG;Vespasiano;-19.6930304398;-43.9199151867;129246.0;25.489;18.605;55.705;0.115;0.087
2022;MG;Viçosa;-20.752072007;-42.8794773757;76427.0;45.209;16.599;37.807;0.211;0.174
2022;MG;Vieiras;-20.8653406932;-42.2458035423;3700.0;54.378;7.027;38.351;0.162;0.081
2022;MG;Mathias Lobato;-18.5795889083;-41.9233604609;3038.0;14.681;17.413;67.742;0.066;0.099
2022;MG;Virgem da Lapa;-16.802148857;-42.3432810666;11804.0;17.994;19.748;62.191;0.017;0.051
2022;MG;Virgínia;-22.3369720668;-45.095425163;8908.0;84.172;3.3;12.405;0.123;0.0
2022;MG;Virginópolis;-18.8251403925;-42.7148044703;10314.0;28.524;7.165;64.194;0.087;0.029
2022;MG;Virgolândia;-18.4760617048;-42.3108100373;4551.0;21.973;14.568;63.349;0.066;0.044
2022;MG;Visconde do Rio Branco;-21.0119895771;-42.839389391;39159.0;42.887;13.987;42.994;0.069;0.064
2022;MG;Volta Grande;-21.7707111492;-42.5412849474;4443.0;32.005;27.391;40.513;0.023;0.068
2022;MG;Wenceslau Braz;-22.5290130397;-45.3567739531;2356.0;75.934;3.565;20.416;0.0;0.085
2022;ES;Afonso Cláudio;-20.0770400099;-41.1254597172;30684.0;49.863;7.072;43.026;0.016;0.023
2022;ES;Águia Branca;-18.9873613695;-40.7366381674;9711.0;34.435;5.612;59.757;0.031;0.165
2022;ES;Água Doce do Norte;-18.5455464913;-40.9764559119;12042.0;27.155;9.459;63.162;0.174;0.05
2022;ES;Alegre;-20.7632651351;-41.5364883188;29177.0;50.495;11.156;38.054;0.219;0.075
2022;ES;Alfredo Chaves;-20.6303475372;-40.7600496464;13836.0;61.405;4.228;34.316;0.036;0.014
2022;ES;Alto Rio Novo;-19.0574996056;-41.0186843433;7434.0;33.145;10.21;56.43;0.188;0.027
2022;ES;Anchieta;-20.8056132242;-40.6476589422;29983.0;39.556;8.658;50.802;0.08;0.904
2022;ES;Apiacá;-21.1564478853;-41.5633797609;7223.0;40.689;15.811;43.043;0.318;0.138
2022;ES;Aracruz;-19.8232777404;-40.2762233764;94764.0;30.836;9.218;54.424;0.08;5.443
2022;ES;Atilio Vivacqua;-20.9158966202;-41.1912419095;10540.0;40.882;13.89;45.18;0.019;0.028
2022;ES;Baixo Guandu;-19.5142461286;-41.0120677359;30673.0;38.891;7.736;53.246;0.026;0.101
2022;ES;Barra de São Francisco;-18.7590890533;-40.890398624;42498.0;30.225;6.96;62.596;0.141;0.078
2022;ES;Boa Esperança;-18.5387151622;-40.3029556431;13606.0;29.899;10.04;59.951;0.059;0.051
2022;ES;Bom Jesus do Norte;-21.1293417884;-41.6758105078;10254.0;49.054;13.887;36.961;0.068;0.029
2022;ES;Brejetuba;-20.1570341862;-41.2896765285;12985.0;37.343;7.486;54.963;0.131;0.077
2022;ES;Cachoeiro de Itapemirim;-20.8501123497;-41.1119188104;185783.0;44.616;11.723;43.538;0.068;0.055
2022;ES;Cariacica;-20.2946777965;-40.3905591047;353488.0;29.275;13.245;57.317;0.062;0.102
2022;ES;Castelo;-20.6020650861;-41.202212704;36928.0;58.622;8.27;33.021;0.049;0.038
2022;ES;Colatina;-19.5362700836;-40.630317554;120032.0;42.983;8.266;48.656;0.039;0.056
2022;ES;Conceição da Barra;-18.5984623009;-39.7274744194;27457.0;20.811;21.31;57.155;0.062;0.663
2022;ES;Conceição do Castelo;-20.3655811138;-41.2453480412;11937.0;50.557;8.478;40.848;0.05;0.067
2022;ES;Divino de São Lourenço;-20.6204706519;-41.6799763283;5083.0;55.715;9.994;33.74;0.216;0.334
2022;ES;Domingos Martins;-20.3642385224;-40.6593963546;35416.0;65.73;4.489;29.696;0.034;0.051
2022;ES;Dores do Rio Preto;-20.6928939053;-41.8495773625;6596.0;55.17;9.779;34.718;0.197;0.136
2022;ES;Ecoporanga;-18.3752523795;-40.8300811593;21992.0;21.121;8.621;70.176;0.064;0.018
2022;ES;Fundão;-19.9334471177;-40.403765444;18014.0;33.707;9.931;56.123;0.072;0.167
2022;ES;Governador Lindenberg;-19.2528074444;-40.4577660614;11009.0;45.29;5.623;49.078;0.009;0.0
2022;ES;Guaçuí;-20.7753378053;-41.6794962927;29358.0;49.486;12.712;37.595;0.085;0.123
2022;ES;Guarapari;-20.6659745796;-40.4950210195;124655.0;36.793;10.841;52.016;0.112;0.237
2022;ES;Ibatiba;-20.2340203463;-41.5072079995;25380.0;49.173;5.93;44.669;0.13;0.099
2022;ES;Ibiraçu;-19.8318799981;-40.3716661789;11722.0;37.05;10.067;52.244;0.043;0.597
2022;ES;Ibitirama;-20.5387309666;-41.6594124009;9520.0;53.172;5.735;41.019;0.032;0.042
2022;ES;Iconha;-20.7971447539;-40.8112210453;12326.0;64.254;3.764;31.908;0.024;0.049
2022;ES;Irupi;-20.3485970393;-41.6475278615;13710.0;49.511;8.315;42.101;0.058;0.015
2022;ES;Itaguaçu;-19.8025077112;-40.8565984866;13589.0;48.951;7.065;43.94;0.007;0.037
2022;ES;Itapemirim;-21.0110996273;-40.8361451168;39832.0;43.523;7.122;49.169;0.058;0.128
2022;ES;Itarana;-19.872348006;-40.8797910822;10597.0;59.045;4.803;36.114;0.019;0.019
2022;ES;Iúna;-20.3485995138;-41.5328886935;28590.0;50.668;6.027;43.204;0.059;0.042
2022;ES;Jaguaré;-18.9004359095;-40.0861409924;28931.0;30.5;14.469;54.699;0.097;0.235
2022;ES;Jerônimo Monteiro;-20.7976978983;-41.4029345745;11574.0;47.261;12.58;39.813;0.19;0.156
2022;ES;João Neiva;-19.7529585989;-40.3808804853;14079.0;44.797;8.424;46.502;0.036;0.241
2022;ES;Laranja da Terra;-19.8986934504;-41.0552443545;11094.0;67.397;5.021;27.492;0.018;0.072
2022;ES;Linhares;-19.3981059345;-40.0653057987;166775.0;31.283;11.833;56.443;0.08;0.361
2022;ES;Mantenópolis;-18.8611789662;-41.1177374788;12770.0;26.343;8.606;64.8;0.188;0.063
2022;ES;Marataízes;-21.0429962753;-40.8301872857;41929.0;49.138;6.609;44.12;0.067;0.067
2022;ES;Marechal Floriano;-20.426708592;-40.6803834329;17641.0;54.815;6.179;38.858;0.079;0.068
2022;ES;Marilândia;-19.4128127578;-40.5509510036;12387.0;57.068;6.579;36.167;0.065;0.121
2022;ES;Mimoso do Sul;-21.0653735082;-41.3644252659;24475.0;44.547;12.172;43.138;0.069;0.074
2022;ES;Montanha;-18.1268566472;-40.3634208796;18900.0;25.074;9.899;64.825;0.074;0.127
2022;ES;Mucurici;-18.0972363796;-40.5179268365;5466.0;23.875;12.148;63.941;0.018;0.018
2022;ES;Muniz Freire;-20.4565455935;-41.4175137804;18153.0;46.731;6.776;46.373;0.05;0.072
2022;ES;Muqui;-20.9536923095;-41.3462139984;13745.0;41.179;13.518;45.216;0.036;0.051
2022;ES;Nova Venécia;-18.7129060016;-40.401547877;49065.0;39.052;8.152;52.636;0.049;0.11
2022;ES;Pancas;-19.2244197861;-40.8560031007;18893.0;36.881;7.474;55.401;0.143;0.101
2022;ES;Pedro Canário;-18.2971915039;-39.9549369519;21522.0;21.536;14.776;63.219;0.056;0.414
2022;ES;Pinheiros;-18.4133233436;-40.2177280802;23915.0;22.015;11.854;65.992;0.079;0.059
2022;ES;Piúma;-20.8376088997;-40.7279809404;22299.0;44.383;7.96;47.401;0.126;0.13
2022;ES;Ponto Belo;-18.1291260855;-40.5381337771;6497.0;22.687;10.944;66.123;0.077;0.169
2022;ES;Presidente Kennedy;-21.1001484085;-41.0518956306;13695.0;36.364;13.041;50.449;0.102;0.044
2022;ES;Rio Bananal;-19.2770864859;-40.3224784283;19274.0;45.943;6.657;47.292;0.047;0.062
2022;ES;Rio Novo do Sul;-20.8645861497;-40.9362283555;11068.0;54.048;5.394;40.432;0.036;0.09
2022;ES;Santa Leopoldina;-20.0988906925;-40.5332096123;13106.0;55.501;6.516;37.891;0.046;0.046
2022;ES;Santa Maria de Jetibá;-20.0288140582;-40.7416178006;41636.0;75.725;2.764;21.433;0.024;0.053
2022;ES;Santa Teresa;-19.9377143169;-40.5989977217;22808.0;60.689;5.976;33.151;0.035;0.149
2022;ES;São Domingos do Norte;-19.14816851;-40.6218777327;8589.0;39.492;7.545;52.893;0.023;0.047
2022;ES;São Gabriel da Palha;-19.0219647532;-40.5295995076;32252.0;42.952;5.621;51.296;0.068;0.062
2022;ES;São José do Calçado;-21.0261302467;-41.6560878498;10876.0;45.862;15.199;38.81;0.074;0.055
2022;ES;São Mateus;-18.7184469679;-39.8582005956;123752.0;25.913;18.156;55.37;0.172;0.388
2022;ES;São Roque do Canaã;-19.7253072048;-40.6431387555;10885.0;58.934;4.823;36.197;0.028;0.018
2022;ES;Serra;-20.1567698424;-40.2752170367;520646.0;28.582;14.612;56.388;0.163;0.255
2022;ES;Sooretama;-19.1919496279;-40.0964908071;26502.0;24.3;15.591;59.848;0.158;0.102
2022;ES;Vargem Alta;-20.6716781988;-41.0071483602;19563.0;51.741;8.741;39.406;0.072;0.041
2022;ES;Venda Nova do Imigrante;-20.3315181774;-41.1290532111;23830.0;55.892;6.446;37.554;0.046;0.063
2022;ES;Viana;-20.3908625112;-40.4956243355;73419.0;29.821;12.922;56.925;0.128;0.204
2022;ES;Vila Pavão;-18.6208034523;-40.6024114108;8911.0;47.705;6.228;45.977;0.011;0.079
2022;ES;Vila Valério;-18.9936174389;-40.3905897774;13728.0;41.412;5.638;52.906;0.0;0.044
2022;ES;Vila Velha;-20.3383741042;-40.2939566369;467714.0;41.866;10.859;46.952;0.139;0.184
2022;ES;Vitória;-20.3201537929;-40.3222087267;322855.0;45.572;12.386;41.599;0.244;0.199
2022;RJ;Angra dos Reis;-23.0091159353;-44.3196272623;167432.0;44.904;11.248;43.328;0.196;0.324
2022;RJ;Aperibé;-21.6194217698;-42.1049166541;11034.0;59.072;7.876;32.953;0.027;0.073
2022;RJ;Araruama;-22.8774383874;-42.3410960232;129671.0;38.888;15.832;45.087;0.067;0.125
2022;RJ;Areal;-22.2369120036;-43.1010698052;11828.0;50.101;15.742;34.029;0.059;0.068
2022;RJ;Armação dos Búzios;-22.7577637929;-41.8877494681;40005.0;45.284;15.076;39.243;0.135;0.262
2022;RJ;Arraial do Cabo;-22.9676382776;-42.0283359676;30984.0;47.805;12.939;38.936;0.119;0.2
2022;RJ;Barra do Piraí;-22.4695962921;-43.8284524538;92877.0;38.383;22.234;39.18;0.113;0.09
2022;RJ;Barra Mansa;-22.5453011339;-44.1724313737;169892.0;45.484;16.347;38.004;0.121;0.044
2022;RJ;Belford Roxo;-22.7645559675;-43.3996249708;483075.0;27.192;19.785;52.923;0.049;0.05
2022;RJ;Bom Jardim;-22.1533052283;-42.4172114823;28098.0;63.214;10.645;25.973;0.1;0.068
2022;RJ;Bom Jesus do Itabapoana;-21.1344974419;-41.677679795;35173.0;49.066;14.889;35.854;0.097;0.094
2022;RJ;Cabo Frio;-22.8807646671;-42.0200748019;222154.0;41.849;15.417;42.454;0.122;0.158
2022;RJ;Cachoeiras de Macacu;-22.4675708722;-42.6631643573;56943.0;35.843;12.253;51.423;0.404;0.077
2022;RJ;Cambuci;-21.5772767097;-41.9086360047;14616.0;46.668;12.938;40.353;0.014;0.027
2022;RJ;Carapebus;-22.1825947274;-41.6640105959;13847.0;31.631;13.57;54.618;0.065;0.116
2022;RJ;Comendador Levy Gasparian;-22.0333589384;-43.2172237156;8741.0;32.822;22.618;44.274;0.229;0.057
2022;RJ;Campos dos Goytacazes;-21.7518986321;-41.3304764919;483510.0;42.085;17.664;40.101;0.074;0.075
2022;RJ;Cantagalo;-21.9818398588;-42.365977599;19389.0;43.648;24.369;31.905;0.041;0.036
2022;RJ;Cardoso Moreira;-21.4961573567;-41.6132963462;12957.0;49.093;12.094;38.69;0.054;0.069
2022;RJ;Carmo;-21.9293117801;-42.6097176407;17197.0;48.921;19.381;31.575;0.093;0.029
2022;RJ;Casimiro de Abreu;-22.4795365026;-42.2042105444;46109.0;42.083;15.387;42.358;0.048;0.124
2022;RJ;Conceição de Macabu;-22.0878715265;-41.8677585057;21104.0;34.875;18.328;46.569;0.137;0.09
2022;RJ;Cordeiro;-22.0277765631;-42.3630305379;20783.0;49.242;19.641;31.073;0.024;0.019
2022;RJ;Duas Barras;-22.0589060899;-42.5150976315;10980.0;53.461;16.639;29.882;0.018;0.0
2022;RJ;Duque de Caxias;-22.7852532497;-43.3098880717;808148.0;31.001;19.075;49.742;0.099;0.083
2022;RJ;Engenheiro Paulo de Frontin;-22.5436846647;-43.679476829;12240.0;43.725;13.162;42.908;0.123;0.082
2022;RJ;Guapimirim;-22.5195957941;-42.9783297043;51696.0;36.481;17.322;46.015;0.099;0.083
2022;RJ;Iguaba Grande;-22.8390569837;-42.2221245423;27920.0;45.039;13.481;41.275;0.082;0.122
2022;RJ;Itaboraí;-22.7458630174;-42.8603434262;224259.0;31.022;16.756;52.05;0.06;0.112
2022;RJ;Itaguaí;-22.8712507684;-43.7750406349;116837.0;34.932;14.956;49.599;0.366;0.146
2022;RJ;Italva;-21.425103278;-41.6909647605;14073.0;52.121;8.932;38.89;0.057;0.0
2022;RJ;Itaocara;-21.6705026733;-42.0777295246;22918.0;63.304;10.948;25.674;0.052;0.022
2022;RJ;Itaperuna;-21.2105910848;-41.8862031767;101031.0;44.599;14.994;40.249;0.083;0.074
2022;RJ;Itatiaia;-22.4970145997;-44.5627719942;30908.0;46.35;12.861;40.339;0.217;0.233
2022;RJ;Japeri;-22.6448185711;-43.653785801;96289.0;23.254;21.613;54.957;0.134;0.042
2022;RJ;Laje do Muriaé;-21.2057208352;-42.1311744192;7336.0;34.174;22.505;43.212;0.082;0.027
2022;RJ;Macaé;-22.3687049744;-41.7750642855;246386.0;37.425;17.387;44.871;0.18;0.137
2022;RJ;Macuco;-21.9902295051;-42.2570738797;5415.0;40.222;29.326;30.452;0.0;0.0
2022;RJ;Magé;-22.6543487574;-43.0402461327;228124.0;30.785;19.324;49.644;0.154;0.093
2022;RJ;Mangaratiba;-22.9617119412;-44.0411265454;41216.0;37.367;13.638;48.75;0.08;0.165
2022;RJ;Maricá;-22.9169553374;-42.8198241148;197273.0;43.039;12.815;43.881;0.087;0.177
2022;RJ;Mendes;-22.5174226019;-43.7214868877;17502.0;45.366;17.444;36.961;0.091;0.137
2022;RJ;Mesquita;-22.7680879226;-43.4292237631;167123.0;31.41;19.322;49.151;0.048;0.069
2022;RJ;Miguel Pereira;-22.4554266084;-43.4746761215;26579.0;46.078;13.744;39.922;0.177;0.079
2022;RJ;Miracema;-21.4111632992;-42.1984114072;26879.0;36.638;23.944;39.336;0.033;0.048
2022;RJ;Natividade;-21.043756989;-41.9764403133;15073.0;41.737;14.662;43.356;0.08;0.166
2022;RJ;Nilópolis;-22.8075142239;-43.4166099809;146772.0;34.599;17.826;47.412;0.093;0.07
2022;RJ;Niterói;-22.8964523851;-43.0758231673;481732.0;57.155;12.514;29.959;0.241;0.13
2022;RJ;Nova Friburgo;-22.2864614592;-42.532771263;189928.0;66.287;9.912;23.574;0.158;0.07
2022;RJ;Nova Iguaçu;-22.7598348263;-43.4503453299;785841.0;32.563;18.566;48.691;0.109;0.072
2022;RJ;Paracambi;-22.6097271621;-43.709384563;41375.0;39.507;15.715;44.621;0.08;0.077
2022;RJ;Paraíba do Sul;-22.1619815422;-43.2895444648;42060.0;41.541;19.006;39.365;0.059;0.029
2022;RJ;Paraty;-23.2194136073;-44.710858502;45239.0;43.341;10.208;45.138;0.274;1.039
2022;RJ;Paty do Alferes;-22.4274146332;-43.4248709167;29618.0;40.742;13.286;45.756;0.095;0.122
2022;RJ;Petrópolis;-22.510598612;-43.1773365767;278879.0;58.701;13.208;27.913;0.114;0.063
2022;RJ;Pinheiral;-22.5156739858;-44.000354557;24298.0;42.637;18.22;38.97;0.123;0.049
2022;RJ;Piraí;-22.6287569098;-43.8993511858;27472.0;42.56;18.477;38.807;0.073;0.084
2022;RJ;Porciúncula;-20.962607627;-42.0401563585;17288.0;39.438;18.475;41.607;0.376;0.104
2022;RJ;Porto Real;-22.4329484238;-44.296900735;20373.0;41.383;17.67;40.681;0.182;0.083
2022;RJ;Quatis;-22.4099186617;-44.2627113016;13682.0;41.412;16.226;42.187;0.102;0.073
2022;RJ;Queimados;-22.7174304901;-43.5556695471;140519.0;27.814;21.625;50.402;0.091;0.068
2022;RJ;Quissamã;-22.1066401655;-41.4725094001;22392.0;30.966;15.666;53.126;0.125;0.116
2022;RJ;Resende;-22.4711835861;-44.4436134229;129607.0;48.29;13.455;37.889;0.259;0.106
2022;RJ;Rio Bonito;-22.7112715026;-42.6259978412;56273.0;38.089;16.185;45.487;0.153;0.085
2022;RJ;Rio Claro;-22.731726834;-44.1394056377;17399.0;53.308;11.156;35.399;0.075;0.063
2022;RJ;Rio das Flores;-22.1718622438;-43.5764329481;8954.0;35.437;24.805;39.346;0.402;0.011
2022;RJ;Rio das Ostras;-22.5239411858;-41.9369671272;156490.0;43.795;13.421;42.508;0.111;0.166
2022;RJ;Rio de Janeiro;-22.8766521182;-43.227875125;6210987.0;45.429;15.592;38.704;0.169;0.105
2022;RJ;Santa Maria Madalena;-21.9660944707;-42.0144449928;10232.0;44.459;18.686;36.767;0.01;0.078
2022;RJ;Santo Antônio de Pádua;-21.5359771209;-42.1779115575;41323.0;50.855;15.948;33.132;0.022;0.044
2022;RJ;São Francisco de Itabapoana;-21.4801381323;-41.1177197286;45055.0;43.172;10.964;45.788;0.031;0.044
2022;RJ;São Fidélis;-21.6436265466;-41.7555923123;38961.0;54.714;12.194;32.997;0.054;0.041
2022;RJ;São Gonçalo;-22.829547313;-43.032335062;896714.0;36.94;16.987;45.944;0.055;0.074
2022;RJ;São João da Barra;-21.6404577524;-41.0503481455;36573.0;57.403;7.022;35.534;0.019;0.022
2022;RJ;São João de Meriti;-22.8023308086;-43.371884603;440948.0;29.275;19.202;51.399;0.071;0.053
2022;RJ;São José de Ubá;-21.3602211098;-41.9412319414;7070.0;41.018;11.245;47.723;0.014;0.0
2022;RJ;São José do Vale do Rio Preto;-22.1497395105;-42.9233683013;22080.0;64.334;9.348;26.146;0.072;0.1
2022;RJ;São Pedro da Aldeia;-22.8372031948;-42.1035286702;104028.0;42.59;13.512;43.707;0.048;0.142
2022;RJ;São Sebastião do Alto;-21.9544634109;-42.1302196785;7750.0;51.523;19.071;29.381;0.026;0.0
2022;RJ;Sapucaia;-21.9939558652;-42.9141753605;17729.0;48.604;16.278;34.948;0.135;0.034
2022;RJ;Saquarema;-22.931127416;-42.49669405;89553.0;40.728;13.614;45.477;0.075;0.106
2022;RJ;Seropédica;-22.743011068;-43.7019252212;80591.0;34.482;16.008;49.242;0.149;0.119
2022;RJ;Silva Jardim;-22.6543301984;-42.3898259274;21346.0;31.922;17.905;50.009;0.103;0.061
2022;RJ;Sumidouro;-22.0506694108;-42.6786255811;15206.0;65.04;9.983;24.931;0.026;0.02
2022;RJ;Tanguá;-22.7339374343;-42.7211719484;31086.0;26.9;15.917;56.939;0.145;0.1
2022;RJ;Teresópolis;-22.4090049456;-42.9629567139;165118.0;59.273;10.211;30.193;0.242;0.082
2022;RJ;Trajano de Moraes;-22.0613797048;-42.0548152486;10302.0;46.884;15.152;37.798;0.087;0.078
2022;RJ;Três Rios;-22.117448001;-43.2116094443;78341.0;39.66;20.782;39.419;0.094;0.045
2022;RJ;Valença;-22.2447194312;-43.7048436783;68087.0;44.994;18.382;36.345;0.21;0.069
2022;RJ;Varre-Sai;-20.9292976639;-41.8632953883;10207.0;49.407;11.277;38.924;0.274;0.118
2022;RJ;Vassouras;-22.409007573;-43.6638740245;33976.0;40.944;21.059;37.85;0.082;0.065
2022;RJ;Volta Redonda;-22.5099676008;-44.0935218847;261557.0;48.904;15.877;34.982;0.174;0.063
2022;SP;Adamantina;-21.68831148;-51.0733647496;34686.0;67.338;3.855;26.679;2.079;0.049
2022;SP;Adolfo;-21.2327297773;-49.6497214256;4351.0;59.664;4.298;35.578;0.299;0.161
2022;SP;Aguaí;-22.059684;-46.9796931093;32072.0;62.952;6.501;30.167;0.365;0.016
2022;SP;Águas da Prata;-21.934829;-46.7167667096;7369.0;71.747;4.302;23.558;0.394;0.0
2022;SP;Águas de Lindóia;-22.4738220362;-46.6317788359;17927.0;74.123;3.548;21.989;0.312;0.028
2022;SP;Águas de Santa Bárbara;-22.8691494094;-49.2386077671;7177.0;63.899;5.058;30.166;0.822;0.056
2022;SP;Águas de São Pedro;-22.5973395539;-47.883974741;2780.0;80.0;3.273;14.856;1.835;0.036
2022;SP;Agudos;-22.474037;-48.9901562879;37678.0;59.111;6.428;33.9;0.422;0.138
2022;SP;Alambari;-23.5538988927;-47.8935883872;6141.0;68.116;3.827;27.797;0.212;0.049
2022;SP;Alfredo Marcondes;-21.9527411236;-51.4129380665;4445.0;56.67;5.264;36.4;1.597;0.067
2022;SP;Altair;-20.5233048816;-49.0601107542;3451.0;48.363;8.056;43.35;0.203;0.029
2022;SP;Altinópolis;-21.0245826446;-47.3732802929;16816.0;61.12;6.191;32.433;0.22;0.036
2022;SP;Alto Alegre;-21.5816894572;-50.1635967961;3841.0;65.712;4.035;29.524;0.703;0.026
2022;SP;Alumínio;-23.5333730478;-47.2590569185;17299.0;51.702;7.711;40.182;0.364;0.04
2022;SP;Álvares Florence;-20.3198762474;-49.9111848125;3915.0;64.725;4.777;29.987;0.485;0.026
2022;SP;Álvares Machado;-22.077778995;-51.468797273;27255.0;53.634;6.81;37.101;2.37;0.084
2022;SP;Álvaro de Carvalho;-22.076374634;-49.7206090203;4808.0;44.8;10.15;44.863;0.166;0.021
2022;SP;Alvinlândia;-22.4450101516;-49.7630330294;2885.0;51.646;8.215;39.861;0.208;0.069
2022;SP;Americana;-22.7408835;-47.3303629264;237228.0;70.716;4.576;23.957;0.661;0.091
2022;SP;Américo Brasiliense;-21.7300365;-48.1066045618;33019.0;49.941;8.589;41.267;0.154;0.048
2022;SP;Américo de Campos;-20.2964019436;-49.7270268374;5870.0;68.041;4.549;26.695;0.613;0.102
2022;SP;Amparo;-22.6993886263;-46.7650856905;68008.0;72.584;4.717;22.437;0.216;0.046
2022;SP;Analândia;-22.1287854993;-47.6607664159;4589.0;63.696;6.014;29.854;0.305;0.131
2022;SP;Andradina;-20.901463515;-51.3788477948;59780.0;52.61;6.143;39.488;1.725;0.035
2022;SP;Angatuba;-23.483987;-48.4067596165;24022.0;73.516;3.251;22.912;0.271;0.05
2022;SP;Anhembi;-22.7863209396;-48.1269268306;5674.0;60.539;5.27;33.909;0.211;0.07
2022;SP;Anhumas;-22.2932371758;-51.3860744233;4023.0;54.164;4.126;40.79;0.895;0.025
2022;SP;Aparecida;-22.848154;-45.2294293381;32567.0;64.096;6.163;29.376;0.249;0.117
2022;SP;Aparecida d'Oeste;-20.4508453725;-50.8856157062;4086.0;65.419;4.528;29.491;0.538;0.024
2022;SP;Apiaí;-24.513316;-48.8486599046;24581.0;46.21;5.191;48.196;0.313;0.09
2022;SP;Araçariguama;-23.4300408482;-47.0715476362;21522.0;46.362;8.522;44.75;0.269;0.098
2022;SP;Araçatuba;-21.205476;-50.4392260728;200116.0;58.836;6.614;32.28;2.202;0.068
2022;SP;Araçoiaba da Serra;-23.5073197972;-47.5872429386;32437.0;69.877;4.085;24.864;1.073;0.102
2022;SP;Aramina;-20.0899442071;-47.786013041;5420.0;53.469;9.52;36.808;0.203;0.0
2022;SP;Arandu;-23.1334071156;-49.0509758715;6885.0;55.802;7.001;36.964;0.218;0.015
2022;SP;Arapeí;-22.6747987233;-44.4481065568;2330.0;50.043;12.189;37.124;0.386;0.258
2022;SP;Araraquara;-21.7903595;-48.1744399375;242214.0;64.932;7.91;26.39;0.708;0.06
2022;SP;Araras;-22.3570865197;-47.3858295275;130859.0;66.242;6.415;26.946;0.335;0.062
2022;SP;Arco-Íris;-21.773914025;-50.4649108683;2044.0;50.294;2.74;34.883;0.538;11.546
2022;SP;Arealva;-22.0247674993;-48.9204148014;8130.0;72.927;4.428;22.288;0.344;0.012
2022;SP;Areias;-22.5821938859;-44.6994320051;3577.0;53.201;7.269;39.335;0.112;0.084
2022;SP;Areiópolis;-22.6739404492;-48.6655945585;10129.0;54.645;6.496;38.701;0.138;0.02
2022;SP;Ariranha;-21.1861274429;-48.7883365641;7602.0;72.165;3.802;23.915;0.092;0.026
2022;SP;Artur Nogueira;-22.5713430105;-47.1643011503;51455.0;56.599;5.477;37.357;0.507;0.06
2022;SP;Arujá;-23.395826741;-46.3204896001;86676.0;51.458;8.31;38.493;1.611;0.128
2022;SP;Aspásia;-20.1581899859;-50.7269626714;1842.0;57.329;5.049;36.645;0.814;0.163
2022;SP;Assis;-22.66283502;-50.41751004;101409.0;70.599;4.301;24.454;0.574;0.071
2022;SP;Atibaia;-23.116308;-46.5550625007;158637.0;64.025;5.685;28.066;2.122;0.101
2022;SP;Auriflama;-20.6873348995;-50.5539593332;13692.0;66.367;3.842;29.156;0.606;0.029
2022;SP;Avaí;-22.1567721163;-49.3368150412;4483.0;51.996;4.327;28.151;0.468;15.057
2022;SP;Avanhandava;-21.4608705607;-49.9426973012;11263.0;51.771;6.641;41.215;0.337;0.036
2022;SP;Avaré;-23.1031935;-48.9232631944;92802.0;66.937;5.018;27.025;0.937;0.082
2022;SP;Bady Bassitt;-20.9185637796;-49.4485737093;27258.0;64.348;5.25;29.899;0.426;0.077
2022;SP;Balbinos;-21.901523782;-49.3564734994;3887.0;49.01;9.802;40.906;0.18;0.103
2022;SP;Bálsamo;-20.7382637782;-49.57932769;9596.0;73.979;4.366;21.561;0.083;0.01
2022;SP;Bananal;-22.6826159993;-44.323330129;9969.0;51.65;10.372;37.918;0.04;0.02
2022;SP;Barão de Antonina;-23.6271105197;-49.5660638969;3531.0;74.087;2.124;19.994;0.51;3.285
2022;SP;Barbosa;-21.259025922;-49.9539885165;5640.0;48.918;8.191;42.252;0.603;0.035
2022;SP;Bariri;-22.071978;-48.7415247712;31595.0;72.625;5.134;22.032;0.174;0.035
2022;SP;Barra Bonita;-22.4911455;-48.5632292276;34346.0;70.078;5.04;24.646;0.169;0.067
2022;SP;Barra do Chapéu;-24.4714259993;-49.0271391368;5179.0;40.684;5.542;53.35;0.367;0.058
2022;SP;Barra do Turvo;-24.759386656;-48.5023434528;6876.0;41.143;7.475;50.596;0.378;0.407
2022;SP;Barretos;-20.558455515;-48.5673778395;122484.0;61.415;9.133;28.617;0.786;0.048
2022;SP;Barrinha;-21.1917435;-48.1628135185;32092.0;39.405;11.043;48.785;0.611;0.156
2022;SP;Barueri;-23.508902;-46.8746528865;316457.0;52.313;8.222;38.708;0.688;0.069
2022;SP;Bastos;-21.92103747;-50.7348708619;21502.0;42.954;3.46;43.182;10.329;0.074
2022;SP;Batatais;-20.8919295;-47.5861067269;58401.0;66.352;6.197;27.25;0.18;0.022
2022;SP;Bauru;-22.3251225;-49.0830008671;379131.0;63.976;7.028;27.473;1.387;0.136
2022;SP;Bebedouro;-20.94981552;-48.4773621747;76372.0;65.423;6.415;27.771;0.359;0.033
2022;SP;Bento de Abreu;-21.2691080212;-50.8118522148;2606.0;43.553;8.212;47.813;0.422;0.0
2022;SP;Bernardino de Campos;-23.013553004;-49.4740434847;11607.0;74.05;4.101;21.633;0.121;0.095
2022;SP;Bertioga;-23.8540145;-46.1365383351;64186.0;43.245;9.625;45.932;0.709;0.489
2022;SP;Bilac;-21.4025711352;-50.4811104805;7319.0;65.624;4.714;28.078;1.489;0.096
2022;SP;Birigui;-21.2923922882;-50.339328517;118978.0;62.949;4.76;31.235;0.951;0.104
2022;SP;Biritiba-Mirim;-23.5710333875;-46.0412122248;29682.0;56.947;6.078;33.276;3.612;0.088
2022;SP;Boa Esperança do Sul;-21.9924841634;-48.390596907;12978.0;55.617;5.964;38.265;0.116;0.039
2022;SP;Bocaina;-22.1339225457;-48.5204936244;11259.0;67.306;3.864;28.644;0.053;0.133
2022;SP;Bofete;-23.10252;-48.2600330588;10460.0;62.323;5.306;31.989;0.306;0.076
2022;SP;Boituva;-23.2819440035;-47.671473498;61080.0;64.718;5.486;29.044;0.639;0.113
2022;SP;Bom Jesus dos Perdões;-23.1308374287;-46.4664928426;22005.0;59.241;5.962;33.788;0.968;0.041
2022;SP;Bom Sucesso de Itararé;-24.3182628407;-49.1437619226;3555.0;65.007;5.823;28.973;0.197;0.0
2022;SP;Borá;-22.2701171067;-50.5448809992;907.0;56.45;5.513;37.707;0.221;0.11
2022;SP;Boracéia;-22.1932056544;-48.7792182832;4715.0;62.8;6.129;30.923;0.021;0.127
2022;SP;Borborema;-21.6215379942;-49.0726402479;14226.0;72.712;3.887;23.014;0.373;0.014
2022;SP;Borebi;-22.5678331169;-48.9715958405;2713.0;55.105;5.271;38.85;0.295;0.479
2022;SP;Botucatu;-22.8883815;-48.4412893844;145149.0;69.656;5.48;24.108;0.67;0.086
2022;SP;Bragança Paulista;-22.9568955;-46.542333374;176795.0;69.077;4.839;24.95;1.038;0.096
2022;SP;Braúna;-21.5010212085;-50.3181656103;5356.0;53.846;5.583;36.8;0.784;2.987
2022;SP;Brejo Alegre;-21.1661284994;-50.1872585083;2565.0;44.094;6.628;47.485;1.793;0.0
2022;SP;Brodowski;-20.9901403802;-47.6563979569;25201.0;67.652;5.091;27.027;0.206;0.024
2022;SP;Brotas;-22.286516985;-48.1268333241;23895.0;67.512;5.064;27.085;0.243;0.096
2022;SP;Buri;-23.799381419;-48.5974149738;20250.0;65.284;3.565;30.933;0.198;0.02
2022;SP;Buritama;-21.0670395669;-50.1492812528;17210.0;59.884;4.852;34.555;0.593;0.116
2022;SP;Buritizal;-20.1931482216;-47.7088600395;4356.0;67.011;4.568;28.03;0.23;0.161
2022;SP;Cabrália Paulista;-22.4550869581;-49.3324468331;4299.0;63.689;4.094;31.914;0.279;0.023
2022;SP;Cabreúva;-23.3126743948;-47.1336583734;47007.0;53.367;6.842;38.847;0.755;0.189
2022;SP;Caçapava;-23.1006637527;-45.7077303651;96195.0;63.249;5.852;30.397;0.463;0.041
2022;SP;Cachoeira Paulista;-22.6647543761;-45.0106304149;31562.0;62.734;6.796;30.233;0.196;0.041
2022;SP;Caconde;-21.5287380375;-46.646834879;17101.0;67.148;4.69;27.957;0.181;0.023
2022;SP;Cafelândia;-21.8097052866;-49.6003544059;16654.0;56.683;6.077;35.715;1.507;0.018
2022;SP;Caiabu;-22.0123252566;-51.2359531355;3712.0;49.596;4.418;44.504;1.482;0.0
2022;SP;Caieiras;-23.3621160547;-46.7441014177;95032.0;53.655;9.54;36.389;0.274;0.143
2022;SP;Caiuá;-21.8299102734;-51.9868926967;5466.0;44.054;7.538;47.896;0.384;0.128
2022;SP;Cajamar;-23.3609713847;-46.8829201466;92687.0;50.174;8.688;40.727;0.33;0.08
2022;SP;Cajati;-24.7263609722;-48.104999809;28515.0;46.684;4.52;48.168;0.547;0.081
2022;SP;Cajobi;-20.8790925179;-48.8101223647;9133.0;63.988;4.796;31.052;0.077;0.088
2022;SP;Cajuru;-21.2747175;-47.3042661168;23830.0;64.205;4.612;30.99;0.143;0.05
2022;SP;Campina do Monte Alegre;-23.5840768383;-48.4803990199;5954.0;68.727;2.838;27.78;0.453;0.202
2022;SP;Campinas;-22.9073425;-47.060156273;1138960.0;59.526;9.199;30.113;1.047;0.115
2022;SP;Campo Limpo Paulista;-23.2093964295;-46.7638192328;77624.0;57.97;7.835;33.646;0.459;0.09
2022;SP;Campos do Jordão;-22.7400919139;-45.5892017004;46971.0;72.958;3.319;23.155;0.494;0.075
2022;SP;Campos Novos Paulista;-22.5997489993;-50.0017947249;4888.0;63.973;3.846;31.976;0.164;0.041
2022;SP;Cananéia;-25.01690807;-47.9284828144;12289.0;53.471;6.184;38.099;0.757;1.489
2022;SP;Canas;-22.690669066;-45.0569757405;4931.0;52.809;5.8;41.168;0.203;0.02
2022;SP;Cândido Mota;-22.7469255;-50.3883931718;29448.0;70.772;3.62;25.377;0.16;0.071
2022;SP;Cândido Rodrigues;-21.3226135828;-48.6340393108;2889.0;71.616;3.496;24.334;0.519;0.035
2022;SP;Canitar;-23.0098372188;-49.7854319545;6283.0;52.857;7.815;38.867;0.271;0.191
2022;SP;Capão Bonito;-24.00680097;-48.3514345179;46334.0;67.657;2.825;27.934;1.491;0.093
2022;SP;Capela do Alto;-23.4699029553;-47.7361184436;22866.0;70.498;3.083;26.174;0.197;0.048
2022;SP;Capivari;-22.9995489146;-47.5022061547;50064.0;62.696;9.262;27.824;0.176;0.042
2022;SP;Caraguatatuba;-23.6220065;-45.4108183822;134870.0;56.593;7.248;35.232;0.731;0.196
2022;SP;Carapicuíba;-23.5352495;-46.8414454319;386932.0;45.837;11.098;42.664;0.292;0.109
2022;SP;Cardoso;-20.08099151;-49.9149423029;11345.0;52.067;6.611;40.52;0.688;0.115
2022;SP;Casa Branca;-21.77798699;-47.0797582048;28082.0;64.201;6.926;28.613;0.196;0.064
2022;SP;Cássia dos Coqueiros;-21.2850004285;-47.167105877;2799.0;68.667;5.788;25.473;0.036;0.036
2022;SP;Castilho;-20.8720265541;-51.4894070558;19977.0;45.022;6.553;47.62;0.696;0.11
2022;SP;Catanduva;-21.1395385;-48.975870939;115790.0;69.122;5.846;24.465;0.497;0.071
2022;SP;Catiguá;-21.0485799994;-49.0577421525;7003.0;62.202;3.727;33.943;0.071;0.057
2022;SP;Cedral;-20.9042319223;-49.2728415459;12618.0;66.405;5.746;27.564;0.174;0.111
2022;SP;Cerqueira César;-23.0347974993;-49.1653301709;21469.0;67.781;4.132;27.822;0.238;0.028
2022;SP;Cerquilho;-23.1686725;-47.7375313251;44692.0;71.948;3.866;23.796;0.313;0.076
2022;SP;Cesário Lange;-23.2247318359;-47.9521106554;19048.0;72.254;3.202;24.202;0.289;0.052
2022;SP;Charqueada;-22.5088824121;-47.7757002035;15535.0;65.562;4.937;29.379;0.084;0.039
2022;SP;Clementina;-21.5603100368;-50.4503486922;6982.0;52.019;6.474;40.59;0.702;0.215
2022;SP;Colina;-20.7187344994;-48.539738329;18485.0;56.5;5.902;37.117;0.346;0.135
2022;SP;Colômbia;-20.1715588433;-48.6874841798;6629.0;42.359;10.937;44.954;1.705;0.045
2022;SP;Conchal;-22.330076448;-47.1743757426;28101.0;57.838;6.295;35.202;0.623;0.043
2022;SP;Conchas;-23.0129580806;-48.0098921336;15232.0;76.759;3.808;19.078;0.341;0.013
2022;SP;Cordeirópolis;-22.4817070323;-47.4582829254;24514.0;64.151;7.139;28.543;0.143;0.024
2022;SP;Coroados;-21.3540528503;-50.2872958479;5400.0;60.852;5.741;32.741;0.463;0.204
2022;SP;Coronel Macedo;-23.6322349818;-49.3189123964;4280.0;64.393;3.855;30.748;0.911;0.093
2022;SP;Corumbataí;-22.2189967502;-47.6266101304;4195.0;65.816;4.791;29.225;0.048;0.119
2022;SP;Cosmópolis;-22.6457848859;-47.1967707768;59772.0;52.973;8.691;37.932;0.358;0.045
2022;SP;Cosmorama;-20.4770346589;-49.7788596931;8719.0;63.677;6.136;29.946;0.172;0.069
2022;SP;Cotia;-23.603514;-46.9318463279;274395.0;50.531;9.073;39.184;1.097;0.115
2022;SP;Cravinhos;-21.3404305;-47.7300423481;33281.0;65.47;6.048;28.103;0.328;0.051
2022;SP;Cristais Paulista;-20.4024919994;-47.4238064521;9272.0;55.296;7.83;36.389;0.388;0.097
2022;SP;Cruzália;-22.745498929;-50.7936661596;2108.0;63.425;2.135;33.918;0.474;0.047
2022;SP;Cruzeiro;-22.5777498804;-44.9617319606;74957.0;67.412;6.883;25.488;0.171;0.047
2022;SP;Cubatão;-23.883839;-46.4200317683;112474.0;39.37;11.019;49.392;0.129;0.09
2022;SP;Cunha;-23.0747501474;-44.9580269035;22108.0;65.682;3.003;31.011;0.276;0.027
2022;SP;Descalvado;-21.909083;-47.6206639719;31754.0;69.824;4.513;25.367;0.23;0.066
2022;SP;Diadema;-23.689295;-46.6233813932;393219.0;45.481;10.786;43.119;0.541;0.073
2022;SP;Dirce Reis;-20.4644127943;-50.6060559888;1620.0;60.802;2.901;35.37;0.802;0.123
2022;SP;Divinolândia;-21.661621506;-46.7368697868;11158.0;78.195;2.823;18.865;0.036;0.081
2022;SP;Dobrada;-21.5148043304;-48.4002427193;8759.0;45.279;7.113;47.357;0.057;0.194
2022;SP;Dois Córregos;-22.367316;-48.3826759875;24507.0;66.781;5.068;27.947;0.122;0.082
2022;SP;Dolcinópolis;-20.1228706611;-50.515363084;2207.0;62.664;5.437;31.309;0.589;0.0
2022;SP;Dourado;-22.1131671964;-48.3162358063;8096.0;72.542;4.83;22.542;0.086;0.0
2022;SP;Dracena;-21.486137535;-51.5340496601;45472.0;63.028;3.954;30.848;2.122;0.048
2022;SP;Duartina;-22.4148813758;-49.4050454106;12328.0;63.003;5.743;29.697;1.265;0.292
2022;SP;Dumont;-21.2333259994;-47.9708434494;9471.0;54.25;6.303;39.299;0.116;0.032
2022;SP;Echaporã;-22.4249969993;-50.2070061462;6205.0;60.032;4.658;35.101;0.193;0.016
2022;SP;Eldorado;-24.5253866111;-48.1032284225;13069.0;37.088;13.046;48.634;0.383;0.849
2022;SP;Elias Fausto;-23.0425367212;-47.3767742396;17699.0;59.065;4.887;35.736;0.305;0.006
2022;SP;Elisiário;-21.1644290185;-49.1108358902;3138.0;69.216;3.697;26.864;0.191;0.032
2022;SP;Embaúba;-20.9826680549;-48.8326202921;2323.0;68.833;4.09;27.034;0.0;0.043
2022;SP;Embu das Artes;-23.6473125;-46.8508599937;250678.0;38.166;13.436;47.92;0.38;0.098
2022;SP;Embu-Guaçu;-23.8318291038;-46.8171088725;66969.0;47.265;8.738;43.172;0.685;0.139
2022;SP;Emilianópolis;-21.8313089781;-51.4804314281;3014.0;53.849;5.076;39.018;2.057;0.0
2022;SP;Engenheiro Coelho;-22.4911899525;-47.2130797305;19566.0;49.31;7.288;43.1;0.21;0.092
2022;SP;Espírito Santo do Pinhal;-22.1970535;-46.7455142899;39811.0;76.554;5.087;18.153;0.161;0.045
2022;SP;Espírito Santo do Turvo;-22.6949734921;-49.4298252858;4157.0;60.717;5.052;33.919;0.289;0.024
2022;SP;Estrela d'Oeste;-20.286082204;-50.405466848;9417.0;65.201;4.694;29.532;0.52;0.053
2022;SP;Estrela do Norte;-22.490598902;-51.664176191;2703.0;47.947;4.403;46.467;1.11;0.074
2022;SP;Euclides da Cunha Paulista;-22.5549969202;-52.5908983803;7923.0;33.674;7.737;58.299;0.252;0.038
2022;SP;Fartura;-23.3889609139;-49.5120533767;16641.0;77.129;2.939;19.5;0.391;0.042
2022;SP;Fernandópolis;-20.28238299;-50.2487484306;71186.0;67.964;4.491;26.552;0.922;0.072
2022;SP;Fernando Prestes;-21.26712199;-48.6922730532;5942.0;72.804;4.056;22.619;0.438;0.084
2022;SP;Fernão;-22.3591383191;-49.5198412112;1656.0;59.843;3.261;35.628;1.208;0.06
2022;SP;Ferraz de Vasconcelos;-23.5415445;-46.3665526716;179192.0;42.853;11.949;44.854;0.22;0.124
2022;SP;Flora Rica;-21.6767339356;-51.3823008411;1487.0;48.89;4.506;45.931;0.672;0.0
2022;SP;Floreal;-20.6740312279;-50.1456890087;2733.0;74.204;3.732;21.771;0.256;0.037
2022;SP;Flórida Paulista;-21.6134276152;-51.1688764668;12958.0;53.643;5.526;39.721;1.08;0.031
2022;SP;Florínea;-22.9035687788;-50.7248224734;3851.0;53.155;6.466;40.145;0.156;0.078
2022;SP;Franca;-20.536097;-47.4023316257;352510.0;63.984;7.476;28.258;0.215;0.067
2022;SP;Francisco Morato;-23.2758255;-46.7325267047;165132.0;37.663;13.138;49.002;0.113;0.085
2022;SP;Franco da Rocha;-23.3203025;-46.7278746686;144847.0;45.141;11.043;43.572;0.17;0.073
2022;SP;Gabriel Monteiro;-21.5289801353;-50.5554608419;2763.0;61.889;4.054;31.994;2.063;0.0
2022;SP;Gália;-22.2940192483;-49.5521113298;6380.0;56.254;6.207;36.473;1.019;0.047
2022;SP;Garça;-22.21070949;-49.6565299351;42110.0;58.632;6.739;33.225;1.337;0.066
2022;SP;Gastão Vidigal;-20.7952394994;-50.1902197322;3252.0;56.304;6.273;37.239;0.154;0.031
2022;SP;Gavião Peixoto;-21.8403669023;-48.4954592027;4702.0;51.744;6.742;41.365;0.149;0.0
2022;SP;General Salgado;-20.6483693167;-50.3618137021;10312.0;60.531;5.111;34.096;0.204;0.058
2022;SP;Getulina;-21.7998305975;-49.9292835723;10232.0;45.778;7.809;45.221;1.183;0.01
2022;SP;Glicério;-21.3797778057;-50.2084167281;4138.0;58.072;5.848;35.597;0.483;0.0
2022;SP;Guaiçara;-21.6221429994;-49.798761691;11239.0;51.579;6.807;40.182;1.335;0.098
2022;SP;Guaimbê;-21.9109206589;-49.8971777502;5512.0;42.072;6.422;48.857;2.649;0.0
2022;SP;Guaíra;-20.320144335;-48.31447049;39274.0;55.388;7.473;35.087;2.012;0.041
2022;SP;Guapiaçu;-20.7964486249;-49.2191458577;21711.0;58.689;5.905;35.042;0.253;0.111
2022;SP;Guapiara;-24.1825265;-48.5276813218;17070.0;49.555;2.314;46.995;1.131;0.006
2022;SP;Guará;-20.4275570617;-47.8245929502;18606.0;48.656;11.975;38.912;0.43;0.027
2022;SP;Guaraçaí;-21.0328813876;-51.209106345;7441.0;53.098;4.65;38.866;3.387;0.0
2022;SP;Guaraci;-20.4988092129;-48.944502595;10350.0;52.271;8.087;39.188;0.367;0.087
2022;SP;Guarani d'Oeste;-20.0757055718;-50.3415338817;1968.0;65.701;6.402;27.439;0.457;0.0
2022;SP;Guarantã;-21.8951462015;-49.5948218474;6427.0;53.4;5.337;40.439;0.778;0.047
2022;SP;Guararapes;-21.253446495;-50.6426390483;31041.0;53.41;5.583;39.161;1.788;0.058
2022;SP;Guararema;-23.4152330198;-46.0410534648;31236.0;58.836;6.336;33.442;1.213;0.173
2022;SP;Guaratinguetá;-22.8174250893;-45.1916001284;118043.0;64.698;5.867;29.045;0.343;0.047
2022;SP;Guareí;-23.3731401918;-48.1845381753;14977.0;64.112;4.073;31.502;0.2;0.114
2022;SP;Guariba;-21.357996;-48.2340567272;37498.0;42.674;9.368;47.725;0.189;0.043
2022;SP;Guarujá;-23.995149;-46.2490342794;287611.0;41.854;9.532;48.178;0.271;0.167
2022;SP;Guarulhos;-23.468506;-46.5310840857;1291703.0;48.644;9.526;40.772;0.936;0.122
2022;SP;Guatapará;-21.4918946536;-48.0377293575;7320.0;48.852;7.158;40.423;3.497;0.068
2022;SP;Guzolândia;-20.6501686873;-50.6614595041;4246.0;50.518;7.748;41.357;0.377;0.0
2022;SP;Herculândia;-22.0037471807;-50.3855215981;9125.0;49.03;4.822;45.523;0.482;0.142
2022;SP;Holambra;-22.6417496242;-47.0592869062;15094.0;60.62;3.849;35.1;0.404;0.027
2022;SP;Hortolândia;-22.858395;-47.2210966098;236630.0;48.372;9.511;41.618;0.394;0.104
2022;SP;Iacanga;-21.8919776027;-49.0169299189;10437.0;66.638;4.13;28.677;0.479;0.077
2022;SP;Iacri;-21.8550610869;-50.6891999324;6131.0;53.45;4.045;40.744;1.647;0.114
2022;SP;Iaras;-22.8718922796;-49.1561791517;8010.0;48.265;7.241;44.282;0.1;0.112
2022;SP;Ibaté;-21.955602;-48.0023882087;32178.0;53.63;7.384;38.781;0.131;0.075
2022;SP;Ibirá;-21.0805374994;-49.2388615313;11689.0;71.229;3.388;24.964;0.376;0.043
2022;SP;Ibirarema;-22.8145429597;-50.0791253946;6382.0;68.631;4.45;26.59;0.282;0.047
2022;SP;Ibitinga;-21.7570829843;-48.827694693;60031.0;66.884;5.279;27.444;0.312;0.082
2022;SP;Ibiúna;-23.6526325;-47.2204911875;75594.0;58.442;5.024;34.083;2.351;0.099
2022;SP;Icém;-20.3435051211;-49.1961201915;7819.0;50.659;7.61;41.092;0.55;0.09
2022;SP;Iepê;-22.6631014713;-51.0774138909;7619.0;68.46;3.124;28.035;0.381;0.0
2022;SP;Igaraçu do Tietê;-22.511149;-48.5570661014;23106.0;57.08;7.505;35.207;0.138;0.069
2022;SP;Igarapava;-20.039612535;-47.7510665713;26211.0;51.62;7.844;40.281;0.248;0.008
2022;SP;Igaratá;-23.204843;-46.1563144239;10605.0;61.386;6.073;32.023;0.321;0.198
2022;SP;Iguape;-24.7069541964;-47.5531374088;29114.0;50.426;4.905;42.45;1.151;1.068
2022;SP;Ilhabela;-23.7886525;-45.3540566669;34934.0;51.156;7.56;40.542;0.421;0.321
2022;SP;Ilha Comprida;-24.7392399404;-47.5543169659;13419.0;55.63;6.461;36.806;0.909;0.194
2022;SP;Ilha Solteira;-20.4293725;-51.3448906576;25549.0;52.339;6.255;39.778;1.558;0.07
2022;SP;Indaiatuba;-23.081646;-47.2123089403;255737.0;64.074;5.457;29.085;1.311;0.073
2022;SP;Indiana;-22.1720934487;-51.2517585134;5090.0;61.022;6.11;32.495;0.314;0.059
2022;SP;Indiaporã;-19.9775429994;-50.288981042;4035.0;56.456;4.709;38.488;0.322;0.025
2022;SP;Inúbia Paulista;-21.7699119903;-50.964374894;3615.0;54.385;4.758;39.64;1.079;0.138
2022;SP;Ipaussu;-23.0529129993;-49.6268069783;13712.0;64.484;5.696;29.602;0.153;0.066
2022;SP;Iperó;-23.3502773903;-47.6898938935;36459.0;55.893;7.161;36.68;0.214;0.052
2022;SP;Ipeúna;-22.4372995022;-47.7190959711;6831.0;59.698;6.441;33.568;0.22;0.073
2022;SP;Ipiguá;-20.6616455289;-49.3881423817;6761.0;62.89;4.629;31.785;0.547;0.148
2022;SP;Iporanga;-24.5844601783;-48.5896007141;4046.0;22.046;16.263;61.172;0.198;0.321
2022;SP;Ipuã;-20.441482601;-48.0173850385;14454.0;51.57;6.704;41.539;0.173;0.014
2022;SP;Iracemápolis;-22.5830369343;-47.5222466342;21967.0;63.787;6.191;29.749;0.241;0.032
2022;SP;Irapuã;-21.2764371764;-49.4081517822;6867.0;66.725;3.422;29.78;0.044;0.029
2022;SP;Irapuru;-21.5674762353;-51.3501727308;7085.0;50.233;7.495;39.831;2.428;0.014
2022;SP;Itaberá;-23.8598114701;-49.1371332859;17983.0;70.544;2.769;26.392;0.278;0.017
2022;SP;Itaí;-23.419055385;-49.0810322485;25175.0;63.805;3.913;31.301;0.965;0.016
2022;SP;Itajobi;-21.3157070587;-49.0543110798;16988.0;71.633;3.544;24.511;0.271;0.041
2022;SP;Itaju;-21.9846724208;-48.8050217363;3618.0;65.064;4.035;30.625;0.138;0.138
2022;SP;Itanhaém;-24.1861206668;-46.7909914829;112468.0;51.746;8.749;38.543;0.517;0.445
2022;SP;Itaóca;-24.6425942348;-48.8428556815;3422.0;30.567;6.341;62.887;0.205;0.0
2022;SP;Itapecerica da Serra;-23.715357;-46.8505519669;158507.0;41.977;11.804;45.506;0.555;0.159
2022;SP;Itapetininga;-23.5878725;-48.0461428955;157786.0;69.745;3.468;25.686;1.02;0.08
2022;SP;Itapeva;-23.9834379993;-48.8773891591;89726.0;69.427;3.426;26.571;0.537;0.039
2022;SP;Itapevi;-23.546934;-46.9333728635;232291.0;38.919;10.672;50.185;0.181;0.043
2022;SP;Itapira;-22.4360054993;-46.8212480111;72021.0;71.817;5.454;22.432;0.255;0.042
2022;SP;Itapirapuã Paulista;-24.5715534993;-49.1721656553;4306.0;50.488;2.601;46.865;0.046;0.0
2022;SP;Itápolis;-21.5947039944;-48.8133919855;39493.0;71.79;3.677;24.204;0.309;0.02
2022;SP;Itaporanga;-23.7034999432;-49.4843963121;14083.0;73.855;2.705;21.629;1.328;0.483
2022;SP;Itapuí;-22.232127625;-48.7188741595;13659.0;62.149;6.86;30.866;0.117;0.007
2022;SP;Itapura;-20.6398257756;-51.5099693695;3979.0;37.949;6.911;54.637;0.503;0.0
2022;SP;Itaquaquecetuba;-23.4768975;-46.351603141;369237.0;39.815;10.686;49.096;0.27;0.134
2022;SP;Itararé;-24.11213796;-49.3361197139;44438.0;74.051;3.247;22.226;0.365;0.11
2022;SP;Itariri;-24.2920056339;-47.1757260566;15528.0;43.47;7.251;46.471;2.267;0.541
2022;SP;Itatiba;-23.0048529993;-46.8375578529;121586.0;63.16;6.791;29.328;0.676;0.044
2022;SP;Itatinga;-23.1042734017;-48.6133802693;19069.0;63.029;5.994;30.825;0.084;0.068
2022;SP;Itirapina;-22.2539679738;-47.8198848666;16148.0;58.583;7.394;33.738;0.235;0.05
2022;SP;Itirapuã;-20.6424265297;-47.2199528849;5779.0;51.549;8.6;39.54;0.26;0.052
2022;SP;Itobi;-21.7349018191;-46.9734186542;8046.0;60.44;5.804;33.619;0.124;0.012
2022;SP;Itu;-23.2654425;-47.299749836;168233.0;62.392;6.559;30.509;0.471;0.068
2022;SP;Itupeva;-23.1534096262;-47.0557011521;70610.0;55.797;6.618;36.67;0.854;0.061
2022;SP;Ituverava;-20.3362879659;-47.7804156554;37570.0;58.27;7.471;33.367;0.838;0.053
2022;SP;Jaborandi;-20.6872244994;-48.4134449206;6221.0;52.258;8.52;38.611;0.289;0.321
2022;SP;Jaboticabal;-21.2544714994;-48.3203497513;71816.0;65.034;6.648;27.42;0.873;0.025
2022;SP;Jacareí;-23.3048804993;-45.9695932044;240260.0;64.401;6.185;28.47;0.87;0.074
2022;SP;Jaci;-20.8840851331;-49.5733446115;7613.0;60.896;5.963;32.812;0.263;0.066
2022;SP;Jacupiranga;-24.698150281;-48.0047045115;16097.0;51.121;4.131;44.282;0.379;0.087
2022;SP;Jaguariúna;-22.7067819582;-46.9823434663;59347.0;64.502;5.394;29.553;0.499;0.052
2022;SP;Jales;-20.2678530475;-50.550356199;48776.0;69.223;3.407;25.531;1.816;0.023
2022;SP;Jambeiro;-23.2565768668;-45.6936551246;6397.0;66.469;4.471;28.466;0.531;0.063
2022;SP;Jandira;-23.529939;-46.9052211417;118040.0;46.511;10.312;42.691;0.416;0.07
2022;SP;Jardinópolis;-21.022457;-47.7653529285;45282.0;57.232;7.935;34.475;0.314;0.044
2022;SP;Jarinu;-23.1030625;-46.7382709354;37535.0;54.621;5.603;39.115;0.567;0.093
2022;SP;Jaú;-22.29579099;-48.5581413878;133485.0;71.426;5.694;22.594;0.246;0.041
2022;SP;Jeriquara;-20.3120415893;-47.5887439166;3861.0;46.024;10.231;43.305;0.337;0.104
2022;SP;Joanópolis;-22.9306782182;-46.2734166101;12815.0;69.606;3.488;26.477;0.367;0.062
2022;SP;João Ramalho;-22.2510460551;-50.7685353084;4371.0;51.384;8.305;39.945;0.297;0.069
2022;SP;José Bonifácio;-21.053719035;-49.686282716;36632.0;68.32;4.13;27.312;0.218;0.019
2022;SP;Júlio Mesquita;-22.0131689993;-49.7907942838;4254.0;43.465;4.584;51.34;0.588;0.024
2022;SP;Jumirim;-23.0825599993;-47.7981735119;3056.0;64.463;6.185;29.287;0.033;0.033
2022;SP;Jundiaí;-23.187668;-46.885273968;443186.0;69.747;5.624;23.652;0.913;0.063
2022;SP;Junqueirópolis;-21.5112757497;-51.4340119505;20448.0;57.023;4.568;36.634;1.721;0.054
2022;SP;Juquiá;-24.320703079;-47.6353419677;17153.0;45.281;5.9;47.111;1.551;0.157
2022;SP;Juquitiba;-23.9356892015;-47.0815940723;27404.0;55.39;6.083;37.9;0.504;0.124
2022;SP;Lagoinha;-23.0869213515;-45.1908108204;5083.0;71.769;3.541;24.474;0.157;0.059
2022;SP;Laranjal Paulista;-23.0540116065;-47.8337807103;26261.0;67.103;6.527;26.05;0.308;0.011
2022;SP;Lavínia;-21.1648565655;-51.0405016571;9684.0;46.541;10.75;41.491;1.146;0.072
2022;SP;Lavrinhas;-22.5700964742;-44.8931102794;7171.0;62.069;5.536;32.115;0.265;0.014
2022;SP;Leme;-22.185436005;-47.3887079696;98160.0;65.168;5.416;29.097;0.267;0.052
2022;SP;Lençóis Paulista;-22.597507;-48.7986819725;66503.0;67.138;4.661;27.915;0.239;0.047
2022;SP;Limeira;-22.562194;-47.4019395233;291863.0;65.226;6.761;27.582;0.375;0.055
2022;SP;Lindóia;-22.5204881922;-46.6614836163;7014.0;73.311;4.078;22.17;0.442;0.0
2022;SP;Lins;-21.6723465;-49.7514233867;74779.0;58.166;7.164;32.829;1.789;0.052
2022;SP;Lorena;-22.7316930326;-45.1242481442;84854.0;62.624;6.872;30.033;0.398;0.073
2022;SP;Lourdes;-20.9653905383;-50.226660096;1950.0;61.846;6.718;30.974;0.462;0.0
2022;SP;Louveira;-23.0867785;-46.946440218;51845.0;53.683;6.647;39.263;0.339;0.068
2022;SP;Lucélia;-21.723415646;-51.0183491422;20061.0;58.033;5.159;35.746;1.042;0.02
2022;SP;Lucianópolis;-22.4316399993;-49.5231791245;2372.0;59.696;4.68;35.076;0.506;0.042
2022;SP;Luís Antônio;-21.5517065252;-47.7002799448;12265.0;49.882;8.455;41.321;0.277;0.065
2022;SP;Luiziânia;-21.6736029646;-50.3276394896;4701.0;46.926;6.041;46.756;0.128;0.149
2022;SP;Lupércio;-22.4138153922;-49.8203246999;3981.0;48.455;7.46;43.758;0.301;0.025
2022;SP;Lutécia;-22.3434442872;-50.3893271159;2661.0;55.731;4.885;39.045;0.263;0.075
2022;SP;Macatuba;-22.5055496288;-48.711405387;16829.0;60.556;6.293;33.044;0.059;0.048
2022;SP;Macaubal;-20.8013135396;-49.9634978203;7481.0;73.226;3.796;22.604;0.348;0.027
2022;SP;Macedônia;-20.1499979847;-50.1976284842;3963.0;64.673;3.735;31.012;0.555;0.025
2022;SP;Magda;-20.6434813111;-50.2275370471;3165.0;68.31;3.286;28.246;0.063;0.095
2022;SP;Mairinque;-23.547458;-47.1844826262;50027.0;52.664;7.116;39.123;0.995;0.102
2022;SP;Mairiporã;-23.322459383;-46.5901958731;93850.0;56.145;6.627;36.381;0.742;0.105
2022;SP;Manduri;-23.0033460899;-49.3181131206;9871.0;72.911;3.434;23.513;0.122;0.02
2022;SP;Marabá Paulista;-22.1103314993;-51.9684674847;4573.0;39.996;7.216;52.438;0.262;0.087
2022;SP;Maracaí;-22.6104153368;-50.6689682495;12673.0;64.42;4.45;30.948;0.126;0.055
2022;SP;Marapoama;-21.2587619256;-49.1400008103;3292.0;73.876;4.162;21.78;0.182;0.0
2022;SP;Mariápolis;-21.7944933665;-51.1828975551;3513.0;61.144;3.501;34.785;0.569;0.0
2022;SP;Marília;-22.214933;-49.9516456431;237625.0;59.926;5.949;31.646;2.391;0.088
2022;SP;Marinópolis;-20.4393989125;-50.8256772948;1860.0;59.086;5.323;34.892;0.645;0.054
2022;SP;Martinópolis;-22.147832475;-51.1707680575;24877.0;56.148;5.728;37.513;0.567;0.044
2022;SP;Matão;-21.6029945063;-48.3677476994;79031.0;62.565;6.022;30.945;0.45;0.018
2022;SP;Mauá;-23.6693345;-46.4582620122;418252.0;50.367;9.058;40.095;0.391;0.089
2022;SP;Mendonça;-21.1801561723;-49.5820189989;6158.0;65.33;5.099;29.311;0.211;0.049
2022;SP;Meridiano;-20.3541099032;-50.1818318399;4572.0;65.048;4.156;30.381;0.394;0.022
2022;SP;Mesópolis;-19.967037103;-50.6220802654;1952.0;57.531;7.377;34.99;0.102;0.0
2022;SP;Miguelópolis;-20.1771292326;-48.0293341827;19440.0;53.493;6.559;39.126;0.761;0.062
2022;SP;Mineiros do Tietê;-22.4116968008;-48.4518023093;11230.0;66.527;4.043;29.341;0.062;0.027
2022;SP;Miracatu;-24.2839294654;-47.4571039991;18553.0;46.774;5.94;45.448;1.062;0.776
2022;SP;Mira Estrela;-19.9805160524;-50.1384271964;3126.0;64.491;4.766;30.39;0.352;0.0
2022;SP;Mirandópolis;-21.132086985;-51.1056403918;27983.0;54.033;5.232;37.012;3.659;0.064
2022;SP;Mirante do Paranapanema;-22.2905585945;-51.9057943059;15917.0;46.472;5.051;46.881;1.533;0.063
2022;SP;Mirassol;-20.8170045;-49.5121392179;63337.0;67.831;5.201;26.563;0.316;0.09
2022;SP;Mirassolândia;-20.6168572198;-49.4655198425;4669.0;65.175;6.04;28.721;0.064;0.0
2022;SP;Mococa;-21.46899051;-47.0071709787;67681.0;65.922;5.464;28.371;0.198;0.044
2022;SP;Mogi das Cruzes;-23.5227065;-46.1967600843;451491.0;54.939;8.473;32.791;3.677;0.119
2022;SP;Mogi Guaçu;-22.3657201895;-46.9444740881;153656.0;72.671;4.373;22.684;0.228;0.043
2022;SP;Mogi Mirim;-22.4326955;-46.9563671266;92552.0;72.794;4.86;21.763;0.453;0.131
2022;SP;Mombuca;-22.9268278834;-47.5675240048;3722.0;57.442;6.744;35.787;0.027;0.0
2022;SP;Monções;-20.8503257038;-50.0963061315;1937.0;71.864;6.35;21.735;0.052;0.0
2022;SP;Mongaguá;-24.094116145;-46.6199927254;61951.0;44.416;15.22;39.279;0.299;0.786
2022;SP;Monte Alegre do Sul;-22.6811286599;-46.6811943005;8627.0;74.557;4.451;20.563;0.406;0.023
2022;SP;Monte Alto;-21.263863995;-48.49665126;47572.0;70.811;4.969;23.348;0.822;0.05
2022;SP;Monte Aprazível;-20.7721401376;-49.7141161614;22273.0;67.207;5.486;26.974;0.274;0.058
2022;SP;Monte Azul Paulista;-20.9038412259;-48.6429712833;18151.0;70.575;4.43;24.88;0.105;0.011
2022;SP;Monte Castelo;-21.2989594493;-51.5654932487;4222.0;61.345;5.685;32.591;0.379;0.0
2022;SP;Monteiro Lobato;-22.9550105792;-45.848151985;4138.0;65.104;5.993;28.468;0.387;0.048
2022;SP;Monte Mor;-22.9455219993;-47.3132692483;64662.0;48.91;8.255;42.53;0.232;0.073
2022;SP;Morro Agudo;-20.7326629994;-48.0575938253;27933.0;45.53;8.818;45.115;0.519;0.018
2022;SP;Morungaba;-22.8810309327;-46.7913443946;13719.0;60.821;5.27;33.494;0.357;0.058
2022;SP;Motuca;-21.5076094412;-48.1506612544;4034.0;51.909;9.494;38.423;0.099;0.074
2022;SP;Murutinga do Sul;-20.9942980893;-51.2771381855;3737.0;60.744;4.79;33.315;1.07;0.08
2022;SP;Nantes;-22.6201175825;-51.2385874976;2660.0;45.451;7.707;46.466;0.338;0.038
2022;SP;Narandiba;-22.4042831999;-51.5242398508;5713.0;42.009;6.687;50.446;0.84;0.018
2022;SP;Natividade da Serra;-23.3757869834;-45.4464004707;6999.0;68.838;3.615;27.29;0.2;0.057
2022;SP;Nazaré Paulista;-23.178695811;-46.402590215;18217.0;64.012;4.842;30.691;0.384;0.071
2022;SP;Neves Paulista;-20.8439161558;-49.6304748513;9699.0;70.719;5.32;23.827;0.103;0.031
2022;SP;Nhandeara;-20.6948234994;-50.0402744955;9852.0;70.767;3.979;25.102;0.132;0.02
2022;SP;Nipoã;-20.9139024276;-49.7808986511;4750.0;55.368;5.747;38.716;0.105;0.063
2022;SP;Nova Aliança;-21.0137347172;-49.5071383479;6693.0;67.548;6.768;25.28;0.239;0.164
2022;SP;Nova Campina;-24.1232104179;-48.905738479;8497.0;64.611;3.236;31.941;0.153;0.059
2022;SP;Nova Canaã Paulista;-20.386895026;-50.9480524385;2032.0;61.909;5.364;32.382;0.344;0.0
2022;SP;Nova Castilho;-20.7656546201;-50.3439061762;1062.0;64.03;1.883;33.898;0.188;0.0
2022;SP;Nova Europa;-21.7789228839;-48.5621404277;9311.0;52.766;7.969;38.675;0.548;0.043
2022;SP;Nova Granada;-20.5331539994;-49.3200928761;19419.0;58.453;6.973;34.271;0.185;0.118
2022;SP;Nova Guataporanga;-21.3299371412;-51.6498328904;2156.0;65.445;6.447;27.597;0.51;0.0
2022;SP;Nova Independência;-21.1045420015;-51.4904465281;4609.0;45.954;7.333;46.518;0.174;0.022
2022;SP;Novais;-20.9903581964;-48.9170637097;4412.0;48.209;9.225;42.339;0.227;0.0
2022;SP;Nova Luzitânia;-20.8566109994;-50.2658273723;2837.0;54.635;6.591;38.527;0.247;0.0
2022;SP;Nova Odessa;-22.7827946609;-47.2936346144;62019.0;65.428;5.918;28.217;0.332;0.105
2022;SP;Novo Horizonte;-21.4684749894;-49.2217495337;38324.0;69.429;4.183;26.044;0.279;0.065
2022;SP;Nuporanga;-20.7339997348;-47.7491054639;7391.0;68.002;5.588;26.153;0.122;0.135
2022;SP;Ocauçu;-22.4388604479;-49.9273728304;4331.0;58.993;5.149;35.535;0.323;0.0
2022;SP;Óleo;-22.9445847775;-49.3409507526;2512.0;72.97;3.424;23.487;0.08;0.04
2022;SP;Olímpia;-20.737283985;-48.9134917258;55074.0;64.702;5.983;28.941;0.332;0.042
2022;SP;Onda Verde;-20.6127221201;-49.2992147943;4771.0;54.182;8.615;36.198;0.65;0.356
2022;SP;Oriente;-22.1485994118;-50.0935854637;6085.0;53.969;7.691;37.765;0.575;0.0
2022;SP;Orindiúva;-20.180196743;-49.351818481;6024.0;51.179;7.52;40.488;0.813;0.0
2022;SP;Orlândia;-20.720421495;-47.8863838221;38319.0;57.16;7.075;35.528;0.201;0.037
2022;SP;Osasco;-23.533612;-46.7888101443;728566.0;51.832;9.534;37.759;0.802;0.074
2022;SP;Oscar Bressane;-22.3178820549;-50.2841261658;2470.0;64.615;3.077;29.433;2.713;0.162
2022;SP;Osvaldo Cruz;-21.7970835;-50.8731391103;31269.0;61.326;4.189;32.841;1.599;0.045
2022;SP;Ourinhos;-22.9772675;-49.8685798359;103963.0;67.466;5.483;25.784;1.176;0.09
2022;SP;Ouroeste;-19.995592107;-50.3775846522;10294.0;58.481;5.382;35.098;1.03;0.01
2022;SP;Ouro Verde;-21.4911659171;-51.6993207217;7779.0;44.903;6.402;48.297;0.27;0.129
2022;SP;Pacaembu;-21.5600784994;-51.2652015199;14877.0;45.244;6.419;45.93;2.326;0.081
2022;SP;Palestina;-20.3905874703;-49.4337823999;11476.0;58.296;5.647;35.779;0.2;0.078
2022;SP;Palmares Paulista;-21.0824706914;-48.8012846265;9650.0;48.85;9.42;41.513;0.124;0.093
2022;SP;Palmeira d'Oeste;-20.4162173247;-50.7659878049;8902.0;65.873;4.482;27.814;1.82;0.011
2022;SP;Palmital;-22.785592;-50.2187909877;19593.0;75.512;3.578;20.711;0.148;0.051
2022;SP;Panorama;-21.3601835579;-51.8565741615;14964.0;51.905;4.698;42.95;0.448;0.0
2022;SP;Paraguaçu Paulista;-22.41771102;-50.5750285305;41120.0;57.23;5.049;36.89;0.725;0.107
2022;SP;Paraibuna;-23.3862615659;-45.6628640606;17667.0;67.114;3.453;29.06;0.266;0.108
2022;SP;Paraíso;-21.0157929994;-48.7725289127;6099.0;71.044;5.28;23.201;0.262;0.213
2022;SP;Paranapanema;-23.3869279993;-48.7236769841;19395.0;66.393;3.274;30.049;0.237;0.046
2022;SP;Paranapuã;-20.0998059525;-50.586718918;4031.0;54.527;5.879;36.939;2.654;0.0
2022;SP;Parapuã;-21.7798391438;-50.7938438431;10580.0;55.17;4.575;38.563;1.56;0.132
2022;SP;Pardinho;-23.0803183239;-48.3728766837;7153.0;65.721;5.578;28.38;0.294;0.028
2022;SP;Pariquera-Açu;-24.712546631;-47.8799976029;19233.0;52.316;5.288;40.836;0.79;0.77
2022;SP;Parisi;-20.3021911754;-50.0126178308;2892.0;64.177;3.112;32.642;0.035;0.035
2022;SP;Patrocínio Paulista;-20.6411534023;-47.2830600903;14511.0;52.078;9.607;38.185;0.083;0.048
2022;SP;Paulicéia;-21.309275558;-51.8471399509;7955.0;47.995;4.249;47.115;0.629;0.013
2022;SP;Paulínia;-22.7599217;-47.154385801;110533.0;62.925;6.456;29.517;1.053;0.049
2022;SP;Paulistânia;-22.574300748;-49.3990383461;2090.0;62.967;4.019;32.823;0.144;0.048
2022;SP;Paulo de Faria;-20.0293000278;-49.3995518864;7400.0;48.838;12.014;38.527;0.608;0.014
2022;SP;Pederneiras;-22.3554915;-48.7796809636;44825.0;61.635;6.365;31.824;0.138;0.038
2022;SP;Pedra Bela;-22.7913843519;-46.4420309473;6557.0;72.869;2.593;24.051;0.366;0.122
2022;SP;Pedranópolis;-20.2476466672;-50.1123902829;2787.0;70.578;4.377;24.686;0.215;0.144
2022;SP;Pedregulho;-20.2568709994;-47.4817949691;15525.0;56.683;8.605;34.512;0.122;0.077
2022;SP;Pedreira;-22.743771;-46.8978020903;43110.0;67.221;4.106;28.478;0.13;0.065
2022;SP;Pedrinhas Paulista;-22.8112152136;-50.7921656555;2804.0;68.367;2.675;28.709;0.214;0.036
2022;SP;Pedro de Toledo;-24.2728006735;-47.2290763497;11281.0;53.337;6.099;39.101;1.268;0.195
2022;SP;Penápolis;-21.418383015;-50.073036275;61679.0;65.557;4.592;28.986;0.816;0.05
2022;SP;Pereira Barreto;-20.6366689994;-51.1066610199;24095.0;43.847;6.728;45.184;4.183;0.058
2022;SP;Pereiras;-23.0728523359;-47.967866773;8737.0;67.037;4.99;27.687;0.114;0.172
2022;SP;Peruíbe;-24.319508884;-46.9973018645;68351.0;52.38;7.466;38.495;0.872;0.787
2022;SP;Piacatu;-21.5953916792;-50.5994257172;5519.0;53.76;4.639;40.714;0.761;0.127
2022;SP;Piedade;-23.714202223;-47.4180151509;52968.0;71.668;2.411;23.639;2.239;0.043
2022;SP;Pilar do Sul;-23.814612;-47.7155077158;27619.0;65.057;3.306;28.593;3.009;0.036
2022;SP;Pindamonhangaba;-22.9266687259;-45.4620488462;165418.0;60.365;6.442;32.454;0.669;0.07
2022;SP;Pindorama;-21.1859884886;-48.9056375353;14542.0;68.711;3.665;27.403;0.179;0.041
2022;SP;Pinhalzinho;-22.7807960685;-46.5905773189;15224.0;75.723;3.632;20.225;0.394;0.026
2022;SP;Piquerobi;-21.8849896988;-51.7316269038;3264.0;52.574;4.871;42.126;0.429;0.0
2022;SP;Piquete;-22.6111668852;-45.1835694245;12490.0;62.106;7.542;30.136;0.128;0.088
2022;SP;Piracaia;-23.050499;-46.3587552005;26029.0;66.053;4.829;27.888;1.106;0.123
2022;SP;Piracicaba;-22.723722;-47.6468462362;423312.0;64.274;7.874;27.281;0.495;0.076
2022;SP;Piraju;-23.192991495;-49.3839744897;29435.0;78.532;3.176;17.822;0.404;0.065
2022;SP;Pirajuí;-21.993447;-49.4566424334;22431.0;60.867;6.794;31.826;0.437;0.076
2022;SP;Pirangi;-21.0996316626;-48.6698419326;10885.0;70.749;3.757;25.292;0.184;0.018
2022;SP;Pirapora do Bom Jesus;-23.3975233079;-47.0009675687;18369.0;41.309;9.903;48.337;0.267;0.185
2022;SP;Pirapozinho;-22.276675485;-51.4995842901;25347.0;51.556;6.537;39.973;1.815;0.118
2022;SP;Pirassununga;-21.994049295;-47.4251728817;73535.0;68.093;5.826;25.701;0.303;0.078
2022;SP;Piratininga;-22.4120659448;-49.1372522168;15108.0;69.539;4.911;24.49;0.927;0.132
2022;SP;Pitangueiras;-21.0109994994;-48.2222657515;33674.0;52.245;7.204;40.375;0.122;0.053
2022;SP;Planalto;-21.0323282025;-49.9257197992;4387.0;53.294;5.539;40.688;0.365;0.114
2022;SP;Platina;-22.6334572583;-50.2089345358;3025.0;60.959;5.256;33.388;0.331;0.066
2022;SP;Poá;-23.5286265677;-46.3462203887;103755.0;49.205;11.743;38.471;0.504;0.076
2022;SP;Poloni;-20.7858577506;-49.8138949067;5592.0;62.643;6.384;30.687;0.197;0.089
2022;SP;Pompeia;-22.1061456541;-50.1760280549;20196.0;54.793;5.927;36.78;2.397;0.104
2022;SP;Pongaí;-21.7361764725;-49.3608700749;3395.0;75.965;3.034;20.736;0.206;0.059
2022;SP;Pontal;-21.02571;-48.0378373025;37604.0;41.131;9.632;49.069;0.093;0.074
2022;SP;Pontalinda;-20.4408338429;-50.5246020157;4127.0;48.195;8.82;42.888;0.097;0.0
2022;SP;Pontes Gestal;-20.1823631062;-49.7035523558;2387.0;58.525;6.242;34.73;0.503;0.0
2022;SP;Populina;-19.9443331307;-50.5368531154;4127.0;59.85;6.373;33.463;0.315;0.0
2022;SP;Porangaba;-23.1753874993;-48.1267674358;10451.0;69.314;4.756;25.663;0.239;0.029
2022;SP;Porto Feliz;-23.214412268;-47.5245965731;56497.0;64.485;6.977;28.187;0.326;0.025
2022;SP;Porto Ferreira;-21.858362505;-47.4814096434;52649.0;61.965;6.684;31.209;0.103;0.04
2022;SP;Potim;-22.8406202063;-45.2559743129;20389.0;54.863;6.607;38.334;0.142;0.054
2022;SP;Potirendaba;-21.0450947211;-49.3781831999;18496.0;69.356;3.136;27.228;0.205;0.076
2022;SP;Pracinha;-21.8519276207;-51.0870772105;2578.0;39.643;10.978;49.263;0.116;0.0
2022;SP;Pradópolis;-21.3580490113;-48.065583022;17078.0;58.385;5.258;36.263;0.07;0.023
2022;SP;Praia Grande;-24.0030215;-46.4120495836;349907.0;52.105;9.175;38.062;0.513;0.145
2022;SP;Pratânia;-22.8114679845;-48.6646855775;5126.0;57.043;6.516;36.13;0.195;0.117
2022;SP;Presidente Alves;-22.1036743192;-49.4391492872;3804.0;61.567;6.283;31.94;0.131;0.079
2022;SP;Presidente Bernardes;-22.0089907788;-51.5575701918;14490.0;60.939;5.459;32.008;1.553;0.041
2022;SP;Presidente Epitácio;-21.768781995;-52.115275827;39504.0;46.56;6.551;45.575;1.21;0.104
2022;SP;Presidente Prudente;-22.1227435;-51.3867655819;225664.0;59.254;6.419;31.751;2.486;0.089
2022;SP;Presidente Venceslau;-21.875939505;-51.8402588051;35201.0;55.578;5.185;37.144;2.06;0.034
2022;SP;Promissão;-21.5388674994;-49.8577352348;35131.0;58.754;4.862;35.148;1.215;0.02
2022;SP;Quadra;-23.3015749993;-48.0526853361;3405.0;66.814;4.347;27.871;0.499;0.47
2022;SP;Quatá;-22.2494047984;-50.6979473894;13163.0;52.116;5.85;41.799;0.213;0.023
2022;SP;Queiroz;-21.799094434;-50.2409284561;3265.0;39.51;5.636;54.671;0.153;0.031
2022;SP;Queluz;-22.5418444993;-44.7784773101;9159.0;56.928;6.955;35.932;0.12;0.066
2022;SP;Quintana;-22.0719198264;-50.3115952429;7038.0;52.529;6.28;39.997;1.066;0.128
2022;SP;Rafard;-23.0115563539;-47.5311606809;8964.0;64.882;7.24;27.689;0.167;0.022
2022;SP;Rancharia;-22.22845101;-50.8902116859;28588.0;57.912;5.055;36.033;0.927;0.073
2022;SP;Redenção da Serra;-23.2726554993;-45.5364956107;4494.0;66.956;3.961;28.616;0.445;0.022
2022;SP;Regente Feijó;-22.2202340929;-51.3031489767;20143.0;57.722;5.074;35.496;1.668;0.04
2022;SP;Reginópolis;-21.8867609386;-49.2297976711;7662.0;60.05;6.526;33.268;0.131;0.026
2022;SP;Registro;-24.494251428;-47.8410547517;59946.0;53.031;5.156;38.329;3.358;0.125
2022;SP;Restinga;-20.6038028263;-47.4830902375;6404.0;52.78;7.277;39.741;0.156;0.047
2022;SP;Ribeira;-24.6574894993;-49.0083019948;3132.0;43.838;4.406;51.692;0.064;0.0
2022;SP;Ribeirão Bonito;-22.064934664;-48.1777057541;10989.0;50.696;10.347;38.548;0.328;0.082
2022;SP;Ribeirão Branco;-24.2202684576;-48.7654774815;18627.0;60.702;3.033;35.755;0.413;0.097
2022;SP;Ribeirão Corrente;-20.4606601744;-47.5907050925;4608.0;45.312;11.372;42.795;0.412;0.109
2022;SP;Ribeirão do Sul;-22.7857347997;-49.9341678147;4677.0;75.39;3.635;20.697;0.278;0.0
2022;SP;Ribeirão dos Índios;-21.8385000397;-51.6006345172;2025.0;60.444;3.16;36.346;0.049;0.0
2022;SP;Ribeirão Grande;-24.1012003107;-48.367071156;7450.0;70.658;1.651;27.235;0.389;0.067
2022;SP;Ribeirão Pires;-23.707423;-46.4153443749;115558.0;56.682;7.214;34.945;0.991;0.168
2022;SP;Ribeirão Preto;-21.1848345;-47.8054759155;698594.0;63.643;8.045;27.44;0.787;0.085
2022;SP;Riversul;-23.8313350066;-49.4366967189;5599.0;68.584;2.75;28.523;0.107;0.036
2022;SP;Rifaina;-20.0829324994;-47.4291988991;4049.0;64.856;4.446;30.625;0.049;0.025
2022;SP;Rincão;-21.5891894994;-48.0723300667;9098.0;55.869;7.089;36.733;0.275;0.033
2022;SP;Rinópolis;-21.7278909994;-50.7248383217;9258.0;56.362;3.835;38.507;1.253;0.043
2022;SP;Rio Claro;-22.4125115;-47.5635332384;201402.0;67.643;6.585;25.317;0.391;0.064
2022;SP;Rio das Pedras;-22.8428607225;-47.6044848862;31328.0;57.016;6.521;36.303;0.118;0.041
2022;SP;Rio Grande da Serra;-23.744515;-46.393692674;44169.0;42.845;10.718;45.937;0.396;0.104
2022;SP;Riolândia;-19.977734338;-49.6811591029;10309.0;42.856;7.935;48.356;0.825;0.029
2022;SP;Rosana;-22.5811754993;-53.0586544794;17440.0;44.1;6.8;48.331;0.562;0.206
2022;SP;Roseira;-22.8968185475;-45.3093777871;10832.0;57.367;5.281;36.983;0.314;0.055
2022;SP;Rubiácea;-21.3005239895;-50.7269079995;2700.0;48.704;5.407;44.63;0.852;0.407
2022;SP;Rubinéia;-20.1717745;-50.997484555;3833.0;57.918;4.435;36.734;0.913;0.0
2022;SP;Sabino;-21.4602138337;-49.5808185602;5112.0;61.874;3.541;34.253;0.293;0.039
2022;SP;Sagres;-21.8811386706;-50.9571547112;2474.0;44.543;6.023;48.504;0.768;0.162
2022;SP;Sales;-21.3444533768;-49.4987686686;6437.0;66.491;3.775;29.61;0.093;0.031
2022;SP;Sales Oliveira;-20.777882152;-47.8423493399;11411.0;71.37;4.233;24.073;0.298;0.026
2022;SP;Salesópolis;-23.5317929884;-45.8471769296;15202.0;74.786;2.598;21.885;0.704;0.026
2022;SP;Salmourão;-21.6253627328;-50.8606720043;4808.0;42.596;5.616;51.622;0.166;0.0
2022;SP;Saltinho;-22.8433674978;-47.6782883888;8160.0;78.039;3.395;18.456;0.061;0.049
2022;SP;Salto;-23.2040738058;-47.2924156291;134315.0;63.131;6.863;29.487;0.464;0.056
2022;SP;Salto de Pirapora;-23.649132225;-47.5746801202;43748.0;64.067;5.198;30.091;0.567;0.078
2022;SP;Salto Grande;-22.8905072542;-49.981077759;9050.0;65.171;4.95;29.381;0.431;0.066
2022;SP;Sandovalina;-22.45854174;-51.7599517361;3645.0;38.957;8.752;52.016;0.219;0.055
2022;SP;Santa Adélia;-21.24327;-48.8059484186;14018.0;67.035;4.394;28.235;0.271;0.064
2022;SP;Santa Albertina;-20.030702622;-50.7305643708;6393.0;61.317;5.271;32.113;1.111;0.188
2022;SP;Santa Bárbara d'Oeste;-22.7553935;-47.4139547662;183345.0;65.428;5.592;28.651;0.286;0.042
2022;SP;Santa Branca;-23.3957580349;-45.8876482871;13975.0;65.145;5.274;29.324;0.222;0.036
2022;SP;Santa Clara d'Oeste;-20.0913919359;-50.9302211545;2598.0;59.007;4.965;35.797;0.231;0.0
2022;SP;Santa Cruz da Conceição;-22.1276819651;-47.457163695;4277.0;79.004;2.595;18.144;0.164;0.094
2022;SP;Santa Cruz da Esperança;-21.291168377;-47.4337805615;2116.0;63.705;6.569;29.537;0.189;0.0
2022;SP;Santa Cruz das Palmeiras;-21.827568;-47.2494144219;28864.0;54.774;7.456;37.562;0.142;0.066
2022;SP;Santa Cruz do Rio Pardo;-22.9057225;-49.6246088693;46442.0;73.044;4.203;22.202;0.5;0.052
2022;SP;Santa Ernestina;-21.462921503;-48.3936499289;6118.0;46.992;7.143;45.669;0.114;0.082
2022;SP;Santa Fé do Sul;-20.211693165;-50.9267774238;34794.0;66.167;3.9;28.341;1.506;0.086
2022;SP;Santa Gertrudes;-22.4553269563;-47.5307087162;23609.0;57.453;6.438;35.952;0.089;0.068
2022;SP;Santa Isabel;-23.3180885;-46.2270128418;53174.0;61.406;5.862;31.732;0.933;0.068
2022;SP;Santa Lúcia;-21.6865678511;-48.0853360131;7149.0;54.651;8.603;36.565;0.168;0.014
2022;SP;Santa Maria da Serra;-22.5694102578;-48.1590141415;5243.0;56.418;6.256;37.078;0.172;0.076
2022;SP;Santa Mercedes;-21.3469107456;-51.7589742421;2956.0;52.368;5.92;40.866;0.812;0.034
2022;SP;Santana da Ponte Pensa;-20.2526022557;-50.7984038446;1670.0;71.557;2.754;24.91;0.778;0.0
2022;SP;Santana de Parnaíba;-23.449453;-46.9220925056;154096.0;54.959;7.254;36.717;0.963;0.108
2022;SP;Santa Rita d'Oeste;-20.1418014734;-50.8309473882;2733.0;73.143;3.366;21.881;1.61;0.0
2022;SP;Santa Rita do Passa Quatro;-21.70714401;-47.4789808518;24833.0;70.954;5.899;22.905;0.181;0.06
2022;SP;Santa Rosa de Viterbo;-21.4852725;-47.3672689283;23411.0;59.006;7.065;33.719;0.15;0.06
2022;SP;Santa Salete;-20.243845188;-50.6884618812;1645.0;77.143;2.067;20.426;0.365;0.0
2022;SP;Santo Anastácio;-21.97302102;-51.6498922118;17963.0;60.986;4.815;32.712;1.442;0.045
2022;SP;Santo André;-23.65751;-46.5308742576;748857.0;65.164;6.427;27.019;1.306;0.084
2022;SP;Santo Antônio da Alegria;-21.0899640291;-47.15593097;6773.0;64.742;4.621;30.607;0.03;0.0
2022;SP;Santo Antônio de Posse;-22.6047968523;-46.9159099001;23243.0;61.076;5.27;33.391;0.254;0.009
2022;SP;Santo Antônio do Aracanguá;-20.9324968425;-50.4967350523;8379.0;43.848;6.994;48.395;0.656;0.107
2022;SP;Santo Antônio do Jardim;-22.1185234999;-46.6823066318;6126.0;74.437;4.114;21.335;0.082;0.033
2022;SP;Santo Antônio do Pinhal;-22.8311934023;-45.6792788633;7133.0;79.714;2.201;16.781;1.192;0.112
2022;SP;Santo Expedito;-21.8468050512;-51.3909209814;3000.0;49.4;5.233;44.333;0.8;0.233
2022;SP;Santópolis do Aguapeí;-21.6393116638;-50.5046924736;3899.0;42.088;8.13;47.628;2.026;0.128
2022;SP;Santos;-23.9337375;-46.3313708492;418584.0;67.523;6.693;24.672;1.025;0.087
2022;SP;São Bento do Sapucaí;-22.6852869533;-45.7371389869;11674.0;79.741;2.39;17.689;0.163;0.017
2022;SP;São Bernardo do Campo;-23.7103045;-46.5502572477;810700.0;58.959;7.229;32.239;1.443;0.129
2022;SP;São Caetano do Sul;-23.614705;-46.5715146086;165648.0;79.354;3.656;14.869;2.008;0.112
2022;SP;São Carlos;-22.0159985;-47.8892376847;254835.0;67.032;7.112;24.953;0.776;0.126
2022;SP;São Francisco;-20.3584138176;-50.7000971573;2602.0;68.447;3.958;27.287;0.192;0.115
2022;SP;São João da Boa Vista;-21.972011;-46.7963507818;92547.0;74.668;5.613;19.493;0.197;0.029
2022;SP;São João das Duas Pontes;-20.3887717266;-50.3807219077;2580.0;56.008;3.915;40.0;0.078;0.0
2022;SP;São João de Iracema;-20.5126154921;-50.3515975169;1846.0;46.046;8.017;45.829;0.108;0.0
2022;SP;São João do Pau d'Alho;-21.2683639994;-51.6666651612;2242.0;65.7;5.486;28.546;0.268;0.0
2022;SP;São Joaquim da Barra;-20.583165555;-47.8632680707;48557.0;54.379;10.305;34.926;0.33;0.06
2022;SP;São José da Bela Vista;-20.5944195311;-47.6409895015;7626.0;51.023;7.881;40.873;0.21;0.013
2022;SP;São José do Barreiro;-22.6464898966;-44.5783409613;3853.0;62.004;5.139;32.806;0.026;0.026
2022;SP;São José do Rio Pardo;-21.5961025;-46.8882658895;52205.0;67.957;5.835;26.02;0.17;0.017
2022;SP;São José do Rio Preto;-20.8126365;-49.381347685;480386.0;67.533;5.884;25.67;0.849;0.064
2022;SP;São José dos Campos;-23.1840615;-45.8841754015;697023.0;66.368;6.189;26.06;1.292;0.09
2022;SP;São Lourenço da Serra;-23.8490857161;-46.9417497174;16066.0;54.538;6.112;37.968;1.313;0.068
2022;SP;São Luiz do Paraitinga;-23.2218715102;-45.3095445048;10334.0;74.482;2.874;22.373;0.213;0.058
2022;SP;São Manuel;-22.736459985;-48.5687632813;37289.0;65.365;6.039;28.314;0.257;0.024
2022;SP;São Miguel Arcanjo;-23.87949;-47.9955891464;32039.0;66.544;2.247;28.3;2.803;0.106
2022;SP;São Paulo;-23.5673865;-46.5703831821;11451151.0;54.269;10.131;33.362;2.084;0.155
2022;SP;São Pedro;-22.548888;-47.9140329971;38253.0;70.852;3.681;24.709;0.693;0.065
2022;SP;São Pedro do Turvo;-22.7512564292;-49.7414761629;7217.0;69.794;3.63;26.396;0.18;0.0
2022;SP;São Roque;-23.530359;-47.1354230127;79480.0;60.276;6.457;32.326;0.822;0.12
2022;SP;São Sebastião;-23.8066876521;-45.4026801405;81587.0;47.492;9.183;42.216;0.549;0.56
2022;SP;São Sebastião da Grama;-21.7084207919;-46.8241276258;10441.0;68.461;6.043;25.429;0.019;0.048
2022;SP;São Simão;-21.4797233722;-47.55335254;13442.0;63.086;8.317;28.381;0.193;0.022
2022;SP;São Vicente;-23.967373;-46.3844908173;329891.0;46.169;10.814;42.539;0.348;0.129
2022;SP;Sarapuí;-23.6415065708;-47.827195985;10367.0;69.528;3.096;26.874;0.415;0.087
2022;SP;Sarutaiá;-23.2744959258;-49.4831286343;3704.0;73.137;3.159;23.461;0.135;0.108
2022;SP;Sebastianópolis do Sul;-20.6568804994;-49.9209224971;3130.0;66.454;5.591;27.859;0.064;0.032
2022;SP;Serra Azul;-21.3102876657;-47.5632499203;12746.0;48.815;9.234;41.809;0.118;0.024
2022;SP;Serrana;-21.209477985;-47.5977620963;43909.0;46.407;9.31;44.116;0.137;0.03
2022;SP;Serra Negra;-22.6126935219;-46.7017913807;29894.0;76.189;3.385;20.048;0.314;0.064
2022;SP;Sertãozinho;-21.137021505;-47.991148431;126883.0;51.547;8.567;39.553;0.272;0.061
2022;SP;Sete Barras;-24.3886037822;-47.9272169635;12727.0;45.478;5.563;47.018;1.014;0.927
2022;SP;Severínia;-20.8093857878;-48.8015339794;14576.0;49.808;6.339;43.791;0.048;0.014
2022;SP;Silveiras;-22.6614243464;-44.8489961032;6186.0;63.126;5.674;31.151;0.032;0.016
2022;SP;Socorro;-22.5920299519;-46.5292115918;40122.0;79.637;2.55;17.345;0.424;0.045
2022;SP;Sorocaba;-23.499323;-47.4578532532;723631.0;66.573;6.041;26.208;1.09;0.088
2022;SP;Sud Mennucci;-20.6929434994;-50.920526559;7355.0;51.19;4.473;43.929;0.408;0.0
2022;SP;Sumaré;-22.822145;-47.2658027321;279530.0;52.542;8.128;38.773;0.489;0.067
2022;SP;Suzano;-23.5368275;-46.3078104673;307416.0;46.756;9.732;41.198;2.22;0.095
2022;SP;Suzanápolis;-20.503344267;-51.0282225865;3408.0;46.567;4.724;48.269;0.44;0.0
2022;SP;Tabapuã;-20.9576006761;-49.0326214092;11323.0;67.226;3.992;28.579;0.159;0.044
2022;SP;Tabatinga;-21.7325145;-48.686787614;14769.0;62.746;3.975;32.961;0.278;0.041
2022;SP;Taboão da Serra;-23.6233285;-46.7857800342;273523.0;46.531;12.425;40.031;0.89;0.123
2022;SP;Taciba;-22.3882662616;-51.2847734241;6260.0;53.738;4.872;40.911;0.224;0.256
2022;SP;Taguaí;-23.4498141186;-49.4057711156;12669.0;75.365;2.06;22.18;0.253;0.142
2022;SP;Taiaçu;-21.1467362736;-48.5119552221;5677.0;61.353;5.108;33.239;0.247;0.053
2022;SP;Taiúva;-21.1295562883;-48.4539353423;6548.0;65.302;5.269;28.65;0.703;0.076
2022;SP;Tambaú;-21.703033;-47.2716155131;21434.0;62.494;5.799;31.497;0.126;0.084
2022;SP;Tanabi;-20.6251121361;-49.6488201994;25264.0;66.573;4.932;28.182;0.277;0.036
2022;SP;Tapiraí;-23.9731482668;-47.5052882352;7996.0;55.728;5.715;34.717;2.001;1.838
2022;SP;Tapiratiba;-21.4718854023;-46.7455152107;11816.0;59.462;6.043;34.36;0.085;0.051
2022;SP;Taquaral;-21.0726085;-48.4086549184;2619.0;60.367;5.918;33.066;0.649;0.0
2022;SP;Taquaritinga;-21.410008;-48.5067421829;52260.0;61.73;5.681;31.741;0.783;0.065
2022;SP;Taquarituba;-23.5320605077;-49.2440885384;24350.0;67.581;3.129;28.686;0.509;0.094
2022;SP;Taquarivaí;-23.9192571497;-48.697328637;6876.0;66.259;2.182;30.905;0.509;0.145
2022;SP;Tarabai;-22.3016682955;-51.5595725756;6536.0;43.696;7.283;47.2;1.79;0.031
2022;SP;Tarumã;-22.7447711943;-50.5765651351;14882.0;56.148;5.295;38.395;0.128;0.034
2022;SP;Tatuí;-23.3485765;-47.8494640337;123942.0;70.604;4.133;24.687;0.47;0.107
2022;SP;Taubaté;-23.0265555;-45.5566086967;310731.0;69.896;4.951;24.448;0.627;0.078
2022;SP;Tejupá;-23.3405917463;-49.3774419611;4127.0;70.39;2.617;26.726;0.17;0.097
2022;SP;Teodoro Sampaio;-22.531007;-52.1711948222;22173.0;44.216;6.269;48.726;0.731;0.059
2022;SP;Terra Roxa;-20.7878416567;-48.3415361372;7904.0;61.88;5.263;31.959;0.848;0.051
2022;SP;Tietê;-23.097889485;-47.711472528;37661.0;69.199;5.818;24.675;0.276;0.032
2022;SP;Timburi;-23.202363383;-49.6035428949;2464.0;75.731;2.963;21.185;0.041;0.081
2022;SP;Torre de Pedra;-23.2437695273;-48.1982388399;2046.0;72.776;4.35;22.483;0.391;0.0
2022;SP;Torrinha;-22.4274936147;-48.1721575851;9334.0;75.53;2.753;21.652;0.064;0.0
2022;SP;Trabiju;-22.0380736471;-48.3401833938;1682.0;50.535;6.956;42.152;0.119;0.238
2022;SP;Tremembé;-22.9604152054;-45.5507468823;51018.0;64.905;5.257;29.143;0.584;0.112
2022;SP;Três Fronteiras;-20.2280128034;-50.8848827855;6804.0;61.273;5.732;32.158;0.735;0.103
2022;SP;Tuiuti;-22.8147561552;-46.6970238595;6778.0;65.949;3.275;30.053;0.693;0.03
2022;SP;Tupã;-21.93482151;-50.5140064217;63928.0;59.271;4.383;33.794;2.414;0.138
2022;SP;Tupi Paulista;-21.3863953177;-51.576720576;15854.0;67.604;3.633;27.52;1.211;0.032
2022;SP;Turiúba;-20.9502350892;-50.1094417505;1818.0;68.427;6.106;25.083;0.275;0.11
2022;SP;Turmalina;-20.0512686173;-50.4777294315;1669.0;74.835;3.954;21.031;0.18;0.0
2022;SP;Ubarana;-21.1624709998;-49.7196723942;5365.0;52.619;5.331;41.789;0.186;0.075
2022;SP;Ubatuba;-23.4359649805;-45.0720914755;92980.0;53.18;7.92;37.562;0.751;0.587
2022;SP;Ubirajara;-22.5238354502;-49.6632716656;5132.0;61.984;2.825;34.996;0.195;0.0
2022;SP;Uchoa;-20.9533463993;-49.177669535;10394.0;66.365;4.618;28.901;0.106;0.01
2022;SP;União Paulista;-20.8877689994;-49.8973935791;1603.0;55.521;8.796;35.434;0.25;0.0
2022;SP;Urânia;-20.2462640967;-50.6418001541;8833.0;66.286;2.536;29.605;1.551;0.023
2022;SP;Uru;-21.7863136524;-49.2832016014;1387.0;72.242;4.182;23.576;0.0;0.0
2022;SP;Urupês;-21.2004188127;-49.2907298494;13744.0;73.196;2.83;23.69;0.146;0.138
2022;SP;Valentim Gentil;-20.4233702919;-50.0858682817;14098.0;61.129;4.462;33.898;0.454;0.057
2022;SP;Valinhos;-22.971244;-46.9966300276;126373.0;72.476;4.349;22.197;0.912;0.066
2022;SP;Valparaíso;-21.2255752829;-50.869308119;24240.0;43.325;7.995;48.078;0.582;0.021
2022;SP;Vargem;-22.8848804238;-46.4116002331;10512.0;68.902;4.186;26.379;0.533;0.0
2022;SP;Vargem Grande do Sul;-21.835866;-46.8956089148;40132.0;68.92;4.866;26.012;0.172;0.03
2022;SP;Vargem Grande Paulista;-23.6153025;-47.0196477841;50414.0;56.804;7.018;34.022;2.089;0.067
2022;SP;Várzea Paulista;-23.2144665;-46.8298902239;115764.0;54.348;7.882;37.513;0.207;0.051
2022;SP;Vera Cruz;-22.2247483148;-49.8217816546;10176.0;54.393;5.11;39.849;0.609;0.039
2022;SP;Vinhedo;-23.0305383241;-46.9764763091;76538.0;68.298;5.55;25.147;0.947;0.057
2022;SP;Viradouro;-20.872314;-48.2966628796;17413.0;62.987;4.68;31.712;0.551;0.069
2022;SP;Vista Alegre do Alto;-21.1671540847;-48.6301713572;8109.0;52.226;7.51;40.005;0.247;0.012
2022;SP;Vitória Brasil;-20.1987385745;-50.4808069702;1794.0;57.581;6.132;35.786;0.502;0.0
2022;SP;Votorantim;-23.541871206;-47.449738058;127916.0;68.396;4.967;25.991;0.583;0.063
2022;SP;Votuporanga;-20.41947;-49.9746720152;96629.0;66.604;5.173;27.259;0.912;0.052
2022;SP;Zacarias;-21.050110435;-50.0557395185;2692.0;60.03;3.678;34.918;1.374;0.0
2022;SP;Chavantes;-23.0320056319;-49.7139361487;12211.0;61.101;6.42;32.168;0.287;0.025
2022;SP;Estiva Gerbi;-22.2745889131;-46.9536026904;11295.0;70.775;3.834;25.046;0.248;0.097
2022;PR;Abatiá;-23.3004940371;-50.3125265829;7241.0;61.773;3.825;32.302;0.621;1.478
2022;PR;Adrianópolis;-24.6616897055;-48.9917545384;6256.0;42.935;7.593;48.945;0.112;0.416
2022;PR;Agudos do Sul;-25.9906180906;-49.3387018846;10233.0;65.611;2.697;31.516;0.068;0.107
2022;PR;Almirante Tamandaré;-25.3133776023;-49.3003198184;119824.0;62.359;4.364;32.995;0.224;0.058
2022;PR;Altamira do Paraná;-24.8010001635;-52.7098074467;3590.0;44.903;3.928;50.752;0.39;0.028
2022;PR;Altônia;-23.8708814058;-53.8919738559;18742.0;58.862;3.34;37.243;0.464;0.091
2022;PR;Alto Paraná;-23.1271208306;-52.3216824441;13909.0;53.081;5.673;40.326;0.841;0.079
2022;PR;Alto Piquiri;-24.0190125564;-53.4412490789;9727.0;44.495;6.981;48.247;0.195;0.082
2022;PR;Alvorada do Sul;-22.7803787674;-51.2292163306;10326.0;58.309;6.169;34.592;0.843;0.087
2022;PR;Amaporã;-23.0973702882;-52.7867873506;4762.0;36.476;9.639;53.633;0.21;0.042
2022;PR;Ampére;-25.9170684653;-53.4732567447;19620.0;74.353;1.809;23.782;0.025;0.031
2022;PR;Anahy;-24.6475824586;-53.1333198287;2918.0;53.05;6.032;40.507;0.411;0.0
2022;PR;Andirá;-23.0517516547;-50.2264075987;19878.0;66.652;4.679;27.704;0.86;0.106
2022;PR;Ângulo;-23.192903865;-51.9173646798;3235.0;63.833;4.049;31.963;0.155;0.0
2022;PR;Antonina;-25.4301661323;-48.7129000617;18090.0;61.647;3.787;34.035;0.332;0.199
2022;PR;Antônio Olinto;-25.98670578;-50.197947244;7018.0;76.717;1.667;21.473;0.0;0.142
2022;PR;Apucarana;-23.551592985;-51.4599851424;130133.0;60.988;5.158;32.584;1.204;0.066
2022;PR;Arapongas;-23.413516532;-51.4382797347;119135.0;66.66;3.976;27.955;1.354;0.055
2022;PR;Arapoti;-24.1465691652;-49.8248285017;25775.0;60.819;4.299;34.623;0.178;0.081
2022;PR;Arapuã;-24.3087023864;-51.7913175643;3527.0;56.223;3.204;39.779;0.737;0.057
2022;PR;Araruna;-23.9282009506;-52.4996181031;14485.0;62.43;3.624;33.704;0.138;0.104
2022;PR;Araucária;-25.591645;-49.4019396967;151657.0;62.422;5.076;32.13;0.289;0.082
2022;PR;Ariranha do Ivaí;-24.3832887448;-51.5879178389;2329.0;59.081;4.508;35.895;0.301;0.215
2022;PR;Assaí;-23.3727179051;-50.8416234863;13797.0;45.466;5.639;37.428;11.459;0.007
2022;PR;Assis Chateaubriand;-24.4085300849;-53.5212369274;36805.0;58.041;4.339;36.397;1.117;0.106
2022;PR;Astorga;-23.236711965;-51.6696792625;25472.0;64.71;3.985;30.3;0.985;0.02
2022;PR;Atalaia;-23.1515870955;-52.0557011365;3980.0;63.166;4.724;31.583;0.477;0.05
2022;PR;Balsa Nova;-25.5784978075;-49.6317559904;13394.0;70.091;2.747;26.758;0.187;0.217
2022;PR;Bandeirantes;-23.0924805;-50.3718730229;31271.0;59.63;7.716;30.862;1.72;0.07
2022;PR;Barbosa Ferraz;-24.0277154653;-52.0071166854;10795.0;47.781;7.327;44.437;0.333;0.12
2022;PR;Barracão;-26.2526028442;-53.6350002653;9759.0;64.136;2.972;32.596;0.113;0.184
2022;PR;Barra do Jacaré;-23.1205927281;-50.1877367616;2814.0;67.91;4.3;27.114;0.569;0.107
2022;PR;Bela Vista da Caroba;-25.8794933223;-53.6660426285;4031.0;71.049;2.233;26.594;0.074;0.05
2022;PR;Bela Vista do Paraíso;-22.9920875312;-51.1941450329;14833.0;58.572;6.755;34.113;0.546;0.013
2022;PR;Bituruna;-26.1607944758;-51.5565252575;15533.0;61.16;2.105;36.587;0.071;0.077
2022;PR;Boa Esperança;-24.2394931592;-52.7927774593;4558.0;59.544;3.05;37.012;0.395;0.0
2022;PR;Boa Esperança do Iguaçu;-25.6358731594;-53.2171600749;2455.0;71.324;0.855;27.78;0.041;0.0
2022;PR;Boa Ventura de São Roque;-24.8785175862;-51.539373837;6378.0;64.127;3.183;32.581;0.063;0.047
2022;PR;Boa Vista da Aparecida;-25.4304049443;-53.411736489;7924.0;61.837;3.18;34.654;0.164;0.164
2022;PR;Bocaiúva do Sul;-25.2149015837;-49.1057874828;13299.0;61.584;2.647;35.454;0.203;0.113
2022;PR;Bom Jesus do Sul;-26.1928749693;-53.5995999695;3980.0;61.859;2.085;36.005;0.025;0.025
2022;PR;Bom Sucesso;-23.707437018;-51.7644654447;6581.0;47.227;7.582;44.993;0.122;0.076
2022;PR;Bom Sucesso do Sul;-26.0745371403;-52.8319762721;3202.0;71.143;1.999;26.858;0.0;0.0
2022;PR;Borrazópolis;-23.9378541947;-51.5844090969;7735.0;61.875;4.189;32.476;1.383;0.078
2022;PR;Braganey;-24.8148946326;-53.121073665;4854.0;64.957;2.555;32.241;0.227;0.021
2022;PR;Brasilândia do Sul;-24.1938462812;-53.5240418136;3708.0;37.621;5.394;56.419;0.566;0.0
2022;PR;Cafeara;-22.788235241;-51.7150055085;2627.0;26.608;1.827;71.336;0.228;0.0
2022;PR;Cafelândia;-24.6156669761;-53.3249164784;18996.0;58.339;5.375;35.844;0.379;0.063
2022;PR;Cafezal do Sul;-23.9047044712;-53.5110648542;4473.0;48.245;4.494;46.233;0.939;0.089
2022;PR;Califórnia;-23.6661438838;-51.3580855531;8710.0;61.343;4.271;33.662;0.666;0.057
2022;PR;Cambará;-23.04126648;-50.0775707226;23211.0;63.793;6.669;28.745;0.767;0.026
2022;PR;Cambé;-23.281632;-51.2777284423;107204.0;59.836;6.278;33.049;0.732;0.104
2022;PR;Cambira;-23.6006118802;-51.5816306134;9460.0;59.228;4.07;36.385;0.285;0.032
2022;PR;Campina da Lagoa;-24.594956582;-52.8135641546;15723.0;58.99;3.772;36.679;0.528;0.032
2022;PR;Campina do Simão;-25.1025784698;-51.8147865321;3936.0;57.266;1.474;41.184;0.025;0.051
2022;PR;Campina Grande do Sul;-25.303247505;-49.0534658724;47825.0;61.035;5.014;33.462;0.318;0.171
2022;PR;Campo Bonito;-25.0396344828;-52.9968696037;4027.0;60.69;3.328;35.858;0.124;0.0
2022;PR;Campo do Tenente;-25.9810056577;-49.6903769402;7508.0;66.263;2.424;30.994;0.306;0.013
2022;PR;Campo Largo;-25.4594905;-49.5288414503;136326.0;69.588;3.594;26.58;0.144;0.095
2022;PR;Campo Magro;-25.3679565;-49.427664968;30160.0;61.343;5.938;32.497;0.153;0.07
2022;PR;Campo Mourão;-24.0412231967;-52.3811150856;99422.0;60.436;4.084;34.471;0.882;0.127
2022;PR;Cândido de Abreu;-24.5646691199;-51.3325805084;15244.0;65.541;1.922;28.332;0.046;4.159
2022;PR;Candói;-25.5679318458;-52.0554464048;14972.0;51.282;3.774;44.603;0.207;0.134
2022;PR;Cantagalo;-25.374317386;-52.1266876349;10933.0;55.3;2.552;42.001;0.082;0.064
2022;PR;Capanema;-25.6829774174;-53.800178695;20481.0;78.111;1.65;20.131;0.059;0.049
2022;PR;Capitão Leônidas Marques;-25.4794684845;-53.6172110108;14648.0;65.995;3.611;30.1;0.191;0.102
2022;PR;Carambeí;-24.95087298;-50.1130915115;23283.0;67.1;3.097;29.691;0.082;0.03
2022;PR;Carlópolis;-23.427723925;-49.7187235299;16905.0;76.338;2.561;18.947;2.053;0.101
2022;PR;Cascavel;-24.9537975;-53.459722182;348036.0;62.905;4.14;32.39;0.496;0.069
2022;PR;Castro;-24.7954175;-50.0028111278;73073.0;62.911;4.111;32.522;0.375;0.081
2022;PR;Catanduvas;-25.1964932495;-53.1537063668;10444.0;57.507;2.758;39.592;0.144;0.0
2022;PR;Centenário do Sul;-22.8149823509;-51.59352956;10832.0;47.203;7.616;44.747;0.379;0.055
2022;PR;Cerro Azul;-24.8189473028;-49.2603168259;16134.0;61.907;1.581;36.463;0.025;0.025
2022;PR;Céu Azul;-25.1497612093;-53.8572693831;11087.0;66.186;4.032;29.323;0.298;0.162
2022;PR;Chopinzinho;-25.8546838488;-52.5339602075;21085.0;63.239;2.324;29.803;0.109;4.525
2022;PR;Cianorte;-23.6538131528;-52.6091508906;79525.0;64.213;3.879;30.917;0.929;0.062
2022;PR;Cidade Gaúcha;-23.3741973866;-52.9405251491;11467.0;41.929;6.009;51.635;0.323;0.105
2022;PR;Clevelândia;-26.4052052934;-52.3529862012;15067.0;56.985;2.542;39.55;0.1;0.823
2022;PR;Colombo;-25.2943402945;-49.2274379773;232205.0;60.663;5.375;33.604;0.248;0.109
2022;PR;Colorado;-22.83789753;-51.9744162121;22895.0;55.654;4.739;38.672;0.882;0.052
2022;PR;Congonhinhas;-23.5469021022;-50.554428047;8320.0;60.986;4.038;34.483;0.445;0.048
2022;PR;Conselheiro Mairinck;-23.6215617142;-50.1717730024;3461.0;58.191;5.605;35.394;0.462;0.347
2022;PR;Contenda;-25.6807663096;-49.5316118697;19128.0;72.031;1.976;25.774;0.115;0.105
2022;PR;Corbélia;-24.799649516;-53.296527777;17470.0;70.052;3.154;26.6;0.155;0.04
2022;PR;Cornélio Procópio;-23.1832575;-50.6514844783;45206.0;63.746;6.17;27.91;2.108;0.066
2022;PR;Coronel Domingos Soares;-26.2265477684;-52.0345386762;5649.0;47.336;3.434;49.159;0.053;0.018
2022;PR;Coronel Vivida;-25.9781534981;-52.5670866354;23331.0;65.325;2.756;30.98;0.086;0.853
2022;PR;Corumbataí do Sul;-24.0974123852;-52.1241853004;3760.0;44.122;7.394;48.005;0.266;0.213
2022;PR;Cruzeiro do Iguaçu;-25.6165692703;-53.1268226638;4133.0;68.691;2.758;28.526;0.0;0.024
2022;PR;Cruzeiro do Oeste;-23.7769048607;-53.0818216076;23831.0;48.449;6.08;44.442;0.94;0.088
2022;PR;Cruzeiro do Sul;-22.9651754195;-52.1639776695;4494.0;45.505;5.541;46.084;2.848;0.022
2022;PR;Cruz Machado;-26.0172688782;-51.3477095246;15978.0;84.028;2.009;13.888;0.044;0.031
2022;PR;Cruzmaltina;-23.9933276019;-51.444246649;2892.0;62.344;5.325;32.019;0.277;0.035
2022;PR;Curitiba;-25.432956;-49.2718478851;1773645.0;74.437;4.057;20.062;1.333;0.111
2022;PR;Curiúva;-24.0358255893;-50.4594055245;13647.0;64.52;4.814;30.109;0.322;0.234
2022;PR;Diamante do Norte;-22.6572061502;-52.8641112387;5142.0;46.83;6.709;43.485;2.917;0.058
2022;PR;Diamante do Sul;-25.0351919283;-52.6881907613;3171.0;57.994;3.721;37.811;0.315;0.158
2022;PR;Diamante d'Oeste;-24.9421618556;-54.1036264277;4557.0;47.356;4.806;37.086;0.417;10.336
2022;PR;Dois Vizinhos;-25.74601002;-53.0548359924;44869.0;71.036;2.084;26.7;0.14;0.04
2022;PR;Douradina;-23.3819072162;-53.2964486552;9161.0;54.284;4.541;39.985;1.157;0.033
2022;PR;Doutor Camargo;-23.555901327;-52.2227214971;6327.0;65.782;4.663;28.908;0.648;0.0
2022;PR;Enéas Marques;-25.9407559827;-53.1661852682;5999.0;70.362;2.017;27.455;0.05;0.117
2022;PR;Engenheiro Beltrão;-23.8011440704;-52.2600351548;12453.0;56.252;5.605;37.108;0.972;0.064
2022;PR;Esperança Nova;-23.7246547649;-53.810495039;1849.0;61.33;3.407;35.208;0.054;0.0
2022;PR;Entre Rios do Oeste;-24.7081421702;-54.2448936715;4575.0;77.049;2.404;20.372;0.109;0.066
2022;PR;Espigão Alto do Iguaçu;-25.4266700617;-52.8382134987;4797.0;60.163;1.563;31.207;0.063;7.004
2022;PR;Farol;-24.0990946187;-52.6262151802;3039.0;55.018;3.225;41.691;0.033;0.033
2022;PR;Faxinal;-24.0039270722;-51.3201059318;16389.0;63.884;3.466;31.759;0.488;0.403
2022;PR;Fazenda Rio Grande;-25.6414002187;-49.3232931947;148866.0;59.043;6.089;34.484;0.252;0.132
2022;PR;Fênix;-23.9206947066;-51.984464487;4492.0;49.421;7.435;42.72;0.401;0.022
2022;PR;Fernandes Pinheiro;-25.412242298;-50.5474142544;6255.0;65.532;1.966;32.438;0.032;0.032
2022;PR;Figueira;-23.8434107619;-50.4092010912;8062.0;58.149;5.371;35.847;0.62;0.012
2022;PR;Floraí;-23.3198456636;-52.302984373;4792.0;62.354;4.758;31.448;1.377;0.063
2022;PR;Flor da Serra do Sul;-26.2552988459;-53.3085976819;4364.0;66.201;2.841;30.797;0.069;0.092
2022;PR;Floresta;-23.6102671395;-52.0830848515;10458.0;55.728;5.479;37.11;1.626;0.057
2022;PR;Florestópolis;-22.8591043044;-51.3838226518;11446.0;45.073;6.605;48.253;0.044;0.026
2022;PR;Flórida;-23.0878019097;-51.955828091;2652.0;67.119;6.071;26.584;0.226;0.0
2022;PR;Formosa do Oeste;-24.2941972137;-53.3161610107;7634.0;73.068;2.502;23.801;0.629;0.0
2022;PR;Foz do Iguaçu;-25.5424932795;-54.5871024886;285411.0;57.107;5.152;36.879;0.696;0.166
2022;PR;Francisco Alves;-24.0675754044;-53.8440159672;8115.0;47.517;4.966;47.123;0.246;0.148
2022;PR;Francisco Beltrão;-26.07845;-53.0561357215;96664.0;71.292;2.129;26.402;0.123;0.054
2022;PR;Foz do Jordão;-25.7334396203;-52.1256275318;4926.0;46.752;3.147;49.919;0.041;0.142
2022;PR;General Carneiro;-26.4258025266;-51.3168589232;11062.0;54.068;4.366;41.231;0.027;0.307
2022;PR;Godoy Moreira;-24.1928594486;-51.9243682163;2977.0;53.544;4.568;41.518;0.134;0.235
2022;PR;Goioerê;-24.1891883939;-53.0273189133;28437.0;50.385;5.328;42.216;1.948;0.123
2022;PR;Goioxim;-25.2015403111;-52.0055879662;6566.0;51.295;4.112;44.06;0.335;0.198
2022;PR;Grandes Rios;-24.1461940122;-51.5087423991;5641.0;53.501;3.191;43.042;0.213;0.053
2022;PR;Guaíra;-24.08527548;-54.2467577204;32097.0;49.796;4.075;40.328;1.474;4.328
2022;PR;Guairaçá;-22.9382439477;-52.6910396164;6587.0;47.639;5.101;46.759;0.501;0.0
2022;PR;Guamiranga;-25.1899094536;-50.8098759007;7856.0;57.841;1.387;40.733;0.025;0.013
2022;PR;Guapirama;-23.5166402424;-50.042613744;4626.0;63.856;4.756;29.204;1.47;0.713
2022;PR;Guaporema;-23.3429843451;-52.7782437829;2191.0;48.425;5.294;46.189;0.046;0.046
2022;PR;Guaraci;-22.9744292673;-51.6503853709;4748.0;51.179;5.097;43.324;0.316;0.084
2022;PR;Guaraniaçu;-25.0986499166;-52.8696324396;13735.0;62.323;1.296;36.352;0.029;0.0
2022;PR;Guarapuava;-25.39359198;-51.4634310777;182090.0;65.507;2.916;31.27;0.213;0.093
2022;PR;Guaraqueçaba;-25.3004374744;-48.3260489326;7430.0;50.848;2.651;45.545;0.081;0.875
2022;PR;Guaratuba;-25.874241975;-48.5757259604;42062.0;63.594;3.759;32.095;0.38;0.171
2022;PR;Honório Serpa;-26.142966207;-52.3830290562;4941.0;49.464;3.582;46.873;0.081;0.0
2022;PR;Ibaiti;-23.849821485;-50.1906662736;28830.0;64.242;4.492;30.552;0.558;0.156
2022;PR;Ibema;-25.1128670712;-53.0231216934;6218.0;57.124;1.367;41.509;0.0;0.0
2022;PR;Ibiporã;-23.269331475;-51.058033674;51603.0;63.031;4.585;30.293;2.006;0.085
2022;PR;Icaraíma;-23.396711428;-53.6255701623;8991.0;47.447;5.083;46.958;0.334;0.178
2022;PR;Iguaraçu;-23.1947806087;-51.8247742046;5338.0;51.836;6.744;40.933;0.375;0.112
2022;PR;Iguatu;-24.7112618444;-53.0860050754;2144.0;52.799;4.524;42.024;0.513;0.14
2022;PR;Imbaú;-24.4427970837;-50.7493089935;14249.0;60.973;3.376;35.483;0.063;0.105
2022;PR;Imbituva;-25.2306130382;-50.5974729665;29924.0;71.799;2.259;25.825;0.1;0.017
2022;PR;Inácio Martins;-25.572162687;-51.0749452987;9670.0;62.978;4.219;31.541;0.01;1.251
2022;PR;Inajá;-22.7491161251;-52.2023437503;2536.0;39.156;6.546;53.352;0.749;0.197
2022;PR;Indianópolis;-23.4797105012;-52.7010569082;4448.0;57.464;3.62;38.894;0.022;0.0
2022;PR;Ipiranga;-25.0130228282;-50.5812401344;14142.0;73.504;2.185;24.212;0.064;0.035
2022;PR;Iporã;-24.0025804985;-53.7180991714;15746.0;53.201;4.033;42.074;0.648;0.044
2022;PR;Iracema do Oeste;-24.4290304153;-53.3581105552;2343.0;61.46;4.225;33.888;0.427;0.0
2022;PR;Irati;-25.4737362989;-50.6580481228;59248.0;78.885;1.811;19.153;0.118;0.032
2022;PR;Iretama;-24.4211415594;-52.1015766223;10684.0;46.911;4.577;48.231;0.271;0.009
2022;PR;Itaguajé;-22.6147826757;-51.9693404489;4481.0;44.209;4.419;51.015;0.357;0.0
2022;PR;Itaipulândia;-25.138480651;-54.3050007423;11485.0;64.197;3.178;30.535;0.244;1.846
2022;PR;Itambaracá;-23.0147685089;-50.4090904668;5908.0;61.984;5.603;30.619;1.743;0.051
2022;PR;Itambé;-23.6600985811;-51.9900043143;6111.0;57.11;5.924;36.23;0.736;0.0
2022;PR;Itapejara d'Oeste;-25.9708780516;-52.8139296045;12344.0;71.662;2.803;25.381;0.089;0.065
2022;PR;Itaperuçu;-25.214469525;-49.3428643437;31210.0;59.154;2.304;38.331;0.17;0.042
2022;PR;Itaúna do Sul;-22.7268769277;-52.8850248105;3572.0;36.002;7.615;55.347;1.036;0.0
2022;PR;Ivaí;-25.0082625825;-50.8614257041;13229.0;70.534;3.311;26.109;0.023;0.023
2022;PR;Ivaiporã;-24.24194802;-51.6745520468;32720.0;62.311;4.053;33.044;0.498;0.095
2022;PR;Ivaté;-23.409588874;-53.3738794058;6831.0;46.904;4.772;47.972;0.337;0.015
2022;PR;Ivatuba;-23.6182744113;-52.217669279;2708.0;61.669;6.204;32.016;0.037;0.074
2022;PR;Jaboti;-23.7357406012;-50.0734525499;5427.0;69.928;3.059;26.608;0.387;0.018
2022;PR;Jacarezinho;-23.160116475;-49.9785725343;40374.0;58.166;8.694;32.674;0.337;0.129
2022;PR;Jaguapitã;-23.1177827566;-51.5406168454;15122.0;53.359;6.547;39.77;0.245;0.079
2022;PR;Jaguariaíva;-24.2530565;-49.712186302;35139.0;66.305;3.583;29.753;0.302;0.057
2022;PR;Jandaia do Sul;-23.6011789161;-51.6433953622;21408.0;66.214;4.526;28.373;0.859;0.028
2022;PR;Janiópolis;-24.1414499418;-52.78255178;5870.0;50.0;4.787;44.685;0.494;0.034
2022;PR;Japira;-23.8074805268;-50.1385951194;4972.0;66.693;4.445;28.54;0.261;0.06
2022;PR;Japurá;-23.4685877726;-52.5566276715;9144.0;71.336;2.504;25.7;0.459;0.0
2022;PR;Jardim Alegre;-24.1811374456;-51.6943350084;12004.0;57.897;4.257;37.554;0.233;0.058
2022;PR;Jardim Olinda;-22.5526316002;-52.0381409641;1343.0;37.9;4.542;56.59;0.894;0.074
2022;PR;Jataizinho;-23.2572651215;-50.9740548451;11813.0;60.323;5.164;33.082;1.371;0.059
2022;PR;Jesuítas;-24.3772489097;-53.38811488;10506.0;65.734;3.331;29.84;1.076;0.019
2022;PR;Joaquim Távora;-23.5004885244;-49.9244568128;11945.0;73.445;3.575;22.411;0.486;0.084
2022;PR;Jundiaí do Sul;-23.4379094511;-50.2493535652;3333.0;49.835;4.95;45.155;0.06;0.0
2022;PR;Juranda;-24.4163906494;-52.8444864983;7770.0;55.47;4.376;39.575;0.515;0.064
2022;PR;Jussara;-23.6163267088;-52.4730408047;6690.0;56.413;2.78;40.194;0.568;0.045
2022;PR;Kaloré;-23.8234388794;-51.6651419267;4582.0;69.337;3.186;27.39;0.087;0.0
2022;PR;Lapa;-25.765102485;-49.7185958084;45001.0;65.634;3.169;30.99;0.107;0.1
2022;PR;Laranjal;-24.888301584;-52.4716661791;5596.0;46.748;3.485;49.75;0.0;0.018
2022;PR;Laranjeiras do Sul;-25.4016815102;-52.4088474233;32227.0;65.938;2.079;31.505;0.137;0.341
2022;PR;Leópolis;-23.0799224937;-50.7551249729;3752.0;54.211;6.183;38.779;0.773;0.053
2022;PR;Lidianópolis;-24.1067664133;-51.6541506163;3938.0;55.891;5.51;38.294;0.305;0.0
2022;PR;Lindoeste;-25.255985126;-53.5771259363;5175.0;56.58;3.517;39.845;0.019;0.039
2022;PR;Loanda;-22.9302286219;-53.1344689598;23222.0;49.655;5.581;43.876;0.844;0.043
2022;PR;Lobato;-23.0041580769;-51.9537492142;4599.0;54.186;3.479;41.705;0.609;0.022
2022;PR;Londrina;-23.312156;-51.1627734239;555940.0;64.209;5.733;26.666;3.242;0.15
2022;PR;Luiziana;-24.2800814127;-52.2819056183;6690.0;46.502;4.813;48.341;0.284;0.06
2022;PR;Lunardelli;-24.0780463607;-51.7445483868;4872.0;61.063;4.085;34.585;0.226;0.041
2022;PR;Lupionópolis;-22.751994523;-51.6568728402;4813.0;53.189;6.067;40.162;0.582;0.0
2022;PR;Mallet;-25.8737880845;-50.8275686221;13424.0;86.338;1.207;12.373;0.022;0.06
2022;PR;Mamborê;-24.3218130807;-52.5290941575;13452.0;62.139;1.977;35.69;0.119;0.074
2022;PR;Mandaguaçu;-23.3427891418;-52.0942530606;31457.0;53.762;5.875;39.899;0.397;0.067
2022;PR;Mandaguari;-23.517452;-51.6812520884;36716.0;59.84;6.362;33.119;0.645;0.033
2022;PR;Mandirituba;-25.7596206131;-49.322782597;27439.0;70.338;2.369;27.056;0.19;0.047
2022;PR;Manfrinópolis;-26.1437768725;-53.3125829631;2770.0;62.094;1.986;35.74;0.072;0.108
2022;PR;Mangueirinha;-25.9429813416;-52.1763258294;16603.0;53.785;2.114;38.433;0.078;5.589
2022;PR;Manoel Ribas;-24.5217308774;-51.6690785951;14240.0;59.712;1.84;25.028;0.14;13.279
2022;PR;Marechal Cândido Rondon;-24.559254495;-54.0600078165;55832.0;73.898;3.102;22.654;0.199;0.147
2022;PR;Maria Helena;-23.6176096561;-53.2048192712;5865.0;47.468;7.263;44.024;1.091;0.153
2022;PR;Marialva;-23.484758535;-51.7980569139;41849.0;60.573;5.231;31.946;2.143;0.108
2022;PR;Marilândia do Sul;-23.7457790925;-51.3092905257;8677.0;67.777;5.082;25.746;1.337;0.058
2022;PR;Marilena;-22.7318252451;-53.0371858842;7253.0;39.653;6.756;53.302;0.248;0.041
2022;PR;Mariluz;-24.0037326298;-53.1515258189;9847.0;44.257;5.037;49.924;0.711;0.071
2022;PR;Maringá;-23.42228;-51.9398818703;409633.0;67.068;4.531;25.042;3.287;0.072
2022;PR;Mariópolis;-26.3558427427;-52.5577480021;6371.0;62.219;2.292;35.238;0.078;0.173
2022;PR;Maripá;-24.4172088393;-53.833477783;6555.0;78.825;1.8;18.932;0.137;0.305
2022;PR;Marmeleiro;-26.148697193;-53.0261839783;15901.0;71.511;3.012;25.2;0.069;0.208
2022;PR;Marquinho;-25.1122123613;-52.2569829528;4504.0;57.349;5.662;36.812;0.067;0.111
2022;PR;Marumbi;-23.7063690371;-51.6410803665;4699.0;64.695;4.852;30.219;0.213;0.021
2022;PR;Matelândia;-25.2379210129;-53.9743873417;18448.0;65.628;3.317;30.784;0.26;0.011
2022;PR;Matinhos;-25.8164097029;-48.5337711878;39259.0;63.473;4.231;31.644;0.461;0.191
2022;PR;Mato Rico;-24.7073171879;-52.1462585798;3267.0;60.575;3.918;35.262;0.214;0.031
2022;PR;Mauá da Serra;-23.9012964431;-51.2264634714;9383.0;63.487;3.016;32.175;1.3;0.021
2022;PR;Medianeira;-25.2924975;-54.0917821269;54369.0;68.624;2.844;28.218;0.235;0.079
2022;PR;Mercedes;-24.4488897646;-54.1644357172;5931.0;79.009;2.479;18.378;0.101;0.034
2022;PR;Mirador;-23.2574075418;-52.7769349283;2238.0;42.493;6.613;50.045;0.536;0.313
2022;PR;Miraselva;-22.9660925761;-51.4857072491;1966.0;57.681;5.443;36.521;0.356;0.0
2022;PR;Missal;-25.0911596681;-54.2431753258;11064.0;77.983;1.41;20.499;0.081;0.027
2022;PR;Moreira Sales;-24.0447582369;-53.0134465697;11175.0;47.615;5.441;46.532;0.376;0.036
2022;PR;Morretes;-25.4784816834;-48.8315391963;18308.0;54.845;3.578;40.496;0.623;0.459
2022;PR;Munhoz de Melo;-23.1456928031;-51.7757579076;3951.0;59.428;5.366;34.523;0.683;0.0
2022;PR;Nossa Senhora das Graças;-22.9105625093;-51.795147524;3669.0;46.77;3.87;49.087;0.218;0.055
2022;PR;Nova Aliança do Ivaí;-23.1774555298;-52.6019227273;1323.0;47.09;8.163;43.84;0.605;0.302
2022;PR;Nova América da Colina;-23.3326866675;-50.7144428466;3280.0;61.555;4.329;30.305;3.75;0.061
2022;PR;Nova Aurora;-24.528485329;-53.2575255396;13765.0;64.032;3.422;31.791;0.734;0.022
2022;PR;Nova Cantu;-24.670778845;-52.5709921605;6790.0;57.305;2.739;39.764;0.133;0.059
2022;PR;Nova Esperança;-23.1842513922;-52.2048663634;26585.0;58.439;4.412;35.129;1.979;0.041
2022;PR;Nova Esperança do Sudoeste;-25.8987792083;-53.2642073186;5597.0;69.287;1.34;29.355;0.0;0.018
2022;PR;Nova Fátima;-23.4323585709;-50.5623142176;7225.0;57.592;5.453;35.557;1.37;0.028
2022;PR;Nova Laranjeiras;-25.3067459166;-52.5393704515;12074.0;50.348;1.582;24.317;0.008;23.745
2022;PR;Nova Londrina;-22.7638686048;-52.9863126299;12923.0;44.378;6.957;47.651;0.975;0.039
2022;PR;Nova Olímpia;-23.4711009791;-53.091232951;5833.0;52.786;4.697;42.38;0.137;0.0
2022;PR;Nova Santa Bárbara;-23.5854238549;-50.764147122;4184.0;53.107;4.302;40.057;2.294;0.239
2022;PR;Nova Santa Rosa;-24.4647645333;-53.9551160843;8321.0;79.954;2.331;17.534;0.084;0.096
2022;PR;Nova Prata do Iguaçu;-25.631877091;-53.3479572462;12695.0;70.177;2.04;27.696;0.071;0.016
2022;PR;Nova Tebas;-24.4383252112;-51.9503961104;6848.0;60.383;2.497;37.004;0.029;0.088
2022;PR;Novo Itacolomi;-23.7653137693;-51.506959428;3125.0;69.024;4.48;25.984;0.096;0.416
2022;PR;Ortigueira;-24.2120106689;-50.9269295381;24192.0;63.504;2.943;29.985;0.19;3.377
2022;PR;Ourizona;-23.4045682216;-52.1950387277;3187.0;56.228;6.903;36.053;0.816;0.0
2022;PR;Ouro Verde do Oeste;-24.7707942898;-53.8995380842;6785.0;51.732;6.146;41.754;0.354;0.015
2022;PR;Paiçandu;-23.4576987575;-52.0524118316;45961.0;51.424;6.949;41.133;0.422;0.072
2022;PR;Palmas;-26.481472515;-51.9887738877;48247.0;58.074;3.596;36.232;0.191;1.907
2022;PR;Palmeira;-25.4185679015;-50.003246821;33852.0;73.275;3.09;23.496;0.103;0.035
2022;PR;Palmital;-24.8822436773;-52.2129972267;13033.0;67.452;2.033;30.193;0.253;0.069
2022;PR;Palotina;-24.279409485;-53.8387717239;35011.0;63.143;5.278;30.956;0.411;0.211
2022;PR;Paraíso do Norte;-23.2871611665;-52.6035431384;13245.0;51.597;5.602;41.978;0.793;0.03
2022;PR;Paranacity;-22.9268100521;-52.1559887289;9557.0;40.599;6.739;51.868;0.67;0.126
2022;PR;Paranaguá;-25.5068415;-48.5247328367;145798.0;57.299;3.975;38.045;0.541;0.14
2022;PR;Paranapoema;-22.655621575;-52.0807237218;2398.0;34.696;7.59;57.048;0.626;0.042
2022;PR;Paranavaí;-23.081879475;-52.46240167;91997.0;53.434;6.297;38.588;1.622;0.059
2022;PR;Pato Bragado;-24.6256440145;-54.231395741;5733.0;77.917;1.657;20.321;0.052;0.052
2022;PR;Pato Branco;-26.229958515;-52.6773619977;91833.0;67.493;2.491;29.727;0.195;0.094
2022;PR;Paula Freitas;-26.2201021597;-50.9347363363;5665.0;76.646;1.801;21.5;0.035;0.018
2022;PR;Paulo Frontin;-26.0456075777;-50.8331964537;6343.0;84.708;1.198;14.015;0.047;0.032
2022;PR;Peabiru;-23.9141264298;-52.3478961546;13346.0;55.342;4.945;38.648;0.922;0.142
2022;PR;Perobal;-23.8945617453;-53.4115002038;7189.0;46.822;6.107;46.669;0.32;0.083
2022;PR;Pérola;-23.7974787687;-53.6732521305;11878.0;58.899;3.586;37.026;0.387;0.101
2022;PR;Pérola d'Oeste;-25.8282656767;-53.7401084726;6221.0;74.731;1.833;23.389;0.032;0.016
2022;PR;Piên;-26.0969563766;-49.4282437422;13655.0;74.874;1.897;23.127;0.051;0.051
2022;PR;Pinhais;-25.4421978879;-49.1991974196;127015.0;64.982;5.511;28.873;0.553;0.081
2022;PR;Pinhalão;-23.7873547289;-50.0626030635;6566.0;69.586;5.315;24.886;0.137;0.076
2022;PR;Pinhal de São Bento;-26.0327285547;-53.4830904422;2761.0;63.419;3.368;33.176;0.036;0.0
2022;PR;Pinhão;-25.69629501;-51.6482701915;29885.0;52.561;2.694;44.494;0.167;0.084
2022;PR;Piraí do Sul;-24.5323575;-49.9413309936;23650.0;71.674;3.129;24.732;0.414;0.051
2022;PR;Piraquara;-25.4465503565;-49.0653056139;118727.0;57.336;6.705;35.451;0.222;0.286
2022;PR;Pitanga;-24.7527477534;-51.7631540084;33567.0;70.316;1.525;27.92;0.146;0.092
2022;PR;Pitangueiras;-23.2303038464;-51.5857680569;3046.0;55.056;5.909;38.608;0.394;0.033
2022;PR;Planaltina do Paraná;-23.0188101883;-52.9178407026;4070.0;44.963;5.872;48.821;0.295;0.049
2022;PR;Planalto;-25.7121014978;-53.7708574303;14373.0;82.057;1.538;16.037;0.083;0.285
2022;PR;Ponta Grossa;-25.092547;-50.1614420593;358358.0;71.905;3.734;23.928;0.35;0.083
2022;PR;Pontal do Paraná;-25.5941510149;-48.4483270302;30425.0;61.275;4.713;33.239;0.352;0.421
2022;PR;Porecatu;-22.7562094968;-51.3775989928;11624.0;45.828;7.287;46.499;0.336;0.052
2022;PR;Porto Amazonas;-25.5415727121;-49.889720865;4098.0;61.445;4.368;34.041;0.098;0.049
2022;PR;Porto Barreiro;-25.5451856384;-52.4047867627;3110.0;73.569;1.318;25.08;0.032;0.0
2022;PR;Porto Rico;-22.7783515586;-53.2679681115;3182.0;47.077;4.274;47.8;0.691;0.157
2022;PR;Porto Vitória;-26.1634752042;-51.2366947364;3562.0;72.965;0.926;25.997;0.0;0.112
2022;PR;Prado Ferreira;-23.0339140303;-51.4432261434;3707.0;48.638;9.63;41.084;0.647;0.0
2022;PR;Pranchita;-26.0156642887;-53.7426226396;5737.0;71.117;2.127;26.721;0.017;0.017
2022;PR;Presidente Castelo Branco;-23.2815496047;-52.1577262527;4336.0;50.3;7.887;41.375;0.438;0.0
2022;PR;Primeiro de Maio;-22.8525332551;-51.027751997;10082.0;59.691;3.908;34.745;1.627;0.03
2022;PR;Prudentópolis;-25.2160205;-50.9835750906;49392.0;77.383;1.527;21.011;0.055;0.024
2022;PR;Quarto Centenário;-24.2790209178;-53.0752885849;4201.0;43.133;5.999;50.179;0.667;0.024
2022;PR;Quatiguá;-23.5641609208;-49.9152641615;8099.0;76.207;1.655;21.447;0.654;0.037
2022;PR;Quatro Barras;-25.3737448472;-49.0851888348;24191.0;64.693;4.254;30.466;0.401;0.186
2022;PR;Quatro Pontes;-24.5732085848;-53.9726991275;4480.0;86.451;1.585;11.875;0.045;0.045
2022;PR;Quedas do Iguaçu;-25.4567808508;-52.9098324023;30738.0;60.603;1.913;37.332;0.072;0.081
2022;PR;Querência do Norte;-23.0865285793;-53.487040706;10685.0;43.35;7.815;48.666;0.14;0.028
2022;PR;Quinta do Sol;-23.8438884262;-52.1351287636;5001.0;44.351;8.898;45.311;1.38;0.06
2022;PR;Quitandinha;-25.8683083493;-49.4966829869;18398.0;71.122;2.473;26.193;0.13;0.082
2022;PR;Ramilândia;-25.1189865236;-54.0272370318;4221.0;50.652;5.236;43.971;0.024;0.118
2022;PR;Rancho Alegre;-23.075714921;-50.916392163;3512.0;57.716;6.805;33.599;1.851;0.028
2022;PR;Rancho Alegre d'Oeste;-24.3090100124;-52.9511258398;2617.0;38.594;7.528;52.923;0.917;0.038
2022;PR;Realeza;-25.7625799506;-53.532574359;19247.0;70.063;2.982;26.705;0.114;0.135
2022;PR;Rebouças;-25.6263927558;-50.6812544333;14514.0;68.878;1.592;29.392;0.096;0.041
2022;PR;Renascença;-26.1562209295;-52.9721620117;6845.0;67.714;2.411;29.847;0.029;0.0
2022;PR;Reserva;-24.651648;-50.8505958054;24573.0;57.449;2.023;40.313;0.187;0.028
2022;PR;Reserva do Iguaçu;-25.830958036;-52.0287624631;6553.0;48.787;5.341;45.018;0.519;0.336
2022;PR;Ribeirão Claro;-23.1962854622;-49.7563505191;12364.0;77.402;4.036;18.433;0.105;0.024
2022;PR;Ribeirão do Pinhal;-23.4082575023;-50.3580609525;13060.0;60.544;5.59;33.124;0.643;0.1
2022;PR;Rio Azul;-25.7161131775;-50.787172982;14025.0;79.8;1.733;18.346;0.064;0.057
2022;PR;Rio Bom;-23.7620982803;-51.4153647878;3197.0;63.591;3.722;31.999;0.657;0.031
2022;PR;Rio Bonito do Iguaçu;-25.4869088092;-52.526889783;13929.0;51.827;0.897;47.254;0.022;0.0
2022;PR;Rio Branco do Ivaí;-24.3202776013;-51.3120655883;3808.0;55.961;2.652;41.071;0.158;0.158
2022;PR;Rio Branco do Sul;-25.1901653516;-49.3167138828;37558.0;63.986;3.11;32.864;0.032;0.008
2022;PR;Rio Negro;-26.10040797;-49.7976853768;31324.0;75.061;1.769;23.021;0.109;0.042
2022;PR;Rolândia;-23.313592485;-51.3627803564;71666.0;56.264;6.335;36.207;1.143;0.052
2022;PR;Roncador;-24.595107188;-52.2760525504;11251.0;58.421;2.409;39.01;0.151;0.009
2022;PR;Rondon;-23.4126599794;-52.7624923119;9097.0;53.6;4.111;41.794;0.429;0.066
2022;PR;Rosário do Ivaí;-24.2535525559;-51.2499448251;5435.0;64.545;4.305;30.984;0.166;0.0
2022;PR;Sabáudia;-23.3183956216;-51.5567020219;8822.0;64.305;3.401;31.932;0.306;0.057
2022;PR;Salgado Filho;-26.1704605187;-53.3621154226;4075.0;70.528;2.282;27.067;0.098;0.025
2022;PR;Salto do Itararé;-23.6057567382;-49.6307500934;5192.0;68.606;3.659;27.6;0.116;0.019
2022;PR;Salto do Lontra;-25.7767652429;-53.3149351018;15223.0;74.302;1.294;24.351;0.046;0.007
2022;PR;Santa Amélia;-23.2681573189;-50.4234587704;3394.0;62.669;6.806;22.628;1.179;6.718
2022;PR;Santa Cecília do Pavão;-23.5128957121;-50.7828651431;3365.0;51.174;4.814;40.535;3.418;0.059
2022;PR;Santa Cruz de Monte Castelo;-22.9585816078;-53.2973064205;8613.0;43.899;6.084;49.332;0.569;0.116
2022;PR;Santa Fé;-23.0361147582;-51.8063020532;11378.0;59.422;4.597;35.305;0.668;0.009
2022;PR;Santa Helena;-24.8570958306;-54.3364531523;25492.0;71.399;2.181;24.98;0.161;1.279
2022;PR;Santa Inês;-22.6387065306;-51.9027683828;1748.0;45.595;5.778;48.398;0.229;0.0
2022;PR;Santa Isabel do Ivaí;-23.0010888094;-53.1959475094;8912.0;53.781;4.039;41.439;0.673;0.067
2022;PR;Santa Izabel do Oeste;-25.8143812184;-53.4836175358;14070.0;66.468;1.841;31.599;0.085;0.007
2022;PR;Santa Lúcia;-25.4113199198;-53.5711436726;3644.0;80.104;2.827;17.014;0.055;0.0
2022;PR;Santa Maria do Oeste;-24.9341839969;-51.8677097951;9933.0;62.932;1.983;35.055;0.03;0.0
2022;PR;Santa Mariana;-23.1464274393;-50.5210713512;11066.0;53.732;6.832;38.099;1.13;0.208
2022;PR;Santa Mônica;-23.1054239388;-53.111272873;3356.0;38.23;5.185;56.138;0.447;0.0
2022;PR;Santana do Itararé;-23.7531325857;-49.6331966315;5514.0;72.96;2.049;24.066;0.816;0.109
2022;PR;Santa Tereza do Oeste;-25.058721901;-53.6272357311;13171.0;59.267;3.098;37.37;0.152;0.114
2022;PR;Santa Terezinha de Itaipu;-25.4421605134;-54.3995187311;24262.0;64.104;4.538;31.201;0.132;0.025
2022;PR;Santo Antônio da Platina;-23.297048833;-50.0773459027;44369.0;68.681;5.195;25.698;0.39;0.036
2022;PR;Santo Antônio do Caiuá;-22.7339747692;-52.3446578438;2493.0;42.118;8.103;49.619;0.16;0.0
2022;PR;Santo Antônio do Paraíso;-23.4947194368;-50.646828163;2125.0;57.129;4.047;36.376;2.165;0.282
2022;PR;Santo Antônio do Sudoeste;-26.0749754786;-53.7230834339;23673.0;66.531;2.049;31.285;0.068;0.068
2022;PR;Santo Inácio;-22.7000685756;-51.7952999014;6181.0;51.917;3.948;43.86;0.275;0.0
2022;PR;São Carlos do Ivaí;-23.3088474514;-52.4771145894;6587.0;53.348;5.997;40.246;0.334;0.076
2022;PR;São Jerônimo da Serra;-23.7234034036;-50.738480427;10830.0;53.85;3.601;30.905;0.803;10.84
2022;PR;São João;-25.8246629361;-52.7294732188;11886.0;69.889;1.565;28.454;0.076;0.017
2022;PR;São João do Caiuá;-22.8544043258;-52.3397510426;5586.0;41.121;5.03;53.634;0.179;0.036
2022;PR;São João do Ivaí;-23.9930894815;-51.8202792052;10667.0;55.948;5.625;37.827;0.572;0.028
2022;PR;São João do Triunfo;-25.6918750639;-50.3080640619;13726.0;71.062;2.28;26.504;0.08;0.073
2022;PR;São Jorge d'Oeste;-25.7149480996;-52.9201031661;9378.0;69.567;2.346;27.959;0.053;0.075
2022;PR;São Jorge do Ivaí;-23.4354578614;-52.2943419624;5168.0;65.248;6.231;26.683;1.8;0.039
2022;PR;São Jorge do Patrocínio;-23.7582479653;-53.8833305621;6503.0;56.574;2.983;40.181;0.215;0.046
2022;PR;São José da Boa Vista;-23.9154659755;-49.6511522911;6040.0;76.44;2.368;20.911;0.281;0.0
2022;PR;São José das Palmeiras;-24.8340818674;-54.059918279;3957.0;45.337;6.318;48.294;0.051;0.0
2022;PR;São José dos Pinhais;-25.537702;-49.2000824657;329602.0;64.844;4.357;30.344;0.377;0.077
2022;PR;São Manoel do Paraná;-23.3961302642;-52.6470195624;2138.0;50.047;5.192;44.668;0.094;0.0
2022;PR;São Mateus do Sul;-25.869599505;-50.3906242547;42366.0;78.058;1.768;20.054;0.104;0.017
2022;PR;São Miguel do Iguaçu;-25.3488942673;-54.242120554;29122.0;64.954;3.454;28.775;0.192;2.623
2022;PR;São Pedro do Iguaçu;-24.9309309249;-53.8598616787;5784.0;51.487;5.1;43.05;0.346;0.017
2022;PR;São Pedro do Ivaí;-23.8678134423;-51.8569627583;8690.0;59.77;8.596;30.725;0.852;0.058
2022;PR;São Pedro do Paraná;-22.8251294492;-53.2229371405;2661.0;45.584;4.134;49.944;0.338;0.0
2022;PR;São Sebastião da Amoreira;-23.460645861;-50.7624009771;8063.0;51.953;4.539;38.435;4.849;0.223
2022;PR;São Tomé;-23.5355113618;-52.5924836676;5232.0;59.652;5.581;34.652;0.096;0.019
2022;PR;Sapopema;-23.907287461;-50.5796466311;6695.0;66.273;4.078;29.291;0.239;0.119
2022;PR;Sarandi;-23.44317201;-51.8736820362;118455.0;49.926;6.783;42.667;0.558;0.066
2022;PR;Saudade do Iguaçu;-25.6936611646;-52.614339374;6108.0;58.202;2.456;39.064;0.147;0.131
2022;PR;Sengés;-24.1168102194;-49.4730192946;17270.0;65.704;2.472;31.459;0.168;0.197
2022;PR;Serranópolis do Iguaçu;-25.3798841828;-54.058376584;5007.0;81.686;1.518;16.737;0.04;0.02
2022;PR;Sertaneja;-23.0369370349;-50.8171022996;5616.0;57.212;5.431;33.832;3.348;0.178
2022;PR;Sertanópolis;-23.0584819756;-51.0422435335;15930.0;63.879;3.779;31.959;0.333;0.05
2022;PR;Siqueira Campos;-23.6877083828;-49.8314969708;22811.0;74.468;2.354;22.857;0.228;0.092
2022;PR;Sulina;-25.6996322445;-52.7165965204;3440.0;73.721;1.25;25.029;0.0;0.0
2022;PR;Tamarana;-23.7151771916;-51.0985602005;10707.0;55.478;2.466;25.114;1.354;15.588
2022;PR;Tamboara;-23.2018206531;-52.5006292918;4880.0;58.627;4.611;36.393;0.369;0.0
2022;PR;Tapejara;-23.7324791909;-52.864113184;15868.0;49.855;4.077;45.582;0.447;0.038
2022;PR;Tapira;-23.3171088651;-53.0753253067;5745.0;53.264;5.013;41.131;0.505;0.087
2022;PR;Teixeira Soares;-25.3800492077;-50.4656469824;9547.0;68.692;2.158;29.004;0.094;0.052
2022;PR;Telêmaco Borba;-24.32868597;-50.6231227231;75042.0;66.46;3.185;30.126;0.185;0.044
2022;PR;Terra Boa;-23.7668332666;-52.4621421589;17568.0;55.362;5.129;38.792;0.7;0.017
2022;PR;Terra Rica;-22.7243649693;-52.6246705736;14842.0;46.685;5.875;46.375;0.97;0.094
2022;PR;Terra Roxa;-24.1674835261;-54.098513636;18119.0;59.385;4.156;31.53;1.016;3.913
2022;PR;Tibagi;-24.5132880678;-50.4114701228;19961.0;64.861;3.933;31.005;0.16;0.04
2022;PR;Tijucas do Sul;-25.9201804802;-49.1822439413;17621.0;69.116;2.911;27.734;0.142;0.096
2022;PR;Toledo;-24.732077;-53.7414114912;150460.0;62.044;4.313;33.113;0.461;0.068
2022;PR;Tomazina;-23.7790448564;-49.9551515411;8426.0;69.321;2.718;26.086;0.498;1.377
2022;PR;Três Barras do Paraná;-25.4194083195;-53.1874988005;11135.0;70.373;2.389;27.176;0.036;0.027
2022;PR;Tunas do Paraná;-24.9723811901;-49.0860587994;6217.0;53.675;2.911;42.979;0.113;0.322
2022;PR;Tuneiras do Oeste;-23.8640306293;-52.8745678467;8067.0;46.783;4.698;48.147;0.26;0.112
2022;PR;Tupãssi;-24.5798134089;-53.5144953148;8077.0;68.615;2.971;28.018;0.322;0.074
2022;PR;Turvo;-25.0401268031;-51.5327643273;14231.0;62.821;1.953;31.523;0.112;3.591
2022;PR;Ubiratã;-24.541034885;-52.9945060158;24749.0;58.043;4.21;35.933;1.661;0.154
2022;PR;Umuarama;-23.76395;-53.3084598048;117089.0;57.075;4.734;36.755;1.389;0.047
2022;PR;União da Vitória;-26.2284345;-51.090609523;55030.0;70.996;2.035;26.722;0.154;0.093
2022;PR;Uniflor;-23.0860486572;-52.160010824;2136.0;52.247;2.481;45.084;0.187;0.0
2022;PR;Uraí;-23.2001591025;-50.7973651802;10406.0;56.246;5.977;31.818;5.881;0.077
2022;PR;Wenceslau Braz;-23.8704228528;-49.8029847824;19188.0;71.566;2.773;24.646;0.922;0.094
2022;PR;Ventania;-24.244165856;-50.2476172237;9681.0;57.845;2.779;38.942;0.424;0.01
2022;PR;Vera Cruz do Oeste;-25.063170189;-53.8800300706;8215.0;54.997;3.981;40.219;0.73;0.073
2022;PR;Verê;-25.8806316036;-52.9085930798;7932.0;69.314;1.778;28.858;0.038;0.013
2022;PR;Alto Paraíso;-23.5081307379;-53.7328931508;3055.0;34.403;4.681;60.687;0.229;0.0
2022;PR;Doutor Ulysses;-24.5678364522;-49.4197717989;5697.0;70.388;2.773;26.786;0.053;0.0
2022;PR;Virmond;-25.3787659851;-52.2025433047;3811.0;71.136;3.647;25.19;0.026;0.0
2022;PR;Vitorino;-26.2643442874;-52.7770814458;9706.0;64.682;1.762;33.011;0.144;0.402
2022;PR;Xambrê;-23.7383943961;-53.4869406946;5798.0;51.363;4.915;43.498;0.172;0.052
2022;SC;Abdon Batista;-27.6089871233;-51.025272211;2598.0;68.206;2.848;28.945;0.0;0.0
2022;SC;Abelardo Luz;-26.5630310224;-52.3364823833;17392.0;57.463;4.312;36.126;0.034;2.064
2022;SC;Agrolândia;-27.400516588;-49.8256533877;10990.0;84.122;0.764;15.059;0.036;0.018
2022;SC;Agronômica;-27.2697161071;-49.7183688908;6055.0;86.705;1.288;11.941;0.066;0.0
2022;SC;Água Doce;-27.0040916589;-51.5590965553;6508.0;66.703;2.551;30.685;0.046;0.015
2022;SC;Águas de Chapecó;-27.0762129125;-52.9872510057;6036.0;69.251;4.39;26.243;0.05;0.066
2022;SC;Águas Frias;-26.880227543;-52.8594194494;2839.0;77.386;1.444;21.099;0.0;0.07
2022;SC;Águas Mornas;-27.7065971917;-48.8405384028;6743.0;88.017;1.824;10.025;0.044;0.089
2022;SC;Alfredo Wagner;-27.705396332;-49.3438123012;10481.0;85.183;2.404;12.251;0.038;0.124
2022;SC;Alto Bela Vista;-27.4311378753;-51.9110368541;1856.0;90.356;0.808;8.621;0.054;0.162
2022;SC;Anchieta;-26.5356808607;-53.3332701772;5943.0;75.248;2.608;22.093;0.034;0.017
2022;SC;Angelina;-27.5822573521;-48.9834760642;5358.0;96.006;0.579;3.303;0.112;0.0
2022;SC;Anita Garibaldi;-27.6837772901;-51.1311938713;8285.0;63.754;2.088;33.386;0.447;0.326
2022;SC;Anitápolis;-27.9098868973;-49.1315993662;3593.0;87.587;1.642;10.604;0.028;0.139
2022;SC;Antônio Carlos;-27.5133710516;-48.7649600268;11224.0;87.42;2.272;10.246;0.036;0.027
2022;SC;Apiúna;-27.0418125981;-49.3916376288;9811.0;85.098;2.069;12.608;0.122;0.102
2022;SC;Arabutã;-27.1574036959;-52.1485992607;4378.0;90.886;1.827;7.218;0.069;0.0
2022;SC;Araquari;-26.3759515541;-48.6927074119;45283.0;64.932;6.318;27.856;0.099;0.795
2022;SC;Araranguá;-28.9357520142;-49.4809665236;71918.0;84.847;2.741;12.201;0.103;0.108
2022;SC;Armazém;-28.2587054679;-49.0129110848;8834.0;86.654;1.517;11.75;0.0;0.079
2022;SC;Arroio Trinta;-26.9325648567;-51.3341239239;3556.0;87.148;1.547;11.192;0.112;0.0
2022;SC;Arvoredo;-27.0735335582;-52.4577888412;2510.0;80.398;3.625;14.94;0.08;0.956
2022;SC;Ascurra;-26.9547758425;-49.3863634278;8319.0;82.414;3.678;13.74;0.06;0.108
2022;SC;Atalanta;-27.4205360018;-49.7794566741;3227.0;87.945;0.434;11.559;0.031;0.031
2022;SC;Aurora;-27.2990294946;-49.6436279075;6780.0;90.782;2.316;6.755;0.044;0.103
2022;SC;Balneário Arroio do Silva;-28.9804024548;-49.4057027991;15820.0;79.753;3.426;16.587;0.082;0.152
2022;SC;Balneário Camboriú;-26.9918186053;-48.634617477;139150.0;78.852;3.868;16.722;0.429;0.129
2022;SC;Balneário Barra do Sul;-26.4564295671;-48.606645876;14912.0;76.717;2.729;19.877;0.248;0.429
2022;SC;Balneário Gaivota;-29.1645212685;-49.5908937824;15668.0;81.925;3.491;14.45;0.064;0.07
2022;SC;Bandeirante;-26.7689379013;-53.6410495866;3144.0;75.795;3.817;20.324;0.064;0.0
2022;SC;Barra Bonita;-26.6522935999;-53.4413025406;1668.0;81.595;1.559;16.847;0.0;0.0
2022;SC;Barra Velha;-26.6343614083;-48.6838642743;45369.0;71.879;3.218;24.645;0.152;0.106
2022;SC;Bela Vista do Toldo;-26.2762282783;-50.4647882385;5871.0;75.984;1.516;22.364;0.136;0.0
2022;SC;Belmonte;-26.8445863475;-53.5809772315;2658.0;78.856;3.461;17.457;0.226;0.0
2022;SC;Benedito Novo;-26.777507569;-49.3644027494;10519.0;86.748;1.207;11.807;0.057;0.181
2022;SC;Biguaçu;-27.4943227435;-48.654488929;76773.0;73.169;6.556;19.632;0.086;0.557
2022;SC;Blumenau;-26.9161077053;-49.0576308844;361257.0;78.989;3.674;17.075;0.161;0.102
2022;SC;Bocaina do Sul;-27.7431983069;-49.9458979108;3515.0;69.815;2.276;27.852;0.057;0.0
2022;SC;Bombinhas;-27.1442546993;-48.5213451348;25058.0;71.354;4.366;23.541;0.423;0.315
2022;SC;Bom Jardim da Serra;-28.337947191;-49.6249777453;4026.0;61.773;4.545;33.631;0.025;0.025
2022;SC;Bom Jesus;-26.7359234356;-52.3930159598;2777.0;59.165;2.701;36.622;0.036;1.476
2022;SC;Bom Jesus do Oeste;-26.6918115546;-53.0953502802;2187.0;90.352;0.457;9.191;0.0;0.0
2022;SC;Bom Retiro;-27.7986710014;-49.4898337661;8418.0;73.901;3.778;22.286;0.024;0.012
2022;SC;Botuverá;-27.2021068612;-49.0784843619;5363.0;84.263;1.697;13.985;0.037;0.019
2022;SC;Braço do Norte;-28.2800388673;-49.1645477089;33773.0;78.107;4.225;17.591;0.059;0.018
2022;SC;Braço do Trombudo;-27.3642513451;-49.890907936;4026.0;84.501;1.267;14.232;0.0;0.0
2022;SC;Brunópolis;-27.3183621508;-50.835920772;2489.0;67.577;1.848;30.494;0.0;0.08
2022;SC;Brusque;-27.0983102262;-48.9151630055;141380.0;73.29;4.335;22.087;0.151;0.138
2022;SC;Caçador;-26.7753476727;-51.019034759;73717.0;64.745;2.473;32.594;0.168;0.02
2022;SC;Caibi;-27.0730539326;-53.2505271956;6304.0;77.982;1.713;20.289;0.016;0.0
2022;SC;Calmon;-26.6046771771;-51.0966349046;3443.0;46.645;2.236;50.508;0.058;0.552
2022;SC;Camboriú;-27.0264564992;-48.6499958521;103071.0;72.562;4.169;22.979;0.136;0.154
2022;SC;Capão Alto;-27.9416852818;-50.5114792926;2625.0;66.171;4.0;29.752;0.076;0.0
2022;SC;Campo Alegre;-26.1906592825;-49.2633444821;12501.0;80.33;1.136;18.327;0.112;0.096
2022;SC;Campo Belo do Sul;-27.8966573873;-50.7619937519;7256.0;60.488;2.867;36.535;0.055;0.055
2022;SC;Campo Erê;-26.394551141;-53.0901551703;9623.0;66.299;2.982;30.625;0.062;0.031
2022;SC;Campos Novos;-27.3990529792;-51.2236729932;36932.0;72.75;3.358;23.749;0.089;0.054
2022;SC;Canelinha;-27.2724147946;-48.7892731277;12821.0;77.396;2.8;19.733;0.039;0.031
2022;SC;Canoinhas;-26.1788070143;-50.3978487119;55016.0;78.448;1.779;19.54;0.193;0.04
2022;SC;Capinzal;-27.3442784642;-51.6113627552;23314.0;70.005;3.44;26.418;0.056;0.081
2022;SC;Capivari de Baixo;-28.4490455118;-48.9605750681;23975.0;75.725;10.753;13.406;0.05;0.067
2022;SC;Catanduvas;-27.0720352216;-51.6589480986;10566.0;63.799;3.123;32.964;0.047;0.066
2022;SC;Caxambu do Sul;-27.1612817849;-52.8804748929;4614.0;67.274;1.3;31.296;0.043;0.087
2022;SC;Celso Ramos;-27.6347386054;-51.3359938248;2805.0;76.257;3.173;20.57;0.0;0.0
2022;SC;Cerro Negro;-27.7958280677;-50.8700622647;3317.0;53.723;1.899;44.076;0.301;0.0
2022;SC;Chapadão do Lageado;-27.5852982512;-49.5443259549;2950.0;85.831;1.017;13.119;0.0;0.034
2022;SC;Chapecó;-27.1068370215;-52.6170311134;254776.0;69.104;4.15;25.714;0.133;0.9
2022;SC;Cocal do Sul;-28.6030228653;-49.3271287199;17240.0;87.233;2.668;10.006;0.041;0.052
2022;SC;Concórdia;-27.2336587801;-52.0239710697;81646.0;77.835;3.623;18.439;0.064;0.039
2022;SC;Cordilheira Alta;-26.9850812923;-52.6032512708;4781.0;77.16;2.573;20.017;0.021;0.23
2022;SC;Coronel Freitas;-26.9032514118;-52.7091514565;10388.0;76.338;2.801;20.803;0.039;0.019
2022;SC;Coronel Martins;-26.5116375953;-52.6696992888;2065.0;74.237;1.84;23.777;0.0;0.145
2022;SC;Corupá;-26.4319663158;-49.226737;15267.0;83.599;1.67;14.646;0.046;0.039
2022;SC;Correia Pinto;-27.584808345;-50.3637605546;15727.0;66.281;3.001;30.413;0.261;0.045
2022;SC;Criciúma;-28.6735722527;-49.3659395588;214483.0;80.655;6.787;12.369;0.088;0.1
2022;SC;Cunha Porã;-26.8917270825;-53.173845572;10953.0;89.145;2.045;8.746;0.037;0.027
2022;SC;Cunhataí;-26.9731396983;-53.0932904926;1968.0;95.884;0.508;3.608;0.0;0.0
2022;SC;Curitibanos;-27.2829825065;-50.5826010353;40045.0;67.262;2.515;29.744;0.44;0.04
2022;SC;Descanso;-26.817870221;-53.5046288706;8530.0;86.084;1.266;12.567;0.012;0.07
2022;SC;Dionísio Cerqueira;-26.2664885337;-53.6313951228;15008.0;66.891;1.859;31.117;0.073;0.06
2022;SC;Dona Emma;-26.9863006137;-49.7168977451;4221.0;85.146;1.777;13.03;0.0;0.047
2022;SC;Doutor Pedrinho;-26.7204609555;-49.4792933619;3637.0;84.3;1.237;10.806;0.137;3.519
2022;SC;Entre Rios;-26.7236210953;-52.5625339678;3402.0;47.854;0.911;17.049;0.029;34.156
2022;SC;Ermo;-28.9850817923;-49.6434049775;2269.0;83.958;1.41;14.5;0.0;0.132
2022;SC;Erval Velho;-27.2738954846;-51.4434329044;4885.0;79.529;2.211;18.178;0.041;0.041
2022;SC;Faxinal dos Guedes;-26.8597867214;-52.2714153987;11188.0;66.491;2.002;31.355;0.018;0.134
2022;SC;Flor do Sertão;-26.7794323288;-53.3448914355;1783.0;69.209;6.674;24.117;0.0;0.0
2022;SC;Florianópolis;-27.5877955486;-48.5476373782;537199.0;76.377;6.667;16.296;0.446;0.214
2022;SC;Formosa do Sul;-26.6485233783;-52.7934500253;2682.0;72.968;3.281;23.751;0.0;0.0
2022;SC;Forquilhinha;-28.7424153509;-49.4688610534;31431.0;74.404;4.184;21.256;0.111;0.045
2022;SC;Fraiburgo;-27.0234469627;-50.9250792352;33481.0;64.066;2.828;32.747;0.057;0.302
2022;SC;Frei Rogério;-27.1747514992;-50.8064082491;2411.0;67.897;1.908;28.328;1.866;0.0
2022;SC;Galvão;-26.4554762384;-52.6820020756;3210.0;67.445;2.118;30.218;0.031;0.187
2022;SC;Garopaba;-28.0208959348;-48.6125566829;29959.0;83.227;4.186;12.287;0.127;0.174
2022;SC;Garuva;-26.0220755061;-48.8498418594;18545.0;68.978;3.71;26.713;0.237;0.361
2022;SC;Gaspar;-26.9183685142;-48.9677065681;72570.0;75.454;4.203;20.091;0.135;0.117
2022;SC;Governador Celso Ramos;-27.3186459075;-48.5781665645;16915.0;85.392;2.459;11.901;0.118;0.13
2022;SC;Grão Pará;-28.1839865262;-49.2199960405;6277.0;88.322;1.816;9.798;0.032;0.032
2022;SC;Gravatal;-28.3291307178;-49.0394702582;12435.0;86.297;5.951;7.648;0.056;0.048
2022;SC;Guabiruba;-27.0603252393;-48.983560448;24543.0;77.244;3.125;19.5;0.045;0.086
2022;SC;Guaraciaba;-26.6003475708;-53.5220897182;10796.0;86.81;1.602;11.578;0.009;0.0
2022;SC;Guaramirim;-26.4744451283;-48.9921042659;46711.0;71.377;3.532;24.928;0.101;0.062
2022;SC;Guarujá do Sul;-26.384920604;-53.5254451083;4829.0;82.812;1.429;15.738;0.021;0.0
2022;SC;Guatambú;-27.1369108659;-52.7838401343;8425.0;64.202;3.786;31.893;0.071;0.047
2022;SC;Herval d'Oeste;-27.1703031847;-51.4962153103;21724.0;71.207;3.862;24.788;0.101;0.041
2022;SC;Ibiam;-27.1805834764;-51.2394276983;2008.0;92.829;0.398;6.773;0.0;0.0
2022;SC;Ibicaré;-27.0915490161;-51.368450262;3269.0;81.676;1.162;17.1;0.031;0.031
2022;SC;Ibirama;-27.0535408849;-49.5220277592;19862.0;86.527;1.339;11.892;0.04;0.201
2022;SC;Içara;-28.7070840092;-49.3008225783;59024.0;86.023;3.68;10.233;0.029;0.036
2022;SC;Ilhota;-26.9046251832;-48.8250140064;17046.0;73.847;3.309;22.392;0.164;0.287
2022;SC;Imaruí;-28.3438499095;-48.8146717195;11881.0;87.206;1.7;9.427;0.059;1.608
2022;SC;Imbituba;-28.239951114;-48.6692841969;52579.0;84.049;3.849;11.824;0.122;0.156
2022;SC;Imbuia;-27.4946042536;-49.427729345;5982.0;88.231;1.421;10.314;0.033;0.0
2022;SC;Indaial;-26.9062559992;-49.24014046;71549.0;78.37;2.702;18.775;0.08;0.074
2022;SC;Iomerê;-27.0010780508;-51.2406190979;2877.0;92.388;0.556;6.986;0.0;0.07
2022;SC;Ipira;-27.4097088482;-51.7708536189;4578.0;86.064;1.201;12.713;0.0;0.022
2022;SC;Iporã do Oeste;-26.9960166793;-53.5395118843;9335.0;91.291;0.739;7.938;0.032;0.0
2022;SC;Ipuaçu;-26.6325600977;-52.4542969118;7730.0;33.674;0.815;10.957;0.0;54.554
2022;SC;Ipumirim;-27.0683263638;-52.1405408668;7815.0;81.369;1.919;16.647;0.038;0.026
2022;SC;Iraceminha;-26.8240650316;-53.276057794;3986.0;84.195;0.753;14.952;0.05;0.05
2022;SC;Irani;-27.0161866891;-51.904107924;10195.0;68.965;2.688;28.239;0.049;0.059
2022;SC;Irati;-26.6572269448;-52.8950113563;2069.0;77.38;3.19;19.333;0.097;0.0
2022;SC;Irineópolis;-26.2366129371;-50.8039000498;10285.0;76.587;2.722;20.593;0.019;0.078
2022;SC;Itá;-27.2817787175;-52.3291825163;7067.0;80.586;2.42;16.825;0.071;0.099
2022;SC;Itaiópolis;-26.3371264112;-49.9087562022;22050.0;78.712;1.388;19.551;0.063;0.286
2022;SC;Itajaí;-26.9074262398;-48.6570232083;264049.0;69.644;6.357;23.641;0.26;0.098
2022;SC;Itapema;-27.0959378837;-48.6173993861;75939.0;74.215;4.505;20.946;0.205;0.129
2022;SC;Itapiranga;-27.1753750895;-53.7148020649;16638.0;83.057;2.019;14.755;0.018;0.15
2022;SC;Itapoá;-26.006047887;-48.6041676071;30748.0;68.548;3.506;27.592;0.218;0.137
2022;SC;Ituporanga;-27.4148584907;-49.6034147011;26525.0;83.604;3.536;12.671;0.09;0.098
2022;SC;Jaborá;-27.1728530869;-51.743353839;4310.0;76.195;2.251;21.508;0.046;0.0
2022;SC;Jacinto Machado;-29.0014186138;-49.7617686564;10624.0;81.994;1.054;16.82;0.038;0.094
2022;SC;Jaguaruna;-28.6249636892;-49.0491289861;20374.0;85.334;4.982;9.502;0.083;0.098
2022;SC;Jaraguá do Sul;-26.4904843494;-49.0762988228;182656.0;76.746;3.368;19.633;0.201;0.052
2022;SC;Jardinópolis;-26.7205694035;-52.858899256;1776.0;72.185;4.899;22.691;0.056;0.169
2022;SC;Joaçaba;-27.1739445292;-51.5066897333;30144.0;77.541;2.727;19.583;0.106;0.043
2022;SC;Joinville;-26.3045176487;-48.8494091432;616279.0;76.005;4.143;19.518;0.259;0.075
2022;SC;José Boiteux;-26.9546826166;-49.6238066865;5985.0;67.251;1.871;7.786;0.15;22.941
2022;SC;Jupiá;-26.393702818;-52.7343805408;2555.0;74.012;2.975;22.935;0.039;0.039
2022;SC;Lacerdópolis;-27.2646000912;-51.5628663691;2248.0;85.632;1.246;13.123;0.0;0.0
2022;SC;Lages;-27.8172594631;-50.3302224242;164980.0;69.438;4.318;26.032;0.152;0.061
2022;SC;Laguna;-28.4835859539;-48.7813886218;42785.0;85.392;4.151;10.307;0.091;0.058
2022;SC;Lajeado Grande;-26.8609423456;-52.5660348495;1702.0;72.209;0.411;27.38;0.0;0.0
2022;SC;Laurentino;-27.2123881016;-49.755263661;7932.0;89.977;1.601;8.346;0.063;0.013
2022;SC;Lauro Müller;-28.3935851653;-49.3943072672;14381.0;85.015;2.19;12.76;0.014;0.021
2022;SC;Lebon Régis;-26.9291140112;-50.6918278644;11472.0;59.066;2.415;38.346;0.166;0.009
2022;SC;Leoberto Leal;-27.5063895157;-49.289401499;3330.0;92.372;0.901;6.727;0.0;0.0
2022;SC;Lindóia do Sul;-27.0474644815;-52.0809226442;4549.0;79.248;1.803;18.839;0.0;0.11
2022;SC;Lontras;-27.1574865637;-49.5448293547;12873.0;90.228;1.484;8.188;0.031;0.07
2022;SC;Luiz Alves;-26.7211107867;-48.9260467723;11684.0;82.403;1.498;15.996;0.077;0.026
2022;SC;Luzerna;-27.1298960692;-51.4679460432;5794.0;88.022;1.07;10.822;0.017;0.069
2022;SC;Macieira;-26.8552123885;-51.376121977;1778.0;74.466;1.012;24.522;0.0;0.0
2022;SC;Mafra;-26.1152284943;-49.8010375283;55283.0;81.472;1.322;16.935;0.136;0.136
2022;SC;Major Gercino;-27.4186604134;-48.9533539589;3214.0;84.723;1.773;8.961;0.0;4.543
2022;SC;Major Vieira;-26.357526536;-50.3329868433;7424.0;78.664;2.088;19.181;0.054;0.013
2022;SC;Maracajá;-28.850314607;-49.4543763246;7815.0;87.204;2.137;10.416;0.026;0.218
2022;SC;Maravilha;-26.7616239473;-53.1748188159;28248.0;80.317;2.489;17.137;0.05;0.007
2022;SC;Marema;-26.8004219088;-52.6271354101;2184.0;84.432;2.701;11.538;0.0;1.328
2022;SC;Massaranduba;-26.5954580147;-48.9887446627;17162.0;84.18;1.649;13.92;0.105;0.146
2022;SC;Matos Costa;-26.4741154352;-51.1574514436;2761.0;60.739;2.934;36.327;0.0;0.0
2022;SC;Meleiro;-28.8324458209;-49.6298493602;7006.0;91.079;1.442;7.451;0.029;0.0
2022;SC;Mirim Doce;-27.2012050831;-50.0685637124;2511.0;78.136;1.792;20.032;0.0;0.04
2022;SC;Modelo;-26.7780420757;-53.0535007992;4080.0;83.701;0.833;15.392;0.074;0.0
2022;SC;Mondaí;-27.1036116941;-53.3986840279;10066.0;85.337;1.659;12.905;0.01;0.089
2022;SC;Monte Carlo;-27.2176788021;-50.974104678;9116.0;58.096;3.872;37.802;0.154;0.077
2022;SC;Monte Castelo;-26.4563624722;-50.2262714329;7736.0;67.968;1.758;30.08;0.194;0.0
2022;SC;Morro da Fumaça;-28.654787843;-49.2132565084;18536.0;84.128;4.311;11.475;0.043;0.043
2022;SC;Morro Grande;-28.7997195367;-49.7187999838;3010.0;91.827;1.196;6.977;0.0;0.0
2022;SC;Navegantes;-26.8974391193;-48.6491829025;86400.0;66.78;4.807;28.125;0.147;0.141
2022;SC;Nova Erechim;-26.9012733981;-52.9112866654;5155.0;72.551;4.384;23.065;0.0;0.0
2022;SC;Nova Itaberaba;-26.9428898836;-52.8112440549;4536.0;72.619;2.844;24.383;0.0;0.154
2022;SC;Nova Trento;-27.2877711668;-48.9257954329;13727.0;86.144;1.683;11.721;0.087;0.364
2022;SC;Nova Veneza;-28.6382326023;-49.5031235817;13664.0;85.729;2.737;11.483;0.037;0.015
2022;SC;Novo Horizonte;-26.4461719902;-52.8340333905;2643.0;74.574;1.74;23.61;0.076;0.0
2022;SC;Orleans;-28.3604689663;-49.2914262911;23661.0;85.258;3.153;11.538;0.025;0.025
2022;SC;Otacílio Costa;-27.503846175;-50.1123146891;17312.0;69.108;2.23;28.599;0.023;0.04
2022;SC;Ouro;-27.3424881724;-51.6205621782;7032.0;79.807;2.531;17.634;0.014;0.014
2022;SC;Ouro Verde;-26.6959944196;-52.3100192014;2181.0;60.477;2.384;37.093;0.046;0.0
2022;SC;Paial;-27.2551577941;-52.5010887493;1927.0;76.336;1.142;22.003;0.0;0.519
2022;SC;Painel;-27.9145181854;-50.113009741;2215.0;62.844;5.598;31.558;0.0;0.0
2022;SC;Palhoça;-27.6470436837;-48.6702879187;222588.0;71.626;6.832;21.082;0.177;0.283
2022;SC;Palma Sola;-26.3465081338;-53.2799772512;7605.0;69.928;3.195;26.759;0.105;0.013
2022;SC;Palmeira;-27.5822620705;-50.1590014056;2561.0;66.302;2.929;30.613;0.117;0.039
2022;SC;Palmitos;-27.0702505492;-53.1622672929;15626.0;83.713;1.421;14.732;0.077;0.058
2022;SC;Papanduva;-26.3939830708;-50.1632041973;19150.0;72.282;1.582;25.88;0.225;0.031
2022;SC;Paraíso;-26.6152629708;-53.6753141317;4267.0;81.79;1.781;16.428;0.0;0.0
2022;SC;Passo de Torres;-29.3234599051;-49.7251452725;12897.0;82.275;3.241;14.29;0.07;0.124
2022;SC;Passos Maia;-26.7808891472;-52.0617238004;4034.0;54.859;4.264;40.605;0.0;0.273
2022;SC;Paulo Lopes;-27.9498162326;-48.6814954136;9063.0;86.252;4.116;9.489;0.033;0.11
2022;SC;Pedras Grandes;-28.4372176497;-49.1864875474;4245.0;95.336;0.872;3.769;0.0;0.024
2022;SC;Penha;-26.7688610927;-48.6475729113;33663.0;79.09;3.419;17.203;0.137;0.152
2022;SC;Peritiba;-27.3773092815;-51.9098146671;2992.0;89.372;0.936;9.693;0.0;0.0
2022;SC;Pescaria Brava;-28.39698;-48.886735;10190.0;85.476;5.388;9.058;0.01;0.069
2022;SC;Petrolândia;-27.528126833;-49.6948686231;6716.0;89.339;1.474;9.142;0.03;0.015
2022;SC;Balneário Piçarras;-26.7691705385;-48.675051354;27126.0;74.548;3.808;21.231;0.199;0.214
2022;SC;Pinhalzinho;-26.8488143342;-52.9822532451;21972.0;75.528;3.131;21.2;0.082;0.059
2022;SC;Pinheiro Preto;-27.0451346161;-51.2305364835;3473.0;73.999;1.9;23.956;0.0;0.144
2022;SC;Piratuba;-27.4159535517;-51.7586498276;5769.0;79.217;1.421;19.05;0.26;0.052
2022;SC;Planalto Alegre;-27.0694597761;-52.8673520308;2946.0;68.737;2.274;28.955;0.034;0.0
2022;SC;Pomerode;-26.7448263965;-49.1741975274;34288.0;80.384;2.479;16.921;0.131;0.085
2022;SC;Ponte Alta;-27.4677840728;-50.3771006508;4437.0;63.286;2.84;33.356;0.496;0.023
2022;SC;Ponte Alta do Norte;-27.1690291829;-50.4654042678;3210.0;59.626;1.34;39.003;0.031;0.0
2022;SC;Ponte Serrada;-26.8749128276;-52.0145375125;10649.0;57.855;3.315;38.567;0.094;0.169
2022;SC;Porto Belo;-27.1494662097;-48.6027567396;27687.0;76.541;4.435;18.817;0.134;0.072
2022;SC;Porto União;-26.2300048981;-51.0816046336;32970.0;75.587;2.108;22.075;0.109;0.121
2022;SC;Pouso Redondo;-27.2510862782;-49.9556521355;17123.0;78.035;1.863;19.769;0.134;0.199
2022;SC;Praia Grande;-29.1957763636;-49.9605919763;8270.0;84.667;2.189;13.023;0.0;0.121
2022;SC;Presidente Castello Branco;-27.2199421946;-51.8113755382;1689.0;88.928;1.539;9.532;0.0;0.0
2022;SC;Presidente Getúlio;-27.0414082411;-49.6220861691;20010.0;78.671;3.113;17.856;0.04;0.32
2022;SC;Presidente Nereu;-27.2873292141;-49.4032927711;2301.0;90.135;0.869;8.822;0.0;0.174
2022;SC;Princesa;-26.4443352068;-53.5981058756;2964.0;79.858;0.911;19.062;0.101;0.067
2022;SC;Quilombo;-26.7400555498;-52.7276095701;11022.0;74.56;4.582;20.777;0.054;0.027
2022;SC;Rancho Queimado;-27.6772088641;-49.00843238;3278.0;91.428;1.891;6.498;0.031;0.153
2022;SC;Rio das Antas;-26.8970674359;-51.0760199432;6253.0;70.094;1.839;27.683;0.32;0.064
2022;SC;Rio do Campo;-26.9423084311;-50.139588913;6452.0;83.091;1.581;14.771;0.108;0.449
2022;SC;Rio do Oeste;-27.191166518;-49.8028622167;7747.0;93.714;1.071;5.099;0.116;0.0
2022;SC;Rio dos Cedros;-26.7491298162;-49.2723794436;10865.0;83.102;2.071;14.745;0.028;0.055
2022;SC;Rio do Sul;-27.2179032254;-49.6432375291;72583.0;81.87;2.824;15.004;0.149;0.153
2022;SC;Rio Fortuna;-28.1325913886;-49.1050938026;4847.0;94.533;0.867;4.58;0.0;0.021
2022;SC;Rio Negrinho;-26.2553250279;-49.5172950756;39261.0;75.332;1.696;22.725;0.145;0.102
2022;SC;Rio Rufino;-27.8632354792;-49.7775918043;2397.0;65.957;6.091;27.91;0.042;0.0
2022;SC;Riqueza;-27.0675941646;-53.3252862115;4768.0;74.434;3.125;22.357;0.063;0.021
2022;SC;Rodeio;-26.9435016684;-49.3047072335;12757.0;84.51;1.309;14.11;0.016;0.055
2022;SC;Romelândia;-26.6794635631;-53.3201584;4823.0;77.545;3.525;18.806;0.104;0.021
2022;SC;Salete;-26.9752443334;-50.0017307311;7489.0;85.419;0.427;14.141;0.013;0.0
2022;SC;Saltinho;-26.6085589196;-53.0586312489;3632.0;64.455;4.157;31.36;0.028;0.0
2022;SC;Salto Veloso;-26.9031646077;-51.405208078;4389.0;73.297;3.919;22.625;0.091;0.068
2022;SC;Sangão;-28.6332229229;-49.1340298642;12882.0;81.509;5.923;12.568;0.0;0.0
2022;SC;Santa Cecília;-26.9569007446;-50.4229016203;15546.0;65.605;1.57;32.761;0.058;0.006
2022;SC;Santa Helena;-26.9398439236;-53.6199878739;2425.0;85.526;1.402;12.907;0.165;0.0
2022;SC;Santa Rosa de Lima;-28.0356055728;-49.1250913029;2088.0;94.828;0.814;4.31;0.0;0.048
2022;SC;Santa Rosa do Sul;-29.1352882186;-49.7176263736;9792.0;85.897;2.441;11.622;0.0;0.041
2022;SC;Santa Terezinha;-26.780982354;-50.0055291871;8066.0;87.044;0.62;12.274;0.025;0.037
2022;SC;Santa Terezinha do Progresso;-26.6197755739;-53.1998469617;2576.0;73.253;5.551;21.118;0.078;0.0
2022;SC;Santiago do Sul;-26.6348090909;-52.6759494793;1651.0;75.106;7.935;16.596;0.363;0.0
2022;SC;Santo Amaro da Imperatriz;-27.6897477585;-48.7802399214;27269.0;86.123;4.591;9.073;0.092;0.121
2022;SC;São Bernardino;-26.4732782463;-52.9655387397;2684.0;67.399;4.173;28.204;0.149;0.075
2022;SC;São Bento do Sul;-26.2494854185;-49.3869788951;83277.0;79.99;1.709;18.172;0.072;0.058
2022;SC;São Bonifácio;-27.8964966985;-48.9293119586;2946.0;94.942;1.188;3.87;0.0;0.0
2022;SC;São Carlos;-27.0786350779;-53.0173942733;10282.0;86.335;1.576;12.011;0.049;0.029
2022;SC;São Cristóvão do Sul;-27.2829466734;-50.4346289331;6084.0;60.832;3.452;35.536;0.082;0.099
2022;SC;São Domingos;-26.5578303695;-52.5372274685;9226.0;66.681;2.948;29.84;0.011;0.52
2022;SC;São Francisco do Sul;-26.2440178842;-48.6375707582;52674.0;73.203;4.287;21.918;0.18;0.412
2022;SC;São João do Oeste;-27.0974826254;-53.5959666797;6295.0;94.948;0.349;4.67;0.016;0.016
2022;SC;São João Batista;-27.2958805567;-48.8570042802;32687.0;81.705;3.546;14.538;0.086;0.125
2022;SC;São João do Itaperiú;-26.6174540463;-48.7677653868;4463.0;81.94;1.053;16.85;0.09;0.067
2022;SC;São João do Sul;-29.2234797912;-49.8065713857;8668.0;90.032;2.227;7.591;0.058;0.092
2022;SC;São Joaquim;-28.2947124992;-49.9367417605;25939.0;61.807;5.436;32.064;0.663;0.031
2022;SC;São José;-27.5903120772;-48.6160227159;270296.0;73.816;7.091;18.782;0.196;0.114
2022;SC;São José do Cedro;-26.4560602968;-53.5001241069;14167.0;83.617;1.518;14.851;0.007;0.007
2022;SC;São José do Cerrito;-27.6685865188;-50.5813861763;8708.0;75.712;2.262;21.899;0.057;0.069
2022;SC;São Lourenço do Oeste;-26.3551901646;-52.851333667;24790.0;73.461;2.8;23.55;0.121;0.069
2022;SC;São Ludgero;-28.3268955251;-49.1756843247;13509.0;78.059;4.264;17.529;0.067;0.081
2022;SC;São Martinho;-28.1644952896;-48.977786248;3405.0;94.89;0.734;4.376;0.0;0.0
2022;SC;São Miguel da Boa Vista;-26.6944751453;-53.2545563767;1781.0;78.214;1.123;20.663;0.0;0.0
2022;SC;São Miguel do Oeste;-26.7264271767;-53.5188394062;44322.0;82.034;2.818;15.011;0.074;0.063
2022;SC;São Pedro de Alcântara;-27.5671700934;-48.7876695873;5776.0;84.886;3.411;11.479;0.121;0.104
2022;SC;Saudades;-26.919756951;-52.9955697273;10265.0;84.452;3.01;12.44;0.019;0.078
2022;SC;Schroeder;-26.4209759126;-49.0732596915;20061.0;77.484;2.831;19.515;0.075;0.095
2022;SC;Seara;-27.1456976229;-52.302854828;18619.0;76.196;3.362;19.749;0.059;0.634
2022;SC;Serra Alta;-26.7247733741;-53.0462763415;3303.0;84.711;0.969;14.32;0.0;0.0
2022;SC;Siderópolis;-28.5951024182;-49.420540933;13714.0;79.007;6.876;14.066;0.015;0.036
2022;SC;Sombrio;-29.1091327568;-49.6342103641;29990.0;86.175;2.221;11.501;0.057;0.047
2022;SC;Sul Brasil;-26.7369362097;-52.9642047957;2832.0;77.048;2.295;20.657;0.0;0.0
2022;SC;Taió;-27.1179373002;-50.0050964643;18310.0;85.248;1.933;12.714;0.033;0.071
2022;SC;Tangará;-27.1010111042;-51.2459143753;8143.0;79.43;1.167;19.403;0.0;0.0
2022;SC;Tigrinhos;-26.6894748378;-53.1575419839;2329.0;82.653;0.601;16.745;0.0;0.0
2022;SC;Tijucas;-27.2394536072;-48.6320705639;51589.0;73.698;5.68;20.202;0.07;0.351
2022;SC;Timbé do Sul;-28.8325174935;-49.8441177628;5386.0;86.335;2.488;11.029;0.074;0.074
2022;SC;Timbó;-26.822902575;-49.2777122898;46099.0;81.772;2.187;15.89;0.108;0.043
2022;SC;Timbó Grande;-26.617828491;-50.6746741365;7342.0;51.893;2.424;45.478;0.041;0.163
2022;SC;Três Barras;-26.1140963368;-50.305419368;19746.0;72.551;3.039;24.182;0.116;0.111
2022;SC;Treviso;-28.5184848579;-49.4559333789;3782.0;87.15;2.3;10.55;0.0;0.0
2022;SC;Treze de Maio;-28.5581400375;-49.1448153072;7361.0;92.759;1.576;5.583;0.0;0.082
2022;SC;Treze Tílias;-26.9985363059;-51.4146746651;8787.0;77.489;2.174;20.121;0.148;0.068
2022;SC;Trombudo Central;-27.3030195291;-49.7924782341;7274.0;83.64;1.636;14.614;0.055;0.055
2022;SC;Tubarão;-28.4800339479;-49.005268077;110088.0;86.451;4.596;8.826;0.086;0.041
2022;SC;Tunápolis;-26.9722235915;-53.641459736;4916.0;92.128;1.139;6.631;0.102;0.0
2022;SC;Turvo;-28.9247492174;-49.6808657451;13043.0;87.35;1.993;10.634;0.023;0.0
2022;SC;União do Oeste;-26.7617370137;-52.8514964564;2774.0;73.432;3.136;23.396;0.036;0.0
2022;SC;Urubici;-28.004554912;-49.5882056111;10834.0;70.371;4.421;25.051;0.074;0.083
2022;SC;Urupema;-27.9526858098;-49.8732112424;2656.0;62.274;8.095;29.33;0.264;0.038
2022;SC;Urussanga;-28.5199662039;-49.3191079186;20919.0;88.197;2.878;8.877;0.029;0.019
2022;SC;Vargeão;-26.8639833174;-52.1541056501;3634.0;68.575;2.779;28.646;0.0;0.0
2022;SC;Vargem;-27.4899701004;-50.9781506257;2627.0;65.093;0.952;33.917;0.038;0.0
2022;SC;Vargem Bonita;-27.0032416045;-51.7447401814;4576.0;62.697;3.671;32.78;0.743;0.109
2022;SC;Vidal Ramos;-27.3957786987;-49.3682191726;6189.0;92.697;1.293;6.011;0.0;0.0
2022;SC;Videira;-27.006129068;-51.1517052828;55463.0;73.379;2.975;23.583;0.045;0.018
2022;SC;Vitor Meireles;-26.8815776186;-49.830751961;5370.0;83.706;0.652;7.02;0.074;8.547
2022;SC;Witmarsum;-26.9267427234;-49.8042033754;4255.0;86.016;0.87;12.926;0.0;0.188
2022;SC;Xanxerê;-26.8745844992;-52.404667139;51607.0;70.302;2.715;26.562;0.101;0.32
2022;SC;Xavantina;-27.0702501471;-52.3428505099;3653.0;87.38;1.04;11.415;0.0;0.164
2022;SC;Xaxim;-26.9637194992;-52.5349325183;31918.0;67.467;5.354;26.947;0.069;0.163
2022;SC;Zortéa;-27.4502514117;-51.5495663068;3930.0;69.695;4.784;25.496;0.025;0.0
2022;SC;Balneário Rincão;-28.83444444;-49.23611111;15981.0;82.054;5.707;12.171;0.019;0.05
2022;RS;Aceguá;-31.8640153043;-54.1647315364;4170.0;79.376;9.017;11.031;0.12;0.456
2022;RS;Água Santa;-28.1750547485;-52.0346327892;3911.0;78.497;1.253;9.972;0.077;10.202
2022;RS;Agudo;-29.6456633632;-53.2586916877;16041.0;85.07;3.167;11.714;0.044;0.006
2022;RS;Ajuricaba;-28.2377290067;-53.77281889;6720.0;84.881;1.83;13.214;0.06;0.015
2022;RS;Alecrim;-27.6610744578;-54.7670962217;6123.0;83.015;1.143;15.809;0.033;0.0
2022;RS;Alegrete;-29.7820432091;-55.7958701453;72409.0;68.349;8.913;22.626;0.03;0.081
2022;RS;Alegria;-27.8372999564;-54.0573664131;3651.0;79.923;1.506;18.57;0.0;0.0
2022;RS;Almirante Tamandaré do Sul;-28.113726287;-52.9137145497;1969.0;88.725;2.743;8.532;0.0;0.0
2022;RS;Alpestre;-27.2487687567;-53.0373660486;7117.0;81.902;2.29;15.625;0.056;0.126
2022;RS;Alto Alegre;-28.7747455371;-52.9907552807;1800.0;86.389;2.167;11.444;0.0;0.0
2022;RS;Alto Feliz;-29.3901391668;-51.3158156678;3072.0;91.732;1.953;6.283;0.033;0.0
2022;RS;Alvorada;-29.9974930647;-51.0777294542;187314.0;66.681;14.862;18.273;0.059;0.125
2022;RS;Amaral Ferrador;-30.8751476012;-52.251270397;5310.0;79.397;10.188;10.264;0.132;0.019
2022;RS;Ametista do Sul;-27.3564254738;-53.192177262;7650.0;70.614;2.562;26.549;0.118;0.157
2022;RS;André da Rocha;-28.6319772029;-51.5737379712;1135.0;70.485;5.991;22.555;0.441;0.529
2022;RS;Anta Gorda;-28.9708843631;-52.0158234394;5957.0;93.973;1.024;4.969;0.017;0.017
2022;RS;Antônio Prado;-28.8554376246;-51.2835769243;13045.0;84.975;3.358;11.598;0.015;0.054
2022;RS;Arambaré;-30.90934555;-51.5013182506;4112.0;80.447;9.922;9.411;0.122;0.097
2022;RS;Araricá;-29.6172435929;-50.9256766147;8525.0;81.279;1.724;16.927;0.023;0.047
2022;RS;Aratiba;-27.3944441289;-52.3038319548;6483.0;88.539;2.283;9.162;0.015;0.0
2022;RS;Arroio do Meio;-29.3988907191;-51.9474494916;21958.0;87.713;2.933;9.304;0.018;0.032
2022;RS;Arroio do Sal;-29.592960744;-49.932957518;11057.0;83.061;3.274;13.575;0.0;0.09
2022;RS;Arroio do Padre;-31.4406439931;-52.4333015044;2599.0;92.536;3.27;4.155;0.0;0.038
2022;RS;Arroio dos Ratos;-30.0900131147;-51.7338068665;14601.0;81.131;6.609;12.184;0.014;0.062
2022;RS;Arroio do Tigre;-29.3358596133;-53.0863955672;12058.0;84.55;2.422;12.946;0.066;0.017
2022;RS;Arroio Grande;-32.2363441257;-53.0822483482;17557.0;81.962;7.103;10.771;0.034;0.131
2022;RS;Arvorezinha;-28.8730493916;-52.1795119395;10322.0;88.801;2.102;9.097;0.0;0.0
2022;RS;Augusto Pestana;-28.5133519891;-53.9894700807;7149.0;84.138;2.434;13.331;0.028;0.07
2022;RS;Áurea;-27.6937866504;-52.0541756691;3396.0;93.875;1.266;4.859;0.0;0.0
2022;RS;Bagé;-31.3305018415;-54.1070832852;117938.0;70.345;11.009;18.478;0.081;0.086
2022;RS;Balneário Pinhal;-30.239750927;-50.2367010761;14955.0;75.186;8.372;16.088;0.027;0.328
2022;RS;Barão;-29.3808640678;-51.4975376809;6461.0;90.265;1.408;8.28;0.031;0.015
2022;RS;Barão de Cotegipe;-27.6170925671;-52.377750325;7144.0;88.494;1.176;9.602;0.0;0.728
2022;RS;Barão do Triunfo;-30.3904838547;-51.7376694748;5889.0;83.749;2.564;13.67;0.0;0.017
2022;RS;Barracão;-27.6802298714;-51.4601514584;4831.0;74.188;2.608;23.122;0.021;0.062
2022;RS;Barra do Guarita;-27.1880699615;-53.7144126933;3161.0;76.526;3.322;20.12;0.0;0.032
2022;RS;Barra do Quaraí;-30.2110754079;-57.5570603248;4241.0;65.904;6.343;27.729;0.0;0.024
2022;RS;Barra do Ribeiro;-30.2926754999;-51.3008736006;12225.0;78.413;7.452;11.984;0.0;2.151
2022;RS;Barra do Rio Azul;-27.4087577155;-52.4141049465;1696.0;94.163;1.474;4.363;0.0;0.0
2022;RS;Barra Funda;-27.9238258452;-53.0362966696;2498.0;85.148;2.762;11.93;0.0;0.16
2022;RS;Barros Cassal;-29.0877043607;-52.5877521245;9296.0;72.924;2.506;24.494;0.011;0.065
2022;RS;Benjamin Constant do Sul;-27.5085835627;-52.6022250047;2082.0;45.149;2.546;6.58;0.0;45.725
2022;RS;Bento Gonçalves;-29.1674019332;-51.5155603063;123146.0;80.872;4.149;14.83;0.062;0.088
2022;RS;Boa Vista das Missões;-27.666111035;-53.3127563938;1933.0;65.649;0.569;33.782;0.0;0.0
2022;RS;Boa Vista do Buricá;-27.6715669968;-54.1094812553;6966.0;88.788;1.12;10.034;0.057;0.0
2022;RS;Boa Vista do Cadeado;-28.5774344755;-53.8137346351;2229.0;88.874;3.185;7.941;0.0;0.0
2022;RS;Boa Vista do Incra;-28.818488034;-53.3887049606;2271.0;88.199;0.881;10.876;0.0;0.044
2022;RS;Boa Vista do Sul;-29.3501193715;-51.6772718371;2779.0;92.335;1.583;5.973;0.036;0.072
2022;RS;Bom Jesus;-28.6705776756;-50.43334927;11202.0;66.283;3.749;29.727;0.08;0.161
2022;RS;Bom Princípio;-29.4944851149;-51.3555190974;13142.0;90.595;1.803;7.525;0.008;0.068
2022;RS;Bom Progresso;-27.5467742042;-53.8667908856;2096.0;78.578;2.29;19.132;0.0;0.0
2022;RS;Bom Retiro do Sul;-29.6074226199;-51.943846766;12294.0;85.334;5.23;9.322;0.016;0.098
2022;RS;Boqueirão do Leão;-29.3051579179;-52.4280502645;6247.0;76.821;2.209;20.89;0.016;0.064
2022;RS;Bossoroca;-28.7307243302;-54.9098109253;5890.0;69.1;4.194;26.638;0.068;0.0
2022;RS;Bozano;-28.3662899402;-53.7724021388;2151.0;84.24;0.79;14.877;0.046;0.046
2022;RS;Braga;-27.6191925075;-53.7443293821;3268.0;63.77;2.876;33.109;0.031;0.214
2022;RS;Brochier;-29.5555279556;-51.5889159717;4966.0;91.623;2.678;5.618;0.0;0.081
2022;RS;Butiá;-30.1161440126;-51.9614829532;19084.0;77.023;8.274;14.426;0.22;0.058
2022;RS;Caçapava do Sul;-30.5147432341;-53.48756892;32515.0;78.822;12.093;8.833;0.043;0.209
2022;RS;Cacequi;-29.8802876605;-54.8277276903;11157.0;75.271;6.041;18.643;0.036;0.009
2022;RS;Cachoeira do Sul;-30.0458199797;-52.8934125585;80068.0;80.73;7.988;11.037;0.077;0.167
2022;RS;Cachoeirinha;-29.9506294443;-51.0936769543;136258.0;78.563;8.074;13.174;0.091;0.099
2022;RS;Cacique Doble;-27.768232466;-51.6641134498;4603.0;63.459;1.195;13.926;0.0;21.421
2022;RS;Caibaté;-28.2910748192;-54.6378867042;4704.0;75.553;1.552;22.853;0.021;0.021
2022;RS;Caiçara;-27.2809406646;-53.4318954851;4836.0;80.811;0.951;18.176;0.0;0.062
2022;RS;Camaquã;-30.8507043893;-51.8146009062;62200.0;82.91;6.342;10.384;0.031;0.333
2022;RS;Camargo;-28.5892375315;-52.2037989733;2981.0;83.864;1.845;14.291;0.0;0.0
2022;RS;Cambará do Sul;-29.0481752734;-50.1437653843;6361.0;79.94;4.087;15.925;0.016;0.031
2022;RS;Campestre da Serra;-28.7965122469;-51.0956640048;3242.0;82.079;2.344;15.577;0.0;0.0
2022;RS;Campina das Missões;-27.9916900284;-54.8453289508;5882.0;92.775;0.799;6.392;0.017;0.017
2022;RS;Campinas do Sul;-27.7116014161;-52.6331044778;5284.0;82.892;2.744;14.326;0.019;0.019
2022;RS;Campo Bom;-29.6756850971;-51.0588699243;62885.0;85.359;3.085;11.432;0.075;0.049
2022;RS;Campo Novo;-27.6744926102;-53.8028138687;4975.0;67.94;1.508;30.533;0.02;0.0
2022;RS;Campos Borges;-28.8921317673;-52.9989147332;3613.0;84.362;0.941;14.586;0.083;0.028
2022;RS;Candelária;-29.671285416;-52.7896684388;28906.0;84.083;5.002;10.87;0.031;0.014
2022;RS;Cândido Godói;-27.9513180681;-54.7528340429;6294.0;94.773;0.779;4.433;0.0;0.016
2022;RS;Candiota;-31.5610097236;-53.6778046425;10710.0;67.983;8.161;23.511;0.056;0.289
2022;RS;Canela;-29.3579718504;-50.8148673494;48946.0;75.453;4.852;19.364;0.063;0.268
2022;RS;Canguçu;-31.3938595243;-52.6762858321;49680.0;89.078;5.606;5.229;0.02;0.066
2022;RS;Canoas;-29.9186967065;-51.1810297807;347645.0;78.586;7.685;13.511;0.119;0.099
2022;RS;Canudos do Vale;-29.3235252963;-52.2323826172;1656.0;96.014;1.51;2.476;0.0;0.0
2022;RS;Capão Bonito do Sul;-28.1259752949;-51.3951584627;1733.0;69.533;1.789;28.679;0.0;0.0
2022;RS;Capão da Canoa;-29.7614666401;-50.0200224443;63594.0;81.849;6.085;11.907;0.072;0.086
2022;RS;Capão do Cipó;-28.9316275196;-54.554699;3119.0;80.378;2.982;16.64;0.0;0.0
2022;RS;Capão do Leão;-31.7668386566;-52.4870075721;26487.0;76.774;8.933;14.067;0.079;0.147
2022;RS;Capivari do Sul;-30.1496596629;-50.5088079341;3991.0;73.089;11.802;14.508;0.0;0.601
2022;RS;Capela de Santana;-29.701944852;-51.3217693454;11159.0;85.492;3.549;10.055;0.09;0.815
2022;RS;Capitão;-29.2694996086;-51.9859688456;2921.0;90.517;1.986;7.36;0.137;0.0
2022;RS;Carazinho;-28.2865105909;-52.7918973881;61804.0;79.126;3.987;16.627;0.047;0.214
2022;RS;Caraá;-29.7786374562;-50.4357564296;7394.0;92.954;1.772;4.842;0.027;0.406
2022;RS;Carlos Barbosa;-29.2982968059;-51.50381763;30420.0;87.732;2.324;9.845;0.033;0.066
2022;RS;Carlos Gomes;-27.7148920751;-51.9175762299;1368.0;93.421;0.658;5.556;0.0;0.365
2022;RS;Casca;-28.5598740168;-51.9832326574;9465.0;85.642;2.282;12.066;0.0;0.011
2022;RS;Caseiros;-28.2735654703;-51.6926828223;3000.0;79.0;1.4;19.433;0.033;0.133
2022;RS;Catuípe;-28.2542344725;-54.0123868477;8674.0;80.159;2.237;17.604;0.0;0.0
2022;RS;Caxias do Sul;-29.1668990111;-51.1788602059;463491.0;76.474;4.742;18.612;0.077;0.094
2022;RS;Centenário;-27.7628471304;-52.0020538458;2721.0;95.994;1.213;2.756;0.0;0.037
2022;RS;Cerrito;-31.8526391268;-52.8148023323;5808.0;82.662;7.593;9.711;0.0;0.034
2022;RS;Cerro Branco;-29.6562871949;-52.9419778017;3802.0;86.113;4.129;9.6;0.053;0.105
2022;RS;Cerro Grande;-27.6079801347;-53.1659130765;2379.0;68.012;3.026;28.878;0.0;0.084
2022;RS;Cerro Grande do Sul;-30.602028929;-51.7531032652;9178.0;79.494;5.263;15.167;0.044;0.033
2022;RS;Cerro Largo;-28.147840877;-54.7399972399;13705.0;77.862;1.7;20.343;0.058;0.036
2022;RS;Chapada;-28.0584504612;-53.0672769044;9540.0;87.117;1.394;11.373;0.115;0.0
2022;RS;Charqueadas;-29.956800363;-51.6250060522;35012.0;79.53;6.235;13.721;0.089;0.426
2022;RS;Charrua;-27.9528311011;-52.0294119535;2768.0;56.864;0.289;2.782;0.0;40.065
2022;RS;Chiapetta;-27.917364754;-53.9457497024;3913.0;79.121;1.303;19.576;0.0;0.0
2022;RS;Chuí;-33.6875668687;-53.4626751417;6262.0;80.006;3.673;16.017;0.048;0.256
2022;RS;Chuvisca;-30.7574267112;-51.9785422226;4597.0;90.124;3.916;5.96;0.0;0.0
2022;RS;Cidreira;-30.1811699862;-50.2090923339;17071.0;75.192;8.394;16.22;0.064;0.129
2022;RS;Ciríaco;-28.3443025435;-51.883031292;4149.0;76.645;3.398;19.933;0.024;0.0
2022;RS;Colinas;-29.3925368716;-51.8685755465;2423.0;93.19;1.238;5.489;0.0;0.083
2022;RS;Colorado;-28.5229477599;-52.9931763195;3258.0;79.834;7.95;12.185;0.0;0.031
2022;RS;Condor;-28.2052957753;-53.4889433309;6406.0;77.084;3.231;19.685;0.0;0.0
2022;RS;Constantina;-27.7304110864;-52.9877388321;10385.0;77.66;1.964;16.485;0.019;3.871
2022;RS;Coqueiro Baixo;-29.1792568013;-52.0946025596;1290.0;91.86;3.798;4.341;0.0;0.0
2022;RS;Coqueiros do Sul;-28.1174283206;-52.7788008456;2211.0;85.708;2.307;11.94;0.0;0.045
2022;RS;Coronel Barros;-28.3845408587;-54.0736624303;2822.0;82.247;1.772;15.627;0.177;0.177
2022;RS;Coronel Bicaco;-27.7178730196;-53.7091281065;6144.0;66.504;2.979;30.143;0.049;0.326
2022;RS;Coronel Pilar;-29.2727100754;-51.6849345966;1607.0;92.408;1.12;6.472;0.0;0.0
2022;RS;Cotiporã;-28.9985764276;-51.6964336774;3846.0;92.564;0.754;6.63;0.026;0.026
2022;RS;Coxilha;-28.1213417108;-52.3002778295;2667.0;72.516;3.15;24.034;0.112;0.187
2022;RS;Crissiumal;-27.4980122694;-54.1000349062;12886.0;86.885;2.08;10.934;0.054;0.047
2022;RS;Cristal;-30.9993451918;-52.0494104018;7299.0;79.381;8.782;11.371;0.0;0.466
2022;RS;Cristal do Sul;-27.4536295672;-53.2491844953;2692.0;75.0;1.857;23.031;0.074;0.037
2022;RS;Cruz Alta;-28.6424466085;-53.6052407621;58912.0;79.666;4.312;15.917;0.049;0.056
2022;RS;Cruzaltense;-27.6648881086;-52.6481429882;1635.0;88.685;1.468;9.847;0.0;0.0
2022;RS;Cruzeiro do Sul;-29.5082909687;-51.9915758852;11600.0;85.672;3.405;10.655;0.0;0.267
2022;RS;David Canabarro;-28.3846115341;-51.8522490565;4321.0;86.762;2.823;10.183;0.023;0.208
2022;RS;Derrubadas;-27.2653909363;-53.8651194603;2751.0;82.443;1.636;15.885;0.036;0.0
2022;RS;Dezesseis de Novembro;-28.2268764435;-55.048208502;2507.0;86.119;0.758;13.083;0.04;0.0
2022;RS;Dilermando de Aguiar;-29.7019639098;-54.2135603845;2806.0;76.479;3.706;19.779;0.0;0.036
2022;RS;Dois Irmãos;-29.5841587789;-51.087619313;30709.0;89.137;1.517;9.222;0.062;0.062
2022;RS;Dois Irmãos das Missões;-27.6575367314;-53.5308646235;2090.0;58.373;4.163;37.273;0.048;0.144
2022;RS;Dois Lajeados;-28.9752053862;-51.8351029869;3097.0;93.155;1.033;5.78;0.032;0.0
2022;RS;Dom Feliciano;-30.7085984263;-52.1039335797;13051.0;80.178;8.268;11.532;0.015;0.008
2022;RS;Dom Pedro de Alcântara;-29.3701870791;-49.8495499617;2562.0;94.223;1.991;3.708;0.0;0.078
2022;RS;Dom Pedrito;-30.9812670568;-54.6741301838;36979.0;76.863;9.654;13.41;0.043;0.03
2022;RS;Dona Francisca;-29.6248524913;-53.3623331808;3079.0;74.797;8.12;16.921;0.032;0.13
2022;RS;Doutor Maurício Cardoso;-27.5092126137;-54.3582679905;4470.0;81.499;3.154;15.347;0.0;0.0
2022;RS;Doutor Ricardo;-29.099031061;-51.9849043921;1888.0;87.076;2.913;9.958;0.053;0.0
2022;RS;Eldorado do Sul;-29.9992925946;-51.310418926;39559.0;74.433;8.001;17.372;0.048;0.147
2022;RS;Encantado;-29.2399172072;-51.8730231344;22961.0;82.061;5.819;12.047;0.039;0.035
2022;RS;Encruzilhada do Sul;-30.5436573248;-52.5220453899;23818.0;74.481;9.657;15.77;0.029;0.063
2022;RS;Engenho Velho;-27.7085865197;-52.911920503;1296.0;62.114;2.16;5.787;0.0;29.938
2022;RS;Entre-Ijuís;-28.3627942779;-54.2714318512;9158.0;73.695;3.123;22.931;0.0;0.251
2022;RS;Entre Rios do Sul;-27.5288579316;-52.7350679521;2685.0;71.546;3.985;24.395;0.0;0.074
2022;RS;Erebango;-27.8491959409;-52.299711403;3054.0;60.871;2.259;22.102;0.0;14.768
2022;RS;Erechim;-27.6334058108;-52.2758768979;105699.0;79.477;3.0;17.324;0.054;0.146
2022;RS;Ernestina;-28.4971546905;-52.5721762089;3034.0;87.245;0.692;12.063;0.0;0.0
2022;RS;Herval;-32.0267435512;-53.3943378609;6191.0;75.174;8.674;16.007;0.145;0.0
2022;RS;Erval Grande;-27.3933366745;-52.5701120524;4930.0;76.45;5.477;18.073;0.0;0.0
2022;RS;Erval Seco;-27.5494171265;-53.5095730837;6787.0;68.101;2.667;28.835;0.029;0.368
2022;RS;Esmeralda;-28.057276348;-51.1887936625;3195.0;75.869;2.316;21.596;0.125;0.094
2022;RS;Esperança do Sul;-27.3599436088;-53.9927678151;3226.0;86.609;2.015;11.376;0.0;0.0
2022;RS;Espumoso;-28.7314451425;-52.8419269709;15173.0;83.754;2.017;14.203;0.013;0.013
2022;RS;Estação;-27.9090063415;-52.2704857967;5582.0;82.318;4.407;13.185;0.018;0.072
2022;RS;Estância Velha;-29.6501479676;-51.174293925;47924.0;84.555;3.23;12.069;0.058;0.088
2022;RS;Esteio;-29.8521862955;-51.1438373394;76137.0;79.169;7.631;13.042;0.072;0.085
2022;RS;Estrela;-29.5034718768;-51.9702602942;32180.0;86.066;4.226;9.347;0.044;0.317
2022;RS;Estrela Velha;-29.1796613617;-53.1602937787;3070.0;89.902;1.531;7.59;0.0;0.977
2022;RS;Eugênio de Castro;-28.5250597626;-54.1481126185;2633.0;76.073;2.924;20.927;0.038;0.038
2022;RS;Fagundes Varela;-28.8821343126;-51.6914487477;2566.0;87.334;1.715;10.951;0.0;0.0
2022;RS;Farroupilha;-29.2236791868;-51.3483495738;70285.0;81.524;3.012;15.271;0.033;0.161
2022;RS;Faxinal do Soturno;-29.5743295398;-53.4390648197;6702.0;75.395;6.461;17.92;0.03;0.194
2022;RS;Faxinalzinho;-27.4254155069;-52.6705912422;2520.0;65.119;2.738;20.397;0.04;11.706
2022;RS;Fazenda Vilanova;-29.5885745297;-51.8211830446;4291.0;82.731;5.01;12.188;0.023;0.047
2022;RS;Feliz;-29.4539709262;-51.3101021354;13764.0;89.981;1.947;7.963;0.087;0.022
2022;RS;Flores da Cunha;-29.0311421437;-51.1822205769;30892.0;85.857;2.188;11.903;0.029;0.023
2022;RS;Floriano Peixoto;-27.8625092779;-52.0856070999;1668.0;93.585;0.36;5.935;0.12;0.0
2022;RS;Fontoura Xavier;-28.9821677892;-52.3449531838;9549.0;72.992;1.623;25.364;0.01;0.01
2022;RS;Formigueiro;-29.9976338154;-53.5002944149;6413.0;75.69;14.845;9.013;0.016;0.437
2022;RS;Forquetinha;-29.3806337847;-52.0969170585;2393.0;97.158;1.045;1.797;0.0;0.0
2022;RS;Fortaleza dos Valos;-28.787882971;-53.2355232639;4477.0;83.761;3.194;12.821;0.089;0.134
2022;RS;Frederico Westphalen;-27.3588824124;-53.4007767389;32627.0;82.487;1.802;15.625;0.055;0.031
2022;RS;Garibaldi;-29.2545491128;-51.5295484588;34335.0;87.604;2.572;9.731;0.026;0.067
2022;RS;Garruchos;-28.1894767901;-55.6340719501;2688.0;64.955;1.86;33.147;0.0;0.037
2022;RS;Gaurama;-27.5838577563;-52.1001384605;5665.0;88.614;2.189;9.109;0.053;0.035
2022;RS;General Câmara;-29.9029837414;-51.7634306851;7612.0;88.347;4.256;7.239;0.131;0.026
2022;RS;Gentil;-28.433848467;-52.0345235699;1744.0;69.725;2.982;18.234;0.0;9.06
2022;RS;Getúlio Vargas;-27.8759119305;-52.2495741233;16601.0;81.953;2.687;15.234;0.048;0.078
2022;RS;Giruá;-28.0297443729;-54.3508400777;16012.0;75.893;2.317;21.74;0.05;0.0
2022;RS;Glorinha;-29.8771339613;-50.7862074319;7658.0;83.716;5.576;10.486;0.104;0.118
2022;RS;Gramado;-29.3797375184;-50.8719457003;40134.0;83.961;3.01;12.867;0.052;0.11
2022;RS;Gramado dos Loureiros;-27.4443850214;-52.918217983;2014.0;69.017;5.065;21.351;0.546;4.022
2022;RS;Gramado Xavier;-29.2699362175;-52.577837757;3304.0;75.787;2.149;21.943;0.121;0.0
2022;RS;Gravataí;-29.9455189133;-50.9907929748;265072.0;79.316;8.052;12.459;0.083;0.091
2022;RS;Guabiju;-28.540671531;-51.6910473581;1417.0;86.521;1.976;11.503;0.0;0.0
2022;RS;Guaíba;-30.1086019224;-51.3146836637;92924.0;77.392;9.155;13.29;0.062;0.1
2022;RS;Guaporé;-28.8491336405;-51.8906506875;25268.0;82.662;2.853;14.445;0.012;0.028
2022;RS;Guarani das Missões;-28.1417792573;-54.5605559297;7415.0;85.61;1.362;13.028;0.0;0.0
2022;RS;Harmonia;-29.5490490868;-51.4140397047;5378.0;88.657;4.258;6.991;0.074;0.019
2022;RS;Herveiras;-29.4570438109;-52.6501705958;2565.0;74.698;1.91;23.392;0.0;0.0
2022;RS;Horizontina;-27.6300969137;-54.3087915109;18851.0;82.5;1.899;15.511;0.064;0.027
2022;RS;Hulha Negra;-31.4050982484;-53.867824794;5976.0;68.189;5.371;25.87;0.017;0.552
2022;RS;Humaitá;-27.5614898161;-53.9765055737;4681.0;84.661;2.457;12.732;0.0;0.15
2022;RS;Ibarama;-29.4207443611;-53.1332000129;3732.0;84.164;1.929;13.88;0.027;0.0
2022;RS;Ibiaçá;-28.0488495215;-51.8572520902;4527.0;87.652;2.275;9.962;0.022;0.088
2022;RS;Ibiraiaras;-28.3692267294;-51.6353239892;6776.0;74.306;1.697;17.296;0.074;6.626
2022;RS;Ibirapuitã;-28.6150204152;-52.5193855878;3723.0;77.572;2.283;20.091;0.0;0.054
2022;RS;Ibirubá;-28.6276077824;-53.0883540195;21583.0;81.898;2.9;15.16;0.023;0.019
2022;RS;Igrejinha;-29.5722204558;-50.7987107333;32803.0;80.334;2.811;16.721;0.082;0.052
2022;RS;Ijuí;-28.388536541;-53.9180668357;84776.0;78.425;2.603;18.804;0.094;0.073
2022;RS;Ilópolis;-28.9291527318;-52.1221574946;4157.0;87.13;1.419;11.427;0.0;0.024
2022;RS;Imbé;-29.9747778207;-50.1305799407;26824.0;84.19;4.041;11.553;0.071;0.145
2022;RS;Imigrante;-29.3521581198;-51.7701905101;3080.0;92.5;1.526;5.974;0.0;0.0
2022;RS;Independência;-27.8473315581;-54.1881083346;6427.0;81.547;2.209;16.213;0.031;0.0
2022;RS;Inhacorá;-27.8804544583;-54.0125455914;2014.0;64.201;2.483;33.317;0.0;0.0
2022;RS;Ipê;-28.8183280318;-51.2799101922;5399.0;84.293;2.389;13.28;0.019;0.019
2022;RS;Ipiranga do Sul;-27.9359842849;-52.4250606441;1720.0;82.5;2.849;14.593;0.0;0.058
2022;RS;Iraí;-27.192281975;-53.2642960185;7481.0;73.025;1.965;14.637;0.0;10.373
2022;RS;Itaara;-29.6028879547;-53.757849249;5572.0;83.148;3.23;13.568;0.0;0.054
2022;RS;Itacurubi;-28.8022050331;-55.2327232641;2995.0;72.621;5.209;22.17;0.0;0.0
2022;RS;Itapuca;-28.780295703;-52.1723668452;1937.0;75.787;2.013;22.199;0.0;0.0
2022;RS;Itaqui;-29.1286368991;-56.557133497;35767.0;65.829;5.251;28.842;0.022;0.056
2022;RS;Itati;-29.5002484955;-50.1017822614;2638.0;90.03;2.426;6.596;0.872;0.076
2022;RS;Itatiba do Sul;-27.3832919401;-52.4524432547;3208.0;82.107;1.216;16.584;0.0;0.094
2022;RS;Ivorá;-29.5195344843;-53.5808856194;1929.0;83.826;1.607;14.567;0.0;0.0
2022;RS;Ivoti;-29.5941565229;-51.1595741943;22982.0;89.675;1.345;8.463;0.483;0.035
2022;RS;Jaboticaba;-27.6312223863;-53.284389402;3779.0;74.755;1.455;23.763;0.026;0.0
2022;RS;Jacuizinho;-29.0338163561;-53.0565506588;2040.0;68.971;3.333;27.304;0.245;0.147
2022;RS;Jacutinga;-27.7284936336;-52.5431728064;3338.0;83.223;4.673;12.103;0.0;0.0
2022;RS;Jaguarão;-32.5635686685;-53.3775229153;26603.0;82.912;6.462;10.431;0.023;0.173
2022;RS;Jaguari;-29.4973467312;-54.6938466713;10579.0;83.212;2.061;14.671;0.009;0.047
2022;RS;Jaquirana;-28.8805675913;-50.3580367222;3690.0;68.564;4.417;26.748;0.19;0.081
2022;RS;Jari;-29.2900810968;-54.2199358203;3349.0;84.234;5.106;10.63;0.0;0.03
2022;RS;Jóia;-28.6456235346;-54.115964897;7184.0;67.372;4.162;28.424;0.028;0.014
2022;RS;Júlio de Castilhos;-29.2264491193;-53.6830996146;18226.0;74.021;6.035;19.895;0.011;0.038
2022;RS;Lagoa Bonita do Sul;-29.4941314004;-53.0169831808;2251.0;82.541;2.621;14.705;0.0;0.133
2022;RS;Lagoão;-29.2243164011;-52.7750289083;5341.0;74.237;3.164;22.318;0.243;0.037
2022;RS;Lagoa dos Três Cantos;-28.5694681327;-52.8578352424;1738.0;92.98;1.554;5.178;0.288;0.0
2022;RS;Lagoa Vermelha;-28.2088702462;-51.5272285291;27658.0;77.612;2.556;19.73;0.014;0.087
2022;RS;Lajeado;-29.4654544025;-51.9678277005;93646.0;83.973;4.234;11.505;0.084;0.204
2022;RS;Lajeado do Bugre;-27.6907694084;-53.1813871338;2601.0;60.208;0.961;35.371;0.0;3.46
2022;RS;Lavras do Sul;-30.812009993;-53.8984766555;7157.0;74.528;11.625;13.763;0.042;0.042
2022;RS;Liberato Salzano;-27.5964701639;-53.0748607372;4781.0;70.236;2.698;21.063;0.021;5.982
2022;RS;Lindolfo Collor;-29.6008035858;-51.2081553216;6248.0;83.867;2.129;13.924;0.016;0.064
2022;RS;Linha Nova;-29.4626386026;-51.2019020948;1683.0;90.255;0.891;8.437;0.059;0.357
2022;RS;Machadinho;-27.5681399699;-51.6675073605;5735.0;78.082;2.598;19.146;0.105;0.07
2022;RS;Maçambará;-29.1461441992;-56.0636134817;4425.0;63.299;4.859;31.774;0.0;0.068
2022;RS;Mampituba;-29.2106494197;-49.9365135524;3131.0;89.492;2.619;7.857;0.0;0.032
2022;RS;Manoel Viana;-29.5805371826;-55.4916625395;6801.0;76.974;3.764;19.144;0.059;0.059
2022;RS;Maquiné;-29.6791370129;-50.2033948126;7418.0;82.475;6.498;9.571;0.0;1.456
2022;RS;Maratá;-29.5553229676;-51.5555668833;2470.0;93.806;1.457;4.656;0.081;0.0
2022;RS;Marau;-28.4484539273;-52.196776934;45124.0;78.475;3.555;17.886;0.049;0.035
2022;RS;Marcelino Ramos;-27.4613912129;-51.9133189437;4320.0;84.815;1.227;13.819;0.116;0.023
2022;RS;Mariana Pimentel;-30.3536222023;-51.5873429914;3916.0;87.692;2.579;7.686;0.026;2.017
2022;RS;Mariano Moro;-27.3526127883;-52.1488918173;1858.0;87.783;0.969;11.249;0.0;0.0
2022;RS;Marques de Souza;-29.3291373441;-52.0978044284;3969.0;92.996;1.184;5.644;0.0;0.176
2022;RS;Mata;-29.5693917756;-54.4524354819;4698.0;81.183;3.065;15.709;0.021;0.021
2022;RS;Mato Castelhano;-28.2757617412;-52.1972608812;2553.0;80.415;0.666;9.597;0.588;8.735
2022;RS;Mato Leitão;-29.5248303378;-52.1330293263;4859.0;88.701;2.696;8.561;0.021;0.021
2022;RS;Mato Queimado;-28.255815987;-54.6168368777;1795.0;80.836;1.616;17.549;0.0;0.0
2022;RS;Maximiliano de Almeida;-27.6349406518;-51.801718197;4191.0;76.187;2.863;20.95;0.0;0.0
2022;RS;Minas do Leão;-30.1224395107;-52.0512801986;7505.0;78.068;8.674;13.178;0.053;0.027
2022;RS;Miraguaí;-27.4960764231;-53.6859940448;4427.0;78.225;2.485;15.586;0.0;3.705
2022;RS;Montauri;-28.6532071851;-52.0761081911;1499.0;95.197;0.934;3.869;0.0;0.0
2022;RS;Monte Alegre dos Campos;-28.6850717757;-50.7828337051;3180.0;64.465;12.61;22.767;0.0;0.157
2022;RS;Monte Belo do Sul;-29.1599412231;-51.6315592454;2557.0;96.167;1.173;2.542;0.0;0.117
2022;RS;Montenegro;-29.6881186099;-51.4612993757;64320.0;81.884;6.071;11.905;0.051;0.089
2022;RS;Mormaço;-28.6933512202;-52.6928263151;2756.0;84.507;2.758;12.736;0.0;0.0
2022;RS;Morrinhos do Sul;-29.36296363;-49.9327629743;3071.0;97.428;0.814;1.693;0.033;0.033
2022;RS;Morro Redondo;-31.5822032274;-52.6577802014;6046.0;89.431;5.723;4.763;0.0;0.083
2022;RS;Morro Reuter;-29.5393416586;-51.0800883478;6029.0;92.553;1.144;6.253;0.017;0.033
2022;RS;Mostardas;-31.1082251074;-50.9191588511;12088.0;74.297;10.349;15.222;0.017;0.116
2022;RS;Muçum;-29.1656148146;-51.8660555261;4601.0;84.46;3.325;12.106;0.065;0.043
2022;RS;Muitos Capões;-28.3189128015;-51.1846023449;2879.0;70.997;9.239;19.694;0.0;0.069
2022;RS;Muliterno;-28.3302653563;-51.7687012353;1721.0;75.363;0.755;8.483;0.0;15.398
2022;RS;Não-Me-Toque;-28.4599067659;-52.8192794924;17898.0;84.775;2.894;12.258;0.039;0.034
2022;RS;Nicolau Vergueiro;-28.5362148139;-52.4624006732;1932.0;81.936;1.656;16.408;0.0;0.0
2022;RS;Nonoai;-27.3546645325;-52.7761885672;13719.0;63.795;2.026;22.677;0.015;11.488
2022;RS;Nova Alvorada;-28.6765644328;-52.1671339173;3163.0;84.287;2.656;13.057;0.0;0.0
2022;RS;Nova Araçá;-28.6581760371;-51.742164634;4954.0;73.153;3.492;22.951;0.384;0.02
2022;RS;Nova Bassano;-28.7234686416;-51.7032314174;9649.0;88.486;1.409;10.105;0.0;0.0
2022;RS;Nova Boa Vista;-27.9879676591;-52.9814768438;2042.0;94.221;0.735;4.995;0.0;0.049
2022;RS;Nova Bréscia;-29.2165114325;-52.0179835406;3044.0;93.594;2.102;4.304;0.0;0.0
2022;RS;Nova Candelária;-27.6120981609;-54.1041142398;3061.0;95.067;0.523;4.378;0.033;0.0
2022;RS;Nova Esperança do Sul;-29.4045957086;-54.8358729019;4865.0;81.768;2.919;15.19;0.041;0.082
2022;RS;Nova Hartz;-29.585747533;-50.9037934307;20085.0;78.317;2.982;18.626;0.025;0.05
2022;RS;Nova Pádua;-29.0300464453;-51.3068246422;2343.0;93.811;0.598;4.738;0.0;0.854
2022;RS;Nova Palma;-29.473025738;-53.4706351109;5586.0;83.512;4.726;11.708;0.036;0.018
2022;RS;Nova Petrópolis;-29.3762088694;-51.106953924;23300.0;89.0;1.395;9.455;0.082;0.069
2022;RS;Nova Prata;-28.7839447132;-51.608995692;25692.0;79.624;3.803;16.464;0.043;0.066
2022;RS;Nova Ramada;-28.0826448724;-53.7069373379;2163.0;88.396;1.664;9.94;0.0;0.0
2022;RS;Nova Roma do Sul;-28.984748912;-51.405157475;3466.0;91.95;1.904;5.857;0.029;0.26
2022;RS;Nova Santa Rita;-29.8486155356;-51.275210689;29024.0;80.723;4.376;14.836;0.014;0.052
2022;RS;Novo Cabrais;-29.7362546057;-52.9550860641;3568.0;88.061;6.166;5.689;0.028;0.056
2022;RS;Novo Hamburgo;-29.6863260252;-51.1286052776;227642.0;84.658;3.895;11.298;0.095;0.054
2022;RS;Novo Machado;-27.5784006506;-54.5033844145;3198.0;89.306;0.938;9.756;0.0;0.0
2022;RS;Novo Tiradentes;-27.5635584345;-53.1857025891;2146.0;72.507;3.122;24.185;0.047;0.14
2022;RS;Novo Xingu;-27.7481146921;-53.0641092995;1646.0;86.695;1.64;10.693;0.061;0.911
2022;RS;Novo Barreiro;-27.906788467;-53.113498851;4272.0;75.679;1.849;22.449;0.023;0.0
2022;RS;Osório;-29.8926970775;-50.2667978126;47396.0;82.393;6.642;10.587;0.025;0.352
2022;RS;Paim Filho;-27.7033080739;-51.7615966409;3629.0;81.868;1.791;16.313;0.0;0.028
2022;RS;Palmares do Sul;-30.2600666451;-50.5060519723;12844.0;75.062;9.802;14.801;0.023;0.311
2022;RS;Palmeira das Missões;-27.9006208754;-53.3149539106;33214.0;73.574;3.788;22.521;0.093;0.024
2022;RS;Palmitinho;-27.3560199139;-53.555546013;7839.0;80.01;1.76;17.961;0.026;0.242
2022;RS;Panambi;-28.2927305369;-53.5002651674;43515.0;80.494;1.878;17.557;0.046;0.025
2022;RS;Pantano Grande;-30.1945515272;-52.3739002353;10211.0;74.067;9.627;16.208;0.01;0.088
2022;RS;Paraí;-28.5996205337;-51.7820960451;7193.0;88.948;1.668;9.356;0.014;0.014
2022;RS;Paraíso do Sul;-29.7313142401;-53.179100239;6519.0;81.393;6.121;12.487;0.0;0.0
2022;RS;Pareci Novo;-29.6393892914;-51.3988696584;4319.0;92.683;1.829;5.418;0.0;0.069
2022;RS;Parobé;-29.6317492776;-50.8348659023;52058.0;79.594;3.479;16.797;0.046;0.085
2022;RS;Passa Sete;-29.4516655689;-52.9639832352;3983.0;85.614;1.657;12.654;0.05;0.025
2022;RS;Passo do Sobrado;-29.74579355;-52.2787581943;6025.0;88.531;5.095;6.357;0.017;0.0
2022;RS;Passo Fundo;-28.2617671279;-52.4070950926;206206.0;78.081;3.521;18.181;0.057;0.161
2022;RS;Paulo Bento;-27.7041002827;-52.4224356311;2144.0;88.666;0.84;10.401;0.0;0.093
2022;RS;Paverama;-29.5548561399;-51.7302929672;7978.0;89.872;2.031;7.984;0.025;0.088
2022;RS;Pedras Altas;-31.7336369395;-53.5871703196;2061.0;66.861;12.324;20.524;0.0;0.291
2022;RS;Pedro Osório;-31.8638282218;-52.8263117339;7484.0;77.418;9.286;13.095;0.067;0.134
2022;RS;Pejuçara;-28.4215860642;-53.6565423318;3745.0;80.801;1.976;16.983;0.16;0.08
2022;RS;Pelotas;-31.7195978808;-52.344320063;325682.0;75.92;11.88;12.008;0.081;0.111
2022;RS;Picada Café;-29.4543844431;-51.0640498203;5351.0;89.553;1.495;8.914;0.037;0.0
2022;RS;Pinhal;-27.5116742435;-53.2147061789;2959.0;74.992;1.96;22.981;0.0;0.068
2022;RS;Pinhal da Serra;-27.8766645868;-51.1701027237;2248.0;74.822;1.779;23.31;0.044;0.044
2022;RS;Pinhal Grande;-29.3353601289;-53.3386383371;3805.0;78.896;1.787;19.212;0.053;0.053
2022;RS;Pinheirinho do Vale;-27.2097627893;-53.6195609569;4540.0;73.943;2.731;23.282;0.044;0.0
2022;RS;Pinheiro Machado;-31.5805926687;-53.3846199683;11214.0;71.527;12.886;15.329;0.089;0.169
2022;RS;Pinto Bandeira;-29.097505;-51.450291;2723.0;90.635;0.845;7.712;0.037;0.771
2022;RS;Pirapó;-28.0453158376;-55.2003099472;2260.0;67.92;3.053;28.938;0.088;0.0
2022;RS;Piratini;-31.4441124734;-53.104734454;17504.0;78.342;8.969;12.363;0.023;0.303
2022;RS;Planalto;-27.3314638755;-53.0588808131;10406.0;76.12;2.018;9.716;0.029;12.118
2022;RS;Poço das Antas;-29.4545464778;-51.6708902733;2171.0;90.926;3.363;5.62;0.0;0.092
2022;RS;Pontão;-28.0618408394;-52.6753994466;3296.0;76.092;3.155;20.388;0.03;0.334
2022;RS;Ponte Preta;-27.6570399701;-52.4902319212;1575.0;93.524;1.079;5.333;0.0;0.063
2022;RS;Portão;-29.6962586011;-51.2301496442;34071.0;83.514;3.557;12.75;0.144;0.035
2022;RS;Porto Alegre;-30.0300367748;-51.2286604637;1332815.0;73.622;12.62;13.382;0.173;0.203
2022;RS;Porto Lucena;-27.851375116;-55.0115620453;4360.0;82.294;1.628;16.078;0.0;0.0
2022;RS;Porto Mauá;-27.5786353601;-54.6719518915;2142.0;84.034;2.381;13.585;0.0;0.0
2022;RS;Porto Vera Cruz;-27.7343739194;-54.899031824;1560.0;85.897;1.282;12.821;0.0;0.0
2022;RS;Porto Xavier;-27.9056898469;-55.139560262;9938.0;68.696;2.012;29.211;0.08;0.0
2022;RS;Pouso Novo;-29.1697612523;-52.2108697395;1739.0;80.506;1.093;18.401;0.0;0.0
2022;RS;Presidente Lucena;-29.5261270682;-51.1815996951;3077.0;88.82;1.3;9.847;0.0;0.032
2022;RS;Progresso;-29.2403086781;-52.3017166029;5340.0;91.292;0.861;7.846;0.0;0.0
2022;RS;Protásio Alves;-28.7567128312;-51.4736316973;2025.0;86.123;1.877;11.951;0.049;0.0
2022;RS;Putinga;-28.9987556541;-52.1599106947;3747.0;91.46;1.334;7.206;0.0;0.0
2022;RS;Quaraí;-30.3828679609;-56.4536470404;23496.0;78.703;5.184;15.871;0.047;0.196
2022;RS;Quatro Irmãos;-27.8211966887;-52.4427686045;1552.0;68.299;4.446;27.255;0.0;0.0
2022;RS;Quevedos;-29.35192135;-54.0712547224;2507.0;82.21;2.314;15.477;0.0;0.0
2022;RS;Quinze de Novembro;-28.7423613499;-53.0967220568;3910.0;89.488;1.176;9.233;0.102;0.0
2022;RS;Redentora;-27.6615398827;-53.641933694;9738.0;42.473;1.171;14.223;0.0;42.134
2022;RS;Relvado;-29.1122786661;-52.0729485543;1796.0;91.481;3.007;5.512;0.0;0.0
2022;RS;Restinga Sêca;-29.8139485367;-53.3705685765;14939.0;78.385;11.152;10.322;0.06;0.08
2022;RS;Rio dos Índios;-27.2983975952;-52.8400578928;2835.0;73.086;1.446;18.871;0.176;6.42
2022;RS;Rio Grande;-32.0504457927;-52.0867696991;191900.0;74.251;10.095;15.391;0.072;0.19
2022;RS;Rio Pardo;-29.9856258787;-52.3790182512;34654.0;80.262;7.586;12.062;0.075;0.014
2022;RS;Riozinho;-29.6422860138;-50.4738181138;4473.0;84.82;1.967;12.788;0.0;0.425
2022;RS;Roca Sales;-29.2850700737;-51.8638917599;10418.0;84.661;3.398;11.864;0.01;0.067
2022;RS;Rodeio Bonito;-27.4704034355;-53.1685306043;6654.0;79.426;1.743;18.65;0.0;0.18
2022;RS;Rolador;-28.2563442173;-54.8194269754;2290.0;74.585;2.402;22.707;0.218;0.087
2022;RS;Rolante;-29.64076289;-50.5734423346;21253.0;83.574;1.783;14.563;0.028;0.052
2022;RS;Ronda Alta;-27.7819313529;-52.8065335256;9777.0;73.356;2.281;14.534;0.031;9.799
2022;RS;Rondinha;-27.8318159704;-52.9061601565;4991.0;94.129;1.222;4.628;0.02;0.0
2022;RS;Roque Gonzales;-28.1353669869;-55.0291861243;6576.0;71.061;2.251;26.673;0.015;0.0
2022;RS;Rosário do Sul;-30.2440332378;-54.9457608553;36629.0;75.915;7.633;16.348;0.035;0.068
2022;RS;Sagrada Família;-27.7067309905;-53.135651718;2480.0;68.387;1.371;30.242;0.0;0.0
2022;RS;Saldanha Marinho;-28.4032861707;-53.0941072016;2575.0;84.388;3.573;11.961;0.039;0.039
2022;RS;Salto do Jacuí;-29.0886812478;-53.2133096524;10203.0;71.41;4.224;20.122;0.02;4.224
2022;RS;Salvador das Missões;-28.1216974451;-54.8377420188;2877.0;91.345;1.425;7.23;0.0;0.0
2022;RS;Salvador do Sul;-29.4397322209;-51.5094214595;6879.0;90.158;2.297;7.356;0.058;0.131
2022;RS;Sananduva;-27.9440065102;-51.8135019139;16399.0;84.359;1.012;14.464;0.043;0.122
2022;RS;Santa Bárbara do Sul;-28.3651668167;-53.2505267076;8122.0;73.344;3.952;22.642;0.049;0.012
2022;RS;Santa Cecília do Sul;-28.164451105;-51.9266712611;1674.0;81.72;2.628;15.352;0.0;0.299
2022;RS;Santa Clara do Sul;-29.4635962109;-52.0809258239;6887.0;93.248;2.062;4.661;0.0;0.029
2022;RS;Santa Cruz do Sul;-29.7197684337;-52.4299285874;133226.0;82.843;5.774;11.291;0.053;0.039
2022;RS;Santa Maria;-29.6855818035;-53.8086753947;271726.0;78.169;6.666;14.911;0.072;0.183
2022;RS;Santa Maria do Herval;-29.5035155388;-50.9872554094;6340.0;95.284;0.836;3.849;0.0;0.032
2022;RS;Santa Margarida do Sul;-30.3451034509;-54.0909546704;2596.0;79.854;3.737;16.41;0.0;0.0
2022;RS;Santana da Boa Vista;-30.874702574;-53.1158749987;7022.0;84.264;5.326;10.282;0.1;0.028
2022;RS;Sant'Ana do Livramento;-30.8893840112;-55.534814268;84421.0;74.956;8.967;15.887;0.064;0.126
2022;RS;Santa Rosa;-27.8667497989;-54.4782240988;76962.0;79.859;2.252;17.797;0.048;0.044
2022;RS;Santa Tereza;-29.1716344399;-51.7343442424;1505.0;94.419;1.528;4.053;0.0;0.0
2022;RS;Santa Vitória do Palmar;-33.5198600307;-53.3670063807;30980.0;78.244;8.215;13.347;0.068;0.126
2022;RS;Santiago;-29.1914601709;-54.8690758538;48937.0;81.683;2.718;15.485;0.029;0.086
2022;RS;Santo Ângelo;-28.3019378733;-54.2641427984;76917.0;77.311;2.445;19.929;0.068;0.247
2022;RS;Santo Antônio do Palma;-28.4974451045;-52.0246330596;2091.0;86.275;1.626;12.099;0.0;0.0
2022;RS;Santo Antônio da Patrulha;-29.8320340169;-50.5209859367;42947.0;85.387;6.184;8.336;0.037;0.056
2022;RS;Santo Antônio das Missões;-28.5080969776;-55.2245566426;10300.0;71.67;3.369;24.951;0.0;0.01
2022;RS;Santo Antônio do Planalto;-28.3959289066;-52.6837258444;2089.0;89.564;1.484;8.904;0.0;0.048
2022;RS;Santo Augusto;-27.8534907764;-53.7788495983;13902.0;77.233;1.813;20.868;0.036;0.05
2022;RS;Santo Cristo;-27.8199297346;-54.6687478953;15315.0;90.297;1.521;8.162;0.0;0.02
2022;RS;Santo Expedito do Sul;-27.9093694246;-51.6435721743;2349.0;82.716;1.277;15.879;0.0;0.128
2022;RS;São Borja;-28.6628375267;-56.0010291536;59675.0;76.362;3.921;19.616;0.07;0.03
2022;RS;São Domingos do Sul;-28.5317631268;-51.8931867142;2754.0;89.942;1.053;9.005;0.0;0.0
2022;RS;São Francisco de Assis;-29.5527159067;-55.1323857402;17618.0;83.937;2.855;13.049;0.034;0.125
2022;RS;São Francisco de Paula;-29.4440980748;-50.5821081078;21893.0;74.407;5.641;19.55;0.123;0.279
2022;RS;São Gabriel;-30.3367600549;-54.3204778581;58487.0;73.998;7.615;18.209;0.082;0.096
2022;RS;São Jerônimo;-29.9594386648;-51.7281775032;21027.0;80.977;6.154;12.593;0.214;0.062
2022;RS;São João da Urtiga;-27.8266899655;-51.8258385476;4461.0;93.948;1.166;4.887;0.0;0.0
2022;RS;São João do Polêsine;-29.6146764164;-53.4463504348;2649.0;73.99;8.758;17.176;0.076;0.0
2022;RS;São Jorge;-28.498080971;-51.7029685893;2912.0;86.195;2.129;11.332;0.0;0.343
2022;RS;São José das Missões;-27.7781833181;-53.118775269;2362.0;76.503;2.117;21.38;0.0;0.0
2022;RS;São José do Herval;-29.0414470213;-52.2930164741;1902.0;72.818;1.157;25.868;0.158;0.0
2022;RS;São José do Hortêncio;-29.5400486073;-51.2495975571;4447.0;92.962;1.147;5.869;0.0;0.022
2022;RS;São José do Inhacorá;-27.7225845673;-54.1335502027;2406.0;93.35;0.956;5.528;0.166;0.0
2022;RS;São José do Norte;-32.0206091127;-52.034202272;25441.0;73.338;8.29;18.289;0.031;0.051
2022;RS;São José do Ouro;-27.7712554065;-51.594767678;6834.0;83.919;0.834;14.823;0.0;0.424
2022;RS;São José do Sul;-29.5434695178;-51.4863838307;2379.0;91.131;1.892;6.852;0.084;0.042
2022;RS;São José dos Ausentes;-28.749906432;-50.0636129376;4172.0;74.688;4.099;21.213;0.0;0.0
2022;RS;São Leopoldo;-29.7658665424;-51.1462345616;217401.0;78.462;5.985;15.246;0.114;0.193
2022;RS;São Lourenço do Sul;-31.3640237212;-51.9769152358;41989.0;86.794;6.911;6.237;0.002;0.055
2022;RS;São Luiz Gonzaga;-28.406646953;-54.9596595494;34752.0;75.883;2.368;21.645;0.049;0.055
2022;RS;São Marcos;-28.9698486394;-51.0667069383;21084.0;86.027;2.585;11.245;0.019;0.123
2022;RS;São Martinho;-27.7089288021;-53.966922723;5481.0;83.853;1.423;14.705;0.018;0.0
2022;RS;São Martinho da Serra;-29.5348505683;-53.8542256319;2860.0;88.392;1.399;10.035;0.0;0.175
2022;RS;São Miguel das Missões;-28.5495371215;-54.5615630937;7056.0;70.125;1.332;26.913;0.142;1.488
2022;RS;São Nicolau;-28.1821546933;-55.260100232;5118.0;64.068;2.775;33.06;0.059;0.039
2022;RS;São Paulo das Missões;-28.02048491;-54.9347083423;5846.0;83.476;1.386;15.121;0.017;0.0
2022;RS;São Pedro da Serra;-29.421429842;-51.5143265272;3548.0;91.995;1.437;6.539;0.0;0.028
2022;RS;São Pedro das Missões;-27.7713084607;-53.2473689789;1757.0;73.705;1.309;24.986;0.0;0.0
2022;RS;São Pedro do Butiá;-28.1243539018;-54.8882559534;3070.0;87.948;0.945;11.075;0.033;0.0
2022;RS;São Pedro do Sul;-29.6175307562;-54.1799912875;15577.0;85.19;2.972;11.767;0.071;0.0
2022;RS;São Sebastião do Caí;-29.5920803308;-51.3766648242;24428.0;84.944;4.065;10.869;0.049;0.074
2022;RS;São Sepé;-30.1674113897;-53.5696441254;21219.0;77.143;11.325;11.443;0.047;0.042
2022;RS;São Valentim;-27.5543183312;-52.5284789422;3264.0;86.275;1.011;12.531;0.0;0.184
2022;RS;São Valentim do Sul;-29.0512275281;-51.7696705391;2207.0;89.941;0.68;9.379;0.0;0.0
2022;RS;São Valério do Sul;-27.7877181699;-53.9355261513;2543.0;48.053;1.101;2.635;0.0;48.211
2022;RS;São Vendelino;-29.3758099572;-51.3686527563;2251.0;89.693;1.066;9.196;0.0;0.044
2022;RS;São Vicente do Sul;-29.6920608345;-54.6760020162;8097.0;75.756;4.533;19.662;0.037;0.012
2022;RS;Sapiranga;-29.6385541176;-51.0036229878;75644.0;80.387;2.582;16.973;0.025;0.033
2022;RS;Sapucaia do Sul;-29.8248680326;-51.1518747155;132100.0;78.849;6.829;14.19;0.071;0.061
2022;RS;Sarandi;-27.9435951779;-52.9254610594;22851.0;78.719;3.733;17.373;0.035;0.14
2022;RS;Seberi;-27.4804138165;-53.4054673035;11950.0;80.996;3.222;15.715;0.0;0.067
2022;RS;Sede Nova;-27.6311628725;-53.9558847238;2704.0;77.108;2.774;20.007;0.0;0.111
2022;RS;Segredo;-29.3426184273;-52.9820736412;6009.0;72.874;1.831;25.245;0.05;0.0
2022;RS;Selbach;-28.6274338066;-52.9565252738;5107.0;81.496;1.86;16.644;0.0;0.0
2022;RS;Senador Salgado Filho;-28.0274895014;-54.5454030325;2673.0;87.505;1.235;11.261;0.0;0.0
2022;RS;Sentinela do Sul;-30.613302597;-51.5779817748;5306.0;78.251;7.124;14.418;0.0;0.207
2022;RS;Serafina Corrêa;-28.7107970714;-51.9357086099;16961.0;83.663;3.885;12.364;0.029;0.059
2022;RS;Sério;-29.3867600899;-52.2674558309;1941.0;93.663;1.185;5.152;0.0;0.0
2022;RS;Sertão;-27.9807735548;-52.2597378611;5541.0;83.775;4.223;10.702;0.018;1.281
2022;RS;Sertão Santana;-30.4654278903;-51.604249916;5863.0;86.133;3.769;9.995;0.068;0.034
2022;RS;Sete de Setembro;-28.1304163234;-54.4636861823;1830.0;87.65;1.202;11.148;0.0;0.0
2022;RS;Severiano de Almeida;-27.4327929836;-52.1206562961;3406.0;92.983;0.94;6.048;0.0;0.029
2022;RS;Silveira Martins;-29.6452500585;-53.5852374736;2028.0;83.679;2.219;14.053;0.0;0.049
2022;RS;Sinimbu;-29.529068157;-52.5216363086;8578.0;82.653;1.679;15.668;0.0;0.0
2022;RS;Sobradinho;-29.4147731341;-53.0251679436;14226.0;78.364;4.478;17.074;0.035;0.049
2022;RS;Soledade;-28.8277379537;-52.5098661712;29991.0;80.017;2.274;17.615;0.073;0.02
2022;RS;Tabaí;-29.6877706242;-51.7274751185;4460.0;89.372;2.265;7.691;0.0;0.673
2022;RS;Tapejara;-28.0841710597;-52.0221325277;24556.0;77.24;3.213;19.124;0.081;0.342
2022;RS;Tapera;-28.6249501912;-52.8714671741;10592.0;78.144;2.927;18.826;0.0;0.104
2022;RS;Tapes;-30.6731729038;-51.3944987058;14695.0;73.896;10.663;15.311;0.007;0.122
2022;RS;Taquara;-29.6505131043;-50.7811686193;53242.0;81.235;5.017;13.559;0.085;0.105
2022;RS;Taquari;-29.8028008517;-51.8627764842;25196.0;89.832;3.223;6.898;0.02;0.028
2022;RS;Taquaruçu do Sul;-27.3980360509;-53.4669519596;3119.0;82.013;1.186;16.704;0.0;0.096
2022;RS;Tavares;-31.2887026583;-51.0888429815;5212.0;74.751;8.826;16.117;0.038;0.269
2022;RS;Tenente Portela;-27.3721669191;-53.7572696149;14497.0;69.987;1.435;14.051;0.014;14.513
2022;RS;Terra de Areia;-29.577548568;-50.0672491456;10334.0;87.207;4.016;8.448;0.029;0.3
2022;RS;Teutônia;-29.4889144364;-51.8128168706;32795.0;87.257;3.113;9.559;0.024;0.046
2022;RS;Tio Hugo;-28.5804960166;-52.5930461161;3267.0;82.859;1.622;15.458;0.061;0.0
2022;RS;Tiradentes do Sul;-27.3968988842;-54.085392205;5129.0;81.829;0.916;17.216;0.0;0.039
2022;RS;Toropi;-29.4721417008;-54.2280109967;2554.0;92.6;1.723;5.677;0.0;0.0
2022;RS;Torres;-29.3359306143;-49.7304044945;41751.0;84.472;4.002;11.054;0.055;0.417
2022;RS;Tramandaí;-29.9873019472;-50.1303765007;54387.0;81.689;4.845;13.266;0.05;0.151
2022;RS;Travesseiro;-29.2990858098;-52.0577772681;2152.0;94.749;0.929;4.229;0.093;0.0
2022;RS;Três Arroios;-27.4995162184;-52.1498520743;2591.0;95.986;0.695;3.319;0.0;0.0
2022;RS;Três Cachoeiras;-29.4458865904;-49.9156392762;10961.0;91.68;1.514;6.569;0.192;0.046
2022;RS;Três Coroas;-29.516660979;-50.7831258358;24425.0;80.115;3.431;16.217;0.102;0.135
2022;RS;Três de Maio;-27.7796602189;-54.2353022075;24916.0;85.118;1.401;13.461;0.008;0.012
2022;RS;Três Forquilhas;-29.5381105463;-50.0643164805;2760.0;88.261;6.667;4.928;0.072;0.072
2022;RS;Três Palmeiras;-27.61752745;-52.8437143501;4716.0;66.858;1.908;17.748;0.17;13.316
2022;RS;Três Passos;-27.4561598838;-53.929698958;25436.0;86.13;1.714;12.018;0.031;0.106
2022;RS;Trindade do Sul;-27.5175759348;-52.892231021;7556.0;66.12;4.116;29.129;0.357;0.278
2022;RS;Triunfo;-29.945204266;-51.7153128357;27497.0;82.751;5.248;11.892;0.018;0.091
2022;RS;Tucunduva;-27.6500599334;-54.4331286688;5542.0;83.057;1.335;15.554;0.036;0.018
2022;RS;Tunas;-29.1064397188;-52.9570131055;3681.0;79.761;4.591;15.648;0.0;0.0
2022;RS;Tupanci do Sul;-27.9257114659;-51.5405390117;1374.0;93.231;1.31;5.386;0.0;0.073
2022;RS;Tupanciretã;-29.07747973;-53.8406300553;20004.0;75.605;4.609;19.731;0.015;0.04
2022;RS;Tupandi;-29.4879128149;-51.4198254297;5029.0;91.112;1.81;7.059;0.0;0.02
2022;RS;Tuparendi;-27.7540889273;-54.4785080753;8363.0;86.895;1.459;11.635;0.012;0.0
2022;RS;Turuçu;-31.4123658571;-52.171415621;3419.0;86.751;4.533;8.57;0.058;0.088
2022;RS;Ubiretama;-28.0435647657;-54.6845107762;1994.0;95.286;0.301;4.263;0.0;0.15
2022;RS;União da Serra;-28.7798985678;-52.0004166643;1170.0;92.137;1.197;6.667;0.0;0.0
2022;RS;Unistalda;-29.0474850256;-55.1507805181;1995.0;78.546;4.411;16.992;0.05;0.0
2022;RS;Uruguaiana;-29.759823172;-57.081824909;117206.0;69.615;6.082;24.168;0.049;0.087
2022;RS;Vacaria;-28.5023543952;-50.9365991641;64197.0;69.46;4.334;25.97;0.042;0.195
2022;RS;Vale Verde;-29.7825749396;-52.1797223009;3150.0;87.333;3.556;9.111;0.0;0.0
2022;RS;Vale do Sol;-29.6088279865;-52.6813545007;9896.0;82.973;3.284;13.652;0.02;0.071
2022;RS;Vale Real;-29.3922806174;-51.2511965648;6058.0;84.83;2.526;12.595;0.05;0.0
2022;RS;Vanini;-28.476222515;-51.8446581974;2004.0;83.683;3.293;13.024;0.0;0.0
2022;RS;Venâncio Aires;-29.6116528927;-52.1918802405;68761.0;85.487;5.297;9.148;0.038;0.031
2022;RS;Vera Cruz;-29.719857594;-52.5011034071;26710.0;81.745;6.488;11.745;0.0;0.022
2022;RS;Veranópolis;-28.9339573363;-51.5522869045;24021.0;86.187;2.589;11.082;0.071;0.071
2022;RS;Vespasiano Correa;-29.0698943558;-51.8594699501;1818.0;95.435;0.44;4.125;0.0;0.0
2022;RS;Viadutos;-27.5709530601;-52.0237987497;4769.0;87.838;1.824;10.296;0.042;0.0
2022;RS;Viamão;-30.0818968409;-51.0248204896;224108.0;68.566;13.005;17.941;0.077;0.411
2022;RS;Vicente Dutra;-27.1684450441;-53.4021290554;4665.0;68.682;1.908;25.509;0.0;3.901
2022;RS;Victor Graeff;-28.5601846251;-52.7477917889;2780.0;88.094;1.331;10.54;0.036;0.0
2022;RS;Vila Flores;-28.8630001303;-51.5495890892;3646.0;86.807;3.319;9.737;0.0;0.137
2022;RS;Vila Lângaro;-28.1074051988;-52.1469033571;2079.0;87.734;1.491;10.678;0.0;0.096
2022;RS;Vila Maria;-28.533314235;-52.1635378991;4413.0;86.245;1.881;11.851;0.0;0.023
2022;RS;Vila Nova do Sul;-30.3339586892;-53.8791964831;3863.0;79.834;8.31;11.778;0.026;0.052
2022;RS;Vista Alegre;-27.3700841701;-53.4924104661;2660.0;76.917;1.917;21.165;0.0;0.0
2022;RS;Vista Alegre do Prata;-28.8094722969;-51.7862084025;1590.0;90.818;2.516;6.667;0.0;0.0
2022;RS;Vista Gaúcha;-27.2899783753;-53.7013197816;2783.0;79.159;0.683;20.122;0.0;0.036
2022;RS;Vitória das Missões;-28.3523872493;-54.4990548871;3260.0;80.92;1.963;17.117;0.0;0.0
2022;RS;Westfália;-29.4234495499;-51.7661555137;3098.0;93.092;1.485;5.423;0.0;0.0
2022;RS;Xangri-lá;-29.8053781854;-50.0390814238;16461.0;84.181;4.848;10.856;0.049;0.067
2022;MS;Água Clara;-20.4488507623;-52.8751175515;16741.0;32.674;7.957;58.891;0.191;0.287
2022;MS;Alcinópolis;-18.3250339794;-53.7080896263;4537.0;39.894;5.069;54.684;0.198;0.154
2022;MS;Amambai;-23.1005822384;-55.2438276926;39325.0;46.843;2.561;25.783;0.107;24.707
2022;MS;Anastácio;-20.4823601996;-55.8045705991;24114.0;32.525;5.445;54.864;0.415;6.751
2022;MS;Anaurilândia;-22.1826502679;-52.7181693587;7653.0;39.762;5.174;54.41;0.51;0.144
2022;MS;Angélica;-22.1560625224;-53.7697304805;10729.0;40.591;4.865;54.227;0.093;0.224
2022;MS;Antônio João;-22.1946853905;-55.9480815054;9303.0;41.696;2.494;39.708;0.322;15.78
2022;MS;Aparecida do Taboado;-20.085021515;-51.0976376237;27674.0;48.963;7.133;43.369;0.466;0.069
2022;MS;Aquidauana;-20.4746543469;-55.7906160902;46793.0;29.656;6.358;48.533;0.453;15.0
2022;MS;Aral Moreira;-22.9478813291;-55.6307614469;10747.0;38.662;2.373;47.269;0.251;11.445
2022;MS;Bandeirantes;-19.9209203031;-54.3631938943;7940.0;43.174;5.68;50.504;0.29;0.353
2022;MS;Bataguassu;-21.7152884358;-52.425436602;23031.0;39.377;6.93;52.942;0.412;0.339
2022;MS;Batayporã;-22.2958799666;-53.2748069911;10712.0;39.087;7.058;53.323;0.345;0.187
2022;MS;Bela Vista;-22.1159761784;-56.5313145678;21613.0;47.444;2.665;47.925;0.236;1.73
2022;MS;Bodoquena;-20.5548426981;-56.6735673;8566.0;33.621;5.697;54.366;0.198;6.117
2022;MS;Bonito;-21.1243412844;-56.4928586186;23656.0;40.256;5.107;52.549;0.418;1.67
2022;MS;Brasilândia;-21.247118144;-52.0362967949;11579.0;39.848;6.425;52.656;0.216;0.855
2022;MS;Caarapó;-22.6365822194;-54.8269701014;30612.0;38.175;4.6;39.795;0.405;17.026
2022;MS;Camapuã;-19.5352597987;-54.0433094864;13583.0;38.445;5.212;56.041;0.191;0.11
2022;MS;Campo Grande;-20.4580299879;-54.6157435665;898079.0;45.141;7.237;45.42;1.14;1.062
2022;MS;Caracol;-22.0127382892;-57.0259387644;5036.0;43.149;2.82;53.475;0.199;0.357
2022;MS;Cassilândia;-19.1094073708;-51.7315768884;20988.0;48.68;6.632;44.221;0.367;0.1
2022;MS;Chapadão do Sul;-18.797773122;-52.626355707;30993.0;46.417;7.05;46.036;0.342;0.155
2022;MS;Corguinho;-19.8312180172;-54.830006001;4783.0;32.323;10.767;56.22;0.314;0.376
2022;MS;Coronel Sapucaia;-23.2764445608;-55.5413276903;14289.0;38.239;3.45;32.927;0.427;24.956
2022;MS;Corumbá;-19.0063746546;-57.6489854573;96267.0;25.922;9.752;63.51;0.276;0.54
2022;MS;Costa Rica;-18.5435483884;-53.1330469049;26037.0;42.939;7.839;48.95;0.181;0.092
2022;MS;Coxim;-18.5084105386;-54.7580559502;32140.0;31.717;8.093;59.645;0.289;0.255
2022;MS;Deodápolis;-22.2729491423;-54.1611832429;13663.0;42.245;4.04;52.639;0.856;0.22
2022;MS;Dois Irmãos do Buriti;-20.6923120582;-55.2819144863;11100.0;27.099;5.541;46.784;1.324;19.252
2022;MS;Douradina;-22.045530282;-54.6079306686;5578.0;45.411;5.127;36.142;0.125;13.195
2022;MS;Dourados;-22.2272355369;-54.8112891229;243359.0;49.77;5.623;39.527;1.085;3.995
2022;MS;Eldorado;-23.7740539201;-54.2800282489;11386.0;40.005;5.015;48.085;0.202;6.692
2022;MS;Fátima do Sul;-22.3754232111;-54.5163759902;20609.0;45.567;6.221;47.285;0.854;0.073
2022;MS;Figueirão;-18.6754480708;-53.6425733239;3539.0;38.796;7.46;53.405;0.028;0.311
2022;MS;Glória de Dourados;-22.414424531;-54.2346287899;10443.0;44.144;4.702;49.574;1.216;0.364
2022;MS;Guia Lopes da Laguna;-21.4524591422;-56.1081525022;9940.0;47.173;4.044;46.922;0.443;1.419
2022;MS;Iguatemi;-23.6619015645;-54.5586010866;13808.0;52.991;3.614;38.68;0.188;4.526
2022;MS;Inocência;-19.725457974;-51.9276790223;8404.0;46.478;7.235;45.716;0.345;0.226
2022;MS;Itaporã;-22.0824475602;-54.7956587373;24136.0;44.191;4.11;25.472;0.576;25.65
2022;MS;Itaquiraí;-23.4906632623;-54.1881983027;19423.0;37.327;5.241;56.505;0.201;0.726
2022;MS;Ivinhema;-22.3016035627;-53.8269701471;27821.0;46.052;5.205;47.834;0.705;0.205
2022;MS;Japorã;-23.8940669515;-54.4034847429;8148.0;19.6;2.59;20.361;0.025;57.425
2022;MS;Jaraguari;-20.1037403917;-54.4406839539;7139.0;37.848;10.226;50.581;0.182;1.163
2022;MS;Jardim;-21.4796031458;-56.1458445844;23981.0;42.5;4.003;52.258;0.321;0.917
2022;MS;Jateí;-22.4816870305;-54.3080543756;3586.0;38.65;6.302;54.071;0.335;0.641
2022;MS;Juti;-22.8624718344;-54.6013228313;6729.0;39.144;4.711;45.876;0.059;10.21
2022;MS;Ladário;-19.001775668;-57.6024001955;21522.0;22.753;10.389;66.332;0.274;0.251
2022;MS;Laguna Carapã;-22.5505815145;-55.1501077345;6799.0;42.992;2.603;40.991;0.206;13.208
2022;MS;Maracaju;-21.6236103838;-55.157139569;45047.0;44.263;4.373;49.746;0.226;1.392
2022;MS;Miranda;-20.239333499;-56.3901982861;25536.0;22.588;4.366;41.655;0.309;31.082
2022;MS;Mundo Novo;-23.9352736182;-54.2816614238;19193.0;45.454;5.34;48.252;0.646;0.307
2022;MS;Naviraí;-23.0599994825;-54.1988361701;50455.0;39.984;6.217;51.723;0.87;1.205
2022;MS;Nioaque;-21.1581523135;-55.8338899214;13220.0;31.679;5.378;49.667;0.144;13.132
2022;MS;Nova Alvorada do Sul;-21.4666342525;-54.3828036001;21822.0;37.682;6.2;55.146;0.357;0.614
2022;MS;Nova Andradina;-22.2487593128;-53.3515738149;48563.0;40.576;7.271;51.288;0.787;0.078
2022;MS;Novo Horizonte do Sul;-22.6549531056;-53.860886557;4721.0;42.025;4.893;52.404;0.254;0.424
2022;MS;Paraíso das Águas;-19.0216477777;-53.0115833333;5510.0;42.595;6.697;50.327;0.181;0.2
2022;MS;Paranaíba;-19.6773717332;-51.1887077084;40957.0;54.142;8.392;37.027;0.393;0.046
2022;MS;Paranhos;-23.8968696615;-55.4330304574;12921.0;27.931;2.949;26.337;0.077;42.706
2022;MS;Pedro Gomes;-18.1018562343;-54.5524458292;6941.0;33.482;9.811;56.562;0.101;0.043
2022;MS;Ponta Porã;-22.4861870788;-55.7108501779;92017.0;47.901;3.29;47.446;0.625;0.739
2022;MS;Porto Murtinho;-21.7073245588;-57.8884823023;12859.0;32.281;2.792;55.502;0.156;9.27
2022;MS;Ribas do Rio Pardo;-20.4436755256;-53.7616776243;23150.0;36.324;8.942;53.862;0.281;0.592
2022;MS;Rio Brilhante;-21.8011952576;-54.5422422225;37601.0;42.895;5.8;50.137;0.194;0.973
2022;MS;Rio Negro;-19.4474291073;-54.9875023243;4841.0;40.095;8.036;50.733;0.682;0.454
2022;MS;Rio Verde de Mato Grosso;-18.9165864403;-54.8422536901;19818.0;33.268;7.791;58.482;0.187;0.272
2022;MS;Rochedo;-19.9618596065;-54.8927719306;5199.0;34.083;7.501;57.396;0.231;0.789
2022;MS;Santa Rita do Pardo;-21.3053769425;-52.8280714326;7027.0;39.362;7.912;52.184;0.342;0.199
2022;MS;São Gabriel do Oeste;-19.3955213702;-54.5645690938;29579.0;45.671;5.629;48.065;0.203;0.433
2022;MS;Sete Quedas;-23.983513255;-55.0533150891;10994.0;47.162;4.321;46.334;0.146;2.037
2022;MS;Selvíria;-20.3667425853;-51.4189369058;8142.0;38.136;8.204;53.316;0.184;0.16
2022;MS;Sidrolândia;-20.9310544595;-54.9660301365;47118.0;37.926;6.469;49.497;0.354;5.754
2022;MS;Sonora;-17.5813552345;-54.754906218;14516.0;29.788;9.362;60.671;0.11;0.069
2022;MS;Tacuru;-23.634742022;-55.0203205183;10808.0;27.729;3.396;29.913;0.056;38.906
2022;MS;Taquarussu;-22.4899870565;-53.3519187419;3625.0;37.6;5.876;56.276;0.166;0.083
2022;MS;Terenos;-20.44230768;-54.8655566306;17652.0;37.639;6.504;53.563;0.884;1.411
2022;MS;Três Lagoas;-20.7886791614;-51.7100006288;132149.0;43.605;8.991;46.535;0.705;0.163
2022;MS;Vicentina;-22.4017875573;-54.4421247768;6336.0;42.235;5.129;51.342;0.742;0.552
2022;MT;Acorizal;-15.1978899803;-56.3715525667;5014.0;16.594;6.562;76.486;0.12;0.239
2022;MT;Água Boa;-14.0490868003;-52.1589152986;29219.0;36.353;7.817;54.406;0.185;1.239
2022;MT;Alta Floresta;-9.8717225966;-56.0916104405;58613.0;39.124;7.749;52.348;0.57;0.208
2022;MT;Alto Araguaia;-17.3155899404;-53.22026033;17193.0;38.731;9.405;51.695;0.081;0.087
2022;MT;Alto Boa Vista;-11.6767451579;-51.3793220738;5715.0;22.59;10.236;49.659;0.157;17.358
2022;MT;Alto Garças;-16.946722176;-53.5284541196;13052.0;35.857;8.244;55.616;0.184;0.1
2022;MT;Alto Paraguai;-14.5147118103;-56.4944416626;8009.0;15.645;7.554;76.614;0.162;0.025
2022;MT;Alto Taquari;-17.8347436507;-53.2819931223;10904.0;41.077;7.658;50.981;0.257;0.028
2022;MT;Apiacás;-9.5654951687;-57.3954022412;8586.0;31.505;10.063;52.888;0.151;5.392
2022;MT;Araguaiana;-15.7312434957;-51.8336216513;3795.0;25.665;7.668;66.324;0.29;0.053
2022;MT;Araguainha;-16.8575455379;-53.0356198839;1010.0;39.109;7.525;53.267;0.0;0.099
2022;MT;Araputanga;-15.4681442697;-58.3483671519;14786.0;34.776;8.021;56.892;0.25;0.061
2022;MT;Arenápolis;-14.455521666;-56.8444892395;10576.0;24.433;11.072;64.089;0.321;0.085
2022;MT;Aripuanã;-10.1725236955;-59.4486163792;24625.0;31.09;8.353;57.413;0.126;3.017
2022;MT;Barão de Melgaço;-16.1950994476;-55.9671211337;7253.0;18.834;11.444;66.345;0.069;3.309
2022;MT;Barra do Bugres;-15.0662579403;-57.1864086868;29403.0;24.042;10.819;63.337;0.255;1.547
2022;MT;Barra do Garças;-15.8887114517;-52.2603297568;69209.0;33.273;7.44;53.129;0.264;5.894
2022;MT;Bom Jesus do Araguaia;-12.1735983437;-51.5036392319;7280.0;28.159;10.879;59.657;0.165;1.14
2022;MT;Brasnorte;-12.1249381399;-58.0026736278;17004.0;36.956;6.316;47.03;0.071;9.627
2022;MT;Cáceres;-16.0740956304;-57.6747623072;89680.0;25.0;11.383;63.152;0.24;0.225
2022;MT;Campinápolis;-14.5396174299;-52.7974947506;15347.0;16.107;4.62;24.135;0.072;55.066
2022;MT;Campo Novo do Parecis;-13.6547331732;-57.8885464788;45896.0;33.247;8.256;56.881;0.229;1.388
2022;MT;Campo Verde;-15.5537042703;-55.1716554149;44585.0;35.68;6.823;57.181;0.204;0.112
2022;MT;Campos de Júlio;-13.7199230456;-59.2634085206;8822.0;34.051;8.105;57.198;0.091;0.555
2022;MT;Canabrava do Norte;-11.0461869218;-51.8377580068;4485.0;27.581;10.39;60.357;0.089;1.583
2022;MT;Canarana;-13.5592295096;-52.2734568635;25854.0;36.126;6.78;48.507;0.174;8.413
2022;MT;Carlinda;-9.9666657926;-55.821614778;10332.0;35.027;8.13;56.31;0.455;0.077
2022;MT;Castanheira;-11.1341078576;-58.6134092637;7505.0;38.095;7.275;54.217;0.12;0.293
2022;MT;Chapada dos Guimarães;-15.4605696789;-55.7450045179;18990.0;21.754;11.643;65.956;0.332;0.316
2022;MT;Cláudia;-11.5053107376;-54.8741824478;9593.0;42.562;7.036;50.068;0.261;0.073
2022;MT;Cocalinho;-14.3903655392;-51.011243641;6220.0;26.543;11.206;61.383;0.289;0.579
2022;MT;Colíder;-10.804089779;-55.464230542;31370.0;37.979;6.379;54.699;0.309;0.634
2022;MT;Colniza;-9.4579038467;-59.2189486741;25764.0;30.857;7.701;60.856;0.388;0.198
2022;MT;Comodoro;-13.660559917;-59.7904309944;18238.0;29.11;7.616;53.186;0.066;10.023
2022;MT;Confresa;-10.640730577;-51.5710336179;35074.0;27.664;9.084;62.636;0.091;0.525
2022;MT;Conquista d'Oeste;-14.536272815;-59.5450742073;3760.0;32.287;9.069;50.638;0.213;7.793
2022;MT;Cotriguaçu;-9.8862538715;-58.6068949711;11011.0;37.335;8.492;53.283;0.127;0.763
2022;MT;Cuiabá;-15.5699890131;-56.0732520382;650856.0;30.716;13.594;54.919;0.545;0.226
2022;MT;Curvelândia;-15.6093061709;-57.9171149787;4903.0;31.695;6.894;61.371;0.0;0.041
2022;MT;Denise;-14.7338159183;-57.0537772728;7014.0;25.606;11.235;62.931;0.2;0.029
2022;MT;Diamantino;-14.4013229622;-56.4335660815;21938.0;29.438;9.34;60.794;0.132;0.296
2022;MT;Dom Aquino;-15.8074551508;-54.9174807826;7872.0;25.953;6.707;67.149;0.165;0.025
2022;MT;Feliz Natal;-12.3832470282;-54.9339040664;10521.0;33.59;6.34;47.106;0.124;12.841
2022;MT;Figueirópolis d'Oeste;-15.4461351146;-58.7378245489;3187.0;36.806;5.115;58.048;0.031;0.0
2022;MT;Gaúcha do Norte;-13.1880431895;-53.2615186719;8642.0;29.576;5.739;36.195;0.058;28.431
2022;MT;General Carneiro;-15.7070417946;-52.759309834;6037.0;18.983;5.947;39.341;0.182;35.547
2022;MT;Glória d'Oeste;-15.7679623095;-58.3144855887;2905.0;39.139;5.577;55.043;0.138;0.103
2022;MT;Guarantã do Norte;-9.9540732336;-54.9160573113;31022.0;38.45;5.738;54.971;0.148;0.693
2022;MT;Guiratinga;-16.3483892681;-53.7609640294;10966.0;29.263;8.745;61.736;0.146;0.109
2022;MT;Indiavaí;-15.4975142296;-58.573992386;2213.0;32.038;6.146;61.771;0.0;0.045
2022;MT;Ipiranga do Norte;-12.2368420002;-56.1597931356;7815.0;39.667;7.78;52.284;0.205;0.064
2022;MT;Itanhangá;-12.2347687159;-56.6493436131;7539.0;43.746;6.301;49.503;0.358;0.093
2022;MT;Itaúba;-11.0077118987;-55.2466893349;5020.0;39.522;9.841;50.438;0.159;0.04
2022;MT;Itiquira;-17.2068250554;-54.144300896;12236.0;32.87;9.047;57.829;0.082;0.172
2022;MT;Jaciara;-15.9648381841;-54.9641881752;28569.0;33.169;7.253;59.225;0.266;0.088
2022;MT;Jangada;-15.2396872256;-56.4901945626;7426.0;13.601;6.8;79.478;0.121;0.0
2022;MT;Jauru;-15.3418963815;-58.8798383974;8367.0;36.931;7.434;55.432;0.084;0.12
2022;MT;Juara;-11.2503599785;-57.5131232183;34906.0;36.335;8.03;51.083;0.286;4.266
2022;MT;Juína;-11.4220180323;-58.7622171518;45869.0;37.049;8.202;51.061;0.277;3.412
2022;MT;Juruena;-10.3291127799;-58.496309174;10213.0;37.56;8.058;53.775;0.196;0.411
2022;MT;Juscimeira;-16.0446851891;-54.888760943;11478.0;27.235;10.211;62.145;0.322;0.087
2022;MT;Lambari d'Oeste;-15.31550124;-58.0058251786;4790.0;25.324;7.704;66.91;0.063;0.0
2022;MT;Lucas do Rio Verde;-13.0704649509;-55.9217707091;83798.0;39.865;8.452;51.384;0.229;0.069
2022;MT;Luciara;-11.2280970998;-50.6632015832;2509.0;11.957;13.671;48.864;0.0;25.508
2022;MT;Vila Bela da Santíssima Trindade;-15.0093244788;-59.9525581995;16774.0;21.998;15.619;59.998;0.191;2.194
2022;MT;Marcelândia;-11.0805914113;-54.5193062322;11396.0;35.486;6.994;53.291;0.149;4.08
2022;MT;Matupá;-10.1721074662;-54.9318057201;20091.0;36.972;6.55;55.099;0.08;1.299
2022;MT;Mirassol d'Oeste;-15.6740707811;-58.097903569;26785.0;37.334;7.355;54.937;0.273;0.101
2022;MT;Nobres;-14.7245002734;-56.3340848306;15492.0;27.298;8.101;63.033;0.219;1.349
2022;MT;Nortelândia;-14.4537245568;-56.8020689752;5956.0;21.491;11.971;66.253;0.201;0.084
2022;MT;Nossa Senhora do Livramento;-15.7896762067;-56.3452585552;12940.0;14.529;18.648;66.221;0.371;0.232
2022;MT;Nova Bandeirantes;-9.8429528203;-57.8184757985;13635.0;34.954;6.843;57.88;0.081;0.242
2022;MT;Nova Nazaré;-13.9878672734;-51.7974342175;4200.0;18.167;6.024;34.738;0.024;41.048
2022;MT;Nova Lacerda;-14.469788994;-59.5903305028;6670.0;31.274;8.051;55.952;0.03;4.693
2022;MT;Nova Santa Helena;-10.8509999759;-55.1836857411;4239.0;39.774;6.865;53.008;0.189;0.165
2022;MT;Nova Brasilândia;-14.925464456;-54.9719088691;3932.0;27.34;8.418;64.115;0.076;0.051
2022;MT;Nova Canaã do Norte;-10.631104229;-55.714877306;11707.0;36.277;5.826;57.666;0.171;0.06
2022;MT;Nova Mutum;-13.8327256927;-56.1100052481;55836.0;35.776;8.229;55.616;0.206;0.172
2022;MT;Nova Olímpia;-14.7794142419;-57.282923962;16351.0;23.418;10.697;65.757;0.049;0.08
2022;MT;Nova Ubiratã;-13.033827716;-55.273213319;11530.0;36.964;8.465;53.426;0.104;1.041
2022;MT;Nova Xavantina;-14.6691795163;-52.3611926726;24345.0;33.633;7.657;57.802;0.226;0.682
2022;MT;Novo Mundo;-9.9771091945;-55.1720189316;6520.0;36.288;5.521;57.899;0.077;0.215
2022;MT;Novo Horizonte do Norte;-11.3876347794;-57.3174751138;3349.0;31.89;7.704;60.197;0.03;0.179
2022;MT;Novo São Joaquim;-14.8865652627;-53.0161155129;6919.0;29.759;5.825;61.584;0.101;2.732
2022;MT;Paranaíta;-9.6696554985;-56.4788997202;11671.0;36.835;8.628;54.177;0.3;0.06
2022;MT;Paranatinga;-14.4276984801;-54.0540919919;26423.0;28.294;5.287;58.778;0.117;7.524
2022;MT;Novo Santo Antônio;-12.2946934832;-50.9691726452;2015.0;18.015;15.881;64.02;0.05;2.035
2022;MT;Pedra Preta;-16.6222104159;-54.4713956382;18066.0;30.715;11.12;57.788;0.227;0.149
2022;MT;Peixoto de Azevedo;-10.2448420828;-54.9922974014;32714.0;23.446;9.65;62.45;0.086;4.368
2022;MT;Planalto da Serra;-14.6607059395;-54.7834957523;3166.0;23.942;9.57;65.13;0.095;1.263
2022;MT;Poconé;-16.259509467;-56.6265093527;31217.0;14.803;15.677;68.956;0.211;0.352
2022;MT;Pontal do Araguaia;-15.9024713438;-52.2585111119;6932.0;32.559;8.093;58.814;0.173;0.361
2022;MT;Ponte Branca;-16.767648011;-52.8357757282;2008.0;35.558;4.781;58.964;0.398;0.299
2022;MT;Pontes e Lacerda;-15.2297275711;-59.3380018444;52018.0;33.842;10.3;55.483;0.163;0.211
2022;MT;Porto Alegre do Norte;-10.8775484769;-51.6308798239;12127.0;21.943;13.812;61.565;0.074;2.606
2022;MT;Porto dos Gaúchos;-11.5338400295;-57.408353838;5593.0;39.228;7.205;53.066;0.215;0.286
2022;MT;Porto Esperidião;-15.8576348619;-58.4692987423;10204.0;24.608;5.802;66.582;0.147;2.862
2022;MT;Porto Estrela;-15.331336306;-57.2013572999;3224.0;16.935;9.491;73.48;0.093;0.0
2022;MT;Poxoréu;-15.818135557;-54.400732656;23283.0;22.544;10.742;62.067;0.159;4.488
2022;MT;Primavera do Leste;-15.5522935931;-54.3000532591;85146.0;39.566;7.076;52.754;0.398;0.206
2022;MT;Querência;-12.5922996263;-52.2098919156;26763.0;36.143;8.007;48.739;0.086;7.025
2022;MT;São José dos Quatro Marcos;-15.6271057367;-58.1765059374;17849.0;41.196;5.25;53.28;0.23;0.045
2022;MT;Reserva do Cabaçal;-15.1224095312;-58.38536453;2122.0;26.814;8.106;65.033;0.047;0.0
2022;MT;Ribeirão Cascalheira;-12.9320485635;-51.8333633451;10089.0;22.728;7.087;60.779;0.089;9.317
2022;MT;Ribeirãozinho;-16.4865259137;-52.6954417283;2593.0;38.912;5.592;55.457;0.0;0.039
2022;MT;Rio Branco;-15.2356828101;-58.117939348;4535.0;32.547;9.857;57.398;0.198;0.0
2022;MT;Santa Carmem;-11.9696855569;-55.2822227065;5374.0;41.384;7.908;50.335;0.354;0.019
2022;MT;Santo Afonso;-14.4907768197;-57.0005036375;2519.0;25.208;10.202;64.033;0.198;0.357
2022;MT;São José do Povo;-16.4663303088;-54.2562463683;2875.0;33.322;7.339;58.991;0.139;0.209
2022;MT;São José do Rio Claro;-13.4520683374;-56.7215837607;14911.0;31.165;6.693;61.847;0.201;0.094
2022;MT;São José do Xingu;-10.800264163;-52.7397936399;5961.0;20.601;8.908;61.701;0.084;8.707
2022;MT;São Pedro da Cipa;-16.0027085205;-54.9189931831;4191.0;25.817;13.505;60.487;0.095;0.095
2022;MT;Rondolândia;-10.844301974;-61.459678172;3505.0;20.685;6.619;43.909;0.0;28.787
2022;MT;Rondonópolis;-16.4701628735;-54.6335870402;244904.0;35.502;9.953;53.857;0.314;0.374
2022;MT;Rosário Oeste;-14.8264275715;-56.4282932054;15453.0;21.316;7.468;70.905;0.201;0.11
2022;MT;Santa Cruz do Xingu;-10.1524495036;-52.3986159656;2661.0;30.853;14.769;53.439;0.038;0.902
2022;MT;Salto do Céu;-15.1358245748;-58.126751807;3679.0;27.317;11.036;61.593;0.054;0.0
2022;MT;Santa Rita do Trivelato;-13.816189732;-55.2776928814;3276.0;34.615;7.448;57.631;0.214;0.092
2022;MT;Santa Terezinha;-10.4661116196;-50.5062664379;7596.0;17.549;11.045;51.751;0.092;19.563
2022;MT;Santo Antônio do Leste;-14.8008133966;-53.6117238522;4098.0;26.525;5.71;51.635;0.39;15.739
2022;MT;Santo Antônio do Leverger;-15.869179044;-56.0941622008;15246.0;20.058;17.441;59.399;0.256;2.847
2022;MT;São Félix do Araguaia;-11.6160823259;-50.6619863699;13620.0;23.517;13.076;57.32;0.264;5.822
2022;MT;Sapezal;-13.5381953535;-58.8121380142;28941.0;33.406;8.618;56.29;0.242;1.444
2022;MT;Serra Nova Dourada;-12.0892718389;-51.3995934078;1800.0;27.5;8.833;62.667;0.278;0.722
2022;MT;Sinop;-11.8580053081;-55.5009220024;196311.0;40.901;7.504;51.081;0.418;0.096
2022;MT;Sorriso;-12.5517767078;-55.7259136751;110634.0;41.827;7.888;50.02;0.211;0.054
2022;MT;Tabaporã;-11.307507957;-56.8248337963;9817.0;37.303;7.66;54.304;0.52;0.214
2022;MT;Tangará da Serra;-14.6237847505;-57.4912991531;106434.0;36.254;10.239;51.463;0.381;1.662
2022;MT;Tapurah;-12.7320686313;-56.5194858965;14370.0;42.296;6.235;51.308;0.125;0.035
2022;MT;Terra Nova do Norte;-10.5971280931;-55.1159514886;10616.0;47.033;6.104;46.797;0.009;0.057
2022;MT;Tesouro;-16.0752374012;-53.555843962;3025.0;24.529;6.05;69.124;0.298;0.0
2022;MT;Torixoréu;-16.1975263639;-52.5588386353;4164.0;32.229;6.46;61.239;0.072;0.0
2022;MT;União do Sul;-11.5355107507;-54.3748444106;3838.0;37.233;10.787;51.876;0.052;0.052
2022;MT;Vale de São Domingos;-15.2958978418;-59.0645711572;2904.0;32.231;5.785;61.983;0.0;0.0
2022;MT;Várzea Grande;-15.6580648241;-56.1446637402;300074.0;23.784;12.403;63.419;0.241;0.153
2022;MT;Vera;-12.2840488632;-55.3009185749;12800.0;43.438;8.141;48.18;0.125;0.117
2022;MT;Vila Rica;-10.0133521819;-51.116822579;19888.0;33.392;10.509;55.762;0.126;0.211
2022;MT;Nova Guarita;-10.3088464294;-55.403070139;4590.0;41.634;6.427;51.765;0.022;0.153
2022;MT;Nova Marilândia;-14.3624512717;-56.9731767859;3528.0;25.624;12.217;60.969;0.368;0.822
2022;MT;Nova Maringá;-13.0114269541;-57.0985516652;5846.0;34.229;10.691;54.721;0.274;0.086
2022;MT;Nova Monte Verde;-9.9726169269;-57.4723693069;8313.0;35.896;8.433;55.491;0.096;0.084
2022;GO;Abadia de Goiás;-16.7588118948;-49.4405478327;19128.0;25.826;11.057;62.129;0.606;0.382
2022;GO;Abadiânia;-16.182671858;-48.7188121417;17232.0;36.786;5.403;57.643;0.11;0.058
2022;GO;Acreúna;-17.3981562192;-50.3749733667;21567.0;34.465;7.34;57.959;0.176;0.06
2022;GO;Adelândia;-16.415001512;-50.1631466761;2297.0;37.614;5.442;56.813;0.044;0.087
2022;GO;Água Fria de Goiás;-14.9855352682;-47.7822121624;4953.0;25.782;11.024;62.77;0.262;0.162
2022;GO;Água Limpa;-18.0714060588;-48.7612409591;1858.0;52.045;2.368;45.102;0.323;0.161
2022;GO;Águas Lindas de Goiás;-15.7379388563;-48.2834444362;225688.0;26.637;13.63;59.325;0.175;0.232
2022;GO;Alexânia;-16.0861676206;-48.5096363919;27008.0;35.075;7.953;56.465;0.333;0.174
2022;GO;Aloândia;-17.7249088542;-49.4823211066;1973.0;51.343;4.764;43.842;0.051;0.0
2022;GO;Alto Horizonte;-14.1992268099;-49.3327491562;6072.0;28.491;7.312;64.081;0.082;0.033
2022;GO;Alto Paraíso de Goiás;-14.1362446378;-47.5190934383;10306.0;29.837;19.998;48.923;0.446;0.796
2022;GO;Alvorada do Norte;-14.4828391105;-46.5156376913;8446.0;22.401;15.108;62.006;0.296;0.189
2022;GO;Amaralina;-13.9254818594;-49.2953772219;3268.0;26.346;9.302;64.137;0.153;0.061
2022;GO;Americano do Brasil;-16.2551002852;-49.9836415337;5259.0;38.239;4.335;57.33;0.038;0.057
2022;GO;Amorinópolis;-16.6179121242;-51.097167067;3007.0;45.826;7.183;46.558;0.366;0.067
2022;GO;Anápolis;-16.3288257446;-48.9572179026;398857.0;40.611;7.034;51.958;0.283;0.114
2022;GO;Anhanguera;-18.3343660323;-48.2174036921;924.0;38.636;9.091;52.056;0.216;0.0
2022;GO;Anicuns;-16.4607406192;-49.9590680178;18503.0;41.096;6.021;52.737;0.07;0.076
2022;GO;Aparecida de Goiânia;-16.8221465;-49.2433259277;527783.0;30.769;10.634;58.217;0.253;0.128
2022;GO;Aparecida do Rio Doce;-18.2969842878;-51.1514916272;2907.0;41.039;8.944;49.604;0.241;0.172
2022;GO;Aporé;-18.9588774471;-51.9280729999;4325.0;37.988;6.751;55.237;0.023;0.0
2022;GO;Araçu;-16.3543348065;-49.6816820507;3799.0;38.852;7.792;53.251;0.079;0.026
2022;GO;Aragarças;-15.8977681654;-52.2468547308;18390.0;29.282;8.195;60.571;0.038;1.914
2022;GO;Aragoiânia;-16.9156395994;-49.4509030548;11890.0;34.247;7.258;56.871;1.581;0.042
2022;GO;Araguapaz;-15.0885303704;-50.6347424117;7153.0;30.617;8.514;60.436;0.112;0.322
2022;GO;Arenópolis;-16.3875456189;-51.5600294918;2946.0;48.099;6.993;44.501;0.407;0.0
2022;GO;Aruanã;-14.9033323805;-51.0808851467;8300.0;28.096;10.566;58.554;0.048;2.735
2022;GO;Aurilândia;-16.6767252917;-50.4647657585;3284.0;37.515;8.13;54.111;0.122;0.122
2022;GO;Avelinópolis;-16.4619386945;-49.7542258382;2868.0;38.494;4.289;57.043;0.0;0.174
2022;GO;Baliza;-16.2016366664;-52.5427449421;3351.0;38.914;6.864;54.163;0.0;0.06
2022;GO;Barro Alto;-14.9737085965;-48.9157070788;10371.0;28.589;10.693;60.206;0.241;0.27
2022;GO;Bela Vista de Goiás;-16.9731214373;-48.9524115975;34445.0;36.362;6.66;56.696;0.18;0.102
2022;GO;Bom Jardim de Goiás;-16.2006850337;-52.1753675714;7825.0;40.204;9.329;50.249;0.217;0.0
2022;GO;Bom Jesus de Goiás;-18.2147665092;-49.7394106515;23958.0;39.248;8.348;51.887;0.388;0.129
2022;GO;Bonfinópolis;-16.6175284341;-48.9705799426;10296.0;36.976;6.537;56.08;0.223;0.185
2022;GO;Bonópolis;-13.6497465486;-49.8371838014;3299.0;24.25;13.459;61.928;0.182;0.182
2022;GO;Brazabrantes;-16.4257149363;-49.3886672747;3992.0;29.86;8.667;61.323;0.15;0.0
2022;GO;Britânia;-15.2385862944;-51.1672851019;5695.0;30.237;10.694;58.824;0.035;0.211
2022;GO;Buriti Alegre;-18.1330550496;-49.0400651409;10495.0;46.641;6.27;47.041;0.01;0.038
2022;GO;Buriti de Goiás;-16.1813969765;-50.4344347564;2732.0;38.214;6.442;54.941;0.183;0.22
2022;GO;Buritinópolis;-14.4560230274;-46.4310771149;3145.0;22.544;8.617;68.68;0.127;0.032
2022;GO;Cabeceiras;-15.8011558822;-46.9294761863;7560.0;24.061;11.402;63.876;0.503;0.159
2022;GO;Cachoeira Alta;-18.7510044619;-50.9447078425;11513.0;42.239;6.897;50.517;0.2;0.148
2022;GO;Cachoeira de Goiás;-16.6667328025;-50.6431478383;1405.0;33.381;10.747;55.73;0.071;0.071
2022;GO;Cachoeira Dourada;-18.489035614;-49.4709176636;7782.0;37.51;7.762;54.6;0.077;0.051
2022;GO;Caçu;-18.5630506239;-51.1335286136;13774.0;49.049;6.309;44.359;0.225;0.058
2022;GO;Caiapônia;-16.9534576704;-51.8094797771;16511.0;37.787;9.151;52.716;0.151;0.194
2022;GO;Caldas Novas;-17.7435388677;-48.6211974747;98621.0;40.134;8.253;51.271;0.264;0.078
2022;GO;Caldazinha;-16.7147769438;-49.003373459;4505.0;36.648;5.905;57.203;0.111;0.133
2022;GO;Campestre de Goiás;-16.762309224;-49.6955342614;3754.0;29.542;12.2;58.071;0.08;0.107
2022;GO;Campinaçu;-13.7863485879;-48.5698343278;3708.0;30.448;8.468;60.734;0.216;0.135
2022;GO;Campinorte;-14.310597956;-49.1563472948;12510.0;33.533;6.531;59.792;0.128;0.016
2022;GO;Campo Alegre de Goiás;-17.6405551366;-47.7782251013;7422.0;36.041;4.217;59.512;0.216;0.013
2022;GO;Campo Limpo de Goiás;-16.2986230067;-49.0899365208;8076.0;32.553;6.265;60.921;0.161;0.099
2022;GO;Campos Belos;-13.0367239867;-46.7707832966;18105.0;19.205;17.365;63.314;0.094;0.022
2022;GO;Campos Verdes;-14.2732669562;-49.6632651125;4005.0;27.066;6.916;65.893;0.075;0.05
2022;GO;Carmo do Rio Verde;-15.3577136638;-49.702864978;9710.0;37.837;4.542;57.394;0.031;0.196
2022;GO;Castelândia;-18.0898452373;-50.2292504517;2985.0;32.998;7.571;59.363;0.067;0.0
2022;GO;Catalão;-18.1695733634;-47.9477032172;114419.0;47.35;7.267;45.009;0.248;0.126
2022;GO;Caturaí;-16.4467615884;-49.502852999;5184.0;36.844;10.147;52.662;0.212;0.135
2022;GO;Cavalcante;-13.7992785142;-47.4634361942;9580.0;12.589;35.146;51.879;0.125;0.261
2022;GO;Ceres;-15.3070283354;-49.6033462318;22045.0;42.69;6.41;50.606;0.168;0.127
2022;GO;Cezarina;-16.9677922829;-49.7731689821;8090.0;33.424;9.567;56.848;0.012;0.148
2022;GO;Chapadão do Céu;-18.3940322027;-52.6708005984;12870.0;41.36;7.793;50.598;0.117;0.132
2022;GO;Cidade Ocidental;-16.1109591977;-47.9371306539;91761.0;27.976;14.217;57.419;0.092;0.296
2022;GO;Cocalzinho de Goiás;-15.7817370135;-48.7689674476;25016.0;27.994;9.074;62.836;0.02;0.076
2022;GO;Colinas do Sul;-14.1501851953;-48.0768431326;4030.0;18.61;13.275;67.469;0.248;0.397
2022;GO;Córrego do Ouro;-16.2953575521;-50.5558190731;2454.0;42.258;4.89;52.812;0.041;0.0
2022;GO;Corumbá de Goiás;-15.927905154;-48.8103450572;10562.0;34.605;7.186;57.442;0.436;0.331
2022;GO;Corumbaíba;-18.1369060848;-48.5561020699;9164.0;47.959;6.918;45.002;0.011;0.109
2022;GO;Cristalina;-16.7694336632;-47.6068175922;62334.0;29.36;11.737;58.653;0.17;0.08
2022;GO;Cristianópolis;-17.1955889544;-48.7122976533;3504.0;45.006;7.705;47.032;0.257;0.0
2022;GO;Crixás;-14.537590255;-49.9672039392;17065.0;28.532;8.667;62.543;0.076;0.182
2022;GO;Cromínia;-17.2818549268;-49.3805054798;3880.0;45.799;6.237;47.784;0.129;0.052
2022;GO;Cumari;-18.2613822982;-48.156676781;2927.0;61.838;3.553;34.54;0.068;0.0
2022;GO;Damianópolis;-14.5574350509;-46.1735358096;3766.0;22.623;7.886;69.278;0.053;0.159
2022;GO;Damolândia;-16.2548016197;-49.3611056455;2724.0;41.74;6.865;51.285;0.0;0.11
2022;GO;Davinópolis;-18.1585643379;-47.5593683926;1902.0;43.375;4.679;51.788;0.0;0.158
2022;GO;Diorama;-16.23170852;-51.2588930732;2062.0;40.592;4.219;55.141;0.048;0.0
2022;GO;Doverlândia;-16.7210370625;-52.3139804233;6956.0;38.399;9.229;52.228;0.101;0.043
2022;GO;Edealina;-17.4228916982;-49.6646951089;4001.0;41.04;4.174;54.736;0.05;0.0
2022;GO;Edéia;-17.3380800331;-49.9344239559;11747.0;35.635;8.053;55.98;0.213;0.119
2022;GO;Estrela do Norte;-13.8670273952;-49.0734010836;3205.0;31.576;7.613;60.593;0.156;0.062
2022;GO;Faina;-15.4428687832;-50.3687036599;7070.0;32.433;10.877;56.11;0.156;0.424
2022;GO;Fazenda Nova;-16.177514329;-50.7873644001;5877.0;40.582;6.313;52.969;0.119;0.017
2022;GO;Firminópolis;-16.5764612335;-50.3036343394;10419.0;44.505;4.348;51.041;0.077;0.029
2022;GO;Flores de Goiás;-14.4501741367;-47.045082925;13744.0;14.821;20.773;64.159;0.044;0.204
2022;GO;Formosa;-15.5409446277;-47.3358155765;115896.0;29.385;12.371;57.679;0.386;0.179
2022;GO;Formoso;-13.6557801486;-48.8880896723;4660.0;31.974;5.837;62.039;0.043;0.107
2022;GO;Gameleira de Goiás;-16.4827366321;-48.6457054931;3456.0;40.191;5.556;54.196;0.029;0.029
2022;GO;Divinópolis de Goiás;-13.2968133669;-46.3938887514;4457.0;20.507;12.542;66.906;0.022;0.022
2022;GO;Goianápolis;-16.5006821667;-49.017342179;13967.0;35.491;5.713;58.13;0.587;0.079
2022;GO;Goiandira;-18.1326246744;-48.0884713741;4973.0;49.025;5.892;45.043;0.04;0.0
2022;GO;Goianésia;-15.3222887525;-49.1158101508;73700.0;34.347;8.786;56.552;0.186;0.129
2022;GO;Goiânia;-16.6733097738;-49.2558142758;1437329.0;43.605;7.939;47.974;0.348;0.134
2022;GO;Goianira;-16.5031915592;-49.4287772736;71915.0;28.303;11.134;60.171;0.261;0.131
2022;GO;Goiás;-15.9357427011;-50.1413841443;24071.0;33.256;13.211;52.732;0.137;0.665
2022;GO;Goiatuba;-18.0106332404;-49.3666434696;35663.0;49.822;6.217;43.676;0.222;0.064
2022;GO;Gouvelândia;-18.4382785344;-50.1379987973;4390.0;33.371;6.651;59.863;0.114;0.0
2022;GO;Guapó;-16.831322758;-49.5367333643;19545.0;31.266;9.47;59.176;0.067;0.02
2022;GO;Guaraíta;-15.6294278846;-50.0317779845;2188.0;41.453;6.901;51.417;0.091;0.137
2022;GO;Guarani de Goiás;-13.9389114969;-46.4803757075;4085.0;20.881;8.543;70.282;0.196;0.098
2022;GO;Guarinos;-14.7337403887;-49.7011881304;2161.0;32.392;11.013;56.178;0.37;0.046
2022;GO;Heitoraí;-15.720216422;-49.8293395924;3354.0;39.445;7.185;53.28;0.03;0.06
2022;GO;Hidrolândia;-16.9609447714;-49.2297840436;27742.0;39.1;7.058;53.507;0.216;0.119
2022;GO;Hidrolina;-14.7276582893;-49.4598974466;3545.0;40.226;7.165;52.384;0.113;0.113
2022;GO;Iaciara;-14.1008175253;-46.631967794;10584.0;19.378;15.939;64.541;0.019;0.123
2022;GO;Inaciolândia;-18.4863548297;-49.9875784506;5954.0;33.776;6.769;59.237;0.185;0.034
2022;GO;Indiara;-17.1372613101;-49.989053195;17061.0;32.618;7.555;59.651;0.082;0.094
2022;GO;Inhumas;-16.359960474;-49.5002245066;52201.0;40.047;6.509;52.88;0.439;0.125
2022;GO;Ipameri;-17.7221768122;-48.1586676783;25548.0;43.127;6.936;49.687;0.106;0.145
2022;GO;Ipiranga de Goiás;-15.1720118941;-49.6674051209;2919.0;43.816;6.029;49.983;0.137;0.034
2022;GO;Iporá;-16.4400026707;-51.1195950892;35683.0;43.595;6.247;49.71;0.35;0.098
2022;GO;Israelândia;-16.3128012449;-50.9034397149;2560.0;32.617;6.719;59.766;0.664;0.234
2022;GO;Itaberaí;-16.021130207;-49.803479374;44734.0;34.18;5.953;59.603;0.201;0.063
2022;GO;Itaguari;-15.9090935706;-49.6097600443;4963.0;46.867;5.662;47.451;0.0;0.02
2022;GO;Itaguaru;-15.7637943882;-49.6320512064;4902.0;35.863;8.772;54.957;0.326;0.082
2022;GO;Itajá;-19.0622350465;-51.5446839594;4380.0;48.311;9.018;42.374;0.251;0.046
2022;GO;Itapaci;-14.9504032179;-49.5541561136;21087.0;36.577;9.134;53.957;0.152;0.18
2022;GO;Itapirapuã;-15.8188624942;-50.6091628273;8007.0;31.36;7.631;60.709;0.187;0.112
2022;GO;Itapuranga;-15.5623312457;-49.9444934168;26113.0;43.22;4.488;52.078;0.138;0.077
2022;GO;Itarumã;-18.7616602284;-51.3488899006;6101.0;41.272;8.687;49.861;0.115;0.066
2022;GO;Itauçu;-16.2033472312;-49.6011340853;7736.0;44.842;5.726;49.354;0.078;0.0
2022;GO;Itumbiara;-18.4176824715;-49.220870075;107969.0;44.843;9.08;45.784;0.182;0.111
2022;GO;Ivolândia;-16.6034027618;-50.7947013664;2693.0;35.24;8.652;55.886;0.223;0.0
2022;GO;Jandaia;-17.0494211395;-50.1480076361;6272.0;37.054;4.799;57.988;0.159;0.0
2022;GO;Jaraguá;-15.7531137829;-49.3301439342;45223.0;34.37;6.357;58.917;0.179;0.177
2022;GO;Jataí;-17.8862323338;-51.7208180376;105729.0;39.444;9.585;50.583;0.252;0.136
2022;GO;Jaupaci;-16.1780359315;-50.9517191425;2924.0;34.61;5.233;60.055;0.034;0.068
2022;GO;Jesúpolis;-15.9515976078;-49.3762189275;2123.0;27.461;5.464;66.886;0.0;0.188
2022;GO;Joviânia;-17.8071094521;-49.6299398096;7159.0;49.043;7.641;43.135;0.028;0.154
2022;GO;Jussara;-15.8663489233;-50.86612659;19620.0;38.313;7.523;53.95;0.097;0.117
2022;GO;Lagoa Santa;-19.1836069808;-51.4046158469;1390.0;45.252;8.561;45.252;0.791;0.144
2022;GO;Leopoldo de Bulhões;-16.6189649329;-48.746452337;8745.0;37.233;6.015;56.627;0.034;0.091
2022;GO;Luziânia;-16.258541;-47.9557200568;209124.0;29.335;11.564;58.767;0.17;0.164
2022;GO;Mairipotaba;-17.2973954689;-49.5008802854;2561.0;49.004;5.428;45.451;0.039;0.078
2022;GO;Mambaí;-14.4875342642;-46.1139474127;8124.0;20.729;11.263;67.639;0.209;0.16
2022;GO;Mara Rosa;-14.0085688957;-49.1798231432;10699.0;30.405;7.001;62.529;0.056;0.009
2022;GO;Marzagão;-17.9816102558;-48.6371735789;2758.0;36.983;8.303;54.496;0.218;0.0
2022;GO;Matrinchã;-15.437188317;-50.7464743436;4042.0;30.134;14.176;54.626;0.569;0.495
2022;GO;Maurilândia;-17.9720829886;-50.3389113972;10302.0;34.469;7.377;57.892;0.184;0.078
2022;GO;Mimoso de Goiás;-15.0592934916;-48.1632731159;2614.0;18.783;5.203;75.861;0.077;0.077
2022;GO;Minaçu;-13.5350936496;-48.2239076238;27074.0;28.496;11.132;59.88;0.107;0.384
2022;GO;Mineiros;-17.5661675715;-52.5546671879;70079.0;37.205;9.641;52.846;0.144;0.164
2022;GO;Moiporá;-16.5468998841;-50.7360975399;1683.0;45.336;8.259;45.989;0.238;0.178
2022;GO;Monte Alegre de Goiás;-13.2573260767;-46.8857991384;6692.0;11.671;22.908;65.377;0.03;0.015
2022;GO;Montes Claros de Goiás;-16.0047599101;-51.4004988847;8756.0;37.883;6.464;55.448;0.114;0.091
2022;GO;Montividiu;-17.4444620017;-51.1751445985;12521.0;40.947;7.603;51.082;0.208;0.16
2022;GO;Montividiu do Norte;-13.3530942566;-48.6888221239;3779.0;26.383;7.118;66.155;0.344;0.0
2022;GO;Morrinhos;-17.7352710999;-49.1101770719;51351.0;47.185;5.601;46.946;0.226;0.043
2022;GO;Morro Agudo de Goiás;-15.3121981483;-50.0574471319;2456.0;43.893;4.764;50.855;0.122;0.366
2022;GO;Mossâmedes;-16.1196542993;-50.2180496713;4654.0;42.458;6.382;51.031;0.0;0.129
2022;GO;Mozarlândia;-14.7475894764;-50.5702136124;14750.0;30.142;10.841;58.502;0.197;0.319
2022;GO;Mundo Novo;-13.765576924;-50.2856877225;6189.0;25.917;9.258;64.712;0.016;0.097
2022;GO;Mutunópolis;-13.7236105818;-49.2744452474;3563.0;30.143;10.862;58.799;0.056;0.14
2022;GO;Nazário;-16.5805280797;-49.8819882317;8189.0;41.287;9.794;48.736;0.122;0.061
2022;GO;Nerópolis;-16.4040436842;-49.2244625262;31932.0;35.961;8.055;54.929;0.886;0.169
2022;GO;Niquelândia;-14.4691101442;-48.4585851495;34964.0;27.697;11.821;60.153;0.206;0.123
2022;GO;Nova América;-15.0183858596;-49.8993153993;2337.0;38.297;5.691;50.492;0.0;5.52
2022;GO;Nova Aurora;-18.0651021012;-48.2604579069;2101.0;52.404;5.997;41.314;0.19;0.095
2022;GO;Nova Crixás;-14.0956114307;-50.3420003319;12815.0;28.295;11.65;59.594;0.109;0.351
2022;GO;Nova Glória;-15.1492765854;-49.5787847003;8310.0;37.16;6.679;55.812;0.144;0.205
2022;GO;Nova Iguaçu de Goiás;-14.2834774149;-49.3907701087;3010.0;28.904;6.877;64.086;0.033;0.1
2022;GO;Nova Roma;-13.7429057521;-46.8903259704;3076.0;13.622;14.467;71.782;0.033;0.098
2022;GO;Nova Veneza;-16.3652331931;-49.3108981042;9481.0;42.664;7.415;49.784;0.021;0.116
2022;GO;Novo Brasil;-16.0326708603;-50.7163144531;3527.0;42.444;6.436;50.865;0.085;0.17
2022;GO;Novo Gama;-16.0560782142;-48.0372112741;103801.0;26.375;13.692;59.648;0.171;0.116
2022;GO;Novo Planalto;-13.2409519766;-49.5120502992;3716.0;23.547;9.311;66.954;0.161;0.027
2022;GO;Orizona;-17.0347660176;-48.302147803;16399.0;55.741;4.092;39.978;0.152;0.037
2022;GO;Ouro Verde de Goiás;-16.2108276545;-49.2038676028;4057.0;40.054;6.409;53.389;0.148;0.0
2022;GO;Ouvidor;-18.2255687122;-47.832604404;7199.0;52.618;6.237;40.256;0.847;0.042
2022;GO;Padre Bernardo;-15.16435542;-48.2859656163;34967.0;25.89;11.562;61.901;0.463;0.183
2022;GO;Palestina de Goiás;-16.7414317726;-51.5300322007;3132.0;37.324;4.885;57.471;0.287;0.032
2022;GO;Palmeiras de Goiás;-16.8069880059;-49.9227871293;31858.0;36.148;8.127;55.512;0.107;0.107
2022;GO;Palmelo;-17.3230168517;-48.4230955764;2259.0;40.992;8.499;50.155;0.31;0.044
2022;GO;Palminópolis;-16.7991350226;-50.1654937516;3851.0;40.665;5.791;53.493;0.052;0.0
2022;GO;Panamá;-18.1824552757;-49.3534819159;2455.0;49.287;7.576;42.933;0.081;0.122
2022;GO;Paranaiguara;-18.9051598599;-50.6522043596;7607.0;39.661;5.955;54.266;0.079;0.039
2022;GO;Paraúna;-16.9466970093;-50.4576405931;10659.0;34.196;6.83;58.645;0.178;0.15
2022;GO;Perolândia;-17.5264535229;-52.0665772496;2964.0;33.401;11.977;54.521;0.0;0.101
2022;GO;Petrolina de Goiás;-16.0974175746;-49.3387979361;9573.0;41.722;4.544;53.505;0.23;0.0
2022;GO;Pilar de Goiás;-14.7660904485;-49.5751143128;2328.0;26.16;9.88;63.918;0.0;0.043
2022;GO;Piracanjuba;-17.3018097158;-49.0245603471;24878.0;43.593;5.724;50.354;0.185;0.145
2022;GO;Piranhas;-16.4207064405;-51.821801336;11712.0;34.648;7.659;57.505;0.137;0.051
2022;GO;Pirenópolis;-15.8533422975;-48.9625271926;26690.0;37.355;5.845;56.549;0.18;0.071
2022;GO;Pires do Rio;-17.3005811055;-48.2802925533;32373.0;45.915;6.648;47.16;0.148;0.13
2022;GO;Planaltina;-15.453109565;-47.6148467662;105029.0;25.918;12.3;61.437;0.158;0.187
2022;GO;Pontalina;-17.5149844215;-49.4481810162;18309.0;46.605;6.325;46.922;0.066;0.082
2022;GO;Porangatu;-13.4421859466;-49.1462260519;44313.0;31.444;10.349;57.938;0.16;0.108
2022;GO;Porteirão;-17.8154006299;-50.1642504169;4070.0;33.096;5.971;60.885;0.049;0.0
2022;GO;Portelândia;-17.3529241047;-52.6806835439;3280.0;39.085;8.994;51.402;0.091;0.427
2022;GO;Posse;-14.0877335642;-46.3620104423;34913.0;25.323;10.139;64.28;0.163;0.095
2022;GO;Professor Jamil;-17.2475666832;-49.2366973073;3649.0;37.462;13.785;48.424;0.219;0.11
2022;GO;Quirinópolis;-18.4515073559;-50.4522625218;48444.0;41.828;6.321;51.61;0.173;0.068
2022;GO;Rialma;-15.3154039732;-49.5843695087;12165.0;38.446;6.05;55.134;0.206;0.164
2022;GO;Rianápolis;-15.4424666683;-49.5101169941;3979.0;39.96;10.254;49.711;0.075;0.0
2022;GO;Rio Quente;-17.7677458122;-48.7726682958;3863.0;37.536;6.265;55.475;0.57;0.155
2022;GO;Rio Verde;-17.7945434019;-50.9296809302;225689.0;37.833;7.712;54.124;0.254;0.076
2022;GO;Rubiataba;-15.1643127537;-49.8034096971;19788.0;42.025;4.922;52.385;0.081;0.586
2022;GO;Sanclerlândia;-16.2006630829;-50.3158669331;7918.0;41.526;5.86;52.261;0.051;0.303
2022;GO;Santa Bárbara de Goiás;-16.577475929;-49.6897833771;6149.0;35.843;8.001;55.749;0.309;0.098
2022;GO;Santa Cruz de Goiás;-17.3215530231;-48.4766897577;3002.0;43.704;11.559;44.437;0.033;0.266
2022;GO;Santa Fé de Goiás;-15.7707845628;-51.109415948;4951.0;32.559;8.705;58.089;0.505;0.141
2022;GO;Santa Helena de Goiás;-17.8123551401;-50.5984432624;38491.0;36.876;7.212;55.558;0.278;0.075
2022;GO;Santa Isabel;-15.3023982428;-49.4281779496;3537.0;41.73;6.757;51.258;0.17;0.085
2022;GO;Santa Rita do Araguaia;-17.3263507863;-53.2051465108;5924.0;37.205;10.939;51.384;0.456;0.017
2022;GO;Santa Rita do Novo Destino;-15.1353910971;-49.1201255263;2689.0;26.106;15.582;57.754;0.372;0.186
2022;GO;Santa Rosa de Goiás;-16.0798908615;-49.4915791732;2820.0;47.376;4.965;47.518;0.142;0.0
2022;GO;Santa Tereza de Goiás;-13.7125508671;-49.0149969464;3293.0;26.814;11.084;61.889;0.152;0.061
2022;GO;Santa Terezinha de Goiás;-14.4334764203;-49.7062022411;10645.0;30.578;5.853;63.448;0.085;0.038
2022;GO;Santo Antônio da Barra;-17.5561082965;-50.6340535808;4267.0;31.779;9.609;58.449;0.141;0.023
2022;GO;Santo Antônio de Goiás;-16.483121215;-49.3102428569;7386.0;36.813;10.439;51.895;0.217;0.636
2022;GO;Santo Antônio do Descoberto;-15.94422351;-48.2560064258;72120.0;28.082;11.521;59.993;0.236;0.168
2022;GO;São Domingos;-13.4020132572;-46.3151052424;9711.0;22.057;9.505;68.201;0.206;0.031
2022;GO;São Francisco de Goiás;-15.9227064368;-49.2620087204;6378.0;31.844;5.88;62.23;0.031;0.016
2022;GO;São João d'Aliança;-14.7082161797;-47.5188017123;14041.0;23.916;14.821;60.907;0.164;0.192
2022;GO;São João da Paraúna;-16.8145235535;-50.4050629925;1774.0;37.091;8.681;54.171;0.0;0.056
2022;GO;São Luís de Montes Belos;-16.5198101598;-50.3742880027;33852.0;43.687;5.71;50.458;0.095;0.05
2022;GO;São Luiz do Norte;-14.8620789113;-49.3319358806;4837.0;29.543;11.536;58.032;0.579;0.31
2022;GO;São Miguel do Araguaia;-13.276024343;-50.1638382701;21900.0;26.881;11.639;61.018;0.11;0.352
2022;GO;São Miguel do Passa Quatro;-17.0509343499;-48.6647175594;4464.0;43.257;7.168;49.373;0.157;0.045
2022;GO;São Patrício;-15.3524896722;-49.8163460405;2143.0;45.264;3.686;50.817;0.047;0.187
2022;GO;São Simão;-18.9897385995;-50.5496997577;17020.0;36.157;7.703;56.04;0.059;0.041
2022;GO;Senador Canedo;-16.71857532;-49.0879668328;155629.0;27.504;11.457;60.74;0.143;0.156
2022;GO;Serranópolis;-18.3077243971;-51.9577779402;8027.0;32.602;9.705;57.606;0.062;0.025
2022;GO;Silvânia;-16.6646168097;-48.61056991;22245.0;41.376;6.321;52.025;0.184;0.094
2022;GO;Simolândia;-14.4703229883;-46.4842842225;5742.0;20.481;14.559;64.159;0.331;0.47
2022;GO;Sítio d'Abadia;-14.8039939162;-46.2524898428;2926.0;16.507;11.483;71.907;0.0;0.103
2022;GO;Taquaral de Goiás;-16.0500187966;-49.6022193144;4026.0;40.238;4.545;53.8;1.316;0.099
2022;GO;Teresina de Goiás;-13.7768630996;-47.263520321;2701.0;15.661;22.806;61.088;0.444;0.0
2022;GO;Terezópolis de Goiás;-16.4789604614;-49.0917849231;7944.0;32.326;7.44;59.819;0.126;0.29
2022;GO;Três Ranchos;-18.3607986884;-47.7793385109;2921.0;50.462;5.238;44.094;0.103;0.103
2022;GO;Trindade;-16.6553504288;-49.4890992026;142428.0;32.874;9.537;57.162;0.251;0.175
2022;GO;Trombas;-13.5084677213;-48.7447086103;3120.0;28.077;9.135;62.756;0.032;0.0
2022;GO;Turvânia;-16.6098037805;-50.1319530546;4480.0;40.446;5.982;53.527;0.0;0.045
2022;GO;Turvelândia;-17.8509523354;-50.3074793439;4985.0;26.941;7.081;65.938;0.04;0.0
2022;GO;Uirapuru;-14.2886535386;-49.9210751818;2798.0;27.162;5.718;66.405;0.393;0.322
2022;GO;Uruaçu;-14.5202197628;-49.1474856222;42545.0;28.01;10.589;61.015;0.247;0.139
2022;GO;Uruana;-15.5011652334;-49.6794807088;13729.0;40.447;6.716;52.531;0.24;0.066
2022;GO;Urutaí;-17.4597534246;-48.2046531316;3553.0;43.653;5.939;49.873;0.253;0.281
2022;GO;Valparaíso de Goiás;-16.069575257;-47.9841113506;198858.0;30.168;13.082;56.402;0.184;0.164
2022;GO;Varjão;-17.0412247518;-49.628167487;3716.0;39.989;6.997;52.772;0.0;0.242
2022;GO;Vianópolis;-16.7420814387;-48.5134708971;14956.0;42.311;6.379;51.117;0.094;0.1
2022;GO;Vicentinópolis;-17.7326623803;-49.8072390139;8768.0;38.196;8.155;53.41;0.114;0.125
2022;GO;Vila Boa;-15.0348887907;-47.0573608537;4215.0;21.329;20.427;57.983;0.071;0.19
2022;GO;Vila Propício;-15.4546348168;-48.8824220765;5813.0;24.204;9.169;66.128;0.413;0.086
2022;DF;Brasília;-15.7940873619;-47.887905478;2817281.0;39.979;10.711;48.658;0.455;0.197
