padrao,vertente_id,vertente_nome,camada,prioridade,ganho,pureza,suporte,exemplos
IGREJA EVANJELICA,121096,Evangélica não determinada,grafia,90,188,1.0,0,IGREJA EVANJELICA | IGREJA EVANJELICA JESUS E O CAMINHO | IGREJA EVANJELICA DEUS E FIEL
ASSEMBLEI DE DEUS,100409,Evangélicas de origem pentecostal - Igreja Assembléia de Deus,grafia,90,142,1.0,0,ASSEMBLEI DE DEUS | ASSEMBLEI DE DEUS COMADEMAT | ASSEMBLEI DE DEUS MONTE SINAI
IGREJA EVANGLICA,121096,Evangélica não determinada,grafia,90,127,1.0,0,IGREJA EVANGLICA COMUNIDADE AGUA DA FONT | IGREJA EVANGLICA DE DEUS NOAMAZONAS | IGREJA EVANGLICA PENIEL
IGREJA EVANGELUCA,121096,Evangélica não determinada,grafia,90,127,1.0,0,IGREJA EVANGELUCA JUSTOS PELA FE | IGREJA EVANGELUCA RENIEL | IGREJA EVANGELUCA DA UNICIDAFE
IGREJA ASSEMBLEA DE DEUS,100409,Evangélicas de origem pentecostal - Igreja Assembléia de Deus,grafia,90,122,1.0,0,IGREJA ASSEMBLEA DE DEUS FILIAL DE ROCHA | IGREJA ASSEMBLEA DE DEUS MINISTERIO DA M | IGREJA ASSEMBLEA DE DEUS NOVA JERUSALEM
IGREJA ASSEMBLIA DE DEUS,100409,Evangélicas de origem pentecostal - Igreja Assembléia de Deus,grafia,90,118,1.0,0,IGREJA ASSEMBLIA DE DEUS MINIDTERIO GETS | IGREJA ASSEMBLIA DE DEUS EFRAIM | IGREJA ASSEMBLIA DE DEUS LIBERDADE CRISTAO
TERRERO,2827,Umbanda e Candomblé,grafia,90,117,1.0,0,TERRERO DE SANTO ANTONIO | TERRERO | TERRERO DE LENBA
IGREJA ADIVENTISTA DO SETIMO DIA,99739,Evangélicas de Missão - Evangélica Adventista do Sétimo Dia,grafia,90,108,1.0,0,IGREJA ADIVENTISTA DO SETIMO DIA | IGREJA ADIVENTISTA DO SETIMO DIA SOL NASCENTE
IGREJA PENTECISTAL,95265,Evangélicas de origem pentecostal,grafia,90,106,1.0,0,IGREJA PENTECISTAL SANTUAEIO DE ORACAO | IGREJA PENTECISTAL LEVANDO PESSOAS PARA CRISTO | IGREJA PENTECISTAL PROFUNDOS MILAGRES
IGREJA BASTISTA,99741,Evangélicas de Missão - Igreja Evangélica Batista,grafia,90,106,1.0,0,IGREJA BASTISTA FILADELFIA | IGREJA BASTISTA NOVA FILADEFIA | IGREJA BASTISTA DA FAMILIA
IGREJA ADIVENTISTA,99739,Evangélicas de Missão - Evangélica Adventista do Sétimo Dia,grafia,90,102,1.0,0,IGREJA ADIVENTISTA | IGREJA ADIVENTISTA DA PROMESSA | IGREJA ADIVENTISTA DO 7DIA
IGREJA PENTESCOTAL,95265,Evangélicas de origem pentecostal,grafia,90,100,1.0,0,IGREJA PENTESCOTAL DO DEUS JEOVA | IGREJA PENTESCOTAL DA VIDA | IGREJA PENTESCOTAL MISSIONARIA
IGREJA PREBISTERIANA,100404,Evangélicas de Missão - Igreja Evangélica Presbiteriana,grafia,90,95,1.0,0,IGREJA PREBISTERIANA EBENEZER | IGREJA PREBISTERIANA FILADELFIA | ABEXO DA IGREJA PREBISTERIANA
IGREJA ASSEMLEIA DE DEUS,100409,Evangélicas de origem pentecostal - Igreja Assembléia de Deus,grafia,90,91,1.0,0,IGREJA ASSEMLEIA DE DEUS MONTE HOREBE | IGREJA ASSEMLEIA DE DEUS GIDEOES | IGREJA ASSEMLEIA DE DEUS
IGREJA PENTACOSTAL,95265,Evangélicas de origem pentecostal,grafia,90,90,1.0,0,IGREJA PENTACOSTAL TORRE FORTE | IGREJA PENTACOSTAL DO FILHO DE DEUS | IGREJA PENTACOSTAL DEUS E LUZ
IGREJA PRESBETERIANA,100404,Evangélicas de Missão - Igreja Evangélica Presbiteriana,grafia,90,84,1.0,0,IGREJA PRESBETERIANA DE ITAPURANGA | 6 IGREJA PRESBETERIANA | IGREJA PRESBETERIANA INDEPENDENTE DO KM1
ASSEMBLEA DE DEUS,100409,Evangélicas de origem pentecostal - Igreja Assembléia de Deus,grafia,90,83,1.0,0,IGREJA EVANG ASSEMBLEA DE DEUS | ASSEMBLEA DE DEUS CONG MARANATA | ASSEMBLEA DE DEUS MINISTERIO EM TEMPOS DE MILAGRES
IGREJA ENVAGELICA,121096,Evangélica não determinada,grafia,90,79,1.0,0,IGREJA ENVAGELICA AVIVAMENTO EM CRISTO | IGREJA ENVAGELICA MONTES DAS OLVIEIRAS | IGREJA ENVAGELICA FOGO E GLORIA
CONGREGRACAO CRISTA NO BRASIL,99746,Evangélicas de origem pentecostal - Igreja Congregação Cristã do Brasil,grafia,90,77,1.0,0,IGREJA CONGREGRACAO CRISTA NO BRASIL | SALA DE ORACAO DA CONGREGRACAO CRISTA NO BRASIL | CONGREGRACAO CRISTA NO BRASIL
CAMDOMBLE,2828,Candomblé,grafia,90,68,1.0,0,BARRACAO CAMDOMBLE | CASA CAMDOMBLE | CASA CAMDOMBLE NACAO KETU
IGREJA ASSEMBLEI DE DEUS,100409,Evangélicas de origem pentecostal - Igreja Assembléia de Deus,grafia,90,66,1.0,0,IGREJA ASSEMBLEI DE DEUS | IGREJA ASSEMBLEI DE DEUS PLENITUDE DOS T | IGREJA ASSEMBLEI DE DEUS CONGREG NOVA CANAA
IGREJA QUADRAGULAR,100411,Evangélicas de origem pentecostal - Igreja Evangelho Quadrangular,grafia,90,66,1.0,0,IGREJA QUADRAGULAR TABERNACULO NOVOS COMECOS | IGREJA QUADRAGULAR | IGREJA QUADRAGULAR IEQ PORTELINHA
IGREJA DO EVAGELHO QUADRANGULAR,100411,Evangélicas de origem pentecostal - Igreja Evangelho Quadrangular,grafia,90,63,1.0,0,IGREJA DO EVAGELHO QUADRANGULAR | IGREJA DO EVAGELHO QUADRANGULAR SANTUARIO DOS MILAGRES | 2 IGREJA DO EVAGELHO QUADRANGULAR
ASSEMBLIA DE DEUS,100409,Evangélicas de origem pentecostal - Igreja Assembléia de Deus,grafia,90,62,1.0,0,ASSEMBLIA DE DEUS ADONAI | ASSEMBLIA DE DEUS MINISTERIO GUERREIROS DA ULTIMA HORA | TEMPLO DA ASSEMBLIA DE DEUS
CONGRECACAO CRISTA NO BRASIL,99746,Evangélicas de origem pentecostal - Igreja Congregação Cristã do Brasil,grafia,90,62,1.0,0,IGLEJA CONGRECACAO CRISTA NO BRASIL | IGREJA CONGRECACAO CRISTA NO BRASIL | CONGRECACAO CRISTA NO BRASIL
CONCREGACAO CRISTA NO BRASIL,99746,Evangélicas de origem pentecostal - Igreja Congregação Cristã do Brasil,grafia,90,61,1.0,0,CONCREGACAO CRISTA NO BRASIL | IGREJA CONCREGACAO CRISTA NO BRASIL | SALA DE ORACAO DA CONCREGACAO CRISTA NO BRASIL
IGREJA EVANGELIA,121096,Evangélica não determinada,grafia,90,60,1.0,0,ASSISTENCIA SOCIAL IGREJA EVANGELIA | IGREJA EVANGELIA PETECOSTAL JESUS E AMOR | IGREJA EVANGELIA A VERDADE DA VIDA SOBRENATURAL
IGREJA TESTEMUNHO DE JEOVA,2824,Testemunhas de Jeová,grafia,90,56,1.0,0,IGREJA TESTEMUNHO DE JEOVA
COGREGACAO CRISTA NO BRASIL,99746,Evangélicas de origem pentecostal - Igreja Congregação Cristã do Brasil,grafia,90,55,1.0,0,COGREGACAO CRISTA NO BRASIL | IGREJA COGREGACAO CRISTA NO BRASIL
ASSSEMBLEIA DE DEUS,100409,Evangélicas de origem pentecostal - Igreja Assembléia de Deus,grafia,90,54,1.0,0,ASSSEMBLEIA DE DEUS MINISTERIO BELEM | ASSSEMBLEIA DE DEUS MINISTERIO O SENHOR DEUS DE ISRAEL | IGREIJA ASSSEMBLEIA DE DEUS MINISTERIO BELEM
IGREJA DO EVANGELHO QUADRAGULAR,100411,Evangélicas de origem pentecostal - Igreja Evangelho Quadrangular,grafia,90,53,1.0,0,IGREJA DO EVANGELHO QUADRAGULAR CATEDRAL DO AVIVAMENTO | IGREJA DO EVANGELHO QUADRAGULAR MATINHA 1 | SALAO DE BELEZA AO LADO DA IGREJA DO EVANGELHO QUADRAGULAR
IGREJA ASSEMBELIA DE DEUS,100409,Evangélicas de origem pentecostal - Igreja Assembléia de Deus,grafia,90,53,1.0,0,PEQUENA IGREJA ASSEMBELIA DE DEUS | IGREJA ASSEMBELIA DE DEUS | IGREJA ASSEMBELIA DE DEUS MINISTERIO EMANUEL
IGREJA PENTECOATAL,95265,Evangélicas de origem pentecostal,grafia,90,52,1.0,0,IGREJA PENTECOATAL MISSAO DE JESUS | IGREJA PENTECOATAL NOVA JERUSALEM | IGREJA PENTECOATAL TEMPLO FORMOSA
CANDONBLE,2828,Candomblé,grafia,90,51,1.0,0,CANDONBLE ILEGEGE DAHOME | EDUCAFRO UNBANDA CANDONBLE | CANDONBLE
IGREJA ASSMBLEIA DE DEUS,100409,Evangélicas de origem pentecostal - Igreja Assembléia de Deus,grafia,90,49,1.0,0,IGREJA ASSMBLEIA DE DEUS GALILEIA | IGREJA ASSMBLEIA DE DEUS MISSOES | IGREJA ASSMBLEIA DE DEUS
IGREJA QUANDRANGULAR,100411,Evangélicas de origem pentecostal - Igreja Evangelho Quadrangular,grafia,90,48,1.0,0,IGREJA QUANDRANGULAR | IGREJA QUANDRANGULAR JESUS SALVA | IGREJA QUANDRANGULAR LUGAR DE RECOMECO
IGREJA EVANELICA,121096,Evangélica não determinada,grafia,90,48,1.0,0,IGREJA EVANELICA SINOS DE BELEM | IGREJA EVANELICA FONTE DE VIDA | IGREJA EVANELICA BETANIA
IGREJA PREBITERIANA,100404,Evangélicas de Missão - Igreja Evangélica Presbiteriana,grafia,90,47,1.0,0,IGREJA PREBITERIANA NO BRASIL | IGREJA PREBITERIANA | IGREJA PREBITERIANA DE CROMINIA
ASSRMBLEIA DE DEUS,100409,Evangélicas de origem pentecostal - Igreja Assembléia de Deus,grafia,90,47,1.0,0,ASSRMBLEIA DE DEUS BRAS | ASSRMBLEIA DE DEUS BELEM | ASSRMBLEIA DE DEUS COQUEIRAL
CONGREGACAO CRITA NO BRASIL,99746,Evangélicas de origem pentecostal - Igreja Congregação Cristã do Brasil,grafia,90,47,1.0,0,CONGREGACAO CRITA NO BRASIL | IGREJA CONGREGACAO CRITA NO BRASIL | INGREJA CONGREGACAO CRITA NO BRASIL
IGREJA ASSSEMBLEIA DE DEUS,100409,Evangélicas de origem pentecostal - Igreja Assembléia de Deus,grafia,90,45,1.0,0,IGREJA ASSSEMBLEIA DE DEUS SUB DNER | IGREJA ASSSEMBLEIA DE DEUS | IGREJA ASSSEMBLEIA DE DEUS BELA VISTA
IGREJA PENTECONSTAL,95265,Evangélicas de origem pentecostal,grafia,90,44,1.0,0,IGREJA PENTECONSTAL MINISTERIO ARDENDO EM CHAMAS | IGREJA PENTECONSTAL NOVA ALIANCA | IGREJA PENTECONSTAL GUIADOS PELO ESPIRITO
ASSEMVLEIA DE DEUS,100409,Evangélicas de origem pentecostal - Igreja Assembléia de Deus,grafia,90,43,1.0,0,ASSEMVLEIA DE DEUS AGUIA DE FOGO | ASSEMVLEIA DE DEUS MISSAO IDE | ASSEMVLEIA DE DEUS
IGREJA EVANGELCA,121096,Evangélica não determinada,grafia,90,42,1.0,0,IGREJA EVANGELCA IECLB | IGREJA EVANGELCA RENASCER EM CRISTO | IGREJA EVANGELCA AVIVAMENTO BIBLICO
IGREJA CATILICA,95263,Católica Apostólica Romana,grafia,90,42,1.0,0,IGREJA CATILICA P SANTA CLARA | IGREJA CATILICA DO CACHOEIRA | IGREJA CATILICA
IGREJA COTOLICA,95263,Católica Apostólica Romana,grafia,90,42,1.0,0,IGREJA COTOLICA SAO RAIMUNDO NONATO | IGREJA COTOLICA | IGREJA COTOLICA SAO CRISTOVAN
IGREJA EANGELICA,121096,Evangélica não determinada,grafia,90,40,1.0,0,IGREJA EANGELICA | IGREJA EANGELICA SO O SENHOR E DEUS UNIV | IGREJA EANGELICA ROSA DE SAROM
IGREJA DO EVANGELO QUADRANGULAR,100411,Evangélicas de origem pentecostal - Igreja Evangelho Quadrangular,grafia,90,40,1.0,0,IGREJA DO EVANGELO QUADRANGULAR TABERNACULO DA BENCAO | IGREJA DO EVANGELO QUADRANGULAR | SEGUNDA IGREJA DO EVANGELO QUADRANGULAR
IGREJA ASSENBREIA DE DEUS,100409,Evangélicas de origem pentecostal - Igreja Assembléia de Deus,grafia,90,38,1.0,0,IGREJA ASSENBREIA DE DEUS | IGREJA ASSENBREIA DE DEUS MINISTERIO DO BELEM | NOVA IGREJA ASSENBREIA DE DEUS
IGREJA ADVETISTA DO SETIMO DIA,99739,Evangélicas de Missão - Evangélica Adventista do Sétimo Dia,grafia,90,38,1.0,0,IGREJA ADVETISTA DO SETIMO DIA
IGREJA ADEVENTISTA DO SETIMO DIA,99739,Evangélicas de Missão - Evangélica Adventista do Sétimo Dia,grafia,90,37,1.0,0,IGREJA ADEVENTISTA DO SETIMO DIA
IGREJA PENTECOTAL,95265,Evangélicas de origem pentecostal,grafia,90,35,1.0,0,IGREJA PENTECOTAL VALE DA BENCAO | IGREJA PENTECOTAL JESUS EM PRIMEIRO LUGAR | IGREJA PENTECOTAL JESUS
IGREJA ASSEMBKEIA DE DEUS,100409,Evangélicas de origem pentecostal - Igreja Assembléia de Deus,grafia,90,35,1.0,0,IGREJA ASSEMBKEIA DE DEUS CRISTO PARA TODOS | IGREJA ASSEMBKEIA DE DEUS INTERSSESSORES DE CRISTO | IGREJA ASSEMBKEIA DE DEUS COG NOVA HERUSALEM
IGREJA EVENGELICA,121096,Evangélica não determinada,grafia,90,34,1.0,0,IGREJA EVENGELICA LUZ DA LIBERTACAO | IGREJA EVENGELICA VIDA CRISTA | IGREJA EVENGELICA AMOR A VIDAS AV CHURCH
ASSMBLEIA DE DEUS,100409,Evangélicas de origem pentecostal - Igreja Assembléia de Deus,grafia,90,34,1.0,0,ASSMBLEIA DE DEUS | ASSMBLEIA DE DEUS 1 | ASSMBLEIA DE DEUS MISSAO
IGREJA DO ENVANGELHO QUADRANGULAR,100411,Evangélicas de origem pentecostal - Igreja Evangelho Quadrangular,grafia,90,34,1.0,0,IGREJA DO ENVANGELHO QUADRANGULAR | IGREJA DO ENVANGELHO QUADRANGULAR ESCOLA
IGREJA DO EVANGELHO GUADRANGULAR,100411,Evangélicas de origem pentecostal - Igreja Evangelho Quadrangular,grafia,90,34,1.0,0,23 IGREJA DO EVANGELHO GUADRANGULAR | IGREJA DO EVANGELHO GUADRANGULAR | 22 IGREJA DO EVANGELHO GUADRANGULAR
IGREJA CATLICA,95263,Católica Apostólica Romana,grafia,90,33,1.0,0,IGREJA CATLICA SAO ROQUE | IGREJA CATLICA NS PERPETUO SOCORRO | IGREJA CATLICA
ASSEMLEIA DE DEUS,100409,Evangélicas de origem pentecostal - Igreja Assembléia de Deus,grafia,90,32,1.0,0,IGREJA VIDA NOVA ASSEMLEIA DE DEUS | ASSEMLEIA DE DEUS DONAMAZONAS | ASSEMLEIA DE DEUS DE JOAO PERES
IGREJA CATOLICO,95263,Católica Apostólica Romana,grafia,90,31,1.0,0,IGREJA CATOLICO APOSTOLICA | IGREJA CATOLICO | IGREJA CATOLICO NOSSA SENHORA APARECIDA
ASSEMBLEUA DE DEUS,100409,Evangélicas de origem pentecostal - Igreja Assembléia de Deus,grafia,90,30,1.0,0,ASSEMBLEUA DE DEUS ROSA DE SARON | ASSEMBLEUA DE DEUS JABAQUARA | ASSEMBLEUA DE DEUS MINISTERIO VILA ESPERANCA
TESTEMUNHO DE JEOVA,2824,Testemunhas de Jeová,grafia,90,30,1.0,0,FUNDOS TESTEMUNHO DE JEOVA | IGREJA SALAO DO REIN TESTEMUNHO DE JEOVA | TESTEMUNHO DE JEOVA
IGREJA GUADRANGULAR,100411,Evangélicas de origem pentecostal - Igreja Evangelho Quadrangular,grafia,90,30,1.0,0,IGREJA GUADRANGULAR TABERNACULO DA CONQUISTA | PERTENCE A IGREJA GUADRANGULAR | IGREJA GUADRANGULAR
IGREJA DO EVANGELHO QUANDRANGULAR,100411,Evangélicas de origem pentecostal - Igreja Evangelho Quadrangular,grafia,90,30,1.0,0,IGREJA DO EVANGELHO QUANDRANGULAR TABERNACULO DOS MILAGRES | CONGREGACAO DA IGREJA DO EVANGELHO QUANDRANGULAR | IGREJA DO EVANGELHO QUANDRANGULAR
IGREJA PRESBETERIANA DO BRASIL,100404,Evangélicas de Missão - Igreja Evangélica Presbiteriana,grafia,90,29,1.0,0,IGREJA PRESBETERIANA DO BRASIL | 3 IGREJA PRESBETERIANA DO BRASIL | IGREJA PRESBETERIANA DO BRASIL BANCARIOS
IGREJA BATISA,99741,Evangélicas de Missão - Igreja Evangélica Batista,grafia,90,29,1.0,0,IGREJA BATISA MONTE HERMOM | ACADEMIA DE MUSCULACAO IGREJA BATISA AUL | IGREJA BATISA DO BAIRRO PTB
ASSEMPLEIA DE DEUS,100409,Evangélicas de origem pentecostal - Igreja Assembléia de Deus,grafia,90,29,1.0,0,ASSEMPLEIA DE DEUS DE MISSOES | AVUH ASSEMPLEIA DE DEUS | ASSEMPLEIA DE DEUS SEDENTOS POR CRISTO
IGREJA ADEVENTISTA,99739,Evangélicas de Missão - Evangélica Adventista do Sétimo Dia,grafia,90,28,1.0,0,IGREJA ADEVENTISTA | IGREJA ADEVENTISTA 7DIA | IGREJA ADEVENTISTA DA PROMESSA
IGREJA SEMBLEIA DE DEUS,100409,Evangélicas de origem pentecostal - Igreja Assembléia de Deus,grafia,90,28,1.0,0,IGREJA SEMBLEIA DE DEUS CRISTO E FIDELIDADE | COMODO DA IGREJA SEMBLEIA DE DEUS | IGREJA SEMBLEIA DE DEUS TEMPLO CENTRAL
IGREJA ECANGELICA,121096,Evangélica não determinada,grafia,90,28,1.0,0,IGREJA ECANGELICA DA RENOVACAO | IGREJA ECANGELICA UNIAO APOSTOLICA | IGREJA ECANGELICA DO TRONO DE DEUS
CONGRGACAO CRISTA NO BRASIL,99746,Evangélicas de origem pentecostal - Igreja Congregação Cristã do Brasil,grafia,90,28,1.0,0,IGREJA CONGRGACAO CRISTA NO BRASIL | CONGRGACAO CRISTA NO BRASIL | SALA DE ORACAO DA CONGRGACAO CRISTA NO BRASIL
IGREJA PLESBITERIANA,100404,Evangélicas de Missão - Igreja Evangélica Presbiteriana,grafia,90,28,1.0,0,IGREJA PLESBITERIANA ALIANCA COM DEUA | IGREJA PLESBITERIANA DE HORTOLANDIA | IGREJA PLESBITERIANA HEBRON
CONGRAGACAO CRISTA NO BRASIL,99746,Evangélicas de origem pentecostal - Igreja Congregação Cristã do Brasil,grafia,90,27,1.0,0,IGREJA CONGRAGACAO CRISTA NO BRASIL | IGRAJA CONGRAGACAO CRISTA NO BRASIL | CONGRAGACAO CRISTA NO BRASIL
IGREJA PENECOSTAL,95265,Evangélicas de origem pentecostal,grafia,90,27,1.0,0,IGREJA PENECOSTAL | IGREJA PENECOSTAL AVIVAMENTO POCO DE JACO | IGREJA PENECOSTAL SENHOR JUSTICA NOSSA
IGREJA PRESBETERIANA RENOVADA,100404,Evangélicas de Missão - Igreja Evangélica Presbiteriana,grafia,90,27,1.0,0,IGREJA PRESBETERIANA RENOVADA TREMEMBE | IGREJA PRESBETERIANA RENOVADA | IGREJA PRESBETERIANA RENOVADA DO BRASIL
ASSAMBLEIA DE DEUS,100409,Evangélicas de origem pentecostal - Igreja Assembléia de Deus,grafia,90,27,1.0,0,ASSAMBLEIA DE DEUS CANNA MINISTERIO RESTAURACAO | ASSAMBLEIA DE DEUS AREA 153 | IGREJA PRIMITIVA ASSAMBLEIA DE DEUS O BOM SAMARITANO
IGREJA ASSRMBLEIA DE DEUS,100409,Evangélicas de origem pentecostal - Igreja Assembléia de Deus,grafia,90,27,1.0,0,IGREJA ASSRMBLEIA DE DEUS MINISTERIO ROMPENDO EM FE | IGREJA ASSRMBLEIA DE DEUS | IGREJA ASSRMBLEIA DE DEUS CENTRAL EM BARACELA
IGREJA CAOLICA,95263,Católica Apostólica Romana,grafia,90,26,1.0,0,IGREJA CAOLICA SANTO AMARO | IGREJA CAOLICA DA SAGRADA FAMILIA | IGREJA CAOLICA NOSSA SENHORA DE NAZARE
IGREJA PRESBITERANA,100404,Evangélicas de Missão - Igreja Evangélica Presbiteriana,grafia,90,26,1.0,0,IGREJA PRESBITERANA | MEMORIAL IGREJA PRESBITERANA | IGREJA PRESBITERANA INDEPENDENTE DE SORO
IGREJA BAISTA,99741,Evangélicas de Missão - Igreja Evangélica Batista,grafia,90,26,1.0,0,IGREJA BAISTA | IGREJA BAISTA ROSA DE SARON | IGREJA BAISTA REGULAR
CONCREGACAO CRISTA DO BRASIL,99746,Evangélicas de origem pentecostal - Igreja Congregação Cristã do Brasil,grafia,90,26,1.0,0,CONCREGACAO CRISTA DO BRASIL | IGREJA CONCREGACAO CRISTA DO BRASIL
CONGRECACAO CRISTA DO BRASIL,99746,Evangélicas de origem pentecostal - Igreja Congregação Cristã do Brasil,grafia,90,26,1.0,0,IGREJA CONGRECACAO CRISTA DO BRASIL | CONGRECACAO CRISTA DO BRASIL
IGREJA ADVENISTA DO SETIMO DIA,99739,Evangélicas de Missão - Evangélica Adventista do Sétimo Dia,grafia,90,26,1.0,0,IGREJA ADVENISTA DO SETIMO DIA
IGREJA CARTOLICA,95263,Católica Apostólica Romana,grafia,90,25,1.0,0,IGREJA CARTOLICA SANTA CARMO | IGREJA CARTOLICA QUARTEIS | IGREJA CARTOLICA SAO RAIMUNDO NONATO
IGREJA ASSBLEIA DE DEUS,100409,Evangélicas de origem pentecostal - Igreja Assembléia de Deus,grafia,90,25,1.0,0,IGREJA ASSBLEIA DE DEUS | IGREJA ASSBLEIA DE DEUS MANANCIAL DO CEU | IGREJA ASSBLEIA DE DEUS CAMPO GOIANA
IGREJA PREBISTERIANA DO BRASIL,100404,Evangélicas de Missão - Igreja Evangélica Presbiteriana,grafia,90,25,1.0,0,IGREJA PREBISTERIANA DO BRASIL
IGREJA ASSEMVLEIA DE DEUS,100409,Evangélicas de origem pentecostal - Igreja Assembléia de Deus,grafia,90,24,1.0,0,IGREJA ASSEMVLEIA DE DEUS | IGREJA ASSEMVLEIA DE DEUS CENTRAL | IGREJA ASSEMVLEIA DE DEUS MISSAO TEMPLO CENTRAL
CONGREGRACAO CRISTA DO BRASIL,99746,Evangélicas de origem pentecostal - Igreja Congregação Cristã do Brasil,grafia,90,24,1.0,0,IGREJA CONGREGRACAO CRISTA DO BRASIL | CONGREGRACAO CRISTA DO BRASIL | CONGREGRACAO CRISTA DO BRASIL PENTEADO
IGREJA CATOLIA,95263,Católica Apostólica Romana,grafia,90,24,1.0,0,IGREJA CATOLIA SAO JOSE | IGREJA CATOLIA DA FAZ CONTENDAS | IGREJA CATOLIA APOSTOLICA BRASILEIRA
IGREJA APOSTILICA,95265,Evangélicas de origem pentecostal,grafia,90,23,1.0,0,IGREJA APOSTILICA ESPERANCA EM CRISTO | IGREJA APOSTILICA GUARDIOES DA FE | IGREJA APOSTILICA RESGATE DE VIDAS
IGREJA CATOLUCA,95263,Católica Apostólica Romana,grafia,90,23,1.0,0,IGREJA CATOLUCA DA AGRO PASTORIL | IGREJA CATOLUCA SAO FRANCUSCO | CENTRO CATEQUICO DA IGREJA CATOLUCA
IGREJA PREBISTERIANA RENOVADA,100404,Evangélicas de Missão - Igreja Evangélica Presbiteriana,grafia,90,23,1.0,0,IGREJA PREBISTERIANA RENOVADA REVIVER | IGREJA PREBISTERIANA RENOVADA | IGREJA PREBISTERIANA RENOVADA DO BRASIL
IGREJA CONGRECIONAL,100406,Evangélicas de Missão - Igreja Evangélica Congregacional,grafia,90,22,1.0,0,IGREJA CONGRECIONAL | IGREJA CONGRECIONAL DO BRASIL | IGREJA CONGRECIONAL VERDADE E VIDA
IGREJA EVANGEICA,121096,Evangélica não determinada,grafia,90,22,1.0,0,IGREJA EVANGEICA MINISTERIO JARDIM AMERI | IGREJA EVANGEICA QUADRANGULAR | IGREJA EVANGEICA METODISTA
IGREJA BAPTISTA,99741,Evangélicas de Missão - Igreja Evangélica Batista,grafia,90,22,1.0,0,PRIMEIRA IGREJA BAPTISTA | IGREJA BAPTISTA PRIMITIVA | IGREJA BAPTISTA PRIMITIVA VICENCIA
IGREJA CAROLICA,95263,Católica Apostólica Romana,grafia,90,22,1.0,0,IGREJA CAROLICA SAO SEBASTIAO | IGREJA CAROLICA BOM JESUS DA TERRA FRIA | IGREJA CAROLICA SAO RAIMUNDO NONATO
IGREJA MARANATHA,100414,Evangélicas de origem pentecostal - Igreja Maranata,grafia,90,22,1.0,0,IGREJA MARANATHA MISSIONARIA | IGREJA MARANATHA EVANGELICA PENTECOSTAL DO | IGREJA MARANATHA VEM JESUS
IGREJA ADIVENTISTA DO 7 DIA,99739,Evangélicas de Missão - Evangélica Adventista do Sétimo Dia,grafia,90,22,1.0,0,IGREJA ADIVENTISTA DO 7 DIA | IGREJA ADIVENTISTA DO 7 DIA LAGOA REDONDA GOFO
COGREGACAO CRISTA DO BRASIL,99746,Evangélicas de origem pentecostal - Igreja Congregação Cristã do Brasil,grafia,90,22,1.0,0,IGREJA COGREGACAO CRISTA DO BRASIL | COGREGACAO CRISTA DO BRASIL | SALA DE ORACAO DA COGREGACAO CRISTA DO BRASIL
IGREJA EVANGRLICA,121096,Evangélica não determinada,grafia,90,21,1.0,0,IGREJA EVANGRLICA | IGREJA EVANGRLICA RESTAURANDO VIDAS | IGREJA EVANGRLICA QUADRANGULAR
IGREJA QUADRIANGULAR,100411,Evangélicas de origem pentecostal - Igreja Evangelho Quadrangular,grafia,90,21,1.0,0,IGREJA QUADRIANGULAR | IGREJA QUADRIANGULAR ALDEIA GENIPAPO | IGREJA QUADRIANGULAR NASCEU PARA AMAR BAIRRO SANTA MARIA
IGREJA ASENBLEIA DE DEUS,100409,Evangélicas de origem pentecostal - Igreja Assembléia de Deus,grafia,90,21,1.0,0,IGREJA ASENBLEIA DE DEUS INTERNACIONAL | IGREJA ASENBLEIA DE DEUS RIBEIRAO | IGREJA ASENBLEIA DE DEUS PENTECOSTAL DE JESUS CRISTO
IGREJA ASSEMBLEUA DE DEUS,100409,Evangélicas de origem pentecostal - Igreja Assembléia de Deus,grafia,90,21,1.0,0,IGREJA ASSEMBLEUA DE DEUS PENIEL | IGREJA ASSEMBLEUA DE DEUS CAMINHO CELESTE | IGREJA ASSEMBLEUA DE DEUS PENTECOSTAL
IGREJA ADVESTISTA DO SETIMO DIA,99739,Evangélicas de Missão - Evangélica Adventista do Sétimo Dia,grafia,90,21,1.0,0,IGREJA ADVESTISTA DO SETIMO DIA | ACAMPAMENTO DA IGREJA ADVESTISTA DO SETIMO DIA
CENTRO DE CAMDOMBLE,2828,Candomblé,grafia,90,21,1.0,0,CENTRO DE CAMDOMBLE | CENTRO DE CAMDOMBLE MATRIZ AFRICANA | CENTRO DE CAMDOMBLE AXE OFAOROMI
IGREJA DO EVANJELHO QUADRANGULAR,100411,Evangélicas de origem pentecostal - Igreja Evangelho Quadrangular,grafia,90,20,1.0,0,IGREJA DO EVANJELHO QUADRANGULAR | IGREJA DO EVANJELHO QUADRANGULAR TEMPLO | 12 IGREJA DO EVANJELHO QUADRANGULAR
IGREJA EVANGELHICA,121096,Evangélica não determinada,grafia,90,20,1.0,0,IGREJA EVANGELHICA GLORIA DE DEUS | IGREJA EVANGELHICA QUADRANGULAR | IGREJA EVANGELHICA
CADOMBLE,2828,Candomblé,grafia,90,20,1.0,0,BARRACAO CADOMBLE | IGREJA DO CADOMBLE | TEMPLO DE CADOMBLE
IGREJA ASSEMBLIA,100409,Evangélicas de origem pentecostal - Igreja Assembléia de Deus,grafia,90,20,1.0,0,IGREJA ASSEMBLIA PETENCOSTAL | IGREJA ASSEMBLIA NAODA CRUZ | IGREJA ASSEMBLIA
IGREJA ENVANGELICA PENTECOSTAL,95265,Evangélicas de origem pentecostal,grafia,90,20,1.0,0,IGREJA ENVANGELICA PENTECOSTAL MISSIONARIA | IGREJA ENVANGELICA PENTECOSTAL DOS ULTIMOS DIAS | IGREJA ENVANGELICA PENTECOSTAL UNIAO DOS APOSTOLOS
IGREJA ASSEMBLRIA DE DEUS,100409,Evangélicas de origem pentecostal - Igreja Assembléia de Deus,grafia,90,20,1.0,0,IGREJA ASSEMBLRIA DE DEUS | IGREJA ASSEMBLRIA DE DEUS CONGREGACAO LIBERDADE 1 | IGREJA ASSEMBLRIA DE DEUS MINISTERIO JETSEMANI
CENTRO ESPERITA,2826,Espírita,grafia,90,20,1.0,0,CENTRO ESPERITA RENASCER | CENTRO ESPERITA LUZ E FRATERNIDADE | CENTRO ESPERITA ZE BOIADEIRO
IGREJA ADVETISTA,99739,Evangélicas de Missão - Evangélica Adventista do Sétimo Dia,grafia,90,19,1.0,0,IGREJA ADVETISTA 7 DIA | IGREJA ADVETISTA | IGREJA ADVETISTA DA PROMESSA
IGREJA PRESIBITERIANA,100404,Evangélicas de Missão - Igreja Evangélica Presbiteriana,grafia,90,19,1.0,0,IGREJA PRESIBITERIANA BRASIL | IGREJA PRESIBITERIANA | IGREJA PRESIBITERIANA DA SERRA
IGREJA ADENTISTA DO SETIMO DIA,99739,Evangélicas de Missão - Evangélica Adventista do Sétimo Dia,grafia,90,19,1.0,0,IGREJA ADENTISTA DO SETIMO DIA
C0NGREGACAO CRISTA NO BRASIL,99746,Evangélicas de origem pentecostal - Igreja Congregação Cristã do Brasil,grafia,90,19,1.0,0,IGREJA C0NGREGACAO CRISTA NO BRASIL | C0NGREGACAO CRISTA NO BRASIL
IGREJA ASEEMBLEIA DE DEUS,100409,Evangélicas de origem pentecostal - Igreja Assembléia de Deus,grafia,90,18,1.0,0,IGREJA ASEEMBLEIA DE DEUS VILA CARMOSINA | IGREJA ASEEMBLEIA DE DEUS | IGREJA ASEEMBLEIA DE DEUS MENSAGEIROS
IGREJA ASSEMBLEA,100409,Evangélicas de origem pentecostal - Igreja Assembléia de Deus,grafia,90,18,1.0,0,IGREJA ASSEMBLEA MIN NACAO | IGREJA ASSEMBLEA | IGREJA ASSEMBLEA DEUS
IGREJA EVNGELICA,121096,Evangélica não determinada,grafia,90,18,1.0,0,IGREJA EVNGELICA KADOSHI | IGREJA EVNGELICA FAMILIA MISSIONARIA | IGREJA EVNGELICA ASSENBLEIA DE DEUS
CASA DE CAMDOMBLE,2828,Candomblé,grafia,90,18,1.0,0,CASA DE CAMDOMBLE | CASA DE CAMDOMBLE NACAO QUETU | CASA DE CAMDOMBLE DE MARIVALDO
IGREJA APISTOLICA,95265,Evangélicas de origem pentecostal,grafia,90,18,1.0,0,IGREJA APISTOLICA MISSIONARIA | IGREJA APISTOLICA RESPLANDECER CRISTO | IGREJA APISTOLICA VINHO NOVO
CENTRO ESPRITA,2826,Espírita,grafia,90,18,1.0,0,CENTRO ESPRITA OGUM BEIRA MAR | CENTRO ESPRITA | CENTRO ESPRITA BEZERRA DE MENEZES
ASSWMBLEIA DE DEUS,100409,Evangélicas de origem pentecostal - Igreja Assembléia de Deus,grafia,90,17,1.0,0,ASSWMBLEIA DE DEUS A VOZ QUE LIBERTA | ASSWMBLEIA DE DEUS NOVO HORIZONTE | ASSWMBLEIA DE DEUS FONTE DE AGUA VIVQ
IGREJA EVAMGELICA,121096,Evangélica não determinada,grafia,90,17,1.0,0,IGREJA EVAMGELICA MISSIONARIA | IGREJA EVAMGELICA DE ADORACAO A DEUS DO AMAZONAS | IGREJA EVAMGELICA
MADEIRA,100409,Evangélicas de origem pentecostal - Igreja Assembléia de Deus,grafia,90,17,1.0,0,IGREJA DE MADEIRA DE CULTO EVANGELICO ABANDONADA | IGREJA DE MADEIRA | CASA MADEIRA LADO IGREJA
IGREJA EVANGELIVA,121096,Evangélica não determinada,grafia,90,17,1.0,0,IGREJA EVANGELIVA SANTIFICADOS EM CRISTO | IGREJA EVANGELIVA PETECOSTA PENIEL | IGREJA EVANGELIVA NOVO ALVORECER
ASSEMBLEIS DE DEUS,100409,Evangélicas de origem pentecostal - Igreja Assembléia de Deus,grafia,90,17,1.0,0,ASSEMBLEIS DE DEUS BRASA VIVA | ASSEMBLEIS DE DEUS MINISTERIO DEUS IMUTAVEL | ASSEMBLEIS DE DEUS NOVA VIDA
IGREJA DO EVANGELHO QUADRANCULAR,100411,Evangélicas de origem pentecostal - Igreja Evangelho Quadrangular,grafia,90,17,1.0,0,IGREJA DO EVANGELHO QUADRANCULAR EM OBRA | IGREJA DO EVANGELHO QUADRANCULAR | IGREJA DO EVANGELHO QUADRANCULAR PONTAL
IGREJA PREBITERIANA DO BRASIL,100404,Evangélicas de Missão - Igreja Evangélica Presbiteriana,grafia,90,17,1.0,0,IGREJA PREBITERIANA DO BRASIL
IGREJA ADVENISTA,99739,Evangélicas de Missão - Evangélica Adventista do Sétimo Dia,grafia,90,17,1.0,0,IGREJA ADVENISTA D SETIMO DIA | IGREJA ADVENISTA
IGREJA CRISTAN MARANATA,100414,Evangélicas de origem pentecostal - Igreja Maranata,grafia,90,16,1.0,0,IGREJA CRISTAN MARANATA | ANTIGA IGREJA CRISTAN MARANATA
IGREJA PENTEGOSTAL,95265,Evangélicas de origem pentecostal,grafia,90,16,1.0,0,IGREJA PENTEGOSTAL | IGREJA PENTEGOSTAL CRISTO LIBERTA | IGREJA PENTEGOSTAL ARCA DE JESUS
IGREJA PENTCOSTAL,95265,Evangélicas de origem pentecostal,grafia,90,16,1.0,0,IGREJA PENTCOSTAL DE MISSOES GRANDE COLHEITA | IGREJA PENTCOSTAL TEMPLO SANTO | IGREJA PENTCOSTAL DA BENCAO DE DEUS
ASSEMBELEIA DE DEUS,100409,Evangélicas de origem pentecostal - Igreja Assembléia de Deus,grafia,90,16,1.0,0,ASSEMBELEIA DE DEUS FACA A DIFERENCA | ASSEMBELEIA DE DEUS CIADSETA | ASSEMBELEIA DE DEUS EM VIEIRAS
IGREJA PENTEOSTAL,95265,Evangélicas de origem pentecostal,grafia,90,16,1.0,0,IGREJA PENTEOSTAL OPERANDO DEUS QUEM IMPEDIRA | IGREJA PENTEOSTAL | IGREJA PENTEOSTAL DEUS E AMR
IGREJA BATSTA,99741,Evangélicas de Missão - Igreja Evangélica Batista,grafia,90,16,1.0,0,IGREJA BATSTA | IGREJA BATSTA NACIONAL FOGO E UNCAO | IGREJA BATSTA JARDIM SILVEIRA
IGREJA EVAGENLICA,121096,Evangélica não determinada,grafia,90,16,1.0,0,IGREJA EVAGENLICA BATISTA DO TICOCA | IGREJA EVAGENLICA ASSENBLEIA DE DEUS | IGREJA EVAGENLICA
IGREJA ESSEMBLEIA DE DEUS,100409,Evangélicas de origem pentecostal - Igreja Assembléia de Deus,grafia,90,16,1.0,0,IGREJA ESSEMBLEIA DE DEUS | IGREJA ESSEMBLEIA DE DEUS MONTE MORIA
IGREJA ASSEMBLEIS DE DEUS,100409,Evangélicas de origem pentecostal - Igreja Assembléia de Deus,grafia,90,16,1.0,0,IGREJA ASSEMBLEIS DE DEUS | IGREJA ASSEMBLEIS DE DEUS APOSTOLICA | IGREJA ASSEMBLEIS DE DEUS VITORIA DA ALIANCA
IGREJA EVSNGELICA,121096,Evangélica não determinada,grafia,90,16,1.0,0,IGREJA EVSNGELICA ISRAEL DE DEUS | IGREJA EVSNGELICA A PALAVRA DE CRISTO PARA O BRASIL | IGREJA EVSNGELICA
IGREJA EVANJELICA PENTECOSTAL,95265,Evangélicas de origem pentecostal,grafia,90,16,1.0,0,IGREJA EVANJELICA PENTECOSTAL CONSAGRADA | IGREJA EVANJELICA PENTECOSTAL ATALAIA CR | IGREJA EVANJELICA PENTECOSTAL
IGREJA AVENTISTA DO SETIMO DIA,99739,Evangélicas de Missão - Evangélica Adventista do Sétimo Dia,grafia,90,16,1.0,0,IGREJA AVENTISTA DO SETIMO DIA
IGREJA ASSEMPLEIA DE DEUS,100409,Evangélicas de origem pentecostal - Igreja Assembléia de Deus,grafia,90,15,1.0,0,IGREJA ASSEMPLEIA DE DEUS | IGREJA ASSEMPLEIA DE DEUS NOVA ALIANCA | IGREJA ASSEMPLEIA DE DEUS CAMPO CRISTO REDENTOR
CONGREGAO CRISTA DO BRASIL,99746,Evangélicas de origem pentecostal - Igreja Congregação Cristã do Brasil,grafia,90,15,1.0,0,CONGREGAO CRISTA DO BRASIL | IGREJA CONGREGAO CRISTA DO BRASIL
IGREJA PEBTECOSTAL,95265,Evangélicas de origem pentecostal,grafia,90,15,1.0,0,IGREJA PEBTECOSTAL JESUS E A VIDA | IGREJA PEBTECOSTAL RAPIDO DESPOJO PRESA SEGURA | IGREJA PEBTECOSTAL VITORIA EM CRISTO
IGREJA PENDECOSTAL,95265,Evangélicas de origem pentecostal,grafia,90,15,1.0,0,IGREJA PENDECOSTAL VOZ DE DEUS | IGREJA PENDECOSTAL | IGREJA PENDECOSTAL CONSERVADORA
IGREJA OENTECOSTAL,95265,Evangélicas de origem pentecostal,grafia,90,15,1.0,0,IGREJA OENTECOSTAL MANANCIAL | IGREJA OENTECOSTAL ALIANCA ETERNA | IGREJA OENTECOSTAL UNUDOS OELA FE
IGREJA UNIERSAL,99745,Evangélicas de origem pentecostal - Igreja Universal do Reino de Deus,grafia,90,15,1.0,0,SAIDA LATERAL DA IGREJA UNIERSAL | IGREJA UNIERSAL DO RINO DE DEUS | IGREJA UNIERSAL DE REINO DE DEUS
IGREJA DO EVANGELHO QUADRIANGULAR,100411,Evangélicas de origem pentecostal - Igreja Evangelho Quadrangular,grafia,90,15,1.0,0,IGREJA DO EVANGELHO QUADRIANGULAR | 2 IGREJA DO EVANGELHO QUADRIANGULAR
CENTRO ESPIRIRA,2826,Espírita,grafia,90,15,1.0,0,CENTRO ESPIRIRA | CENTRO ESPIRIRA A CAMINHO DO PROGRESSO | CENTRO ESPIRIRA EURIPEDES BARSANULFO
IGREJA EVABGELICA,121096,Evangélica não determinada,grafia,90,15,1.0,0,PAZ E VIDA IGREJA EVABGELICA | IGREJA EVABGELICA | IGREJA EVABGELICA AGUA VIDA
IGREJA ASDEMBLEIA DE DEUS,100409,Evangélicas de origem pentecostal - Igreja Assembléia de Deus,grafia,90,15,1.0,0,ADNA IGREJA ASDEMBLEIA DE DEUS NOVA ALIANCA | IGREJA ASDEMBLEIA DE DEUS
CONGREGACAO CRITA DO BRASIL,99746,Evangélicas de origem pentecostal - Igreja Congregação Cristã do Brasil,grafia,90,15,1.0,0,OFICINA DA CONGREGACAO CRITA DO BRASIL | IGREJA CONGREGACAO CRITA DO BRASIL | CONGREGACAO CRITA DO BRASIL
IGREJA PETENCONSTAL,95265,Evangélicas de origem pentecostal,grafia,90,14,1.0,0,IGREJA PETENCONSTAL ADONAI | IGREJA PETENCONSTAL DEUS E JUSTICA | IGREJA PETENCONSTAL PODER E GLORIA DE DEUS
IGREJA CATOLOCA,95263,Católica Apostólica Romana,grafia,90,14,1.0,0,IGREJA CATOLOCA | SECRETARIA ANEXO A IGREJA CATOLOCA SAO JOSE | IGREJA CATOLOCA SAO JOSE
IGREJA EVANGELUCA PENTECOSTAL,95265,Evangélicas de origem pentecostal,grafia,90,14,1.0,0,IGREJA EVANGELUCA PENTECOSTAL CHAM DIVINA | IGREJA EVANGELUCA PENTECOSTAL SUBINDO PARA O CEU | IGREJA EVANGELUCA PENTECOSTAL DA MISSOES
IGREJA IVANGELICA,121096,Evangélica não determinada,grafia,90,14,1.0,0,IGREJA IVANGELICA IRMAOS MENONITAS | IGREJA IVANGELICA FILADELFA | IGREJA IVANGELICA FONTE BIBLICA
IGREJA DO EVANGELHO QUANDRAGULAR,100411,Evangélicas de origem pentecostal - Igreja Evangelho Quadrangular,grafia,90,14,1.0,0,10 IGREJA DO EVANGELHO QUANDRAGULAR | IGREJA DO EVANGELHO QUANDRAGULAR
CONGREGASSAO CRISTA NO BRASIL,99746,Evangélicas de origem pentecostal - Igreja Congregação Cristã do Brasil,grafia,90,14,1.0,0,CONGREGASSAO CRISTA NO BRASIL | IGREJA CONGREGASSAO CRISTA NO BRASIL
IGREJA PENTRCOSTAL,95265,Evangélicas de origem pentecostal,grafia,90,14,1.0,0,IGREJA PENTRCOSTAL DEUS E SMOR | IGREJA PENTRCOSTAL | IGREJA PENTRCOSTAL JESUS E VIDA
CENTRO EDPIRITA,2826,Espírita,grafia,90,14,1.0,0,CENTRO EDPIRITA | CENTRO EDPIRITA INZO MONA MONA TAMBANIRE | CENTRO EDPIRITA OMOBA
IGREJA ADENTISTA,99739,Evangélicas de Missão - Evangélica Adventista do Sétimo Dia,grafia,90,14,1.0,0,IGREJA ADENTISTA 7 DIA | IGREJA ADENTISTA 7 DIA SALAS DE ESTUDO E | IGREJA ADENTISTA
IGREJA CONCREGACAO CRISTA,99746,Evangélicas de origem pentecostal - Igreja Congregação Cristã do Brasil,grafia,90,14,1.0,0,IGREJA CONCREGACAO CRISTA BRASIL | IGREJA CONCREGACAO CRISTA
IGREJA QUADRANCULAR,100411,Evangélicas de origem pentecostal - Igreja Evangelho Quadrangular,grafia,90,14,1.0,0,IGREJA QUADRANCULAR FAMILIA GLOBAL | IGREJA QUADRANCULAR | IGREJA QUADRANCULAR CHURH KM 33
IGREJA DO EVANGELHO QUDRANGULAR,100411,Evangélicas de origem pentecostal - Igreja Evangelho Quadrangular,grafia,90,14,1.0,0,IGREJA DO EVANGELHO QUDRANGULAR | IGREJA DO EVANGELHO QUDRANGULAR TEMPLO M
IGREJA NEOPENTECOSTAL,95265,Evangélicas de origem pentecostal,grafia,90,13,1.0,0,IGREJA NEOPENTECOSTAL | IGREJA NEOPENTECOSTAL LUZ DA VERDADE | IGREJA NEOPENTECOSTAL MUNDIAL
IGREJA QUDRANGULAR,100411,Evangélicas de origem pentecostal - Igreja Evangelho Quadrangular,grafia,90,13,1.0,0,ESCOLA DOMINICAL IGREJA QUDRANGULAR | IGREJA QUDRANGULAR | IGREJA QUDRANGULAR FAMILIA GLOBAL
IGREJA PENTENCONSTAL,95265,Evangélicas de origem pentecostal,grafia,90,13,1.0,0,IGREJA PENTENCONSTAL DESPERTAR DA FE | IGREJA PENTENCONSTAL DEUS E O CAMINHO | IGREJA PENTENCONSTAL MARAVILHAS DE JESUS
IGREJA INTERNACINAL DA GRACA DE DEUS,99748,Evangélicas de origem pentecostal - outras,grafia,90,13,1.0,0,IGREJA INTERNACINAL DA GRACA DE DEUS
IGREJA UNIVESAL,99745,Evangélicas de origem pentecostal - Igreja Universal do Reino de Deus,grafia,90,13,1.0,0,IGREJA UNIVESAL DA PAZ | IGREJA UNIVESAL DA VOLTA DE CRISTO | IGREJA UNIVESAL
CENTRO DE CANDONBLE,2828,Candomblé,grafia,90,13,1.0,0,CENTRO DE CANDONBLE INZO IA NZAMBI | CENTRO DE CANDONBLE
IGREJA ADVENTSTA,99739,Evangélicas de Missão - Evangélica Adventista do Sétimo Dia,grafia,90,13,1.0,0,IGREJA ADVENTSTA A PROMESSA | IGREJA ADVENTSTA | IGREJA ADVENTSTA DA PROMESSAA
COMGREGACAO CRISTA NO BRASIL,99746,Evangélicas de origem pentecostal - Igreja Congregação Cristã do Brasil,grafia,90,13,1.0,0,COMGREGACAO CRISTA NO BRASIL | IGREJA COMGREGACAO CRISTA NO BRASIL | SALA DE ORACAO DA COMGREGACAO CRISTA NO BRASIL
CINGREGACAO CRISTA NO BRASIL,99746,Evangélicas de origem pentecostal - Igreja Congregação Cristã do Brasil,grafia,90,13,1.0,0,IGREJA CINGREGACAO CRISTA NO BRASIL | CINGREGACAO CRISTA NO BRASIL
CONGREGRACAO CRISTA,99746,Evangélicas de origem pentecostal - Igreja Congregação Cristã do Brasil,grafia,90,13,1.0,0,CONGREGRACAO CRISTA | CONGREGRACAO CRISTA BRASIL | CONGREGRACAO CRISTA NO BR
IGREJA DO EVANGELIO QUADRAGULAR,100411,Evangélicas de origem pentecostal - Igreja Evangelho Quadrangular,grafia,90,13,1.0,0,IGREJA DO EVANGELIO QUADRAGULAR
CONGRGACAO CRISTA DO BRASIL,99746,Evangélicas de origem pentecostal - Igreja Congregação Cristã do Brasil,grafia,90,12,1.0,0,IGREJA CONGRGACAO CRISTA DO BRASIL | IGREJA DA CONGRGACAO CRISTA DO BRASIL | CONGRGACAO CRISTA DO BRASIL
CONGRAGACAO CRISTA DO BRASIL,99746,Evangélicas de origem pentecostal - Igreja Congregação Cristã do Brasil,grafia,90,12,1.0,0,IGREJA CONGRAGACAO CRISTA DO BRASIL | CONGRAGACAO CRISTA DO BRASIL
IGREJA AASEMBLEIA DE DEUS,100409,Evangélicas de origem pentecostal - Igreja Assembléia de Deus,grafia,90,12,1.0,0,IGREJA AASEMBLEIA DE DEUS EBENEZER | IGREJA AASEMBLEIA DE DEUS | IGREJA AASEMBLEIA DE DEUS MISSAO XEREM
IGREJA PENTEVOSTAL,95265,Evangélicas de origem pentecostal,grafia,90,12,1.0,0,IGREJA PENTEVOSTAL MISSIONARIA DEUS PROVERA | IGREJA PENTEVOSTAL | IGREJA PENTEVOSTAL PODER DO MESSIAS
IGREJA EVANGEKICA,121096,Evangélica não determinada,grafia,90,12,1.0,0,IGREJA EVANGEKICA DO CALVARIO | IGREJA EVANGEKICA QUADRANCULAR | IGREJA EVANGEKICA
IGREJA ASSEBREIA DE DEUS,100409,Evangélicas de origem pentecostal - Igreja Assembléia de Deus,grafia,90,12,1.0,0,IGREJA ASSEBREIA DE DEUS | IGREJA ASSEBREIA DE DEUS MISSAO
CONGRECACAO BATISTA,99741,Evangélicas de Missão - Igreja Evangélica Batista,grafia,90,12,1.0,0,CONGRECACAO BATISTA CRISTO REDENTOR | IGREJA CONGRECACAO BATISTA BIBLICA ALIANCA 1 | CONGRECACAO BATISTA SHALOM
IGREJA PENTECOSPAL,95265,Evangélicas de origem pentecostal,grafia,90,12,1.0,0,IGREJA PENTECOSPAL | IGREJA PENTECOSPAL VIVA O SENHOR | IGREJA PENTECOSPAL DE JESUS CRISTO
IGREJA EVANVELICA,121096,Evangélica não determinada,grafia,90,12,1.0,0,IGREJA EVANVELICA MISSIONARIA | IGREJA EVANVELICA LUZ DI MUNDO | IGREJA EVANVELICA EVANGELHO PLENO
IGREJA PRESBITERINA,100404,Evangélicas de Missão - Igreja Evangélica Presbiteriana,grafia,90,12,1.0,0,IGREJA PRESBITERINA DA MANGUEIRA | IGREJA PRESBITERINA | IGREJA PRESBITERINA IV CENTENARIO
IGREJA CONGREGRACAO CRISTA,99746,Evangélicas de origem pentecostal - Igreja Congregação Cristã do Brasil,grafia,90,12,1.0,0,IGREJA CONGREGRACAO CRISTA | IGREJA CONGREGRACAO CRISTA BRASIL
IGREJA COGREGACAO CRISTA,99746,Evangélicas de origem pentecostal - Igreja Congregação Cristã do Brasil,grafia,90,12,1.0,0,IGREJA COGREGACAO CRISTA | IGREJA COGREGACAO CRISTA NO
TEREIRO,2827,Umbanda e Candomblé,grafia,90,12,1.0,0,TEREIRO DE MATRIZ AFRICANO INZO MUKI VULA | A TENDA DE CABOCLO ROXO TEREIRO DE SANTA LUZIA | TEREIRO DE CANDOBLE
IGREJA EVANGELICS,121096,Evangélica não determinada,grafia,90,12,1.0,0,IGREJA EVANGELICS | IGREJA EVANGELICS ADMS | IGREJA EVANGELICS MINISTERIO KLESIS
IGREJA CATOICA,95263,Católica Apostólica Romana,grafia,90,11,1.0,0,IGREJA CATOICA | IGREJA CATOICA SAO BENEDITO | USO DE REUNIAO IGREJA CATOICA
IGREJA EVANGELHO QUADRAGULAR,100411,Evangélicas de origem pentecostal - Igreja Evangelho Quadrangular,grafia,90,11,1.0,0,IGREJA EVANGELHO QUADRAGULAR
CONGREGAO CRISTA NO BRASIL,99746,Evangélicas de origem pentecostal - Igreja Congregação Cristã do Brasil,grafia,90,11,1.0,0,IGREJA CONGREGAO CRISTA NO BRASIL | IGREJ CONGREGAO CRISTA NO BRASIL | CONGREGAO CRISTA NO BRASIL
IGREJA PENTECOSAL,95265,Evangélicas de origem pentecostal,grafia,90,11,1.0,0,IGREJA PENTECOSAL SANTUARIO DE DEUS | IGREJA PENTECOSAL DEUS E FIEL | IGREJA PENTECOSAL NOVA SIAO
IGREJA PETENCISTAL,95265,Evangélicas de origem pentecostal,grafia,90,11,1.0,0,IGREJA PETENCISTAL VIVENDO A PALAVRA DE DEUS | IGREJA PETENCISTAL DO RENOVO | IGREJA PETENCISTAL
IGREJA PRESPITERIANA,100404,Evangélicas de Missão - Igreja Evangélica Presbiteriana,grafia,90,11,1.0,0,IGREJA PRESPITERIANA | IGREJA PRESPITERIANA VIDA | IGREJA PRESPITERIANA UNIAO DA VILA PROLETARIADA DA PENHA
IGREJA PENTECSTAL,95265,Evangélicas de origem pentecostal,grafia,90,11,1.0,0,IGREJA PENTECSTAL JESUS CRISTO | IGREJA PENTECSTAL | IGREJA PENTECSTAL JESUS DA GALILEIA
IGREJA ADVESTISTA,99739,Evangélicas de Missão - Evangélica Adventista do Sétimo Dia,grafia,90,11,1.0,0,IGREJA ADVESTISTA DA PROMESSA | IGREJA ADVESTISTA | IGREJA ADVESTISTA SETIMO DIA
IGREJA ASSEMLEIA,100409,Evangélicas de origem pentecostal - Igreja Assembléia de Deus,grafia,90,11,1.0,0,IGREJA ASSEMLEIA DEUS | IGREJA ASSEMLEIA DOS FIEIS | IGREJA ASSEMLEIA
IGREJA ENVANGELICA LUTERANA,100403,Evangélicas de Missão - Igreja Evangélica Luterana,grafia,90,11,1.0,0,IGREJA ENVANGELICA LUTERANA DO BRASIL | IGREJA ENVANGELICA LUTERANA CRISTO SALVA | IGREJA ENVANGELICA LUTERANA NO BRASIL
CONGEGACAO CRISTA NO BRASIL,99746,Evangélicas de origem pentecostal - Igreja Congregação Cristã do Brasil,grafia,90,11,1.0,0,IGREJA CONGEGACAO CRISTA NO BRASIL | CONGEGACAO CRISTA NO BRASIL
IGREJA PENTESCONTAL,95265,Evangélicas de origem pentecostal,grafia,90,10,1.0,0,IGREJA PENTESCONTAL ORACAO PELA FE | IGREJA PENTESCONTAL VIDA EM CRISTO | IGREJA PENTESCONTAL JESUS E LUZ
IGREJAS DE CRISTO,99743,Evangélicas de Missão - outras,grafia,90,10,1.0,0,IGREJAS DE CRISTO DO BRASIL | UNIAO DAS IGREJAS DE CRISTO | UNIAO DAS IGREJAS DE CRISTO DO BRASIL
CENTRO DE UMBADA,2829,Umbanda,grafia,90,10,1.0,0,CENTRO DE UMBADA | CENTRO DE UMBADA JOSE VAQUEIRO | CENTRO DE UMBADA OBALUAE
IGREJA PETENCOATAL,95265,Evangélicas de origem pentecostal,grafia,90,10,1.0,0,IGREJA PETENCOATAL EBENEZER | IGREJA PETENCOATAL LABAREDAS DO SENHOR | IGREJA PETENCOATAL
IGREJA PENTECODTAL,95265,Evangélicas de origem pentecostal,grafia,90,10,1.0,0,IGREJA PENTECODTAL | IGREJA PENTECODTAL DEUS E ETERNO | IGREJA PENTECODTAL LIVRE P ADORAR
IGREJA CATOLCA,95263,Católica Apostólica Romana,grafia,90,10,1.0,0,IGREJA CATOLCA S JOAO BATISTA | IGREJA CATOLCA | COMUNIDADE IGREJA CATOLCA
IGREJA PETECONSTAL,95265,Evangélicas de origem pentecostal,grafia,90,10,1.0,0,IGREJA PETECONSTAL GRANDE E O SENHOR DOS EXERCITOS | IGREJA PETECONSTAL DO EVANGELIO PLENO | IGREJA PETECONSTAL
IGREJA PENTENCISTAL,95265,Evangélicas de origem pentecostal,grafia,90,10,1.0,0,IGREJA PENTENCISTAL DA RECONCILIACAO | IGREJA PENTENCISTAL | IGREJA PENTENCISTAL DOS ULTIMOS DUAS
IGREJA ASSRMBLEIA,100409,Evangélicas de origem pentecostal - Igreja Assembléia de Deus,grafia,90,10,1.0,0,IGREJA ASSRMBLEIA DR DEUD | IGREJA ASSRMBLEIA PENTECOSTAL | IGREJA ASSRMBLEIA DR DEUS
IGREJA EVANGELIA PENTECOSTAL,95265,Evangélicas de origem pentecostal,grafia,90,10,1.0,0,IGREJA EVANGELIA PENTECOSTAL DEUS E FIEL | IGREJA EVANGELIA PENTECOSTAL EMANUEL | IGREJA EVANGELIA PENTECOSTAL
IGREJA ASSAMBLEIA DE DEUS,100409,Evangélicas de origem pentecostal - Igreja Assembléia de Deus,grafia,90,10,1.0,0,IGREJA ASSAMBLEIA DE DEUS | IGREJA ASSAMBLEIA DE DEUS MISSOES | IGREJA ASSAMBLEIA DE DEUS DO ARREBATAMEN
CONGRECACAO CRISTA,99746,Evangélicas de origem pentecostal - Igreja Congregação Cristã do Brasil,grafia,90,10,1.0,0,CONGRECACAO CRISTA BO BRASIL | CONGRECACAO CRISTA BRASIL | CONGRECACAO CRISTA
IGREJA EVANGLICA PENTECOSTAL,95265,Evangélicas de origem pentecostal,grafia,90,10,1.0,0,IGREJA EVANGLICA PENTECOSTAL | IGREJA EVANGLICA PENTECOSTAL CRISTA | IGREJA EVANGLICA PENTECOSTAL ADONAY
IGREJA MUDIAL,99748,Evangélicas de origem pentecostal - outras,grafia,90,10,1.0,0,IGREJA MUDIAL | IGREJA MUDIAL PODER DEUS | IGREJA MUDIAL DO PODER DEUS
IGREJA QUANDRAGULAR,100411,Evangélicas de origem pentecostal - Igreja Evangelho Quadrangular,grafia,90,10,1.0,0,IGREJA QUANDRAGULAR | IGREJA QUANDRAGULAR BRAVA GENTE | IGREJA QUANDRAGULAR VIVENDO PELA FE
IGREJA ADENTISTA DO 7 DIA,99739,Evangélicas de Missão - Evangélica Adventista do Sétimo Dia,grafia,90,10,1.0,0,IGREJA ADENTISTA DO 7 DIA
IGREJA ADVEBTISTA DO SETIMO DIA,99739,Evangélicas de Missão - Evangélica Adventista do Sétimo Dia,grafia,90,10,1.0,0,IGREJA ADVEBTISTA DO SETIMO DIA
COGREGACAO CRISTA,99746,Evangélicas de origem pentecostal - Igreja Congregação Cristã do Brasil,grafia,90,10,1.0,0,COGREGACAO CRISTA | COGREGACAO CRISTA FUNDOS | COGREGACAO CRISTA BRASIL
IGREJA DO ENVAGELHO QUADRANGULAR,100411,Evangélicas de origem pentecostal - Igreja Evangelho Quadrangular,grafia,90,10,1.0,0,IGREJA DO ENVAGELHO QUADRANGULAR | IGREJA DO ENVAGELHO QUADRANGULAR CATEDRAL DA ESPERANCA
IGREJA EVANGELIGA,121096,Evangélica não determinada,grafia,90,9,1.0,0,IGREJA EVANGELIGA PENT NOVA JERUSALEM | IGREJA EVANGELIGA OBRA LIBERTACAO | IGREJA EVANGELIGA ADONAI
IGREJA PRESBITRIANA,100404,Evangélicas de Missão - Igreja Evangélica Presbiteriana,grafia,90,9,1.0,0,IGREJA PRESBITRIANA CHINESA DE PORTO ALE | IGREJA PRESBITRIANA
IGREJA EVANGELA,121096,Evangélica não determinada,grafia,90,9,1.0,0,IGREJA EVANGELA | IGREJA EVANGELA PRONTO SOCORRO DOS FILHO | IGREJA EVANGELA REI DAA NACOES
IGREJA DO EVAGELHO QUADRAGULAR,100411,Evangélicas de origem pentecostal - Igreja Evangelho Quadrangular,grafia,90,9,1.0,0,IGREJA DO EVAGELHO QUADRAGULAR
IGREJA PRESBTERIANA,100404,Evangélicas de Missão - Igreja Evangélica Presbiteriana,grafia,90,9,1.0,0,IGREJA PRESBTERIANA DO CENTENARIO | 1 IGREJA PRESBTERIANA DE RESPLENDOR | TEMPLO IGREJA PRESBTERIANA INDEPENDENTE
TARBENACULO DA FE,95265,Evangélicas de origem pentecostal,grafia,90,9,1.0,0,IGERJA TARBENACULO DA FE | IGREJA TARBENACULO DA FE | TARBENACULO DA FE
CONCREGACAO CRISTA,99746,Evangélicas de origem pentecostal - Igreja Congregação Cristã do Brasil,grafia,90,9,1.0,0,CONCREGACAO CRISTA DO BRASIO | CONCREGACAO CRISTA NO BRADIL | CONCREGACAO CRISTA
IGREJA PENTECOSYAL,95265,Evangélicas de origem pentecostal,grafia,90,9,1.0,0,IGREJA PENTECOSYAL DEUS CONOSCO | CASA ORACAO IGREJA PENTECOSYAL | IGREJA PENTECOSYAL
IGREJA ADVENTSTA DO SETIMO DIA,99739,Evangélicas de Missão - Evangélica Adventista do Sétimo Dia,grafia,90,9,1.0,0,IGREJA ADVENTSTA DO SETIMO DIA
IGREJA PENRECOSTAL,95265,Evangélicas de origem pentecostal,grafia,90,9,1.0,0,IGREJA PENRECOSTAL CRISTO LIBERTA | IGREJA PENRECOSTAL CIDADE DE DEUS | IGREJA PENRECOSTAL PAZ DO SENHOE JESUA
CARDECISTA,2826,Espírita,grafia,90,9,1.0,0,TEMPLO CARDECISTA | IGREJA CARDECISTA | CENTRO CARDECISTA
IGREJA ADVENTITA,99739,Evangélicas de Missão - Evangélica Adventista do Sétimo Dia,grafia,90,9,1.0,0,IGREJA ADVENTITA D SETIMO DIA | IGREJA ADVENTITA | IGREJA ADVENTITA 7 DIA
IGREJA PENTECOSCAL,95265,Evangélicas de origem pentecostal,grafia,90,9,1.0,0,IGREJA PENTECOSCAL | IGREJA PENTECOSCAL CAHAMAS ACESAS | IGREJA PENTECOSCAL TEMPLO DOS MILAGRES SEDE
IGREJA ASEMBREIA DE DEUS,100409,Evangélicas de origem pentecostal - Igreja Assembléia de Deus,grafia,90,9,1.0,0,IGREJA ASEMBREIA DE DEUS | IGREJA ASEMBREIA DE DEUS MINISTERIO NACOES PARA CRISTO
IGREJA CATOLIVA,95263,Católica Apostólica Romana,grafia,90,9,1.0,0,IGREJA CATOLIVA | IGREJA CATOLIVA SITIO TEU
IGREJA PLESBITERIANA RENOVADA,100404,Evangélicas de Missão - Igreja Evangélica Presbiteriana,grafia,90,8,1.0,0,IGREJA PLESBITERIANA RENOVADA | CONG III IGREJA PLESBITERIANA RENOVADA | IGREJA PLESBITERIANA RENOVADA DO BRASIL
IGREJA QUADANGULAR,100411,Evangélicas de origem pentecostal - Igreja Evangelho Quadrangular,grafia,90,8,1.0,0,IGREJA QUADANGULAR | IGREJA QUADANGULAR PONTO DE PREGACAO | IGREJA QUADANGULAR DO REINO DE DEUS
IGREJA POSTOLICA,95265,Evangélicas de origem pentecostal,grafia,90,8,1.0,0,IGREJA POSTOLICA MANANCIAL DE DEUS | IGREJA POSTOLICA VIDA ABUNDANTE | IGREJA POSTOLICA DEUS DO IMPOSSIVEL JESUS REI
IGREJA EVANHELICA,121096,Evangélica não determinada,grafia,90,8,1.0,0,IGREJA EVANHELICA CRISTO E A VITORIA | IGREJA EVANHELICA IRMAOS MENONITAS | IGREJA EVANHELICA NASCER DE NOVO
IGREJA ADVEBTISTA,99739,Evangélicas de Missão - Evangélica Adventista do Sétimo Dia,grafia,90,8,1.0,0,IGREJA ADVEBTISTA DO SETIMO DUA | IGREJA ADVEBTISTA DO SETIMO DI | IGREJA ADVEBTISTA DO SETIMI DIA
IGREJA APOATOLICA,95265,Evangélicas de origem pentecostal,grafia,90,8,1.0,0,IGREJA APOATOLICA CEIFEIROS DA ULTIMA HORA | IGREJA APOATOLICA TABERNACULO DA ALIANCA | IGREJA APOATOLICA LABAREDA SE FOGO
CENTRO ESPIRTA,2826,Espírita,grafia,90,8,1.0,0,CENTRO ESPIRTA BITENCOURT SAMPAIO | CENTRO ESPIRTA DA UBANDA | CENTRO ESPIRTA
IGREJA PANTECOSTAL,95265,Evangélicas de origem pentecostal,grafia,90,8,1.0,0,IGREJA PANTECOSTAL ESPERANCA CELESTIAL | IGREJA PANTECOSTAL PORTAL DA SALVACAO | IGREJA PANTECOSTAL EVANGELICO PLENO
IGREJA CATOLOLICA,95263,Católica Apostólica Romana,grafia,90,8,1.0,0,IGREJA CATOLOLICA DA BAIXA VERDE | IGREJA CATOLOLICA SENHOR DO BONFIM | IGREJA CATOLOLICA
IGREJA EVAGELHO QUADRANGULAR,100411,Evangélicas de origem pentecostal - Igreja Evangelho Quadrangular,grafia,90,8,1.0,0,IGREJA EVAGELHO QUADRANGULAR | IGREJA EVAGELHO QUADRANGULAR UNA 3
ASSEMBLIA,95265,Evangélicas de origem pentecostal,grafia,90,8,1.0,0,ASSEMBLIA DE BELEM SO O SENHOR SALVA | ASSEMBLIA SE DEUS | ASSEMBLIA ARCA DA ALIANCA
IGREJA NOSSSA SENHORA,95263,Católica Apostólica Romana,grafia,90,8,1.0,0,IGREJA NOSSSA SENHORA DO PILAR | IGREJA NOSSSA SENHORA DO ROSARIO | IGREJA NOSSSA SENHORA DE LOURDES
MUDIAL IGREJA DO PODER DE DEUS,99748,Evangélicas de origem pentecostal - outras,grafia,90,8,1.0,0,MUDIAL IGREJA DO PODER DE DEUS
IGREJA ADEVENTISTA DO 7 DIA,99739,Evangélicas de Missão - Evangélica Adventista do Sétimo Dia,grafia,90,8,1.0,0,IGREJA ADEVENTISTA DO 7 DIA
IGREJA EVANFELICA,121096,Evangélica não determinada,grafia,90,8,1.0,0,IGREJA EVANFELICA | IGREJA EVANFELICA MISSAO RESTAURAR | IGREJA EVANFELICA MISTERIO DE FOGO
CONGREGACAO CRSTA DO BRASIL,99746,Evangélicas de origem pentecostal - Igreja Congregação Cristã do Brasil,grafia,90,8,1.0,0,IGREJA CONGREGACAO CRSTA DO BRASIL | CONGREGACAO CRSTA DO BRASIL | SALAO DE ORACAO DA CONGREGACAO CRSTA DO BRASIL
IGREJAS EVANGELICAS,121096,Evangélica não determinada,grafia,90,8,1.0,0,SALAO DAS IGREJAS EVANGELICAS | CONEXAO DAS IGREJAS EVANGELICAS | CONVENCAO DAS IGREJAS EVANGELICAS
IGREJA DO EVAMGELHO QUADRANGULAR,100411,Evangélicas de origem pentecostal - Igreja Evangelho Quadrangular,grafia,90,8,1.0,0,IGREJA DO EVAMGELHO QUADRANGULAR
IGREJA DO EANGELHO QUADRANGULAR,100411,Evangélicas de origem pentecostal - Igreja Evangelho Quadrangular,grafia,90,8,1.0,0,IGREJA DO EANGELHO QUADRANGULAR | IGREJA DO EANGELHO QUADRANGULAR RENOVADA | III IGREJA DO EANGELHO QUADRANGULAR
CONGREGASSAO CRISTA DO BRASIL,99746,Evangélicas de origem pentecostal - Igreja Congregação Cristã do Brasil,grafia,90,8,1.0,0,IGREJA CONGREGASSAO CRISTA DO BRASIL | CONGREGASSAO CRISTA DO BRASIL
IGREJA ADVENTISA DO SETIMO DIA,99739,Evangélicas de Missão - Evangélica Adventista do Sétimo Dia,grafia,90,8,1.0,0,IGREJA ADVENTISA DO SETIMO DIA
IGREJA AVANGELICA,121096,Evangélica não determinada,grafia,90,8,1.0,0,IGREJA AVANGELICA DO META | IGREJA AVANGELICA BATAL | IGREJA AVANGELICA VIVA PENTECOSTAL
IGREJA QUADRIGULAR,100411,Evangélicas de origem pentecostal - Igreja Evangelho Quadrangular,grafia,90,8,1.0,0,IGREJA QUADRIGULAR | IGREJA QUADRIGULAR ARAES
GONGREGACAO CRISTA NO BRASIL,99746,Evangélicas de origem pentecostal - Igreja Congregação Cristã do Brasil,grafia,90,8,1.0,0,IGREJA GONGREGACAO CRISTA NO BRASIL | SALA DE ORACAO GONGREGACAO CRISTA NO BRASIL | GONGREGACAO CRISTA NO BRASIL
IGREJA DO EVANGELHO QUADRANDULAR,100411,Evangélicas de origem pentecostal - Igreja Evangelho Quadrangular,grafia,90,8,1.0,0,IGREJA DO EVANGELHO QUADRANDULAR
IGREJA ASSEMBRLEIA DE DEUS,100409,Evangélicas de origem pentecostal - Igreja Assembléia de Deus,grafia,90,7,1.0,0,IGREJA ASSEMBRLEIA DE DEUS | 5 IGREJA ASSEMBRLEIA DE DEUS
IGREJA PENTECONTAL,95265,Evangélicas de origem pentecostal,grafia,90,7,1.0,0,IGREJA PENTECONTAL CRISTAO | IGREJA PENTECONTAL | IGREJA PENTECONTAL DE ADORACAO DE DEUS
CONCREGACAO BATISTA,99741,Evangélicas de Missão - Igreja Evangélica Batista,grafia,90,7,1.0,0,CONCREGACAO BATISTA MARANATA | CONCREGACAO BATISTA | CONCREGACAO BATISTA SIAO
IGREJA APOSTOLOCA,95265,Evangélicas de origem pentecostal,grafia,90,7,1.0,0,IGREJA APOSTOLOCA EMANUEL | IGREJA APOSTOLOCA 7 CHAMAS DO REINO DE DEUS | IGREJA APOSTOLOCA
IGREJA PENTECOSRAL,95265,Evangélicas de origem pentecostal,grafia,90,7,1.0,0,IGREJA PENTECOSRAL | IGREJA PENTECOSRAL RESPLANDECENTE DE DEUS | IGREJA PENTECOSRAL DEUS DE MAGRE
ASSEMBLE DE DEUS,100409,Evangélicas de origem pentecostal - Igreja Assembléia de Deus,grafia,90,7,1.0,0,ASSEMBLE DE DEUS | IGREJA EVNG ASSEMBLE DE DEUS | ASSEMBLE DE DEUS SANTA
IREJA CATOLICA,95263,Católica Apostólica Romana,grafia,90,7,1.0,0,IREJA CATOLICA DO MOQUEM | IREJA CATOLICA | IREJA CATOLICA SAO TIMOTEO
IGREJA PRESITERIANA,100404,Evangélicas de Missão - Igreja Evangélica Presbiteriana,grafia,90,7,1.0,0,IGREJA PRESITERIANA DE SIAO | IGREJA PRESITERIANA MISSIOARIA | IGREJA PRESITERIANA
IGREJA EVANGELISTICA,121096,Evangélica não determinada,grafia,90,7,1.0,0,IGREJA EVANGELISTICA DA FE | PRIMEIRA IGREJA EVANGELISTICA VIDA NA PALAVRA | IGREJA EVANGELISTICA CASA DO SENHOR
ESSEMBLEIA DE DEUS,100409,Evangélicas de origem pentecostal - Igreja Assembléia de Deus,grafia,90,7,1.0,0,ESSEMBLEIA DE DEUS VIDA E PROPOSITO | IGREJA EVAGELICA ESSEMBLEIA DE DEUS | ESSEMBLEIA DE DEUS MINISTERIO FORTALEZA
CASA DE ORCAO,95265,Evangélicas de origem pentecostal,grafia,90,7,1.0,0,MINISTERIO CASA DE DEUS PRIMEIRA CASA DE ORCAO | CASA DE ORCAO | CASA DE ORCAO JESUS A SALVACAO
IGREJA PESTECOSTAL,95265,Evangélicas de origem pentecostal,grafia,90,7,1.0,0,IGREJA PESTECOSTAL VALE DO AMOR | IGREJA PESTECOSTAL HORARIA A PALAVRA DE | IGREJA PESTECOSTAL RENOVACAO EM DEUS
IGREJA ASAEMBLEIA DE DEUS,100409,Evangélicas de origem pentecostal - Igreja Assembléia de Deus,grafia,90,7,1.0,0,IGREJA ASAEMBLEIA DE DEUS ROMPENDO A FE | IGREJA ASAEMBLEIA DE DEUS VIDA NOVA | IGREJA ASAEMBLEIA DE DEUS CIADSETA
IGREJA EVANGELICQ,121096,Evangélica não determinada,grafia,90,7,1.0,0,IGREJA EVANGELICQ UNIDOS EM CRIATO | NACAO DE JUDA IGREJA EVANGELICQ | IGREJA EVANGELICQ BATISTA
IGREJA PESBITERIANA,100404,Evangélicas de Missão - Igreja Evangélica Presbiteriana,grafia,90,7,1.0,0,IGREJA PESBITERIANA | IGREJA PESBITERIANA DE BROTAS
ASSEMBLEA,95265,Evangélicas de origem pentecostal,grafia,90,7,1.0,0,ASSEMBLEA | ASSEMBLEA PALAVRA DA FE | ASSEMBLEA DEUS VIVO
COBGREGACAO CRISTA NO BRASIL,99746,Evangélicas de origem pentecostal - Igreja Congregação Cristã do Brasil,grafia,90,7,1.0,0,COBGREGACAO CRISTA NO BRASIL | IGREJA COBGREGACAO CRISTA NO BRASIL
IGREJA RENACER,99748,Evangélicas de origem pentecostal - outras,grafia,90,7,1.0,0,IGREJA RENACER COM CRISTO | IGREJA RENACER ESCRITORIO | IGREJA RENACER EM CRISTO
IGREJA UNIVERSSAL,99745,Evangélicas de origem pentecostal - Igreja Universal do Reino de Deus,grafia,90,7,1.0,0,IGREJA UNIVERSSAL REINO DEUS | IGREJA UNIVERSSAL
IGREJA NOSSA SENORA,95263,Católica Apostólica Romana,grafia,90,7,1.0,0,IGREJA NOSSA SENORA DO ROSARIO | IGREJA NOSSA SENORA DAS GRACAS | IGREJA NOSSA SENORA APARECIDA
IGREJA PENTECOLTAL,95265,Evangélicas de origem pentecostal,grafia,90,7,1.0,0,IGREJA PENTECOLTAL UNIDA BRASIL | IGREJA PENTECOLTAL JERUSALEN DE DEUS | IGREJA PENTECOLTAL PAZ E UNIAO
IGREJA EBANGELICA,121096,Evangélica não determinada,grafia,90,7,1.0,0,IGREJA EBANGELICA UNIERSAL CELESTE LUZ | IGREJA EBANGELICA ASEMBREIA DE DEUS NOVO TEMPO | IGREJA EBANGELICA
CINGREGACAO CRISTA DO BRASIL,99746,Evangélicas de origem pentecostal - Igreja Congregação Cristã do Brasil,grafia,90,7,1.0,0,IGREJA CINGREGACAO CRISTA DO BRASIL | CINGREGACAO CRISTA DO BRASIL
ASSSMBLEIA DE DEUS,100409,Evangélicas de origem pentecostal - Igreja Assembléia de Deus,grafia,90,7,1.0,0,ADNVC ASSSMBLEIA DE DEUS VIVENDO O NOVO EM CRISTO | ASSSMBLEIA DE DEUS TEMPLO CENTAL | ASSSMBLEIA DE DEUS
TEMPLO DE UMBADA,2829,Umbanda,grafia,90,7,1.0,0,TEMPLO DE UMBADA ESOTERICO | TEMPLO DE UMBADA CABLOCO UBIRAJARA PEITO DE ACO | TEMPLO DE UMBADA CABOCLO ROMPE MATO
IGREJA ASSSMBLEIA DE DEUS,100409,Evangélicas de origem pentecostal - Igreja Assembléia de Deus,grafia,90,7,1.0,0,IGREJA ASSSMBLEIA DE DEUS VILA RESTAURACAO | IGREJA ASSSMBLEIA DE DEUS
ASSEMBBLEIA DE DEUS,100409,Evangélicas de origem pentecostal - Igreja Assembléia de Deus,grafia,90,7,1.0,0,ASSEMBBLEIA DE DEUS | ASSEMBBLEIA DE DEUS TEMPLO CENTRAL
IGREJA CONGRGACAO CRISTA,99746,Evangélicas de origem pentecostal - Igreja Congregação Cristã do Brasil,grafia,90,7,1.0,0,IGREJA CONGRGACAO CRISTA | REFEITORIO IGREJA CONGRGACAO CRISTA NO B
IGREJA QUADRANGUAR,100411,Evangélicas de origem pentecostal - Igreja Evangelho Quadrangular,grafia,90,7,1.0,0,IGREJA QUADRANGUAR CENTRAL | IGREJA QUADRANGUAR
IGREJA PRESITERIANA DO BRASIL,100404,Evangélicas de Missão - Igreja Evangélica Presbiteriana,grafia,90,7,1.0,0,IGREJA PRESITERIANA DO BRASIL NO JARDIM MEDINA | IGREJA PRESITERIANA DO BRASIL
CENTRO EAPIRITA,2826,Espírita,grafia,90,7,1.0,0,CENTRO EAPIRITA CRISTAO ENCONTRO DE AMIGOS | CENTRO EAPIRITA VICENTE SEVERIZO | CENTRO EAPIRITA
IGREJA DO EVANGELIO GUADRANGULAR,100411,Evangélicas de origem pentecostal - Igreja Evangelho Quadrangular,grafia,90,7,1.0,0,IGREJA DO EVANGELIO GUADRANGULAR
IGREJA AVENTISTA,99739,Evangélicas de Missão - Evangélica Adventista do Sétimo Dia,grafia,90,7,1.0,0,IGREJA AVENTISTA | IGREJA AVENTISTA DA PROMESSA | IGREJA AVENTISTA SETIMO DIA
ASSEEMBLEIA DE DEUS,100409,Evangélicas de origem pentecostal - Igreja Assembléia de Deus,grafia,90,7,1.0,0,ASSEEMBLEIA DE DEUS | ASSEEMBLEIA DE DEUS REFUGIO | ASSEEMBLEIA DE DEUS NIPO BRASILEIRA
IGREJA ADVENRISTA DO SETIMO DIA,99739,Evangélicas de Missão - Evangélica Adventista do Sétimo Dia,grafia,90,7,1.0,0,IGREJA ADVENRISTA DO SETIMO DIA CANGAIBA | IGREJA ADVENRISTA DO SETIMO DIA
IGREJA PRESBITERANA DO BRASIL,100404,Evangélicas de Missão - Igreja Evangélica Presbiteriana,grafia,90,7,1.0,0,IGREJA PRESBITERANA DO BRASIL
IGREJA PENTEPOSTAL,95265,Evangélicas de origem pentecostal,grafia,90,7,1.0,0,IGREJA PENTEPOSTAL MILHARES PARA CRISTO | IGREJA PENTEPOSTAL | IGREJA PENTEPOSTAL DO REINO DIVINO DE DEUS
IGREJA CRITA MARANATA,100414,Evangélicas de origem pentecostal - Igreja Maranata,grafia,90,7,1.0,0,IGREJA CRITA MARANATA
IGREJA PLESBITERIANA DO BRASIL,100404,Evangélicas de Missão - Igreja Evangélica Presbiteriana,grafia,90,7,1.0,0,IGREJA PLESBITERIANA DO BRASIL
IGREJA PETENCOTAL,95265,Evangélicas de origem pentecostal,grafia,90,6,1.0,0,IGREJA PETENCOTAL DE JESUS CRISTO | IGREJA PETENCOTAL CRISTO E SENHOR | IGREJA PETENCOTAL LUZ DA PALAVRA
IGREJA PRESIBITERIANA DO BRASIL,100404,Evangélicas de Missão - Igreja Evangélica Presbiteriana,grafia,90,6,1.0,0,IGREJA PRESIBITERIANA DO BRASIL
IGREJ PENTECOSTAL,95265,Evangélicas de origem pentecostal,grafia,90,6,1.0,0,IGREJ PENTECOSTAL REMANESCENTE DE ISRAEL | IGREJ PENTECOSTAL RENASCER | IGREJ PENTECOSTAL MISSIONARIA TABERNACULO DO SENHOR JESUS
IGREJA ASSEMBREA DE DEUS,100409,Evangélicas de origem pentecostal - Igreja Assembléia de Deus,grafia,90,6,1.0,0,IGREJA ASSEMBREA DE DEUS | IGREJA ASSEMBREA DE DEUS MINISTERIO ROCHA ETERNA | IGREJA ASSEMBREA DE DEUS TABERNACO SANTO
CONGREGACAO CRSTA NO BRASIL,99746,Evangélicas de origem pentecostal - Igreja Congregação Cristã do Brasil,grafia,90,6,1.0,0,CONGREGACAO CRSTA NO BRASIL | IGREJA CONGREGACAO CRSTA NO BRASIL
IGREJA UNIERSAL DO REINO DE DEUS,99745,Evangélicas de origem pentecostal - Igreja Universal do Reino de Deus,grafia,90,6,1.0,0,IGREJA UNIERSAL DO REINO DE DEUS
IGREJA LUTERNA,100403,Evangélicas de Missão - Igreja Evangélica Luterana,grafia,90,6,1.0,0,IGREJA LUTERNA | IGREJA LUTERNA NO BRASIL | IGREJA LUTERNA CEDRO
IGREJA APOSTLICA,95265,Evangélicas de origem pentecostal,grafia,90,6,1.0,0,IGREJA APOSTLICA ALIANCA EM CRISTO | IGREJA APOSTLICA | IGREJA APOSTLICA GERANDO VIDA
ASSEMBLWIA DE DEUS,100409,Evangélicas de origem pentecostal - Igreja Assembléia de Deus,grafia,90,6,1.0,0,ASSEMBLWIA DE DEUS MINISTERIO SAL DA TERRA | COMUNIDADE ASSEMBLWIA DE DEUS OLHO DE AGUIA | ASSEMBLWIA DE DEUS
IGREJA PENTERCOSTAL,95265,Evangélicas de origem pentecostal,grafia,90,6,1.0,0,IGREJA PENTERCOSTAL | IGREJA PENTERCOSTAL UNIDOS PARA ADORAR | IGREJA PENTERCOSTAL DEUS VIVO
IGREJ EVANGELICA,121096,Evangélica não determinada,grafia,90,6,1.0,0,IGREJ EVANGELICA MONTE SINAI | IGREJ EVANGELICA PROJETO NOVO VIVER | IGREJ EVANGELICA ESPIRITO SANTO
ESPIRIRA,2826,Espírita,grafia,90,6,1.0,0,TENDA ESPIRIRA NOSSA SENHORA DA CONCEICAO | SOCIEDADE ESPIRIRA | AEIM ASSOC ESPIRIRA IRMAO MARCOS
ASS3MBLEIA DE DEUS,100409,Evangélicas de origem pentecostal - Igreja Assembléia de Deus,grafia,90,6,1.0,0,ASS3MBLEIA DE DEUS DO GRANDE EU SOU | ASS3MBLEIA DE DEUS MINISTERIO GOIANA | ASS3MBLEIA DE DEUS
IGREJA ADSEMBLEIA DE DEUS,100409,Evangélicas de origem pentecostal - Igreja Assembléia de Deus,grafia,90,6,1.0,0,IGREJA ADSEMBLEIA DE DEUS CHAMAS DO AVIVAMENTO | IGREJA ADSEMBLEIA DE DEUS
IGREJA NOSSA SEHORA,95263,Católica Apostólica Romana,grafia,90,6,1.0,0,IGREJA NOSSA SEHORA DE GUADALUPE | IGREJA NOSSA SEHORA DAS GRACAS | IGREJA NOSSA SEHORA DO DESTERRO
IGREJA PETESCOSTAL,95265,Evangélicas de origem pentecostal,grafia,90,6,1.0,0,IGREJA PETESCOSTAL O CAMINHO PARA JESUS | IGREJA PETESCOSTAL | IGREJA PETESCOSTAL VIDEIRA VERDADRIRA E JESUS
IGREJA CATOKICA,95263,Católica Apostólica Romana,grafia,90,6,1.0,0,IGREJA CATOKICA SAO PEDRO | IGREJA CATOKICA | IGREJA CATOKICA SANTA RITA DE CASSIA
IGREJA ASSENBLEA DE DEUS,100409,Evangélicas de origem pentecostal - Igreja Assembléia de Deus,grafia,90,6,1.0,0,IGREJA ASSENBLEA DE DEUS MONTESE | IGREJA ASSENBLEA DE DEUS
IGREJA NOSSA SENHRA,95263,Católica Apostólica Romana,grafia,90,6,1.0,0,IGREJA NOSSA SENHRA DOS NAVEGANTE | IGREJA NOSSA SENHRA DO PERPETUO SOCORRO | IGREJA NOSSA SENHRA APARECIDA
IGREJA PENTWCOSTAL,95265,Evangélicas de origem pentecostal,grafia,90,6,1.0,0,IGREJA PENTWCOSTAL FONTE DE AGUA VIVA | IGREJA PENTWCOSTAL | IGREJA PENTWCOSTAL SENHOR DOA ECERCITOS
MADEREIRA,100409,Evangélicas de origem pentecostal - Igreja Assembléia de Deus,grafia,90,6,1.0,0,MADEREIRA CHUPINGUAIA | MADEREIRA IGUATEMI | IGREJA MADEREIRA
IGREJA ASSEMBELEIA DE DEUS,100409,Evangélicas de origem pentecostal - Igreja Assembléia de Deus,grafia,90,6,1.0,0,IGREJA ASSEMBELEIA DE DEUS | IGREJA ASSEMBELEIA DE DEUS AGAPE | IGREJA ASSEMBELEIA DE DEUS A GLORIA DE CRISTO
CASA DE UMBADA,2829,Umbanda,grafia,90,6,1.0,0,CASA DE UMBADA SAO SEBASTIAO | CASA DE UMBADA TERRERO DE COSME E DAMIAO | CASA DE UMBADA ESTRELA DA MANHA
ESPRITA,2826,Espírita,grafia,90,6,1.0,0,ASSOCIAO ESPRITA NOSSO LAR | FEDERACAO ESPRITA ASSEAMA | GEPSA GRUPO ESPRITA
IGREJA PRESIBITERIANA RENOVADA,100404,Evangélicas de Missão - Igreja Evangélica Presbiteriana,grafia,90,6,1.0,0,IGREJA PRESIBITERIANA RENOVADA DO BRASIL | IGREJA PRESIBITERIANA RENOVADA
IGREJA PENTENCOSAL,95265,Evangélicas de origem pentecostal,grafia,90,6,1.0,0,IGREJA PENTENCOSAL UNIDA DO BRASIL | IGREJA PENTENCOSAL EVANGELICA AVANTE POR | IGREJA PENTENCOSAL UNCAO QUE CURA
IGREJA ADVENDISTA,99739,Evangélicas de Missão - Evangélica Adventista do Sétimo Dia,grafia,90,6,1.0,0,IGREJA ADVENDISTA DA PROMESSA | IGREJA ADVENDISTA
IGREJ BATISTA,99741,Evangélicas de Missão - Igreja Evangélica Batista,grafia,90,6,1.0,0,IGREJ BATISTA | IGREJ BATISTA RENOVADA PENIEL | IGREJ BATISTA MISSIONARIA
IGREJA EVAVGELICA,121096,Evangélica não determinada,grafia,90,6,1.0,0,IGREJA EVAVGELICA | IGREJA EVAVGELICA TEMPLO DOS MILAGRES
IGREJA DO EVANGEHO QUADRANGULAR,100411,Evangélicas de origem pentecostal - Igreja Evangelho Quadrangular,grafia,90,6,1.0,0,IGREJA DO EVANGEHO QUADRANGULAR
CONGREGACA CRISTA NO BRASIL,99746,Evangélicas de origem pentecostal - Igreja Congregação Cristã do Brasil,grafia,90,6,1.0,0,IGREJA CONGREGACA CRISTA NO BRASIL | CONGREGACA CRISTA NO BRASIL
IGREJA PENTENOSTAL,95265,Evangélicas de origem pentecostal,grafia,90,6,1.0,0,IGREJA PENTENOSTAL | IGREJA PENTENOSTAL DOS ULTIMOS DIAS | IGREJA PENTENOSTAL SHEKNA
IGREJA PREBITERIANA RENOVADA,100404,Evangélicas de Missão - Igreja Evangélica Presbiteriana,grafia,90,6,1.0,0,IGREJA PREBITERIANA RENOVADA | IGREJA PREBITERIANA RENOVADA DO BRASIL
IGREJA UNVERSAL,99745,Evangélicas de origem pentecostal - Igreja Universal do Reino de Deus,grafia,90,6,1.0,0,IGREJA UNVERSAL
CONGREGAO CRISTA,99746,Evangélicas de origem pentecostal - Igreja Congregação Cristã do Brasil,grafia,90,6,1.0,0,CONGREGAO CRISTA | CONGREGAO CRISTA BRASIL | SALAO DE CONGREGAO CRISTA
CASA DE CANDONBLE,2828,Candomblé,grafia,90,6,1.0,0,CASA DE CANDONBLE
CONGRAGACAO CRISTA,99746,Evangélicas de origem pentecostal - Igreja Congregação Cristã do Brasil,grafia,90,6,1.0,0,CONGRAGACAO CRISTA | CONGRAGACAO CRISTA DO B | CONGRAGACAO CRISTA FILADELFIA
IGREJA ADVETISTA DO 7 DIA,99739,Evangélicas de Missão - Evangélica Adventista do Sétimo Dia,grafia,90,6,1.0,0,IGREJA ADVETISTA DO 7 DIA
IGREJA PENTECOSTAO,95265,Evangélicas de origem pentecostal,grafia,90,6,1.0,0,IGREJA PENTECOSTAO | IGREJA PENTECOSTAO ARCA DO SENHOR | IGREJA PENTECOSTAO PALAVRA DA CRUZ
ASSEMBLEIDA DE DEUS,100409,Evangélicas de origem pentecostal - Igreja Assembléia de Deus,grafia,90,6,1.0,0,ASSEMBLEIDA DE DEUS | ASSEMBLEIDA DE DEUS KAIROS TEMPO DE DEUS | ASSEMBLEIDA DE DEUS RENOVADA
UMBADA,2829,Umbanda,grafia,90,6,1.0,0,IGREJA UMBADA | BARRACAO DE UMBADA | TENDA UMBADA
CNGREGACAO CRISTA NO BRASIL,99746,Evangélicas de origem pentecostal - Igreja Congregação Cristã do Brasil,grafia,90,6,1.0,0,IGREJA CNGREGACAO CRISTA NO BRASIL | SALA DE ORACAO DA CNGREGACAO CRISTA NO BRASIL | CNGREGACAO CRISTA NO BRASIL
IGREJA DO EVANHELHO QUADRANGULAR,100411,Evangélicas de origem pentecostal - Igreja Evangelho Quadrangular,grafia,90,6,1.0,0,6 IGREJA DO EVANHELHO QUADRANGULAR | IGREJA DO EVANHELHO QUADRANGULAR
IGREJA PRNTECOSTAL,95265,Evangélicas de origem pentecostal,grafia,90,5,1.0,0,IGREJA PRNTECOSTAL RENOVO EM CRISTO | IGREJA PRNTECOSTAL PORTAL ETERNO | IGREJA PRNTECOSTAL UNGIDA PLENITUDE
IGREJA ADVENTITA DO SETIMO DIA,99739,Evangélicas de Missão - Evangélica Adventista do Sétimo Dia,grafia,90,5,1.0,0,IGREJA ADVENTITA DO SETIMO DIA | IGREJA ADVENTITA DO SETIMO DIA MOVIMENTO DE REFORMA
IGREJA PENTENCOATAL,95265,Evangélicas de origem pentecostal,grafia,90,5,1.0,0,IGREJA PENTENCOATAL | IGREJA PENTENCOATAL MISSIONARIA | IGREJA PENTENCOATAL MINISTERIO ANUNCINDO O EVENGELIO DE CRISTO
IGREJA QUADRAGULA,100411,Evangélicas de origem pentecostal - Igreja Evangelho Quadrangular,grafia,90,5,1.0,0,IGREJA QUADRAGULA | IGREJA QUADRAGULA PARAISO
IGREJA CONGRENACIONAL,100406,Evangélicas de Missão - Igreja Evangélica Congregacional,grafia,90,5,1.0,0,IGREJA CONGRENACIONAL EVANGELICA LUTERAN | IGREJA CONGRENACIONAL RENOVADA | IGREJA CONGRENACIONAL
CENTRO ESIRITA,2826,Espírita,grafia,90,5,1.0,0,CENTRO ESIRITA A CARIDADE CONDUZ A DEUS | CENTRO ESIRITA SULTAO DAS AGUAS | CENTRO ESIRITA ILE ARA ABORISA
ASSEMBLEIS,95265,Evangélicas de origem pentecostal,grafia,90,5,1.0,0,ASSEMBLEIS DEUS E FIEL | IGRJ ASSEMBLEIS DEUS | ASSEMBLEIS FE DEUS FILADELFIA
IGREJA ADVENTISA,99739,Evangélicas de Missão - Evangélica Adventista do Sétimo Dia,grafia,90,5,1.0,0,IGREJA ADVENTISA | IGREJA ADVENTISA DO SETINO DIA
IGREJA PWNTECOSTAL,95265,Evangélicas de origem pentecostal,grafia,90,5,1.0,0,IGREJA PWNTECOSTAL JESUS E O CAMINHO | IGREJA PWNTECOSTAL PAI ESPIRTO SANTO | IGREJA PWNTECOSTAL CHAMADOS PELA GRACA
IGREJA CONGREGACAO CRITA,99746,Evangélicas de origem pentecostal - Igreja Congregação Cristã do Brasil,grafia,90,5,1.0,0,IGREJA CONGREGACAO CRITA NO BRAZIL | IGREJA CONGREGACAO CRITA N0 BRASIL | IGREJA CONGREGACAO CRITA
IGREJA EVANGWLICA,121096,Evangélica não determinada,grafia,90,5,1.0,0,IGREJA EVANGWLICA AGUAS VIVA | IGREJA EVANGWLICA | DEUS E FIEL IGREJA EVANGWLICA
IGREJA PETENCOSCAL,95265,Evangélicas de origem pentecostal,grafia,90,5,1.0,0,IGREJA PETENCOSCAL DA ULTIMA HORA | IGREJA PETENCOSCAL REBANHO DE CRISTO | IGREJA PETENCOSCAL
IGREJA ASSEMNLEIA DE DEUS,100409,Evangélicas de origem pentecostal - Igreja Assembléia de Deus,grafia,90,5,1.0,0,IGREJA ASSEMNLEIA DE DEUS | IGREJA ASSEMNLEIA DE DEUS RESTITUINDO EM CRISTO
CONREGACAO CRISTA NO BRASIL,99746,Evangélicas de origem pentecostal - Igreja Congregação Cristã do Brasil,grafia,90,5,1.0,0,IGREJA CONREGACAO CRISTA NO BRASIL
IGREJA PRESBITARIANA DO BRASIL,100404,Evangélicas de Missão - Igreja Evangélica Presbiteriana,grafia,90,5,1.0,0,IGREJA PRESBITARIANA DO BRASIL
COMGREGACAO CRISTA,99746,Evangélicas de origem pentecostal - Igreja Congregação Cristã do Brasil,grafia,90,5,1.0,0,COMGREGACAO CRISTA | COMGREGACAO CRISTA NO BRAS
CONGREGACO CRISTA NO BRASIL,99746,Evangélicas de origem pentecostal - Igreja Congregação Cristã do Brasil,grafia,90,5,1.0,0,CONGREGACO CRISTA NO BRASIL | IGREJA CONGREGACO CRISTA NO BRASIL
IGREJA BATITA,99741,Evangélicas de Missão - Igreja Evangélica Batista,grafia,90,5,1.0,0,IGREJA BATITA CRISTO VIVO | IGREJA BATITA DO IPIRANGA | IGREJA BATITA RHEMANA
IGREJA INTERNACIINAL DA GRACA DE DEUS,99748,Evangélicas de origem pentecostal - outras,grafia,90,5,1.0,0,IGREJA INTERNACIINAL DA GRACA DE DEUS
IGREJA ADVERTISTA DO SETIMO DIA,99739,Evangélicas de Missão - Evangélica Adventista do Sétimo Dia,grafia,90,5,1.0,0,IGREJA ADVERTISTA DO SETIMO DIA
IGREJA PRESPITERIANA RENOVADA,100404,Evangélicas de Missão - Igreja Evangélica Presbiteriana,grafia,90,5,1.0,0,IGREJA PRESPITERIANA RENOVADA DO BRASIL | IGREJA PRESPITERIANA RENOVADA
IGREJA MUNDIA DO PODER DE DEUS,99748,Evangélicas de origem pentecostal - outras,grafia,90,5,1.0,0,IGREJA MUNDIA DO PODER DE DEUS
ESPERITA,2826,Espírita,grafia,90,5,1.0,0,INSTITUTO LINENSE DE DIVULGACAO ESPERITA | TENDA ESPERITA SAO FRANCISCO GLORIOSO SANTO REIS | NUCLEO ESPERITA BEZERRA DE MENEZES
IGREJA ENVAGELICA PENTECOSTAL,95265,Evangélicas de origem pentecostal,grafia,90,5,1.0,0,IGREJA ENVAGELICA PENTECOSTAL EL ELION | IGREJA ENVAGELICA PENTECOSTAL | IGREJA ENVAGELICA PENTECOSTAL DIANTE DO PAI
IGREJA PRESBIERIANA,100404,Evangélicas de Missão - Igreja Evangélica Presbiteriana,grafia,90,5,1.0,0,IGREJA PRESBIERIANA DE RORAIMA | IGREJA PRESBIERIANA CIDADES DAS SRTES | IGREJA PRESBIERIANA
IGREJA EVANGELICW,121096,Evangélica não determinada,grafia,90,5,1.0,0,IGREJA EVANGELICW
IGREJA DO EVANGELHO QUADRANGUAR,100411,Evangélicas de origem pentecostal - Igreja Evangelho Quadrangular,grafia,90,5,1.0,0,IGREJA DO EVANGELHO QUADRANGUAR
IGREJA ASSEBEIA DE DEUS,100409,Evangélicas de origem pentecostal - Igreja Assembléia de Deus,grafia,90,5,1.0,0,IGREJA ASSEBEIA DE DEUS | IGREJA ASSEBEIA DE DEUS SEMEANDO EM VIDAS
IGREJA DO EVANGELHO QUADANGULAR,100411,Evangélicas de origem pentecostal - Igreja Evangelho Quadrangular,grafia,90,5,1.0,0,IGREJA DO EVANGELHO QUADANGULAR
IGREJA PRESIBETERIANA,100404,Evangélicas de Missão - Igreja Evangélica Presbiteriana,grafia,90,5,1.0,0,IGREJA PRESIBETERIANA NOVA JERUSALEM | IGREJA PRESIBETERIANA | ESCRITORIO IGREJA PRESIBETERIANA INDEPENDENTE
IGREJA PENCOSTAL,95265,Evangélicas de origem pentecostal,grafia,90,5,1.0,0,IGREJA PENCOSTAL UNIDA NO FUNDAMENTO DOS | IGREJA PENCOSTAL JESUS CRISTI | IGREJA PENCOSTAL JESUS E FOGO E PODER
IGREJA TESTEMUNHOS DE JEOVA,2824,Testemunhas de Jeová,grafia,90,5,1.0,0,IGREJA TESTEMUNHOS DE JEOVA
CONGRACAO CRISTA DO BRASIL,99746,Evangélicas de origem pentecostal - Igreja Congregação Cristã do Brasil,grafia,90,5,1.0,0,CONGRACAO CRISTA DO BRASIL | IGREJA CONGRACAO CRISTA DO BRASIL | SALA DE ORACAO CONGRACAO CRISTA DO BRASIL
IGREJA METODOTISTA,100405,Evangélicas de Missão - Igreja Evangélica Metodista,grafia,90,5,1.0,0,IGREJA METODOTISTA
TESTEMUNHOS DE JEOVA,2824,Testemunhas de Jeová,grafia,90,5,1.0,0,SALAO TESTEMUNHOS DE JEOVA | SALAO DOS TESTEMUNHOS DE JEOVA | IGREJA DOS TESTEMUNHOS DE JEOVA
IGREJA PENTECOSTSL,95265,Evangélicas de origem pentecostal,grafia,90,5,1.0,0,IGREJA PENTECOSTSL | IGREJA PENTECOSTSL DA BENCAO DE DEUS | IGREJA PENTECOSTSL ALIANCA C JEDU
IGREJA QUQDRANGULAR,100411,Evangélicas de origem pentecostal - Igreja Evangelho Quadrangular,grafia,90,5,1.0,0,IGREJA QUQDRANGULAR
IGREJA MOTODISTA,100405,Evangélicas de Missão - Igreja Evangélica Metodista,grafia,90,5,1.0,0,IGREJA MOTODISTA DA PROMESSA | IGREJA MOTODISTA
IGREJA ASSEMBREI DE DEUS,100409,Evangélicas de origem pentecostal - Igreja Assembléia de Deus,grafia,90,5,1.0,0,IGREJA ASSEMBREI DE DEUS ROCHA ETERNA | IGREJA ASSEMBREI DE DEUS
IGREJA DO EVNGELHO QUADRANGULAR,100411,Evangélicas de origem pentecostal - Igreja Evangelho Quadrangular,grafia,90,5,1.0,0,IGREJA DO EVNGELHO QUADRANGULAR
COGREGACAO BATISTA,99741,Evangélicas de Missão - Igreja Evangélica Batista,grafia,90,5,1.0,0,COGREGACAO BATISTA NOVA ESPERANCA | COGREGACAO BATISTA | IGREJA COGREGACAO BATISTA
CONGEGACAO CRISTA DO BRASIL,99746,Evangélicas de origem pentecostal - Igreja Congregação Cristã do Brasil,grafia,90,5,1.0,0,CONGEGACAO CRISTA DO BRASIL | IGREJA CONGEGACAO CRISTA DO BRASIL
ASSEMBLEOA DE DEUS,100409,Evangélicas de origem pentecostal - Igreja Assembléia de Deus,grafia,90,5,1.0,0,ASSEMBLEOA DE DEUS MINISTERIO EFICAZ | ASSEMBLEOA DE DEUS FONTE DE LUZ | ASSEMBLEOA DE DEUS MONTE CARMELO
IGREJA ADVENTUSTA DO SETIMO DIA,99739,Evangélicas de Missão - Evangélica Adventista do Sétimo Dia,grafia,90,5,1.0,0,IGREJA ADVENTUSTA DO SETIMO DIA
IGREJA DO EVANELHO QUADRANGULAR,100411,Evangélicas de origem pentecostal - Igreja Evangelho Quadrangular,grafia,90,5,1.0,0,IGREJA DO EVANELHO QUADRANGULAR | IGREJA DO EVANELHO QUADRANGULAR MINEIRAO
ESPIRTA,2826,Espírita,grafia,90,5,1.0,0,LAR ESPIRTA LUZ E CARIDADE | GRUPO ESPIRTA ELIAS FRANCIS | GRUPO ESPIRTA CHICO XAVIER
IGREJA DO EVANGELHO QUADRABGULAR,100411,Evangélicas de origem pentecostal - Igreja Evangelho Quadrangular,grafia,90,5,1.0,0,IGREJA DO EVANGELHO QUADRABGULAR | IGREJA DO EVANGELHO QUADRABGULAR ESTACAO
IGREJA DO EVANGELGO QUADRANGULAR,100411,Evangélicas de origem pentecostal - Igreja Evangelho Quadrangular,grafia,90,5,1.0,0,IGREJA DO EVANGELGO QUADRANGULAR
IGREJA CATOLIGA,95263,Católica Apostólica Romana,grafia,90,5,1.0,0,IGREJA CATOLIGA
IGREJA QUADRANDULAR,100411,Evangélicas de origem pentecostal - Igreja Evangelho Quadrangular,grafia,90,5,1.0,0,IGREJA QUADRANDULAR | PERTENCE A IGREJA QUADRANDULAR | RECANTO DA IGREJA DA IGREJA QUADRANDULAR
IGREJA PRESBITARIANA,100404,Evangélicas de Missão - Igreja Evangélica Presbiteriana,grafia,90,5,1.0,0,IP CANARANA IGREJA PRESBITARIANA | IGREJA PRESBITARIANA | IGREJA PRESBITARIANA TINGUI
IREJA EVANGELICA,121096,Evangélica não determinada,grafia,90,5,1.0,0,IREJA EVANGELICA COMUNIDADE CRISTA | IREJA EVANGELICA | IREJA EVANGELICA PETENCOSTAL
IGREJA UNVERSAL DO REINO DE DEUS,99745,Evangélicas de origem pentecostal - Igreja Universal do Reino de Deus,grafia,90,5,1.0,0,IGREJA UNVERSAL DO REINO DE DEUS
IGREJA ASSEBLEA DE DEUS,100409,Evangélicas de origem pentecostal - Igreja Assembléia de Deus,grafia,90,5,1.0,0,IGREJA ASSEBLEA DE DEUS | IGREJA ASSEBLEA DE DEUS TEMPLO CENTRAL | IGREJA ASSEBLEA DE DEUS PENTENCOSTAL CASA DA UNCAO
IGREJA MUDIAL DO PODER DE DEUS,99748,Evangélicas de origem pentecostal - outras,grafia,90,5,1.0,0,IGREJA MUDIAL DO PODER DE DEUS
IGREJA QUADRNGULAR,100411,Evangélicas de origem pentecostal - Igreja Evangelho Quadrangular,grafia,90,5,1.0,0,IGREJA QUADRNGULAR
CENTRO RSPIRITA,2826,Espírita,grafia,90,5,1.0,0,CEFEC CENTRO RSPIRITA | CENTRO RSPIRITA | CENTRO RSPIRITA BENEFICENTE
IGREJA UNUVERSAL,99745,Evangélicas de origem pentecostal - Igreja Universal do Reino de Deus,grafia,90,5,1.0,0,IGREJA UNUVERSAL
IGREJA CAYOLICA,95263,Católica Apostólica Romana,grafia,90,5,1.0,0,IGREJA CAYOLICA | IGREJA CAYOLICA SAO FRANCISCO | IGREJA CAYOLICA DESATIVADA
IGREJA CONGRECACAO CRISTA,99746,Evangélicas de origem pentecostal - Igreja Congregação Cristã do Brasil,grafia,90,5,1.0,0,IGREJA CONGRECACAO CRISTA
IGREJA CATOLICQ,95263,Católica Apostólica Romana,grafia,90,5,1.0,0,IGREJA CATOLICQ
EPIRITA,2826,Espírita,grafia,90,5,1.0,0,GRUPO FRATERNIDADE EPIRITA FRANCISCO DE ASSIS | IRMANDADE EPIRITA JOSE DA LUZ | NUCLEO EPIRITA AUTO AJUDA
IGREJA DO EVENGELHO QUADRANGULAR,100411,Evangélicas de origem pentecostal - Igreja Evangelho Quadrangular,grafia,90,5,1.0,0,IGREJA DO EVENGELHO QUADRANGULAR
JOAO BATISTA,95263,Católica Apostólica Romana,excecao,60,403,0.9542,1397,IGREJA COM SAO JOAO BATISTA | IGREJA JOAO BATISTA | CC SAO JOAO BATISTA
SALA DE ORACAO,99746,Evangélicas de origem pentecostal - Igreja Congregação Cristã do Brasil,excecao,60,73,0.9876,161,SALA DE ORACAO | SALA DE ORACAO CCB | IGREJA SALA DE ORACAO DA CONGREGACAO
BATISTA RENOVADA,99741,Evangélicas de Missão - Igreja Evangélica Batista,excecao,60,56,0.9896,770,PI BATISTA RENOVADA | CONG BATISTA RENOVADA DEUS PROVERA | UGREJA BATISTA RENOVADA
DEUS MISSIONARIA,100409,Evangélicas de origem pentecostal - Igreja Assembléia de Deus,excecao,60,52,0.9706,374,IGREJA DE DEUS MISSIONARIA IDEM | IGREJA PENT ASS DE DEUS MISSIONARIA | IGREJA DE DEUS MISSIONARIA MUNDIAL
EVANGELICA PETENCOSTAL,121096,Evangélica não determinada,excecao,60,46,0.968,532,IGREIJA EVANGELICA PETENCOSTAL MINISTEIRO REI DAS NACOES | IGREJA CTISTA EVANGELICA PETENCOSTAL O CAMINHO | IGREIA EVANGELICA PETENCOSTAL
DEUS PETENCOSTAL,100409,Evangélicas de origem pentecostal - Igreja Assembléia de Deus,excecao,60,39,0.9697,99,ASSENBLEIA DE DEUS PETENCOSTAL | IGREJA DEUS PETENCOSTAL | A BENCAO DE DEUS PETENCOSTAL
DEUS INTERNACIONAL,100409,Evangélicas de origem pentecostal - Igreja Assembléia de Deus,excecao,60,37,1.0,82,IGREJA ASENBLEIA DE DEUS INTERNACIONAL | MINISTERIO ALIANCA COM DEUS INTERNACIONAL | IGREJA DE DEUS INTERNACIONAL LANCHONETE
BATISTA MISSIONARIA,99741,Evangélicas de Missão - Igreja Evangélica Batista,excecao,60,36,0.9777,853,IGREIA BATISTA MISSIONARIA BETEL | IGREJA INDIGENA BATISTA MISSIONARIA | IGRJA BATISTA MISSIONARIA
EVANGELICA MISSIONARIA,121096,Evangélica não determinada,excecao,60,35,0.9856,417,MISSAO ASSOCIACAO LINGUISTICA EVANGELICA MISSIONARIA | COMUNIDADE EVANGELICA MISSIONARIA DE ITANHAEM | COMUNIDADE EVANGELICA MISSIONARIA ALINCA ETERNA
EVANGELICA INTERNACIONAL,121096,Evangélica não determinada,excecao,60,24,0.9615,52,IGREJA COMUNIDADE EVANGELICA INTERNACIONAL VIDA EM CRISTO | COMUNIDADE EVANGELICA INTERNACIONAL MONTE SINAI | CBI COMUNIDADE EVANGELICA INTERNACIONAL
DEUS RENOVADA,100409,Evangélicas de origem pentecostal - Igreja Assembléia de Deus,excecao,60,15,0.9412,136,IGREJA MISS POVO DE DEUS RENOVADA NO BRASIL | IGREJA UNCAO DE DEUS RENOVADA | IGREJA A PALAVRA DE DEUS RENOVADA
BATISTA INTERNACIONAL,99741,Evangélicas de Missão - Igreja Evangélica Batista,excecao,60,13,1.0,30,CAMINHO DAS ARVORES MINISTERIO BATISTA INTERNACIONAL | IGEJA BATISTA INTERNACIONAL AGAPE | IGREJA COMUNIDADE BATISTA INTERNACIONAL PALAVRA VIVA
QUADRANGULAR TABERNACULO,100411,Evangélicas de origem pentecostal - Igreja Evangelho Quadrangular,excecao,60,11,1.0,41,QUADRANGULAR TABERNACULO JEOVA GIRE | IGREJA DO EVANGELO QUADRANGULAR TABERNACULO DA BENCAO | IGREJA DO EVAN QUADRANGULAR TABERNACULO DO ARIRI
PENTECOSTAL INTERNACIONAL,95265,Evangélicas de origem pentecostal,excecao,60,10,1.0,141,MINISTERIO PENTECOSTAL INTERNACIONAL DE MISSOES | IGREJA CRISTO PENTECOSTAL INTERNACIONAL | IGREJA DE CRITO PENTECOSTAL INTERNACIONAL
ORACAO DA CONGREGACAO,99746,Evangélicas de origem pentecostal - Igreja Congregação Cristã do Brasil,excecao,60,9,0.9658,263,IGREJA SALA DE ORACAO DA CONGREGACAO | SALA DE ORACAO DA CONGREGACAO | SALA DE ORACAO DA CONGREGACAO DE BRASIL
DEUS JEOVA,100409,Evangélicas de origem pentecostal - Igreja Assembléia de Deus,excecao,60,8,0.963,54,IGREJA PENTESCOTAL DO DEUS JEOVA | ASSENBLEIA DE DEUS JEOVA RAFA | DEUS JEOVA
CRISTO PETENCOSTAL,99743,Evangélicas de Missão - outras,excecao,60,6,0.9444,36,IGREJA CRISTO PETENCOSTAL NO BRASIL | IGREJA CRISTO PETENCOSTAL | IGREJA RENOVADA EM CRISTO PETENCOSTAL
BATISTA MARANATA,99741,Evangélicas de Missão - Igreja Evangélica Batista,excecao,60,5,1.0,97,CONCREGACAO BATISTA MARANATA | CONG BATISTA MARANATA | IGRJA BATISTA MARANATA PENTECOSTAL
DEUS TABERNACULO,100409,Evangélicas de origem pentecostal - Igreja Assembléia de Deus,excecao,60,5,0.9792,48,IGREJA DE DEUS TABERNACULO | A VOZ DE DEUS TABERNACULO | PODER DE DEUS TABERNACULO
BATISTA DO SETIMO,99741,Evangélicas de Missão - Igreja Evangélica Batista,excecao,60,5,0.9254,67,BATISTA DO SETIMO DIA | IGREIJA BATISTA DO SETIMO DIA | INGREJA BATISTA DO SETIMO DIA
BATISTA TABERNACULO,99741,Evangélicas de Missão - Igreja Evangélica Batista,excecao,60,5,1.0,31,IGREJA COMUNIDADE BATISTA TABERNACULO DE | COMUNIDADE BATISTA TABERNACULO DE DEUS | BATISTA TABERNACULO DE ADORACAO
DEUS TENDA,100409,Evangélicas de origem pentecostal - Igreja Assembléia de Deus,excecao,60,4,1.0,31,AASEMBLEIA DE DEUS TENDA DE RANA | ASSSEMBLEIA DE DEUS TENDA DA VITORIA | ASSEMBLEAIA DE DEUS TENDA DE ADORACAO
DEUS VISAO MISSIONARIA,100409,Evangélicas de origem pentecostal - Igreja Assembléia de Deus,excecao,60,4,0.96,25,ASSSEMBLEIA DE DEUS VISAO MISSIONARIA | IGREJA ASSEMBKEIA DE DEUS VISAO MISSIONARIA | DEUS VISAO MISSIONARIA
LIVRE RENOVADA,99741,Evangélicas de Missão - Igreja Evangélica Batista,excecao,60,3,0.9412,34,IREJA BATISTA LIVRE RENOVADA DO BRASIL | IGREJA BASTISTA LIVRE RENOVADA | IGREJA LIVRE RENOVADA
DEUS MARANATA,100409,Evangélicas de origem pentecostal - Igreja Assembléia de Deus,excecao,60,2,0.9815,54,ASSENVLEIA DE DEUS MARANATA | ASSEMBREIA DE DEUS MARANATA
BATISTA JEOVA,99741,Evangélicas de Missão - Igreja Evangélica Batista,excecao,60,2,1.0,23,COMUNIDADE BATISTA JEOVA RAFHA | BATISTA JEOVA SHALOW
METODISTA RENOVADA,100405,Evangélicas de Missão - Igreja Evangélica Metodista,excecao,60,2,0.9242,66,IGRJA IGRJA METODISTA RENOVADA | ASSCIACAO EVANGELICA METODISTA RENOVADA
BATISTA PETENCOSTAL,99741,Evangélicas de Missão - Igreja Evangélica Batista,excecao,60,2,0.9697,33,IGREIJA BATISTA PETENCOSTAL FOGO DO ALTAR | BATISTA PETENCOSTAL RENOVADA
NACIONAL MISSIONARIA,99741,Evangélicas de Missão - Igreja Evangélica Batista,excecao,60,2,1.0,21,IG BATISTA NACIONAL MISSIONARIA | IGREJA NACIONAL MISSIONARIA DO EVANGELHO GRACA S PODER
DEUS MINISTERIO INTERNACIONAL,100409,Evangélicas de origem pentecostal - Igreja Assembléia de Deus,excecao,60,2,1.0,34,ASSENBLEIA DE DEUS MINISTERIO INTERNACIONAL | IGREJA ASSEMBEIA DE DEUS MINISTERIO INTERNACIONAL DO GUARA
DE DEUS UNIVERSAL,100409,Evangélicas de origem pentecostal - Igreja Assembléia de Deus,excecao,60,1,0.9697,33,IGREJA DE DEUS UNIVERSAL
ADVENTISTA RENOVADA,99739,Evangélicas de Missão - Evangélica Adventista do Sétimo Dia,excecao,60,1,1.0,20,IREJA ADVENTISTA RENOVADA
ESPIRITA SANTA,2826,Espírita,excecao,60,0,1.0,56,
TENDA ESPIRITA,2826,Espírita,excecao,60,0,0.9983,592,
CAPELA DE ORACAO,95263,Católica Apostólica Romana,excecao,60,0,1.0,60,
ORACAO ASSEMBLEIA,100409,Evangélicas de origem pentecostal - Igreja Assembléia de Deus,excecao,60,0,0.9171,181,
ORACAO DA IGREJA DE,99743,Evangélicas de Missão - outras,excecao,60,0,0.9322,59,
ORACAO DA ASSEMBLEIA,100409,Evangélicas de origem pentecostal - Igreja Assembléia de Deus,excecao,60,0,0.9608,102,
ESPIRITA JOAO BATISTA,2826,Espírita,excecao,60,0,1.0,22,
DEUS MINISTERIO JEOVA,100409,Evangélicas de origem pentecostal - Igreja Assembléia de Deus,excecao,60,0,0.9231,26,
ESPIRITA NOSSA SENHORA,2826,Espírita,excecao,60,0,1.0,57,
MISSIONARIA ASSEMBLEIA,100409,Evangélicas de origem pentecostal - Igreja Assembléia de Deus,excecao,60,0,0.9,50,
BATISTA CASA DE ORACAO,99741,Evangélicas de Missão - Igreja Evangélica Batista,excecao,60,0,1.0,29,
PETENCOSTAL DEUS E AMOR,100413,Evangélicas de origem pentecostal - Igreja Deus é Amor,excecao,60,0,1.0,338,
ESPIRITA SAO JOAO BATISTA,2826,Espírita,excecao,60,0,1.0,21,
PETENCOSTAL ASSEMBLEIA DE,100409,Evangélicas de origem pentecostal - Igreja Assembléia de Deus,excecao,60,0,0.9694,98,
ORACAO CONGREGACAO CRISTA,99746,Evangélicas de origem pentecostal - Igreja Congregação Cristã do Brasil,excecao,60,0,1.0,149,
IGREJA ASSEMBLEIA MISSIONARIA,100409,Evangélicas de origem pentecostal - Igreja Assembléia de Deus,excecao,60,0,1.0,24,
MISSIONARIA,95265,Evangélicas de origem pentecostal,marcador,50,4253,0.9405,2889,
BATISTA,99741,Evangélicas de Missão - Igreja Evangélica Batista,marcador,50,2488,0.9977,31189,
CATOLICA,95263,Católica Apostólica Romana,marcador,50,1819,1.0,39837,
INTERNACIONAL,99748,Evangélicas de origem pentecostal - outras,marcador,50,1601,0.9592,2572,
EVANGELHO,100411,Evangélicas de origem pentecostal - Igreja Evangelho Quadrangular,marcador,50,1573,0.976,6114,
QUADRANGULAR,100411,Evangélicas de origem pentecostal - Igreja Evangelho Quadrangular,marcador,50,1470,0.9993,10791,
SANTUARIO,95263,Católica Apostólica Romana,marcador,50,1313,0.901,495,
UNIVERSAL,99745,Evangélicas de origem pentecostal - Igreja Universal do Reino de Deus,marcador,50,1269,0.9895,6315,
ORACAO,95265,Evangélicas de origem pentecostal,marcador,50,1179,0.9399,6853,
SETIMO,99739,Evangélicas de Missão - Evangélica Adventista do Sétimo Dia,marcador,50,1169,0.9989,10606,
TABERNACULO,95265,Evangélicas de origem pentecostal,marcador,50,1140,0.9361,798,
ASSENBLEIA,100409,Evangélicas de origem pentecostal - Igreja Assembléia de Deus,marcador,50,820,0.9949,784,
RENOVADA,100404,Evangélicas de Missão - Igreja Evangélica Presbiteriana,marcador,50,801,0.9168,2489,
TENDA,2829,Umbanda,marcador,50,801,0.9331,1376,
JEOVA,2824,Testemunhas de Jeová,marcador,50,690,0.9941,7264,
ASSEBLEIA,100409,Evangélicas de origem pentecostal - Igreja Assembléia de Deus,marcador,50,668,1.0,647,
PETENCOSTAL,95265,Evangélicas de origem pentecostal,marcador,50,649,0.9819,4870,
PRESBITERIANA,100404,Evangélicas de Missão - Igreja Evangélica Presbiteriana,marcador,50,452,0.9988,6930,
ASEMBLEIA,100409,Evangélicas de origem pentecostal - Igreja Assembléia de Deus,marcador,50,413,1.0,334,
ASSEMBREIA,100409,Evangélicas de origem pentecostal - Igreja Assembléia de Deus,marcador,50,393,1.0,435,
NACAO,100409,Evangélicas de origem pentecostal - Igreja Assembléia de Deus,marcador,50,371,0.9395,628,
MARANATA,100414,Evangélicas de origem pentecostal - Igreja Maranata,marcador,50,316,0.978,4268,
ULTIMOS,100423,Igreja de Jesus Cristo dos Santos dos Últimos Dias,marcador,50,290,0.9379,644,
MATRIZ,95263,Católica Apostólica Romana,marcador,50,278,0.983,1768,
EVANGELIO,100411,Evangélicas de origem pentecostal - Igreja Evangelho Quadrangular,marcador,50,251,0.9586,532,
NAZARENO,99743,Evangélicas de Missão - outras,marcador,50,209,0.9633,627,
BOLA,99748,Evangélicas de origem pentecostal - outras,marcador,50,207,0.9606,127,
NEVE,99748,Evangélicas de origem pentecostal - outras,marcador,50,205,1.0,120,
TESTEMUNHA,2824,Testemunhas de Jeová,marcador,50,180,1.0,1348,
MESSIANICA,100428,Novas religiões orientais - Igreja Messiânica Mundial,marcador,50,175,0.9962,265,
METODISTA,100405,Evangélicas de Missão - Igreja Evangélica Metodista,marcador,50,174,0.9994,3095,
SARA,99748,Evangélicas de origem pentecostal - outras,marcador,50,163,0.9716,457,
WESLEYANA,100405,Evangélicas de Missão - Igreja Evangélica Metodista,marcador,50,135,0.9974,780,
CONGREGACIONAL,100406,Evangélicas de Missão - Igreja Evangélica Congregacional,marcador,50,134,0.9929,1270,
TESTEMUNHAS,2824,Testemunhas de Jeová,marcador,50,131,1.0,5648,
ROMANA,95263,Católica Apostólica Romana,marcador,50,128,0.9977,2625,
VERBO,99748,Evangélicas de origem pentecostal - outras,marcador,50,91,0.9403,385,
CONFISSAO,99740,Evangélicas de Missão - Igreja Evangélica de Missão Luterana,marcador,50,88,0.9726,292,
DO AMANHECER,2826,Espírita,ngrama,40,472,0.9032,62,TEMPLO ARFANATO DO AMANHECER | TEMPLO VALE DO AMANHECER | TEMPLO DO AMANHECER
BIBLICO,121096,Evangélica não determinada,ngrama,40,459,0.9337,483,IGREJA AVIVAMENTP BIBLICO | ESTUDO BIBLICO DA IGREJA ADVENTIST | AVIVAMENTO BIBLICO
IGREJA TABERNACULO,95265,Evangélicas de origem pentecostal,ngrama,40,434,0.972,143,IGREJA TABERNACULO APOSTOLICO DA FE | IGREJA TABERNACULO DA GRACA DE DEUS | IGREJA TABERNACULO AMOR E VIDA
PENTECOSTAL DO,95265,Evangélicas de origem pentecostal,ngrama,40,364,0.9189,752,MINISTERIO PENTECOSTAL DO AVIVAMENTO | IGREJA EVANG PENTECOSTAL DO FIM EM RENOV | IGEEJA PENTECOSTAL DO BRASIL
CRISTO DOS SANTOS,100423,Igreja de Jesus Cristo dos Santos dos Últimos Dias,ngrama,40,357,0.9956,454,IGREJA JESUS CRISTO DOS SANTOS | IGREJA DE JESUS CRISTO DOS SANTOS DOS U | IGREJA DE JESUS CRISTO DOS SANTOS ULTIMO
IGREJA AD,100409,Evangélicas de origem pentecostal - Igreja Assembléia de Deus,ngrama,40,345,1.0,50,IGREJA AD ESPERANCA | IGREJA AD BRAS JD OLINDA | IGREJA AD NACAO PROFETICA
CENTRO PASTORAL,95263,Católica Apostólica Romana,ngrama,40,328,0.9833,60,CENTRO PASTORAL DOM BERNARDO JOSE NOLKER | CENTRO PASTORAL SAO CAMILO | CENTRO PASTORAL IRMAO AMADO
LUTERANA,121096,Evangélica não determinada,ngrama,40,308,0.9009,111,IGREJA EVANGEL LUTERANA NO BRASIL | IGREJA DA RENOVACAO LUTERANA DO BRAS | IGREJA DE CONFISSAO LUTERANA
DEUS PENTECOSTAL,100409,Evangélicas de origem pentecostal - Igreja Assembléia de Deus,ngrama,40,298,0.9793,822,IGREJA DE DEUS PENTECOSTAL AGUAS VIVAS | ANTIGA PODER DE DEUS PENTECOSTAL | ASSENBLEIA DE DEUS PENTECOSTAL MINISTERIO JESUS DE NAZARE TEMPLO SEDE
DOS SANTOS DOS,100423,Igreja de Jesus Cristo dos Santos dos Últimos Dias,ngrama,40,295,0.9864,514,IGREJA DE JESUS CRISTO DOS SANTOS DOS U | IGREJA DE JESUS DOS SANTOS DOS ULTIMOS D | A IGREJA DE JESUS CRISTO DOS SANTOS DOS ULTUMOS DIAS
CONG,100409,Evangélicas de origem pentecostal - Igreja Assembléia de Deus,ngrama,40,267,0.9269,506,CONG NOVA JERUSALEM | ASSEMBLEA DE DEUS CONG MARANATA | ASS DE DEUS CONG NOVA BETEL
MACUMBA,2827,Umbanda e Candomblé,ngrama,40,217,0.9277,83,ESTABELECIMENTO MACUMBA | CENTRO DE MACUMBA | ANTIGO CENTRO DE MACUMBA
FRATERNIDADE,2826,Espírita,ngrama,40,208,0.947,528,IGREJA FRATERNIDADE | IGREJA FRATERNIDADE DOS DISCIPULOS DE JE | FRATERNIDADE SAGRADO CORACAO DE JESUS
IGREJA ENVANGELICA,100409,Evangélicas de origem pentecostal - Igreja Assembléia de Deus,ngrama,40,199,0.9048,42,IGREJA ENVANGELICA PALAVRA DE VIDA | IGREJA ENVANGELICA | IGREJA ENVANGELICA SANTUARIO DE ORACAO
EVANGELUCA,100409,Evangélicas de origem pentecostal - Igreja Assembléia de Deus,ngrama,40,181,0.9,30,IGREJA EVANGELUCA JUSTOS PELA FE | IG EVANGELUCA ASSEBLEIA DE DEUS RENASCENDO COM CRISTO | IGREJA EVANGELUCA PENTECOSTAL CHAM DIVINA
SOCIEDADE,2826,Espírita,ngrama,40,180,0.9669,695,SOCIEDADE AFRO UMBANDISTA REINO DE XANGO AGANJU | SOCIEDADE SAO MARCOS | SOCIEDADE ESPIRITUALISTA MATA VIRGEM
CATOLICA SAO,95263,Católica Apostólica Romana,ngrama,40,169,0.9995,2133,IGREJA COMUNIDADE CATOLICA SAO BERNARDO | COMUNIDADE CATOLICA SAO SEBASTIAO | CATOLICA SAO FRANCISCO DE ASSIS
UNIDA DO,95265,Evangélicas de origem pentecostal,ngrama,40,137,0.9779,587,IGREJA PENTESCOSTAL UNIDA DO BRASIL | IGREJA UNIDA DO RESSACA | IGREJA UNIDA DO MUNDO PARA CRISTO
CRISTAN,99746,Evangélicas de origem pentecostal - Igreja Congregação Cristã do Brasil,ngrama,40,129,0.9613,155,IGREJA CRISTAN MARANATA | CONGRESSAO CRISTAN NO BRASIL | CONGRECAO CRISTAN
OBRA DA RESTAURACAO,121096,Evangélica não determinada,ngrama,40,124,0.9143,35,IGREJA EV NA OBRA DA RESTAURACAO | IGREJA EM JARDIM DO LAGO NA OBRA DA RESTAURACAO | IGREJA EM MARILIA NA OBRA DA RESTAURACAO
IGREJA MAE,100409,Evangélicas de origem pentecostal - Igreja Assembléia de Deus,ngrama,40,123,0.9375,32,IGREJA MAE DO PERPETUO SOCORRO | IGREJA MAE CONGREGACAO MONTE DAS OLIVEIRAS | IGREJA MAE RAINHA 3X ADIMIRAVEL
PENTECOSTAL DA,95265,Evangélicas de origem pentecostal,ngrama,40,119,0.9308,419,IGREJA DO MINISTERIO PENTECOSTAL DA PAZ | IGREJA EVAGELICA PENTECOSTAL DA RENOVACAO | MINISTERIO PENTECOSTAL DA PROMESSA DE DEUS
PENTECOSTAL JESUS,95265,Evangélicas de origem pentecostal,ngrama,40,109,0.9868,1216,MINISTERIO PENTECOSTAL JESUS E VIDA | MINISTERIO ENVANGELICO PENTECOSTAL JESUS O PAO DA VIDA | IGREJA EVAGELICA PENTECOSTAL JESUS E O C
GEOVA,2824,Testemunhas de Jeová,ngrama,40,104,0.9348,92,HIGREJA TESTEMUINH0 DE GEOVA | SALAO TESTEMUNHA GEOVA | IGREJA TEST GEOVA
BATISTA DA,99741,Evangélicas de Missão - Igreja Evangélica Batista,ngrama,40,85,0.9851,1141,CONGREGASAO BATISTA DA FE | MINISTERIO BATISTA DA ADORACAO | IGREJA INTERNACIONAL BATISTA DA FE
PENTECOSTAL DE,95265,Evangélicas de origem pentecostal,ngrama,40,85,0.9546,749,IGREJA EV PENTECOSTAL DE JESUS | TEMPLO PENTECOSTAL DE MISSOES | IGREJA MINISTERIO PENTECOSTAL DE ADORADORES
BATISTA DO,99741,Evangélicas de Missão - Igreja Evangélica Batista,ngrama,40,80,0.98,998,IGREJA MINISTERIO BATISTA DO ARVOREDO | CONGREGAO BATISTA DO CAMINHO | COMUNIDADE RENOVADA BATISTA DO NORTE CORBAN
BATISTA NACIONAL,99741,Evangélicas de Missão - Igreja Evangélica Batista,ngrama,40,76,0.9982,1110,CATEDRAL BATISTA NACIONAL | CONVENCAO BATISTA NACIONAL BAHIA | BATISTA NACIONAL MISSAO GUIA
IGREIJA EVANGELICA,100409,Evangélicas de origem pentecostal - Igreja Assembléia de Deus,ngrama,40,72,0.9375,32,IGREIJA EVANGELICA PETENCOSTAL MINISTEIRO REI DAS NACOES | IGREIJA EVANGELICA ASEMBLEIA DE DEUS | IGREIJA EVANGELICA FOGO DO ESPIRITO
TERREIRA,2829,Umbanda,ngrama,40,70,0.9,30,CASA DE TERREIRA | SALAO TERREIRA | TERREIRA OGUM AVAGAN
BATISTA NOVA,99741,Evangélicas de Missão - Igreja Evangélica Batista,ngrama,40,69,0.9905,842,IGREJA COMUNIDADE EVANGELICA BATISTA NOVA ESPERANCA DA FAMILIA | CONGREGACAO EVANGELICA BATISTA NOVA ESPERANCA | IGEJA BATISTA NOVA JESUSALEM
LUTERANA DO,100403,Evangélicas de Missão - Igreja Evangélica Luterana,ngrama,40,67,0.9362,580,IGREJA DA RENOVACAO LUTERANA DO BRAS | IGREJA IECLB LUTERANA DO BRASIL | ULBRA UNIVERSIDADE LUTERANA DO BRASIL
DEUS MONTE,100409,Evangélicas de origem pentecostal - Igreja Assembléia de Deus,ngrama,40,66,0.9798,842,ASS DE DEUS MONTE SINAI | ASSEM DE DEUS MONTE SINAI | ASSEBLEIA DE DEUS MONTE DAS OLIVEIRAS
JERUSALEM DE,95265,Evangélicas de origem pentecostal,ngrama,40,66,0.9273,110,IGREJA NOVA JERUSALEM DE CRISTO | PETENCOSTAL NOVA JERUSALEM DE DEUS | PENTECOSTAL NOVA JERUSALEM DE DEUS
DO BELEM,100409,Evangélicas de origem pentecostal - Igreja Assembléia de Deus,ngrama,40,65,0.9515,309,AD MINISTERIO DO BELEM | ASEMBLEIA DE DEUS MINISTEIRO DO BELEM | IGREJA MISTERIO DO BELEM
CATOLICA SANTA,95263,Católica Apostólica Romana,ngrama,40,65,1.0,828,COMUNIDADE CATOLICA SANTA MARIA | COMUNIDADE CATOLICA SANTA ROSA DE LIMA | IGEJA CATOLICA SANTA RITA DE CASSIA
MONTESE,100409,Evangélicas de origem pentecostal - Igreja Assembléia de Deus,ngrama,40,59,0.9404,151,MONTESE | MINISTERIO ATHOS DA CRUZ MONTESE | IGREJA ASSENBLEA DE DEUS MONTESE
UNIVERSAL JESUS,99745,Evangélicas de origem pentecostal - Igreja Universal do Reino de Deus,ngrama,40,55,0.9935,155,UNIVERSAL JESUS CRISTO E NOSSO SENHOR | UNIVERSAL JESUS E O SENHOR | UNIVERSAL JESUS CRISTO E O SENHOR
CRISTA PRESBITERIANA,121096,Evangélica não determinada,ngrama,40,55,0.9394,33,IGREJA CRISTA PRESBITERIANA MISSIONARIA | IIGREJA CRISTA PRESBITERIANA | IGREJA CRISTA PRESBITERIANA ETIOQUIA
EVANGELICA BETEL,121096,Evangélica não determinada,ngrama,40,54,1.0,93,IGREJA MISSIONARIA EVANGELICA BETEL BRASILEIRO | IGREJA COMUNIDADE EVANGELICA BETEL | COMUNIDADE EVANGELICA BETEL
DE MINA,2827,Umbanda e Candomblé,ngrama,40,53,0.9565,69,TERREINO DE MINA SOL NASCENTE | CASA DE MINA | BARRACO DE MINA
EVANGELICA RENOVADA,121096,Evangélica não determinada,ngrama,40,53,1.0,58,IGREIJA CRISTA EVANGELICA RENOVADA MINISTERIO BOAS NOVAS | COMUNIDADE EVANGELICA RENOVADA EM CRISTO | IGREJA CRISTA EVANGELICA RENOVADA MIN BOAS NOVAS
LAR DE,2826,Espírita,ngrama,40,51,0.94,50,LAR DE APOIO DO SANTUARIO | LAR DE AUXILIO ESPIRITUAL RAIOS DE LUZ | LAR DE PAZ IGEJA EVANGELICA
PENTECOSTAL A,95265,Evangélicas de origem pentecostal,ngrama,40,51,0.9924,525,CONGRGACAO PENTECOSTAL A VERDADE QUE LIBERTA | IGRJA DO EVANGELHO PENTECOSTAL A MENINA DOS OLHOS DE DEUS | TEMPLO PENTECOSTAL A NOVA CANAA EM CRISTO
DE CAMDOMBLE,2827,Umbanda e Candomblé,ngrama,40,50,0.9512,41,CASA DE CAMDOMBLE | CASA DE CAMDOMBLE NACAO QUETU | CASA DE CAMDOMBLE DE MARIVALDO
DE DEUS MISSIONARIA,100409,Evangélicas de origem pentecostal - Igreja Assembléia de Deus,ngrama,40,49,0.981,369,IGREJA DE DEUS MISSIONARIA IDEM | IGREJA PENT ASS DE DEUS MISSIONARIA | IGREJA DE DEUS MISSIONARIA MUNDIAL
BATISTA EM,99741,Evangélicas de Missão - Igreja Evangélica Batista,ngrama,40,48,0.9847,1045,MISSAO BATISTA EM BOTAFOGO | MISSAO BATISTA EM RENOVACAO ESPIRITUAL | IGREJA MISSAO BATISTA EM JACI
TRADICIONAL,100409,Evangélicas de origem pentecostal - Igreja Assembléia de Deus,ngrama,40,47,0.9276,525,IGREJA TRADICIONAL | IGREJA TRADICIONAL NOVA JERUSALEM | ASSEMBREIA DE DEUS TRADICIONAL
PRESBITERIANA DO,100404,Evangélicas de Missão - Igreja Evangélica Presbiteriana,ngrama,40,46,0.9853,136,IGREIJA PRESBITERIANA DO BRASIL | IGUEJA PRESBITERIANA DO BRASIL | IGTEJA PRESBITERIANA DO BRASIL
PENTECOSTAL MINISTERIO,95265,Evangélicas de origem pentecostal,ngrama,40,46,0.9133,623,IGRE PENTECOSTAL MINISTERIO DE JESUS | ASSENBLEIA DE DEUS PENTECOSTAL MINISTERIO JESUS DE NAZARE TEMPLO SEDE | IGREJA CRISTA PENTECOSTAL MINISTERIO NOVO AMANHECER
PENTECOSTAL NOVA,95265,Evangélicas de origem pentecostal,ngrama,40,45,0.9504,564,COMUNIDADE EVANGELICA PENTECOSTAL NOVA ALIANCA COM DEUS | IGREJA INTERNACIONAL PENTECOSTAL NOVA AL | MINISTERIO PENTECOSTAL NOVA GERACAO
FAMILIA GLOBAL,100411,Evangélicas de origem pentecostal - Igreja Evangelho Quadrangular,ngrama,40,44,0.9778,45,FAMILIA GLOBAL CHURCH LIMEIRA | QUADRANGULAR FAMILIA GLOBAL | FAMILIA GLOBAL CHURCH
UNGIDA,95265,Evangélicas de origem pentecostal,ngrama,40,43,0.9784,139,IGRGREJA PENTENCOSTAL UNGIDA | COMUNIDADE EVAMGELICA UNGIDA | CONGREGACAO PENTECOSTAL UNGIDA
DEUS MIN,100409,Evangélicas de origem pentecostal - Igreja Assembléia de Deus,ngrama,40,43,0.9913,459,ASS DE DEUS MIN ARVORE DA VIDA | ADMUG ASS DE DEUS MIN UNCAO E GRACA | ASS DE DEUS MIN UNIDAS PELA FE
BATISTA DE,99741,Evangélicas de Missão - Igreja Evangélica Batista,ngrama,40,43,0.9672,824,COMUNIDADE BATISTA DE GUARATIBA | BATISTA DE REGISTRO COMUNIDADE CRISTA | FEIRACONGREGACAO DA 1 IGR BATISTA DE
MARIA DE NAZARE,2826,Espírita,ngrama,40,43,0.9098,122,CONGREGACAO MARIA DE NAZARE | COMUNIDADE MARIA DE NAZARE | CASA DE AMOR E FE MARIA DE NAZARE
CHICO,2826,Espírita,ngrama,40,42,0.9611,180,VELHO CHICO | CASA DE ASSISTENCIA CHICO XAVIER | NAECX NUCLEO DE ASSISTENCIA ESPIRITUAL CHICO XAVIER
E CARIDADE,2826,Espírita,ngrama,40,42,0.9414,307,S E AMOR E CARIDADE | ESPACO LUZ E CARIDADE | IRMAS FRANCISCANAS DA PENITENCIA E CARIDADE CRISTA
IGREJA SARA,99748,Evangélicas de origem pentecostal - outras,ngrama,40,42,1.0,175,IGREJA SARA CAMAPUA | IGREJA SARA O NOSSO VALE | IGREJA SARA
ADVENTISTA DA,99739,Evangélicas de Missão - Evangélica Adventista do Sétimo Dia,ngrama,40,40,0.9936,783,TEMPLO ADVENTISTA DA PROMESSA | CONVENCAO GERAL DAS IGREJAS ADVENTISTA DA PROMESSA | IGREJA TEMPLO ADVENTISTA DA PROMESSA
ANAPOLIS,100409,Evangélicas de origem pentecostal - Igreja Assembléia de Deus,ngrama,40,39,0.9269,301,ASS DE DEUS DE ANAPOLIS | IGREJA EM ANAPOLIS | CENTRO EMPRESARIAL ANAPOLIS
CAMPO DE,100409,Evangélicas de origem pentecostal - Igreja Assembléia de Deus,ngrama,40,37,0.9116,147,BARRACAO DE FESTA E CAMPO DE BOCHA DA COMUNIDADE | ASS DE DEUS CAMPO DE D DE CAXIAS | ASSDE DEUS CAMPO DE BANGU
PENTECOSTAL CRISTO,95265,Evangélicas de origem pentecostal,ngrama,40,37,0.9852,406,MINISTERIO PENTECOSTAL CRISTO E VIDA | PENTECOSTAL CRISTO SALVACAO | COMUNIDADE PENTECOSTAL CRISTO VIVE EM MIM
CATOLICA DE,95263,Católica Apostólica Romana,ngrama,40,36,1.0,869,COMUNIDADE CATOLICA DE SANTA LUZIA | IGLEJA CATOLICA DE SANTO ANTONIO | IGRJA CATOLICA DE SAO FRANCISCO DE ASSIS
BATISTA BETEL,99741,Evangélicas de Missão - Igreja Evangélica Batista,ngrama,40,36,0.9752,444,IGREJA EV BATISTA BETEL | COMUNIDADE BATISTA BETEL | IG BATISTA BETEL
CATOLICA SANTO,95263,Católica Apostólica Romana,ngrama,40,36,1.0,402,IBGEJA CATOLICA SANTO ANTONIO | CATOLICA SANTO EXPEDITO | COMUNIDADE CATOLICA SANTO ANTONIO DA CANDOLANDIA
EVANGELICA FILADELFIA,121096,Evangélica não determinada,ngrama,40,36,1.0,96,COMUNIDADE EVANGELICA FILADELFIA | IGREJA CRISTA EVANGELICA FILADELFIA | IGREJA MISSIONARIA EVANGELICA FILADELFIA
IEADALPE,100409,Evangélicas de origem pentecostal - Igreja Assembléia de Deus,ngrama,40,35,0.9722,36,IGREJA IEADALPE | IEADALPE | IEADALPE BELA VISTA
ASSISTENCIAL,2826,Espírita,ngrama,40,35,0.9677,62,ALBERGUE ASSISTENCIAL MISSAO BATISTA CRISTOLANDIA | SOCIEDADE ASSISTENCIAL ESPIRITS | SERVICO ASSISTENCIAL JOVENS
MOVIMENTO DE,99739,Evangélicas de Missão - Evangélica Adventista do Sétimo Dia,ngrama,40,35,0.9,50,IGREJA CONGREGACAO DOS ADVENTISTAS DO 7 DIA MOVIMENTO DE REFORMA | TEMPLO ADIVENTISTA DO 7 DIA MOVIMENTO DE REFORMA | EDICAO SOCIAL HAQUARA MOVIMENTO DE ESPIRITO SANTO
EVANGELICA MONTE,121096,Evangélica não determinada,ngrama,40,35,0.9933,149,IGREJ EVANGELICA MONTE SINAI | CONGREGACAO EVANGELICA MONTE CARMELO | IGEJA EVANGELICA MONTE SIAO
ADVENTISTA SETIMO,99739,Evangélicas de Missão - Evangélica Adventista do Sétimo Dia,ngrama,40,35,1.0,330,ADVENTISTA SETIMO DIA | INGREJA ADVENTISTA SETIMO DIA | IGRJA ADVENTISTA SETIMO DIA
DEUS PENTENCOSTAL,100409,Evangélicas de origem pentecostal - Igreja Assembléia de Deus,ngrama,40,35,0.96,75,IGREJA DE DEUS PENTENCOSTAL | IDPB IGREJA DE DEUS PENTENCOSTAL DO BRASIL | IGREJA COM DEUS PENTENCOSTAL
EVANGELICA BATISTA,121096,Evangélica não determinada,ngrama,40,35,0.9978,455,IGREJA MISSAO EVANGELICA BATISTA | COMUNIDADE EVANGELICA BATISTA | CONGREGACAO EVANGELICA BATISTA UNIDOS EM CRISTO
EVANGELICA FONTE,121096,Evangélica não determinada,ngrama,40,34,1.0,121,COMUNIDADE EVANGELICA FONTE AGUA VIVA | CEFA COMUNIDADE EVANGELICA FONTE DAS AGUAS | COMUNIDADE EVANGELICA FONTE DAS AGUIAS
DE DEUS PETENCOSTAL,100409,Evangélicas de origem pentecostal - Igreja Assembléia de Deus,ngrama,40,34,0.9691,97,ASSENBLEIA DE DEUS PETENCOSTAL | A BENCAO DE DEUS PETENCOSTAL | IGREJA DE DEUS PETENCOSTAL DO BRASIL EL ELYON
DEUS MISSOES,100409,Evangélicas de origem pentecostal - Igreja Assembléia de Deus,ngrama,40,33,0.9898,587,IGREJA ASS DEUS MISSOES | IGREJA ASSEMBEIA DE DEUS MISSOES | ASSEMBREIA DE DEUS MISSOES
DIA MOVIMENTO,99739,Evangélicas de Missão - Evangélica Adventista do Sétimo Dia,ngrama,40,33,0.9808,52,TEMPLO ADV DO SETIMO DIA MOVIMENTO D REFORM | IGREJA CONGREGACAO DOS ADVENTISTAS DO 7 DIA MOVIMENTO DE REFORMA | TEMPLO ADIVENTISTA DO 7 DIA MOVIMENTO DE REFORMA
DEUS AVIVAMENTO,100409,Evangélicas de origem pentecostal - Igreja Assembléia de Deus,ngrama,40,33,0.9565,69,IDAP IGREJA DE DEUS AVIVAMENTO E PAZ | IDAB IGREJA DE DEUS AVIVAMENTO BIBLICO | IGREJA DE DEUS AVIVAMENTO BIBLICO FECHADA
MINISTERIO BELEM,100409,Evangélicas de origem pentecostal - Igreja Assembléia de Deus,ngrama,40,33,0.9494,257,ASSSEMBLEIA DE DEUS MINISTERIO BELEM | ASSEMBKEIA DE DEUS MINISTERIO BELEM CAMPO 1207 | AF MINISTERIO BELEM
PRESBITERIANA DE,100404,Evangélicas de Missão - Igreja Evangélica Presbiteriana,ngrama,40,33,0.9951,409,CONGREGACAO PRESBITERIANA DE NOVA FATIMA | CONGREGACAO PRESBITERIANA DE LAJE GRANDE | IV IGREHA PRESBITERIANA DE PATOS DE MINAS
PENTECOSTAL MONTE,95265,Evangélicas de origem pentecostal,ngrama,40,33,0.9563,252,MINISTERIO PENTECOSTAL MONTE MORIA | MINISTERIO PENTECOSTAL MONTE OLIVEIRAS | BATISTA PENTECOSTAL MONTE DAS OLIVEIRAS
EVANGELICA ALIANCA,121096,Evangélica não determinada,ngrama,40,33,1.0,163,COMUNIDADE EVANGELICA ALIANCA COM DEUS | MISSAO EVANGELICA ALIANCA | IGREJA COMUNIDADE EVANGELICA ALIANCA DE DEUS
DE DEUS INTERNACIONAL,100409,Evangélicas de origem pentecostal - Igreja Assembléia de Deus,ngrama,40,33,1.0,82,IGREJA ASENBLEIA DE DEUS INTERNACIONAL | IGREJA DE DEUS INTERNACIONAL LANCHONETE | MIDI MEMBROS DA IGREJA DE DEUS INTERNACIONAL
EVANGELICA NOVA ALIANCA,121096,Evangélica não determinada,ngrama,40,33,1.0,164,COMUNIDADE EVANGELICA NOVA ALIANCA | COMUNIDADE EVANGELICA NOVA ALIANCA CRISTO | COMUNIDADE EVANGELICA NOVA ALIANCA BRASILEIRA
BEZERRA,2826,Espírita,ngrama,40,32,0.9769,216,INSTITUTO DR BEZERRA DE MENEZES | LAR BEZERRA DE MENEZES | ESTACIONAMENTO DO BEZERRA DE MENEZES
FUNDACAO,2826,Espírita,ngrama,40,32,0.9091,33,FUNDACAO OBRAS DE ACACIAS MACONARIA | FUNDACAO JOAQUIM MOTTA | FUNDACAO MOKITI OKADA
EVANGELICA PALAVRA,121096,Evangélica não determinada,ngrama,40,31,1.0,139,COMUNIDADE EVANGELICA PALAVRA DE LIBERTACAO | COMUNIDADE EVANGELICA PALAVRA CHAVE | IGREJA MISSAO EVANGELICA PALAVRA VIVA
MENEZES,2826,Espírita,ngrama,40,30,0.9704,203,INSTITUTO DR BEZERRA DE MENEZES | LAR BEZERRA DE MENEZES | ESTACIONAMENTO DO BEZERRA DE MENEZES
DA LAGOINHA,99741,Evangélicas de Missão - Igreja Evangélica Batista,ngrama,40,30,0.9791,239,ACAO SOCIAL DA IGREJA ATISTA DA LAGOINHA | IGREJA E M E DA LAGOINHA | IGREJA BAT DA LAGOINHA
EVANGELICA EL,121096,Evangélica não determinada,ngrama,40,30,0.9861,72,MISSAO EVANGELICA EL SHADDAI | EVANGELICA EL CHADAI | IGGREJA EVANGELICA EL SHADAI
FAMA,100409,Evangélicas de origem pentecostal - Igreja Assembléia de Deus,ngrama,40,29,0.942,138,CANTINA MINISTERIO FAMA | ASSEBLEIA DE DEUS MINISTERIO FAMA | IGREJA CRISTA EVANGELICA FAMA
CASA DO CAMINHO,2826,Espírita,ngrama,40,29,0.978,91,INSTITUICAO CASA DO CAMINHO | NOSSA CASA DO CAMINHO | SEARA CASA DO CAMINHO
TEST,2824,Testemunhas de Jeová,ngrama,40,28,1.0,30,IGREJA TEST JEOVA | IGREJA TEST GEOVA | SALAO REINO TEST GEOVA
DE REFORMA,99739,Evangélicas de Missão - Evangélica Adventista do Sétimo Dia,ngrama,40,28,0.9773,44,IGREJA CONGREGACAO DOS ADVENTISTAS DO 7 DIA MOVIMENTO DE REFORMA | TEMPLO ADIVENTISTA DO 7 DIA MOVIMENTO DE REFORMA | GRUPO ADVENTISTA DO SETIMO DIA MOVIMENTO DE REFORMA
BATISTA VIDA,99741,Evangélicas de Missão - Igreja Evangélica Batista,ngrama,40,28,0.9905,211,COMUNIDADE BATISTA VIDA NOVA | OMUNIDADE BATISTA VIDA NO ENCONTRO | MINISTERIO BATISTA VIDA E PAZ
EVANGELICA FAMILIA,121096,Evangélica não determinada,ngrama,40,28,1.0,123,COMUNIDADE EVANGELICA FAMILIA DE DEUS | COMUNIDADE EVANGELICA FAMILIA C2 EDIFICANDO OS ALICERCES DA FAMILIA | IG EVANGELICA FAMILIA BOAS NOVAS
APOSTOLICA DO,95265,Evangélicas de origem pentecostal,ngrama,40,26,0.913,115,OMUNIDADE APOSTOLICA DO EVANGELHO PLENO | CASA APOSTOLICA DO AVIVAMENTO | APOSTOLICA DO CORDEIRO
MINISTERIO DE BELEM,100409,Evangélicas de origem pentecostal - Igreja Assembléia de Deus,ngrama,40,26,0.9134,127,IGRJA EVANGELICA MINISTERIO DE BELEM | IGREJA MINISTERIO DE BELEM CASA DO PAO | IGREJA MINISTERIO DE BELEM E SORVETERIA
PERUS,100409,Evangélicas de origem pentecostal - Igreja Assembléia de Deus,ngrama,40,25,0.9635,219,ASSEMBLEI DE DEUS M8NISTERIO DE PERUS | A D PERUS | IEAD PERUS
REGULAR,99741,Evangélicas de Missão - Igreja Evangélica Batista,ngrama,40,25,0.9866,374,TEMPLO DA IGREJA REGULAR | ACAPAMENTO BATISTA REGULAR HEBROM | IGREJA BSTISTA REGULAR DA FE
HOLINESS,121096,Evangélica não determinada,ngrama,40,25,0.9333,30,IGREJA MISSIONARIA HOLINESS | IGREJA EVANGELISCA HOLINESS | SEHAM SEMINARIO EVANGELICO HOLINESS DO AMAZONAS
EVANGELICA PROJETO,121096,Evangélica não determinada,ngrama,40,25,1.0,53,COMUNIDADE EVANGELICA PROJETO | COMUNIDADE EVANGELICA PROJETO VIDA EM CRISTO | COMUNIDADE EVANGELICA PROJETO VIDA EM CR
MATRIZ DE,95263,Católica Apostólica Romana,ngrama,40,24,1.0,248,MATRIZ DE SAO JOAO BATISTA | IGREJA DA MATRIZ DE SAO SEBASTIAO | MATRIZ DE SAO FRANCISCO DE ASSIS
IGREJA VERBO,99748,Evangélicas de origem pentecostal - outras,ngrama,40,24,1.0,219,IGREJA VERBO DIVINO | IGREJA VERBO SANTO | IGREJA VERBO VIVO
BATISTA MONTE,99741,Evangélicas de Missão - Igreja Evangélica Batista,ngrama,40,24,0.9826,345,CONG BATISTA MONTE SINAI | IGJA BATISTA MONTE DAS OLIVEIRAS | MINISTERIO BATISTA MONTE MORIAH
CAMINHO DA LUZ,2826,Espírita,ngrama,40,24,0.9281,153,PROPRIEDADE TEMPLO CAMINHO DA LUZ | COMUNIDADE CRISTA CAMINHO DA LUZ | CENTRO CAMINHO DA LUZ
BATISTA SHALOM,99741,Evangélicas de Missão - Igreja Evangélica Batista,ngrama,40,24,0.9157,83,BATISTA SHALOM | COMUNIDADE BATISTA SHALOM JESUS TE AMA | IGREJA COMUNUDADE BATISTA SHALOM
MINISTERIO VILA,100409,Evangélicas de origem pentecostal - Igreja Assembléia de Deus,ngrama,40,24,0.9551,89,ASSEMBLEUA DE DEUS MINISTERIO VILA ESPERANCA | IGREJA MINISTERIO VILA RIO | ASSEB DE DEUS MINISTERIO VILA BELA
PENTECOSTAL VIDA,95265,Evangélicas de origem pentecostal,ngrama,40,24,0.943,158,MINISTERIO EVANGELICO PENTECOSTAL VIDA EM CRISTO | ESCRITORIO IGREJA EV PENTECOSTAL VIDA PARA CRISTO | CATEDRAL PENTECOSTAL VIDA ABUNDANTE
PENTECOSTAL UNIDOS,95265,Evangélicas de origem pentecostal,ngrama,40,24,0.9825,228,PENTECOSTAL UNIDOS PARA CRISTO | MINISTERIO PENTECOSTAL UNIDOS PELA FE | IGEJA PENTECOSTAL UNIDOS EM CRISTO
EVANGELICA MANANCIAL,121096,Evangélica não determinada,ngrama,40,24,1.0,102,IGREJA COMUNIDADE EVANGELICA MANANCIAL DA VIDEIRA | COMUNIDADE EVANGELICA MANANCIAL DE BENCAOS | COMUNIDADE EVANGELICA MANANCIAL DE VIDA
SETA,100409,Evangélicas de origem pentecostal - Igreja Assembléia de Deus,ngrama,40,22,0.9053,95,ASSEBLEI DE DEUS CIA DE SETA | AD SETA | ASS DE DEUS SETA
DEUS CAMPO,100409,Evangélicas de origem pentecostal - Igreja Assembléia de Deus,ngrama,40,22,0.9906,318,PONTO DE PREGACAO ASSEMBEIA DE DEUS CAMPO NOVO DO JORDAO | ASS DE DEUS CAMPO DE D DE CAXIAS | ASSDE DEUS CAMPO DE BANGU
PENTECOSTAL FOGO,95265,Evangélicas de origem pentecostal,ngrama,40,22,0.9109,202,MINISTERIO PENTECOSTAL FOGO SANTO | IGTEJA PENTECOSTAL FOGO NA TERRA | IGREJA EVAGELICA PENTECOSTAL FOGO NA ROCHA
IGREJA DOS SANTOS,100423,Igreja de Jesus Cristo dos Santos dos Últimos Dias,ngrama,40,22,1.0,39,IGREJA DOS SANTOS ULTIMOS DIAS | IGREJA DOS SANTOS REIS E SAGRADA FAMILIA | IGREJA DOS SANTOS MISTERIO DO PODER DE DEUS
RENOVACAO ESPIRITUAL,99741,Evangélicas de Missão - Igreja Evangélica Batista,ngrama,40,22,0.9444,90,MISSAO BATISTA EM RENOVACAO ESPIRITUAL | IGREJA RENOVACAO ESPIRITUAL | IGREJA BAISTA DA RENOVACAO ESPIRITUAL
EVANGELICA PENTENCOSTAL,121096,Evangélica não determinada,ngrama,40,22,0.9867,225,EVANGELICA PENTENCOSTAL VIVER PARA CRISTO | IGREJA MISSAO EVANGELICA PENTENCOSTAL DO BRASIL | COMUNIDADE EVANGELICA PENTENCOSTAL DA RESTAURACAO
PENTECOSTAL MISSIONARIA,95265,Evangélicas de origem pentecostal,ngrama,40,22,0.9288,323,IGREJ PENTECOSTAL MISSIONARIA TABERNACULO DO SENHOR JESUS | IGLEJA PENTECOSTAL MISSIONARIA | PENTECOSTAL MISSIONARIA SALVACAO EM CRISTO
DA PRECE,2826,Espírita,ngrama,40,21,0.9062,32,TABERNACULO DA PRECE PODEROSA | CASA DA PRECE FRANCISCO E MARIA DE NAZARE | IGREJA COMUNIDADE DA PRECE PODEROSA
DEUS E ESPIRITO,121096,Evangélica não determinada,ngrama,40,21,0.9714,35,IGREJA DEUS E ESPIRITO | IGREJA EV DEUS E ESPIRITO | IGEJA EVANGELICA DEUS E ESPIRITO
PENTECOSTAL PODER,95265,Evangélicas de origem pentecostal,ngrama,40,21,0.9859,142,IGREJA EBANGELICA PENTECOSTAL PODER MARAVILHAS DE JESUS | PENTECOSTAL PODER DO ESPIRITO SANTO | MINISTERIO PENTECOSTAL PODER DE DEUS PARA TODOS
KARDEC,2826,Espírita,ngrama,40,20,0.9921,252,GRUPO DE ESTUDOS ALAN KARDEC | SAES ALLAN KARDEC | CENTRO DE ESTUDOS ALLAN KARDEC
VEGETAL,2826,Espírita,ngrama,40,20,1.0,90,UNIAO DO VEGETAL CAMINHO DO MESTRE | IGREJA UNIAO DO VEGETAL | CENTRO ESP BENEF UNIAO DO VEGETAL
O BRASIL P,95265,Evangélicas de origem pentecostal,ngrama,40,20,0.9032,31,CONGREGACAO EVANGELICA PENTECOSTAL O BRASIL P | ESTACIOMENTO DA IGREJA O BRASIL P CRISTO | IGREJA O BRASIL P CRISTO
MATO GROSSO,100409,Evangélicas de origem pentecostal - Igreja Assembléia de Deus,ngrama,40,20,0.9,30,AD NOBRES IGREJA DA FAMILIAEM MATO GROSSO | IGREJA FAMILIA MATO GROSSO | IGREJA AD A IGREJA DA FAMILIA EM MATO GROSSO
EVANGELICA LUZ,121096,Evangélica não determinada,ngrama,40,20,1.0,154,MISSAO EVANGELICA LUZ PARA AS NACOES | CELNA COMUNIDADE EVANGELICA LUZ DAS NACO | MISSAO ORDEM CRUZADA CATOLICA APOSTOLICA E EVANGELICA LUZ AMOR VERDADE
PENTECOSTAL RESGATANDO,95265,Evangélicas de origem pentecostal,ngrama,40,20,0.9829,117,MINISTERIO PENTECOSTAL RESGATANDO VIDAS | PENTECOSTAL RESGATANDO VIDAS | IGREJA MISSIONARIA DE JESUS CRISTO PENTECOSTAL RESGATANDO VIDAS
NOSSA,95263,Católica Apostólica Romana,hagionimo,20,4397,0.9141,3831,IGREJA NOSSA SRA DE LAMPADOZA | IGREJA NOSSA SRA DAS GRACAS | IGREJA NOSSA FAMILIA EM CRISTO
SENHORA,95263,Católica Apostólica Romana,hagionimo,20,3834,0.9973,14329,
SANTA,95263,Católica Apostólica Romana,hagionimo,20,2675,0.9685,7816,
APARECIDA,95263,Católica Apostólica Romana,hagionimo,20,1483,0.9914,4048,IGREJA NSA SRA DE APARECIDA | IGREJA NOSSA SR APARECIDA | IGREJA COM NSSA SENHORA APARECIDA
JOSE,95263,Católica Apostólica Romana,hagionimo,20,1139,0.9362,3681,IGREJA DE SAO JOSE | CONGREGACAO JARDIM DOM JOSE | IGREJA SA JOSE
ANTONIO,95263,Católica Apostólica Romana,hagionimo,20,1049,0.9503,3239,IGREJA DO COLEGIO STO ANTONIO | IGREJA DO SANTO ANTONIO | COMUNIDADE SANTO ANTONIO MARIA CLARET
CORACAO DE,95263,Católica Apostólica Romana,hagionimo,20,1029,0.9128,608,IGREJA SAGRADO CORACAO DE JESUS | IGREJA SAGRADA CORACAO DE JESUS | CORACAO DE MAE
SAGRADO,95263,Católica Apostólica Romana,hagionimo,20,941,0.9441,537,IGREJA SAGRADO CORACAO DE JESUS | CONGREGACAO DO SAGRADO CORACAO | IGREJA COMUNIDADE CATOLICA SAGRADO
FRANCISCO,95263,Católica Apostólica Romana,hagionimo,20,857,0.9005,2694,IGREJA DE SAO FRANCISCO | IGREJA COMUNIDADE SAO FRANCISCO | CATOLICA SAO FRANCISCO DE ASSIS
CONCEICAO,95263,Católica Apostólica Romana,hagionimo,20,786,0.9596,1633,IGREJA NS DA CONCEICAO | CONGREGACAO DAS IRNAZINHAS DA IMACULADA CONCEICAO | IGREJA DA CONCEICAO
BOM JESUS,95263,Católica Apostólica Romana,hagionimo,20,785,0.9031,547,IGREJA DO BOM JESUS | IGREJA SR BOM JESUS DOS PASSOS | IGREJA COMUNIDADE SENHOR BOM JESUS
SENHORA DE,95263,Católica Apostólica Romana,hagionimo,20,780,0.9967,2744,IGREJA DE NOSSA SENHORA DE NAZARE | SITIO NOSSA SENHORA DE GUADALUPE | ESCOLA MUNICIPAL NOSSA SENHORA DE APARECIDA
DE SANTO,95263,Católica Apostólica Romana,hagionimo,20,691,0.9411,526,IGREJA DE SANTO ESPEDITO | PREDIO PERTENCENTE A IGREJA DE SANTO ANTONIO | IGREJA DE SANTO ANTONIO DE MAPEUA II
FATIMA,95263,Católica Apostólica Romana,hagionimo,20,665,0.9922,1915,IGREJA NS DE FATIMA | IGREJA NOSSA SR FATIMA | ONG IGREJA N S D FATIMA
SENHORA DA,95263,Católica Apostólica Romana,hagionimo,20,665,0.9793,2796,IGREJA N SENHORA DA PENHA | IGREJA DE NOSSA SENHORA DA PIEDADE | CENTRO NOSSA SENHORA DA PAZ
SEBASTIAO,95263,Católica Apostólica Romana,hagionimo,20,663,0.9615,2444,COMUNIDADE SAO SEBASTIAO | COMNIDADE SAO SEBASTIAO | COMUNIDADE CATOLICA SAO SEBASTIAO
SAO JOAO,95263,Católica Apostólica Romana,hagionimo,20,617,0.9569,2066,COMUNIDADE SAO JOAO | CAPELINHA SAO JOAO | IGREJA COM SAO JOAO BATISTA
LUZIA,95263,Católica Apostólica Romana,hagionimo,20,604,0.9871,1864,IGREJA ST LUZIA | IGREJA STA LUZIA | IGREJA DA CHACARA SANTA LUZIA
SENHORA DO,95263,Católica Apostólica Romana,hagionimo,20,592,0.9972,2126,NOSSA SENHORA DO CARMO | COMUNIDADE NOSSA SENHORA DO CARMO | COMUNIDADE SENHORA DO SAGRADO CORACAO
PEDRO,95263,Católica Apostólica Romana,hagionimo,20,553,0.9493,1558,CONGREGACAO DAS IRMAS DE SAO PEDRO CANISIO | BARRACAO SAO PEDRO | IGREJA MORADA DE SAO PEDRO
GRACAS,95263,Católica Apostólica Romana,hagionimo,20,474,0.9612,1210,IGREJA NOSSA SRA DAS GRACAS | IGREJA DE NOSSA SENHORA DAS GRACAS | IGREJA DAS GRACAS SEDE 2
SAGRADA FAMILIA,95263,Católica Apostólica Romana,hagionimo,20,457,0.9885,348,IGREJA CEB SAGRADA FAMILIA | CONGREGACAO IRMAS DA SAGRADA FAMILIA | SAGRADA FAMILIA
ROSARIO,95263,Católica Apostólica Romana,hagionimo,20,429,0.9668,633,IGREJA N SRA ROSARIO E S BENEDITO | MAE MARIA DO ROSARIO | NOSSA SRA DO ROSARIO E SAO BENEDITO
DIVINO ESPIRITO,95263,Católica Apostólica Romana,hagionimo,20,395,0.9264,258,IGREJA IRMANDADE DO DIVINO ESPIRITO SANT | CATEDRAL DO DIVINO ESPIRITO SANTO | COMUNIDADE DIVINO ESPIRITO SANTO
RAINHA,95263,Católica Apostólica Romana,hagionimo,20,367,0.943,316,IGREJA RAINHA DOS APOSTOLOS | CONGREGACAO DOS HUMILDES SERVO RAINHA AMOR | NOSSA SENHORA RAINHA DA PAZ
IMACULADA,95263,Católica Apostólica Romana,hagionimo,20,358,0.9737,304,CONGREGACAO DAS IRNAZINHAS DA IMACULADA CONCEICAO | SALAO PAROQUIEL IGREJA IMACULADA CONCEICAO DA BELA CRUZ | IGREJA N S IMACULADA
PERPETUO,95263,Católica Apostólica Romana,hagionimo,20,355,1.0,590,IGREJA MAE DO PERPETUO SOCORRO | IGREJA NS PERPETUO SOCORRO | IGREJA PERPETUO SOCORR
RITA,95263,Católica Apostólica Romana,hagionimo,20,329,0.9818,1156,TENDA DE SANTA RITA DE CASSIA | IGREAJA STA RITA | ATELIER SANTA RITA
MENINO,95263,Católica Apostólica Romana,hagionimo,20,313,0.9243,317,ESCOLA MUNICIPAL INDIGENA GLORIOSO MENINO DEUS | SALAO COMUNITARIO MENINO JESUS | COMUNIDADE CATOLICA MENINO JESUS
CATEQUESE,95263,Católica Apostólica Romana,hagionimo,20,298,0.9589,73,CATEQUESE DA IGREJA | SALAO PARA AULAS DE CATEQUESE DA IGREJA | IGREJA CENTRO CATEQUESE
BENEDITO,95263,Católica Apostólica Romana,hagionimo,20,279,0.9039,718,IGREJA CATOL S BENEDITO | IGREJA N SRA ROSARIO E S BENEDITO | MATRIZ SAO BENEDITO
VICENTE,95263,Católica Apostólica Romana,hagionimo,20,260,0.9181,574,IGREJA DE SAO VICENTE | IGREJA VICENTE DE PAULO | ASSOCIACAO SAO VICENTE DE PAULO
CATEQUETICO,95263,Católica Apostólica Romana,hagionimo,20,239,0.9722,36,IGREJA SALAO CATEQUETICO | CENTRO CATEQUETICO | CENTRO DE CATEQUETICO
CARMO,95263,Católica Apostólica Romana,hagionimo,20,236,0.9689,579,IGREJA DO CARMO | IGREJA N S DO CARMO | IGREJA NOSSA SRA DO CARMO 4095M
SANTA CRUZ,95263,Católica Apostólica Romana,hagionimo,20,221,0.9125,526,IGREJA DE SANTA CRUZ E NOS SEN DA CONCEI | IGREJA DA SANTA CRUZ DOS MILITARES | COMUNIDADE SANTA CRUZ
N SRA,95263,Católica Apostólica Romana,hagionimo,20,218,0.9897,194,IGREJA N SRA LOURDES | IGREJA N SRA CARAVAGGIO | IGREJA CAT N SRA AUXILIADORA
TEREZINHA,95263,Católica Apostólica Romana,hagionimo,20,217,0.9736,681,IGREJA CATOL SANTA TEREZINHA | COMUNIDADE ST TEREZINHA | IGREJA DA SANTA TEREZINHA
EXPEDITO,95263,Católica Apostólica Romana,hagionimo,20,214,0.9903,513,AO LADO DA IGREJA QUARTO DA IGRJA DE SANTO EXPEDITO | IGREJA COMUDIDADE SANTO EXPEDITO | COMINIDADE STO EXPEDITO
DO DIVINO,95263,Católica Apostólica Romana,hagionimo,20,209,0.9417,120,IGREJA IRMANDADE DO DIVINO ESPIRITO SANT | CATEDRAL DO DIVINO ESPIRITO SANTO | IGREJA CRISTA DO DIVINO SALVADOR
SAO MIGUEL,95263,Católica Apostólica Romana,hagionimo,20,201,0.9283,614,IGREJA DE SAO MIGUEL ARCANJO | IGREJA EM SAO MIGUEL | CENTRO COMUNITARIO SAO MIGUEL
SANTANA,95263,Católica Apostólica Romana,hagionimo,20,197,0.9223,476,IGREJA NOSSA SRA SANTANA | IGREJA DE SANTANA DE VALINHOS | COMUNIDADE SANTANA DO URUCURI
RAIMUNDO,95263,Católica Apostólica Romana,hagionimo,20,172,0.9521,334,TUMULO DO MESTRE RAIMUNDO IRINEU SERRA | ASS SAO RAIMUNDO | IGREJA COMUNIDADE S RAIMUNDO
JUDAS,95263,Católica Apostólica Romana,hagionimo,20,163,0.9831,711,IGREJA S JUDAS | IGREJA S JUDAS TADEU | IGREJA DE SAO JUDAS
SALAO COMUNITARIO,95263,Católica Apostólica Romana,hagionimo,20,158,0.9302,43,SALAO COMUNITARIO MENINO JESUS | SALAO COMUNITARIO FERNANDO MACHADO | SALAO COMUNITARIO CRISTO REI
CASSIA,95263,Católica Apostólica Romana,hagionimo,20,157,0.9965,566,TENDA DE SANTA RITA DE CASSIA | IGREJA RITA DE CASSIA | IGEJA CATOLICA SANTA RITA DE CASSIA
SANTA MARIA,95263,Católica Apostólica Romana,hagionimo,20,153,0.9622,344,CONGREGACAO DO BAIRRO SANTA MARIA | SANTA MARIA DO MARACATI | COMUNIDADE CATOLICA SANTA MARIA
CLARA,95263,Católica Apostólica Romana,hagionimo,20,148,0.932,412,SANTUARIO DE SANTA CLARA | IGREJA CATILICA P SANTA CLARA | CONVENTO SANTA CLARA
SAUDE,95263,Católica Apostólica Romana,hagionimo,20,147,0.9478,230,COMUNIDADE N S DA SAUDE | IGREJA CIRIO DE NOSSA SENHORA DA SAUDE | POSTO DE SAUDE DO POVOADO DE TAQUARAL
ROQUE,95263,Católica Apostólica Romana,hagionimo,20,144,0.9851,404,SAO ROQUE | ADMULA SAO ROQUE | IGRJA SAO ROQUE
LOURDES,95263,Católica Apostólica Romana,hagionimo,20,141,0.9918,244,IGREJA N SRA LOURDES | SANTUARIO N S LOURDES | COMUNIDADE NOSSA SENHORA DE LOURDES
DORES,95263,Católica Apostólica Romana,hagionimo,20,137,0.9958,473,IGREJA N S DAS DORES | IGREJA DE NOSSA SENHORA DAS DORES | COMUNIDADW CATOLICA NOSSA SRA DAS DORES
TADEU,95263,Católica Apostólica Romana,hagionimo,20,137,0.9865,591,IGREJA S JUDAS TADEU | IGREJA COMUNIDADE SAO JUDAS TADEU | COMUNIDADE CATOLICA SAO JUDAS TADEU
N SENHORA,95263,Católica Apostólica Romana,hagionimo,20,124,0.9651,86,IGREJA DE N SENHORA | IGREJA N SENHORA APARECIDA | IGREJA N SENHORA DA PENHA
PAI ETERNO,95263,Católica Apostólica Romana,hagionimo,20,119,0.9184,98,PAI ETERNO | DIVINO PAI ETERNO | COMUNIDADE CATOLICA DIVINO PAI ETERNO
CRISTOVAO,95263,Católica Apostólica Romana,hagionimo,20,117,0.9707,409,COMUNIDADE SAO CRISTOVAO | COMUNID S CRISTOVAO | COMUNIDADE CATOLICA SAO CRISTOVAO
SRA DE,95263,Católica Apostólica Romana,hagionimo,20,116,1.0,84,IGREJA NOSSA SRA DE LAMPADOZA | IGREJA NSA SRA DE APARECIDA | SALAO DE FESTA IGREJA DA SRA DE CASALUPE
GUADALUPE,95263,Católica Apostólica Romana,hagionimo,20,111,0.966,147,SITIO NOSSA SENHORA DE GUADALUPE | NOSSA SENHORA GUADALUPE | CENTRO COMUNITARIO NOSSA SENHORA DE GUADALUPE
DIVINO PAI,95263,Católica Apostólica Romana,hagionimo,20,111,0.9535,86,DIVINO PAI ETERNO | COMUNIDADE CATOLICA DIVINO PAI ETERNO | CAPELINHA DIVINO PAI ETERNO
SRA DO,95263,Católica Apostólica Romana,hagionimo,20,104,0.9825,57,IGREJA NOSSA SRA DO CARMO 4095M | IGREJA CAR NOSSA SRA DO CARMO | IGREJA NOSSA SRA DO CARMO E SAO JOSE
SRA DA,95263,Católica Apostólica Romana,hagionimo,20,102,0.9863,73,IGREJA N SRA DA BOA MORTE E DA GLORIA | IGREJA N SRA DA ESPERANCA | IGREJA NOSSA SRA DA PIEDADE
OPERARIO,95263,Católica Apostólica Romana,hagionimo,20,101,0.9945,366,IGREJA COMUNIDADE CATOLI A SAO JOSE OPERARIO | IGREJA UCRANIANA SAO JOSE OPERARIO | SAO JOSE OPERARIO
PADRE CICERO,95263,Católica Apostólica Romana,hagionimo,20,101,0.9103,78,IGREJA PADRE CICERO | COMUNIDADE PADRE CICERO | IGREJA DE PADRE CICERO
SENHOR BOM,95263,Católica Apostólica Romana,hagionimo,20,100,1.0,102,IGREJA COMUNIDADE SENHOR BOM JESUS | IGREJA DO SENHOR BOM JESUS | IGREJA CABELO SENHOR BOM JESUS
SAO BENTO,95263,Católica Apostólica Romana,hagionimo,20,95,0.9415,205,IGREIJA SAO BENTO | IGREJA DE SAO BENTO | IGREJA DA COMUNIDADE SAO BENTO
MUNICIPAL,95263,Católica Apostólica Romana,hagionimo,20,92,0.9118,102,ESCOLA MUNICIPAL NOSSA SENHORA DE APARECIDA | ESCOLA MUNICIPAL INDIGENA GLORIOSO MENINO DEUS | ESCOLA FUNDAMENTAL MUNICIPAL CARLOS MARIGUELA
E SAO,95263,Católica Apostólica Romana,hagionimo,20,90,0.9365,252,IGREJA NOSSA SRA DO CARMO E SAO JOSE | TENDA SAO JORGE E SAO JOSE | NOSSA SRA DO ROSARIO E SAO BENEDITO
MISTICA,95263,Católica Apostólica Romana,hagionimo,20,90,0.9808,104,IGREJA ROSA MISTICA | IGREJA DA ROSA MISTICA | TENDA ESPIRITUALISTA NOSSA SENHORA DA ROSA MISTICA
DA FAZENDA,95263,Católica Apostólica Romana,hagionimo,20,88,0.9429,140,IGREJA DA FAZENDA SANTA ADELIA | IGREJA DA FAZENDA COLINA | IGREJA DA FAZENDA TAPERA QUEIMADA
IMACULADO,95263,Católica Apostólica Romana,hagionimo,20,85,0.9828,58,IGREJA DO CORACAO IMACULADO DE MARIA | CCSC IMACULADO DE MARIA | COMUNIDADE CATOLICA IMACULADO CORACAO DE MARIA
TERESINHA,95263,Católica Apostólica Romana,hagionimo,20,82,0.9924,263,CONGREGACAO IRMAS SERVAS SANTA TERESINHA | SANTUARIO DE SANTA TERESINHA | IGREIJA SANTA TERESINHA
JOAO PAULO,95263,Católica Apostólica Romana,hagionimo,20,82,0.9706,68,JOAO PAULO BRANDAO DA SILVA | IGREJA JOAO PAULO SEGUNDO | COMUNIDADE SAO JOAO PAULO II
JESUS DA LAPA,95263,Católica Apostólica Romana,hagionimo,20,82,0.9211,38,IGREJA BOM JESUS DA LAPA DE MARICOABO | IGREJA DE BOM JESUS DA LAPA E DA VIRGEM DA CONCEICAO | IGREJA DO BOM JESUS DA LAPA
AUXILIADORA,95263,Católica Apostólica Romana,hagionimo,20,80,0.9945,182,IGREJA CAT N SRA AUXILIADORA | IGREJA N SRA AUXILIADORA | IGREJA NS AUXILIADORA
NONATO,95263,Católica Apostólica Romana,hagionimo,20,77,0.9775,178,IGREJA COTOLICA SAO RAIMUNDO NONATO | FESTEJO DE SAO RAIMUNDO NONATO | IGREJA CAROLICA SAO RAIMUNDO NONATO
NAVEGANTES,95263,Católica Apostólica Romana,hagionimo,20,75,0.952,125,NOSSA SENHORA DOS NAVEGANTES | TENDA NOSSA SENHORA DOS NAVEGANTES | IGREJA NOSSA SRA DOS NAVEGANTES
BOSCO,95263,Católica Apostólica Romana,hagionimo,20,72,0.957,93,DOM BOSCO | IGREJA JOAO BOSCO | INSTITUTO DOM BOSCO
SANTA ANA,95263,Católica Apostólica Romana,hagionimo,20,72,0.9922,255,COMUNIDADE DE SANTA ANA | IGUEJA NOSSA SENHORA SANTA ANA | SANTA ANA
POBRES,95263,Católica Apostólica Romana,hagionimo,20,71,0.9474,76,COMUNIDADE SANTA DULCE DOS POBRES | FRATERNIDADE DAS POBRES DE JESUS CRISTO | CC SANTA DULCE DOS POBRES
LURDES,95263,Católica Apostólica Romana,hagionimo,20,71,0.9847,131,IGREJA MARIA DE LURDES | IGREJA NOSSA SRA DE LURDES | IGREJA DE LURDES
GERALDO,95263,Católica Apostólica Romana,hagionimo,20,71,0.9529,297,COMUNIDADE SAO GERALDO | IGREJA DE SAO GERALDO MAGELA | IGREJA COMUNIDADE DE SAO GERALDO
NSA SRA,95263,Católica Apostólica Romana,hagionimo,20,70,0.9815,54,IGREJA NSA SRA DE APARECIDA | QUADRA IGREJA NSA SRA CONCEICAO | IGREJA NSA SRA FATIMA
DOMINGOS,95263,Católica Apostólica Romana,hagionimo,20,68,0.9249,173,CONGREGACAO SAO DOMINGOS | IGREJA PADROEIRA SAO DOMINGOS | IGREJA COMUNIDADE SAO DOMINGOS
DA SAGRADA,95263,Católica Apostólica Romana,hagionimo,20,66,1.0,44,CONGREGACAO IRMAS DA SAGRADA FAMILIA | IGLEJA DA SAGRADA ALIANCA | IRMAS MISSIONARIAS DA SAGRADA FAMILIA
DO LIVRAMENTO,95263,Católica Apostólica Romana,hagionimo,20,64,0.9259,108,IGREJA NOVA SENHORA DO LIVRAMENTO | IGREJA DO LIVRAMENTO | COMUNIDADE NOSSA SENHORA DO LIVRAMENTO
PRAGA,95263,Católica Apostólica Romana,hagionimo,20,63,0.9592,49,IGREJA MENINO DE JESUS DE PRAGA | IGREJA MENINO JESUS DE PRAGA RODEADOR | IGREJA MENINO JESUS DE PRAGA
MAE DE,95263,Católica Apostólica Romana,hagionimo,20,62,0.9273,55,SANTUARIO ORTODOXO MAE DE DEUS | C0MUNIDADE MARIA MAE DE REDENTOR | CASA MAE DE DEUS E RENOVACAO CARISMATICA CATOLICA
SANTOS REIS,95263,Católica Apostólica Romana,hagionimo,20,58,1.0,101,IGREJA DE SANTOS REIS | IGREJA DOS SANTOS REIS E SAGRADA FAMILIA | TENDA SANTOS REIS
PAULO II,95263,Católica Apostólica Romana,hagionimo,20,55,0.9787,47,COMUNIDADE SAO JOAO PAULO II | COMUNIDADE ECLESIAL DE BASE SAO JOAO PAULO II | CENTRO CATEQUETICO SAO JOAO PAULO II
MARIA MAE,95263,Católica Apostólica Romana,hagionimo,20,55,0.9394,33,C0MUNIDADE MARIA MAE DE REDENTOR | CARMELO MARIA MAE DA IGREJA E PAULO VI | ESCRITORIO CENTRO PASTORAL MARIA MAE DOS POBRES
MAE DA,95263,Católica Apostólica Romana,hagionimo,20,54,1.0,43,MAE DA MISERICORDIA | CENTRO COMUNITARIO MAE DA SANTA ESPERANCA | CARMELO MARIA MAE DA IGREJA E PAULO VI
DA DIVINA,95263,Católica Apostólica Romana,hagionimo,20,54,0.9268,41,IGREJA JESUS DA DIVINA MISERICORDIA | NUCLEO DA DIVINA LUZ IRRADIANTE SEM LIMITES | IGREJA DA DIVINA PROVIDENCIA
MADRE,95263,Católica Apostólica Romana,hagionimo,20,53,0.9,30,CASA DO BEM MADRE PAULINA | IGREJA FILIAL DA MADRE CENTRAL DO BRASIL | ASSOCIACAO MADRE PAULINA
GALVAO,95263,Católica Apostólica Romana,hagionimo,20,53,0.9375,64,COMUNIDADE NOSSA SENHORA DO PERPETUO SOCORRO E FREI GALVAO | COMUNIDADE SANTO ANTONIO DE SANTANA GALVAO | COMUNIDADE SAO FREI GALVAO
SANTA ROSA,95263,Católica Apostólica Romana,hagionimo,20,52,0.9551,178,COMUNIDADE SANTA ROSA | COMUNIDADE CATOLICA SANTA ROSA DE LIMA | IGREJA DE SANTA ROSA
PARTICULAR,95263,Católica Apostólica Romana,hagionimo,20,52,0.9577,71,CONSELHO PARTICULAR SAO JUDAS TADEU | CONSELHO PARTICULAR SAO NICOLAU DE FLUE | CONSELHO PARTICULAR NOSSA SENHORA DA PIEDADE
SANTAS,95263,Católica Apostólica Romana,hagionimo,20,49,0.9121,91,SANTAS MISSOES REDENTORISTAS | IGREJA CARISMATICA SANTAS MISSOES | IGREJA DE SANTAS MISSOES POPULARES
DO SITIO,95263,Católica Apostólica Romana,hagionimo,20,49,0.9432,88,IGREJA DO SITIO SAO JOSE | IGREJA DO SITIO SANTO ANTONIO | IGREJA DO SITIO DO JUNIOR
SAO LUCAS,95263,Católica Apostólica Romana,hagionimo,20,49,0.9051,137,IGREJA COMUNIDADE SAO LUCAS IELB | CENTRO COMUNITARIO SAO LUCAS | SAO LUCAS
ECUMENICA,95263,Católica Apostólica Romana,hagionimo,20,49,0.9394,33,IGREJA ECUMENICA DA LINHA DO RIO | IGREJA ECUMENICA | IGREJA ECUMENICA DA LINHA ALTA
SALETE,95263,Católica Apostólica Romana,hagionimo,20,48,0.9867,75,NOSSA SENHORA SALETE | IGREJA E SANUARIO DA SALETE | IGREJA NOSSA DE SALETE
DA PIEDADE,95263,Católica Apostólica Romana,hagionimo,20,48,0.9504,121,IGREJA DE NOSSA SENHORA DA PIEDADE | IGREJA NOSSA SRA DA PIEDADE | IGREJA NS SENHORA DA PIEDADE
SANTA CATARINA,95263,Católica Apostólica Romana,hagionimo,20,47,0.9739,153,IGREJA DE SANTA CATARINA DE ALEXANDRIA | IGLEJA DE SANTA CATARINA | IGREJA LINHA SANTA CATARINA
SAO LUIS,95263,Católica Apostólica Romana,hagionimo,20,46,0.9174,121,IGREJA DE SAO LUIS GONZAGA | COMUNIDADE SAO LUIS GONZAGA | ESCOLA ALTO SAO LUIS
PAULINA,95263,Católica Apostólica Romana,hagionimo,20,44,0.9167,84,CASA DO BEM MADRE PAULINA | PADROEIRA SANTA PAULINA | ASSOCIACAO MADRE PAULINA
SAO LUIZ,95263,Católica Apostólica Romana,hagionimo,20,44,0.9408,169,COMUNIDADE SAO LUIZ GONZAGA | IGREJA DA COMUNIDADE DE SAO LUIZ GONZAGA | SAO LUIZ DON ORIONI
SANTA ISABEL,95263,Católica Apostólica Romana,hagionimo,20,44,0.96,125,IGREJA COMUNIDADE SANTA ISABEL DE PORTUGAL | IGREJA COMUNIDADE SANTA ISABEL | IGREJA PAROICA RAINHA SANTA ISABEL
NSRA,95263,Católica Apostólica Romana,hagionimo,20,43,1.0,36,IGREJA NSRA DO DESTERRO | IGREJA NSRA SANTISSIMO SACRAMENTO | MOSTEIRO NSRA DA ESPERANCA
SAO JOAQUIM,95263,Católica Apostólica Romana,hagionimo,20,42,0.9793,145,IGREJA DE SAO JOAQUIM | MATRIZ SAO JOAQUIM | SAO JOAQUIM
DIVINA MISERICORDIA,95263,Católica Apostólica Romana,hagionimo,20,40,1.0,38,IGREJA DIVINA MISERICORDIA | IGREJA JESUS DA DIVINA MISERICORDIA | CENTRO DE EVANGELIZACAO ANTONIO PINTO COMUNIDADE CATOLICA DIVINA MISERICORDIA
DOS PASSOS,95263,Católica Apostólica Romana,hagionimo,20,39,0.9143,35,IGREJA SR BOM JESUS DOS PASSOS | IGREJA BOM JESUS DOS PASSOS | TENDA BOM JESUS DOS PASSOS
PERPETO,95263,Católica Apostólica Romana,hagionimo,20,37,1.0,51,NOSSA SENHORA DO PERPETO SOCORRRO | NOSSA SENHORA DO PERPETO SOCORRO | IGREJA DO PERPETO SOCORRO
ASSUNCAO,95263,Católica Apostólica Romana,hagionimo,20,35,0.9872,78,COMUNIDADE CATOLICA NOSSA SENHORA ASSUNCAO | IGREJA DO ASSUNCAO | SEMINARIO NS SENHORA ASSUNCAO
JESUS MISERICORDIOSO,95263,Católica Apostólica Romana,hagionimo,20,35,0.9667,30,CASA DE FORMACAO JESUS MISERICORDIOSO GRUPO DE ORACAO VIDA | COMUNIDADE CRISTA JESUS MISERICORDIOSO | SANTUARIO JESUS MISERICORDIOSO 2016
SAO BRAS,95263,Católica Apostólica Romana,hagionimo,20,34,1.0,83,CEMITERIO SAO BRAS | IGREJA COMUNIDADE SAO BRAS | IGREJA CAT SAO BRAS
PRACA DA,95263,Católica Apostólica Romana,hagionimo,20,32,0.9268,41,LATERAL DA PRACA DA CATEDRAL | TEMPLO PRACA DA FE | PRACA DA IGREJA
DE LIMA,95263,Católica Apostólica Romana,hagionimo,20,31,0.9224,116,COMUNIDADE CATOLICA SANTA ROSA DE LIMA | SANTA ROSA DE LIMA | COMUNIDADE SANTA ROSA DE LIMA
SAO LOURENCO,95263,Católica Apostólica Romana,hagionimo,20,31,0.9067,75,COMUNIDADE SAO LOURENCO | IGREJA COMUN CRISTA ATERRO SAO LOURENCO | ILE DE SAO LOURENCO
APOST,95263,Católica Apostólica Romana,hagionimo,20,30,0.9143,35,IGREJA APOST MINISTERIO CELEIRO DE VIDAS | IGREJA EVANG APOST RESGATANDO FERIDOS | IGREJA DA MATRIZ TEMPLO DA IGREJA CATOL APOST ROMANA
E SANTA,95263,Católica Apostólica Romana,hagionimo,20,30,0.973,74,COMUNIDADE MAE DIVINA PROVIDENCIA E SANTA EDWIGES | IGREJINHA SAO BENEDITO E SANTA LUZIA | TERRERO DA TRINDADE SAO SEBASTIAO E SANTA BARBARA
INACIO,95263,Católica Apostólica Romana,hagionimo,20,29,0.9265,68,IGREJA DA COMINIDADE STO INACIO | SECRETARIA IGREJA STO INACIO | ESCOLA SANTO INACIO
MERCES,95263,Católica Apostólica Romana,hagionimo,20,29,0.9778,45,IGREJA DE N S DAS MERCES | IGREJA N S DAS MERCES | NOSSA SENHORA DAS MERCES
ESPEDITO,95263,Católica Apostólica Romana,hagionimo,20,29,1.0,77,IGREJA DE SANTO ESPEDITO | GRUTA SANTO ESPEDITO | IGREJA ST ESPEDITO
DESTERRO,95263,Católica Apostólica Romana,hagionimo,20,28,0.9459,74,IGREJA NSRA DO DESTERRO | IGREJA DE NOSSA SENHORA DO DESTERRO | IGREJA NOSSA SEHORA DO DESTERRO
EDWIGES,95263,Católica Apostólica Romana,hagionimo,20,27,0.9902,102,IGREJA CAT STA EDWIGES | IGREJA COMUNIDADE SANTA EDWIGES | IGREJA DE SANTA EDWIGES
DO AMPARO,95263,Católica Apostólica Romana,hagionimo,20,27,0.9615,52,IGREJA NOSSA SRA DO AMPARO | TENDA NOSSA SENHORA DO AMPARO | IGREJA DE NOSSA SENHORA DO AMPARO
DE TODOS OS SANTOS,95263,Católica Apostólica Romana,hagionimo,20,27,0.9091,44,IGREJA JESUS CRISTO DE TODOS OS SANTOS | IGREJA RAINHA DE TODOS OS SANTOS | IGREJA DE TODOS OS SANTOS
SAO TOME,95263,Católica Apostólica Romana,hagionimo,20,26,0.9875,80,CONGRAGACAO SAO TOME | IGREJA DE SAO TOME DE PAEIPE | COMUNIDADE SAO TOME
REMEDIOS,95263,Católica Apostólica Romana,hagionimo,20,26,0.9846,65,IGREJA DE NOSSA SENHORA DOS REMEDIOS | IGREJA DA MATRIZ NOSSA SENHORA DOS REMEDIOS | IGREJA DOS REMEDIOS
GONCALO,95263,Católica Apostólica Romana,hagionimo,20,25,0.9016,61,IGREJA DE NAZARE E SAO GONCALO | COMUNIDADE CATOLICA SAO GONCALO | COMUNIDADE SAO GONCALO
DO SOCORRO,95263,Católica Apostólica Romana,hagionimo,20,25,0.9333,60,IGREJA PERPETUO DO SOCORRO | IGREJA DE NOSSA SENHORA DO SOCORRO | SANTUARIO DO SOCORRO DIVINO
SANTA TEREZA,95263,Católica Apostólica Romana,hagionimo,20,25,0.9577,71,SANTA TEREZA | COMUNIDADE SANTA TEREZA | IGREJA CARMELO DE SANTA TEREZA
CECILIA,95263,Católica Apostólica Romana,hagionimo,20,24,0.9333,90,COMUNIDADE CATOLICA SANTA CECILIA | IGREJA ST CECILIA | IGREJA DOS MARTIRES SAO SEVERINO E SANTA CECILIA
CARAVAGIO,95263,Católica Apostólica Romana,hagionimo,20,24,0.9737,38,GRUTA NOSSA SENHORA DO CARAVAGIO | ANTIGA IGREJA DE CARAVAGIO | IGREJA CARAVAGIO
DAS CHAGAS,95263,Católica Apostólica Romana,hagionimo,20,24,0.9149,47,UMBAMDA SAO FRANCISCO DAS CHAGAS | CONVENTO SAO FRANCISCO DAS CHAGAS | IGREJA FRANCISCO DAS CHAGAS
SANTO REIS,95263,Católica Apostólica Romana,hagionimo,20,23,1.0,48,SALAO DE SANTO REIS | RECINTO SANTO REIS | CAPELINHA DE SANTO REIS
SANTA DULCE,95263,Católica Apostólica Romana,hagionimo,20,23,0.9722,36,COMUNIDADE SANTA DULCE DOS POBRES | CC SANTA DULCE DOS POBRES | SANTA DULCE
PARAQUIA,95263,Católica Apostólica Romana,hagionimo,20,23,1.0,0,PARAQUIA SAGRADO CORACAO DE JESUS | PARAQUIA DE ESQUINA | IGREJA PARAQUIA NOSSA SENHORA DE FATIMA
MONICA,95263,Católica Apostólica Romana,hagionimo,20,22,0.9434,53,COMUNIDADE SANTA MONICA | IGREJA DE SANTA MONICA | IGREJA STA MONICA E STO AGOSTINHO
SANTA LUCIA,95263,Católica Apostólica Romana,hagionimo,20,21,0.9524,63,BARRACO SANTA LUCIA | COMUNIDADE SANTA LUCIA FILIPPINI | CAPILEL SANTA LUCIA
SAO CARLOS,95263,Católica Apostólica Romana,hagionimo,20,20,0.9756,41,COMUNIDADE SAO CARLOS BORROMEO | IGREJINHA DA COLONIA SAO CARLOS | IGREIJA SAO CARLOS
DOS HOMENS,95263,Católica Apostólica Romana,hagionimo,20,20,1.0,33,SEDE DO TERCO DOS HOMENS | IGREJA RANCHO DOS HOMENS | IGREJA DE NSA DO ROSARIO DOS HOMENS PRETOS DE OLINDA
CAPELLA,95263,Católica Apostólica Romana,hagionimo,20,8,1.0,0,ANTIGA CAPELLA | CAPELLA | CENTRO UMBANDISTA CAPELLA ESPACO SOL E LUZ
PARIQUIA,95263,Católica Apostólica Romana,hagionimo,20,7,1.0,0,PARIQUIA SANTO INACIO DE NOIOLA | COMUNIDADE SANTA HELENS PARIQUIA SANTO ANTONIO | PARIQUIA SANTA CATARINA
PARQUIA,95263,Católica Apostólica Romana,hagionimo,20,5,1.0,0,PARQUIA SANTO INACIO DE LOIOLA | PARQUIA NSA RAINHA DOS APSTOLOS | PARQUIA SAO PIO X
