"Nível";"Cód.";"Brasil e Município";"Grupo de idade";"Católica Apostólica Romana";"Evangélicas";"Espírita";"Umbanda e Candomblé";"Tradições indígenas";"Outras religiosidades";"Sem religião";"Não sabe";"Sem declaração"
"MU";"1100015";"Alta Floresta D'Oeste (RO)";"Total";"9252";"6570";"79";"-";"-";"590";"1909";"-";"8"
"MU";"1100023";"Ariquemes (RO)";"Total";"28234";"34966";"375";"152";"27";"3603";"15160";"-";"95"
"MU";"1100031";"Cabixi (RO)";"Total";"2652";"1700";"-";"4";"-";"105";"201";"-";"7"
"MU";"1100049";"Cacoal (RO)";"Total";"29034";"32480";"712";"129";"14";"3161";"9376";"28";"328"
"MU";"1100056";"Cerejeiras (RO)";"Total";"6781";"5396";"22";"9";"4";"217";"1143";"4";"-"
"MU";"1100064";"Colorado do Oeste (RO)";"Total";"7565";"4891";"32";"-";"-";"177";"950";"-";"11"
"MU";"1100072";"Corumbiara (RO)";"Total";"3749";"2233";"-";"2";"6";"31";"443";"-";"-"
"MU";"1100080";"Costa Marques (RO)";"Total";"5127";"4213";"17";"10";"-";"152";"992";"17";"-"
"MU";"1100098";"Espigão D'Oeste (RO)";"Total";"8734";"12362";"20";"-";"1";"501";"3166";"-";"382"
"MU";"1100106";"Guajará-Mirim (RO)";"Total";"14522";"13104";"113";"70";"-";"924";"3481";"139";"136"
"MU";"1100114";"Jaru (RO)";"Total";"18474";"19728";"55";"65";"18";"1107";"3704";"-";"140"
"MU";"1100122";"Ji-Paraná (RO)";"Total";"35565";"48659";"416";"75";"232";"4782";"15905";"372";"390"
"MU";"1100130";"Machadinho D'Oeste (RO)";"Total";"7950";"12278";"30";"-";"-";"722";"4890";"-";"10"
"MU";"1100148";"Nova Brasilândia D'Oeste (RO)";"Total";"6739";"5212";"-";"12";"-";"321";"1342";"-";"-"
"MU";"1100155";"Ouro Preto do Oeste (RO)";"Total";"12831";"11520";"108";"72";"-";"707";"5148";"-";"31"
"MU";"1100189";"Pimenta Bueno (RO)";"Total";"13272";"12446";"79";"19";"-";"778";"3485";"12";"27"
"MU";"1100205";"Porto Velho (RO)";"Total";"158549";"151530";"4005";"2631";"250";"22917";"51216";"317";"582"
"MU";"1100254";"Presidente Médici (RO)";"Total";"8568";"6608";"16";"-";"-";"529";"1089";"-";"-"
"MU";"1100262";"Rio Crespo (RO)";"Total";"1203";"1316";"7";"-";"-";"49";"368";"-";"36"
"MU";"1100288";"Rolim de Moura (RO)";"Total";"18282";"19878";"218";"65";"-";"853";"9008";"-";"176"
"MU";"1100296";"Santa Luzia D'Oeste (RO)";"Total";"3324";"2415";"3";"3";"-";"105";"627";"-";"3"
"MU";"1100304";"Vilhena (RO)";"Total";"32407";"34111";"681";"271";"21";"5172";"8918";"5";"146"
"MU";"1100320";"São Miguel do Guaporé (RO)";"Total";"8264";"7456";"31";"-";"-";"416";"2204";"-";"4"
"MU";"1100338";"Nova Mamoré (RO)";"Total";"8567";"8937";"50";"7";"-";"652";"2705";"-";"153"
"MU";"1100346";"Alvorada D'Oeste (RO)";"Total";"6300";"4020";"13";"-";"35";"154";"819";"-";"46"
"MU";"1100379";"Alto Alegre dos Parecis (RO)";"Total";"4686";"3984";"5";"5";"-";"87";"971";"-";"6"
"MU";"1100403";"Alto Paraíso (RO)";"Total";"6976";"5247";"88";"36";"-";"211";"1253";"-";"92"
"MU";"1100452";"Buritis (RO)";"Total";"8807";"10798";"75";"20";"-";"452";"3556";"-";"-"
"MU";"1100502";"Novo Horizonte do Oeste (RO)";"Total";"3349";"2919";"-";"-";"-";"56";"362";"-";"5"
"MU";"1100601";"Cacaulândia (RO)";"Total";"1746";"1265";"-";"-";"-";"65";"466";"-";"3"
"MU";"1100700";"Campo Novo de Rondônia (RO)";"Total";"3099";"3528";"14";"14";"-";"206";"656";"-";"-"
"MU";"1100809";"Candeias do Jamari (RO)";"Total";"6359";"8525";"83";"10";"39";"679";"2854";"-";"42"
"MU";"1100908";"Castanheiras (RO)";"Total";"1411";"1021";"-";"3";"-";"67";"300";"3";"-"
"MU";"1100924";"Chupinguaia (RO)";"Total";"3586";"2884";"10";"-";"1";"101";"1191";"-";"-"
"MU";"1100940";"Cujubim (RO)";"Total";"4249";"5021";"7";"7";"-";"345";"2727";"-";"-"
"MU";"1101005";"Governador Jorge Teixeira (RO)";"Total";"3719";"2366";"11";"4";"75";"116";"539";"6";"27"
"MU";"1101104";"Itapuã do Oeste (RO)";"Total";"2338";"2874";"13";"19";"-";"161";"1672";"-";"15"
"MU";"1101203";"Ministro Andreazza (RO)";"Total";"2820";"2385";"-";"-";"-";"70";"439";"-";"6"
"MU";"1101302";"Mirante da Serra (RO)";"Total";"3314";"3530";"-";"-";"108";"130";"932";"-";"5"
"MU";"1101401";"Monte Negro (RO)";"Total";"4280";"4202";"11";"6";"-";"173";"1270";"-";"-"
"MU";"1101435";"Nova União (RO)";"Total";"2757";"2065";"-";"2";"-";"52";"534";"-";"-"
"MU";"1101450";"Parecis (RO)";"Total";"1622";"1502";"-";"-";"22";"198";"170";"-";"12"
"MU";"1101468";"Pimenteiras do Oeste (RO)";"Total";"1106";"502";"-";"-";"9";"26";"157";"-";"-"
"MU";"1101476";"Primavera de Rondônia (RO)";"Total";"1482";"888";"13";"-";"-";"66";"186";"-";"4"
"MU";"1101484";"São Felipe D'Oeste (RO)";"Total";"2647";"1586";"-";"-";"-";"31";"382";"-";"-"
"MU";"1101492";"São Francisco do Guaporé (RO)";"Total";"5861";"6042";"-";"7";"11";"226";"1500";"-";"23"
"MU";"1101500";"Seringueiras (RO)";"Total";"4731";"3826";"17";"-";"-";"83";"846";"5";"9"
"MU";"1101559";"Teixeirópolis (RO)";"Total";"1647";"1578";"-";"5";"-";"57";"393";"-";"26"
"MU";"1101609";"Theobroma (RO)";"Total";"3134";"2755";"25";"-";"-";"150";"995";"-";"-"
"MU";"1101708";"Urupá (RO)";"Total";"4201";"4115";"12";"-";"-";"240";"645";"-";"58"
"MU";"1101757";"Vale do Anari (RO)";"Total";"2980";"3072";"16";"-";"-";"141";"460";"-";"6"
"MU";"1101807";"Vale do Paraíso (RO)";"Total";"2817";"1956";"3";"-";"-";"39";"870";"-";"-"
"MU";"1200013";"Acrelândia (AC)";"Total";"4228";"5522";"27";"6";"-";"392";"1230";"27";"-"
"MU";"1200054";"Assis Brasil (AC)";"Total";"2630";"2672";"8";"-";"4";"188";"889";"-";"3"
"MU";"1200104";"Brasiléia (AC)";"Total";"9203";"8223";"23";"31";"10";"970";"2927";"-";"-"
"MU";"1200138";"Bujari (AC)";"Total";"3103";"5687";"54";"20";"-";"315";"1443";"-";"5"
"MU";"1200179";"Capixaba (AC)";"Total";"2797";"3939";"23";"-";"-";"331";"1505";"-";"-"
"MU";"1200203";"Cruzeiro do Sul (AC)";"Total";"34991";"33970";"227";"88";"541";"1214";"4570";"-";"40"
"MU";"1200252";"Epitaciolândia (AC)";"Total";"6765";"5861";"40";"4";"13";"764";"1935";"-";"21"
"MU";"1200302";"Feijó (AC)";"Total";"12845";"10941";"46";"8";"1352";"612";"1852";"2";"85"
"MU";"1200328";"Jordão (AC)";"Total";"4321";"1577";"74";"-";"1";"256";"350";"-";"50"
"MU";"1200336";"Mâncio Lima (AC)";"Total";"7760";"6924";"32";"5";"57";"191";"554";"17";"76"
"MU";"1200344";"Manoel Urbano (AC)";"Total";"2856";"4953";"-";"-";"16";"100";"1553";"11";"-"
"MU";"1200351";"Marechal Thaumaturgo (AC)";"Total";"7262";"5414";"35";"-";"41";"241";"116";"-";"23"
"MU";"1200385";"Plácido de Castro (AC)";"Total";"5530";"6147";"6";"14";"-";"469";"1471";"-";"-"
"MU";"1200393";"Porto Walter (AC)";"Total";"5539";"2611";"-";"-";"3";"-";"101";"-";"-"
"MU";"1200401";"Rio Branco (AC)";"Total";"94191";"145478";"2835";"1279";"21";"18680";"45820";"39";"382"
"MU";"1200427";"Rodrigues Alves (AC)";"Total";"5317";"5979";"5";"12";"16";"219";"474";"-";"-"
"MU";"1200435";"Santa Rosa do Purus (AC)";"Total";"1496";"2294";"6";"2";"354";"451";"206";"-";"-"
"MU";"1200450";"Senador Guiomard (AC)";"Total";"6781";"8568";"23";"88";"-";"659";"1784";"-";"9"
"MU";"1200500";"Sena Madureira (AC)";"Total";"17932";"12523";"13";"27";"5";"602";"2802";"-";"9"
"MU";"1200609";"Tarauacá (AC)";"Total";"18646";"11167";"234";"10";"749";"783";"2369";"-";"53"
"MU";"1200708";"Xapuri (AC)";"Total";"7252";"6227";"24";"4";"6";"262";"1240";"-";"-"
"MU";"1200807";"Porto Acre (AC)";"Total";"4883";"6923";"58";"29";"-";"305";"1416";"-";"115"
"MU";"1300029";"Alvarães (AM)";"Total";"6662";"4962";"5";"-";"-";"95";"365";"19";"6"
"MU";"1300060";"Amaturá (AM)";"Total";"3308";"3333";"-";"6";"29";"1310";"80";"-";"2"
"MU";"1300086";"Anamã (AM)";"Total";"4449";"3093";"-";"8";"-";"89";"259";"-";"-"
"MU";"1300102";"Anori (AM)";"Total";"6515";"6666";"42";"1";"-";"119";"335";"-";"24"
"MU";"1300144";"Apuí (AM)";"Total";"8630";"6484";"6";"-";"-";"352";"1562";"16";"-"
"MU";"1300201";"Atalaia do Norte (AM)";"Total";"2919";"2709";"10";"11";"2102";"470";"2959";"-";"115"
"MU";"1300300";"Autazes (AM)";"Total";"12317";"15857";"32";"12";"10";"1033";"3146";"9";"131"
"MU";"1300409";"Barcelos (AM)";"Total";"7068";"3766";"7";"13";"2918";"201";"202";"-";"60"
"MU";"1300508";"Barreirinha (AM)";"Total";"17497";"5906";"8";"8";"-";"450";"343";"-";"35"
"MU";"1300607";"Benjamin Constant (AM)";"Total";"13276";"10545";"28";"28";"152";"3470";"900";"2";"71"
"MU";"1300631";"Beruri (AM)";"Total";"6495";"8139";"-";"-";"32";"458";"622";"-";"-"
"MU";"1300680";"Boa Vista do Ramos (AM)";"Total";"13997";"4292";"20";"16";"-";"161";"281";"6";"-"
"MU";"1300706";"Boca do Acre (AM)";"Total";"12142";"12982";"48";"14";"55";"1051";"2883";"-";"39"
"MU";"1300805";"Borba (AM)";"Total";"15223";"9790";"-";"18";"1";"438";"639";"26";"13"
"MU";"1300839";"Caapiranga (AM)";"Total";"4248";"5304";"-";"-";"-";"243";"1070";"3";"-"
"MU";"1300904";"Canutama (AM)";"Total";"7789";"5354";"3";"5";"11";"89";"523";"103";"17"
"MU";"1301001";"Carauari (AM)";"Total";"10344";"10648";"9";"1";"115";"148";"1451";"13";"10"
"MU";"1301100";"Careiro (AM)";"Total";"9765";"12543";"29";"79";"-";"649";"1964";"-";"54"
"MU";"1301159";"Careiro da Várzea (AM)";"Total";"7914";"7057";"-";"-";"-";"81";"1026";"6";"37"
"MU";"1301209";"Coari (AM)";"Total";"28653";"24405";"60";"12";"25";"757";"2112";"11";"26"
"MU";"1301308";"Codajás (AM)";"Total";"9069";"8926";"10";"-";"-";"120";"534";"-";"31"
"MU";"1301407";"Eirunepé (AM)";"Total";"16006";"8206";"13";"-";"413";"291";"1041";"15";"35"
"MU";"1301506";"Envira (AM)";"Total";"7750";"4341";"102";"-";"145";"299";"642";"17";"22"
"MU";"1301605";"Fonte Boa (AM)";"Total";"12138";"7322";"-";"-";"29";"110";"506";"-";"9"
"MU";"1301654";"Guajará (AM)";"Total";"6149";"4129";"33";"5";"-";"59";"684";"-";"-"
"MU";"1301704";"Humaitá (AM)";"Total";"30438";"12005";"39";"57";"1084";"819";"1802";"28";"10"
"MU";"1301803";"Ipixuna (AM)";"Total";"12809";"3738";"8";"1";"82";"241";"1454";"6";"63"
"MU";"1301852";"Iranduba (AM)";"Total";"18053";"23749";"75";"222";"22";"3633";"4089";"84";"111"
"MU";"1301902";"Itacoatiara (AM)";"Total";"40135";"34966";"94";"87";"27";"1933";"7532";"87";"103"
"MU";"1301951";"Itamarati (AM)";"Total";"3811";"3245";"-";"9";"702";"70";"265";"-";"47"
"MU";"1302009";"Itapiranga (AM)";"Total";"3558";"4099";"-";"7";"-";"48";"523";"-";"-"
"MU";"1302108";"Japurá (AM)";"Total";"2730";"2996";"-";"-";"8";"50";"716";"2";"36"
"MU";"1302207";"Juruá (AM)";"Total";"2872";"4153";"-";"-";"242";"182";"960";"-";"-"
"MU";"1302306";"Jutaí (AM)";"Total";"7220";"8028";"-";"35";"61";"1106";"1698";"116";"296"
"MU";"1302405";"Lábrea (AM)";"Total";"19880";"12325";"12";"2";"55";"858";"2963";"10";"50"
"MU";"1302504";"Manacapuru (AM)";"Total";"30373";"42665";"106";"20";"71";"2919";"6199";"37";"14"
"MU";"1302553";"Manaquiri (AM)";"Total";"5903";"6529";"-";"10";"-";"328";"1001";"-";"6"
"MU";"1302603";"Manaus (AM)";"Total";"772057";"686969";"10898";"9276";"381";"104004";"153902";"1437";"829"
"MU";"1302702";"Manicoré (AM)";"Total";"26929";"12871";"62";"23";"13";"355";"2173";"11";"21"
"MU";"1302801";"Maraã (AM)";"Total";"5455";"5430";"-";"-";"2";"43";"597";"7";"38"
"MU";"1302900";"Maués (AM)";"Total";"31027";"14391";"-";"17";"-";"440";"898";"43";"47"
"MU";"1303007";"Nhamundá (AM)";"Total";"13076";"2712";"-";"-";"-";"71";"23";"-";"-"
"MU";"1303106";"Nova Olinda do Norte (AM)";"Total";"11532";"8597";"-";"26";"-";"390";"398";"20";"9"
"MU";"1303205";"Novo Airão (AM)";"Total";"4771";"5323";"42";"-";"208";"453";"1582";"19";"-"
"MU";"1303304";"Novo Aripuanã (AM)";"Total";"10803";"6832";"-";"14";"-";"181";"1213";"-";"94"
"MU";"1303403";"Parintins (AM)";"Total";"57839";"17601";"109";"180";"-";"838";"1996";"11";"22"
"MU";"1303502";"Pauini (AM)";"Total";"8411";"5412";"11";"12";"51";"529";"578";"-";"44"
"MU";"1303536";"Presidente Figueiredo (AM)";"Total";"8575";"12421";"57";"37";"369";"1429";"2124";"17";"38"
"MU";"1303569";"Rio Preto da Eva (AM)";"Total";"6953";"10313";"-";"12";"-";"670";"2353";"17";"-"
"MU";"1303601";"Santa Isabel do Rio Negro (AM)";"Total";"7172";"1771";"4";"-";"1253";"67";"27";"-";"241"
"MU";"1303700";"Santo Antônio do Içá (AM)";"Total";"5757";"10588";"-";"6";"30";"2766";"1631";"28";"68"
"MU";"1303809";"São Gabriel da Cachoeira (AM)";"Total";"25174";"11380";"40";"35";"34";"473";"836";"41";"1258"
"MU";"1303908";"São Paulo de Olivença (AM)";"Total";"8917";"12529";"-";"-";"-";"1760";"573";"42";"128"
"MU";"1303957";"São Sebastião do Uatumã (AM)";"Total";"3362";"4389";"-";"8";"-";"214";"1104";"-";"-"
"MU";"1304005";"Silves (AM)";"Total";"5544";"3101";"-";"5";"-";"66";"330";"-";"16"
"MU";"1304062";"Tabatinga (AM)";"Total";"20693";"22164";"56";"44";"22";"4799";"2927";"288";"8"
"MU";"1304104";"Tapauá (AM)";"Total";"4719";"9418";"-";"-";"400";"133";"699";"80";"68"
"MU";"1304203";"Tefé (AM)";"Total";"24343";"28402";"73";"34";"11";"1392";"3424";"7";"36"
"MU";"1304237";"Tonantins (AM)";"Total";"8191";"4418";"-";"5";"-";"921";"109";"-";"638"
"MU";"1304260";"Uarini (AM)";"Total";"4859";"5304";"-";"43";"-";"66";"967";"-";"15"
"MU";"1304302";"Urucará (AM)";"Total";"9615";"5047";"8";"4";"-";"266";"327";"15";"4"
"MU";"1304401";"Urucurituba (AM)";"Total";"12529";"5351";"-";"-";"-";"114";"1643";"4";"31"
"MU";"1400027";"Amajari (RR)";"Total";"3154";"2634";"-";"12";"2540";"257";"1402";"-";"11"
"MU";"1400050";"Alto Alegre (RR)";"Total";"4461";"3153";"21";"7";"3588";"419";"3575";"-";"12"
"MU";"1400100";"Boa Vista (RR)";"Total";"123634";"116682";"2953";"1384";"133";"32348";"61022";"472";"865"
"MU";"1400159";"Bonfim (RR)";"Total";"5316";"3384";"11";"44";"16";"1118";"412";"4";"25"
"MU";"1400175";"Cantá (RR)";"Total";"6965";"5102";"69";"48";"-";"498";"1864";"-";"38"
"MU";"1400209";"Caracaraí (RR)";"Total";"6711";"6406";"21";"10";"459";"370";"2354";"-";"43"
"MU";"1400233";"Caroebe (RR)";"Total";"2174";"4212";"-";"6";"-";"315";"1803";"-";"-"
"MU";"1400282";"Iracema (RR)";"Total";"3098";"2672";"-";"3";"673";"233";"1206";"16";"25"
"MU";"1400308";"Mucajaí (RR)";"Total";"6465";"4480";"18";"6";"187";"393";"2910";"-";"6"
"MU";"1400407";"Normandia (RR)";"Total";"5117";"3364";"-";"-";"383";"350";"378";"25";"-"
"MU";"1400456";"Pacaraima (RR)";"Total";"5031";"5740";"47";"11";"15";"1170";"1497";"-";"661"
"MU";"1400472";"Rorainópolis (RR)";"Total";"9989";"10156";"79";"10";"374";"586";"4997";"-";"10"
"MU";"1400506";"São João da Baliza (RR)";"Total";"2104";"2990";"22";"4";"-";"264";"1745";"-";"20"
"MU";"1400605";"São Luiz (RR)";"Total";"2687";"1963";"-";"5";"-";"284";"1023";"-";"9"
"MU";"1400704";"Uiramutã (RR)";"Total";"5914";"1862";"5";"-";"122";"924";"29";"-";"23"
"MU";"1500107";"Abaetetuba (PA)";"Total";"79666";"43819";"244";"171";"-";"2887";"6154";"10";"301"
"MU";"1500131";"Abel Figueiredo (PA)";"Total";"2627";"1862";"-";"-";"-";"108";"521";"-";"-"
"MU";"1500206";"Acará (PA)";"Total";"22357";"22061";"-";"31";"8";"369";"3875";"-";"43"
"MU";"1500305";"Afuá (PA)";"Total";"21119";"7052";"-";"43";"-";"49";"1088";"-";"5"
"MU";"1500347";"Água Azul do Norte (PA)";"Total";"9521";"4716";"10";"22";"133";"74";"270";"-";"25"
"MU";"1500404";"Alenquer (PA)";"Total";"38349";"14150";"-";"15";"10";"408";"2264";"29";"143"
"MU";"1500503";"Almeirim (PA)";"Total";"16853";"8783";"28";"19";"7";"476";"1177";"-";"75"
"MU";"1500602";"Altamira (PA)";"Total";"46284";"40125";"424";"444";"92";"4834";"12097";"38";"183"
"MU";"1500701";"Anajás (PA)";"Total";"10783";"9574";"10";"-";"-";"134";"573";"-";"-"
"MU";"1500800";"Ananindeua (PA)";"Total";"206690";"156317";"3321";"3198";"93";"16526";"29989";"-";"383"
"MU";"1500859";"Anapu (PA)";"Total";"9956";"11085";"19";"55";"8";"596";"3619";"-";"88"
"MU";"1500909";"Augusto Corrêa (PA)";"Total";"25578";"8979";"9";"7";"-";"803";"1196";"-";"-"
"MU";"1500958";"Aurora do Pará (PA)";"Total";"13501";"5486";"9";"11";"2";"98";"439";"-";"-"
"MU";"1501006";"Aveiro (PA)";"Total";"8613";"4756";"-";"8";"297";"348";"396";"-";"-"
"MU";"1501105";"Bagre (PA)";"Total";"9297";"12499";"-";"-";"-";"299";"1321";"-";"1"
"MU";"1501204";"Baião (PA)";"Total";"33718";"8133";"-";"35";"4";"130";"1005";"-";"-"
"MU";"1501253";"Bannach (PA)";"Total";"1609";"1441";"7";"-";"3";"78";"219";"-";"-"
"MU";"1501303";"Barcarena (PA)";"Total";"45591";"46431";"293";"170";"10";"3961";"9192";"45";"153"
"MU";"1501402";"Belém (PA)";"Total";"636861";"385368";"14654";"9350";"95";"39344";"65979";"214";"910"
"MU";"1501451";"Belterra (PA)";"Total";"8705";"5235";"4";"17";"5";"202";"697";"11";"41"
"MU";"1501501";"Benevides (PA)";"Total";"23522";"24364";"48";"327";"11";"1379";"4143";"16";"39"
"MU";"1501576";"Bom Jesus do Tocantins (PA)";"Total";"6752";"5807";"-";"20";"16";"250";"2433";"-";"17"
"MU";"1501600";"Bonito (PA)";"Total";"8287";"2280";"6";"19";"-";"46";"106";"-";"5"
"MU";"1501709";"Bragança (PA)";"Total";"67583";"31088";"63";"135";"-";"1177";"3355";"147";"21"
"MU";"1501725";"Brasil Novo (PA)";"Total";"10215";"8195";"7";"-";"-";"166";"2087";"-";"30"
"MU";"1501758";"Brejo Grande do Araguaia (PA)";"Total";"3186";"2065";"4";"4";"7";"84";"247";"-";"77"
"MU";"1501782";"Breu Branco (PA)";"Total";"15034";"15816";"69";"15";"-";"466";"5942";"28";"74"
"MU";"1501808";"Breves (PA)";"Total";"47196";"29920";"2";"50";"19";"970";"5009";"-";"3"
"MU";"1501907";"Bujaru (PA)";"Total";"11259";"7593";"-";"-";"-";"261";"928";"-";"36"
"MU";"1501956";"Cachoeira do Piriá (PA)";"Total";"9658";"5380";"-";"23";"-";"55";"882";"15";"6"
"MU";"1502004";"Cachoeira do Arari (PA)";"Total";"10645";"7673";"-";"37";"9";"562";"900";"-";"-"
"MU";"1502103";"Cametá (PA)";"Total";"77834";"27589";"78";"73";"-";"884";"4888";"14";"8"
"MU";"1502152";"Canaã dos Carajás (PA)";"Total";"24876";"28962";"132";"250";"-";"2843";"5743";"12";"-"
"MU";"1502202";"Capanema (PA)";"Total";"41365";"15809";"85";"43";"-";"1111";"2228";"-";"32"
"MU";"1502301";"Capitão Poço (PA)";"Total";"36049";"10082";"43";"39";"30";"313";"1444";"-";"-"
"MU";"1502400";"Castanhal (PA)";"Total";"91969";"59358";"730";"480";"16";"3913";"8301";"12";"164"
"MU";"1502509";"Chaves (PA)";"Total";"10017";"5334";"-";"-";"-";"255";"546";"-";"-"
"MU";"1502608";"Colares (PA)";"Total";"7083";"3078";"22";"42";"-";"91";"549";"-";"-"
"MU";"1502707";"Conceição do Araguaia (PA)";"Total";"21069";"13177";"45";"50";"-";"534";"3064";"-";"93"
"MU";"1502756";"Concórdia do Pará (PA)";"Total";"11225";"9314";"-";"-";"-";"166";"1356";"-";"7"
"MU";"1502764";"Cumaru do Norte (PA)";"Total";"4048";"4669";"5";"5";"232";"63";"2120";"-";"11"
"MU";"1502772";"Curionópolis (PA)";"Total";"7493";"6441";"6";"41";"3";"199";"2203";"-";"-"
"MU";"1502806";"Curralinho (PA)";"Total";"15396";"10548";"-";"29";"-";"404";"375";"-";"-"
"MU";"1502855";"Curuá (PA)";"Total";"8392";"2781";"-";"-";"-";"145";"167";"-";"16"
"MU";"1502905";"Curuçá (PA)";"Total";"22636";"10543";"74";"76";"-";"808";"1109";"220";"14"
"MU";"1502939";"Dom Eliseu (PA)";"Total";"23624";"15637";"17";"91";"-";"899";"8193";"-";"1"
"MU";"1502954";"Eldorado do Carajás (PA)";"Total";"9118";"8867";"11";"41";"-";"2286";"2850";"-";"7"
"MU";"1503002";"Faro (PA)";"Total";"5428";"1446";"2";"-";"-";"64";"203";"-";"-"
"MU";"1503044";"Floresta do Araguaia (PA)";"Total";"8199";"5979";"-";"8";"12";"233";"518";"-";"13"
"MU";"1503077";"Garrafão do Norte (PA)";"Total";"16304";"3825";"-";"-";"-";"201";"178";"-";"128"
"MU";"1503093";"Goianésia do Pará (PA)";"Total";"10502";"9175";"-";"-";"-";"691";"1437";"-";"55"
"MU";"1503101";"Gurupá (PA)";"Total";"18255";"6245";"-";"1";"-";"227";"304";"-";"78"
"MU";"1503200";"Igarapé-Açu (PA)";"Total";"21080";"8064";"32";"26";"-";"287";"1069";"9";"26"
"MU";"1503309";"Igarapé-Miri (PA)";"Total";"22751";"24368";"-";"56";"-";"666";"6111";"-";"56"
"MU";"1503408";"Inhangapi (PA)";"Total";"5340";"2615";"20";"-";"-";"114";"534";"-";"-"
"MU";"1503457";"Ipixuna do Pará (PA)";"Total";"14656";"8074";"-";"-";"-";"162";"1469";"-";"14"
"MU";"1503507";"Irituia (PA)";"Total";"16136";"8442";"9";"12";"-";"353";"1110";"12";"117"
"MU";"1503606";"Itaituba (PA)";"Total";"49078";"33755";"158";"311";"6";"1942";"16272";"11";"20"
"MU";"1503705";"Itupiranga (PA)";"Total";"26140";"12271";"-";"74";"17";"538";"2218";"-";"18"
"MU";"1503754";"Jacareacanga (PA)";"Total";"8741";"6781";"-";"24";"388";"395";"1279";"-";"15"
"MU";"1503804";"Jacundá (PA)";"Total";"16665";"11174";"55";"44";"-";"466";"3193";"-";"69"
"MU";"1503903";"Juruti (PA)";"Total";"23928";"14625";"55";"-";"-";"835";"830";"-";"84"
"MU";"1504000";"Limoeiro do Ajuru (PA)";"Total";"11760";"9999";"-";"24";"-";"643";"1656";"-";"-"
"MU";"1504059";"Mãe do Rio (PA)";"Total";"19191";"7920";"12";"21";"-";"262";"1468";"-";"-"
"MU";"1504109";"Magalhães Barata (PA)";"Total";"4390";"2247";"-";"-";"-";"30";"255";"-";"-"
"MU";"1504208";"Marabá (PA)";"Total";"103384";"81830";"603";"480";"39";"7264";"28256";"160";"425"
"MU";"1504307";"Maracanã (PA)";"Total";"12490";"8189";"19";"25";"-";"89";"1427";"-";"11"
"MU";"1504406";"Marapanim (PA)";"Total";"14742";"6806";"10";"18";"-";"359";"782";"29";"-"
"MU";"1504422";"Marituba (PA)";"Total";"46693";"38889";"114";"761";"5";"2233";"6534";"-";"142"
"MU";"1504455";"Medicilândia (PA)";"Total";"10686";"9700";"-";"-";"-";"377";"1651";"-";"-"
"MU";"1504505";"Melgaço (PA)";"Total";"9411";"9629";"-";"-";"-";"98";"1851";"-";"-"
"MU";"1504604";"Mocajuba (PA)";"Total";"12557";"9061";"9";"10";"-";"131";"890";"1";"-"
"MU";"1504703";"Moju (PA)";"Total";"26157";"29486";"-";"222";"19";"870";"11632";"-";"175"
"MU";"1504752";"Mojuí dos Campos (PA)";"Total";"12253";"6248";"-";"50";"-";"264";"812";"-";"-"
"MU";"1504802";"Monte Alegre (PA)";"Total";"30166";"17077";"14";"68";"-";"873";"1819";"-";"-"
"MU";"1504901";"Muaná (PA)";"Total";"23196";"11566";"-";"10";"-";"1246";"379";"-";"-"
"MU";"1504950";"Nova Esperança do Piriá (PA)";"Total";"9178";"7111";"-";"-";"-";"9";"293";"-";"-"
"MU";"1504976";"Nova Ipixuna (PA)";"Total";"6682";"4200";"30";"5";"-";"115";"606";"-";"15"
"MU";"1505007";"Nova Timboteua (PA)";"Total";"8678";"2199";"4";"10";"-";"108";"224";"-";"7"
"MU";"1505031";"Novo Progresso (PA)";"Total";"16856";"7636";"36";"47";"11";"815";"2088";"-";"51"
"MU";"1505064";"Novo Repartimento (PA)";"Total";"22795";"20754";"9";"83";"5";"1634";"4461";"38";"16"
"MU";"1505106";"Óbidos (PA)";"Total";"29045";"11021";"22";"71";"250";"751";"1662";"28";"42"
"MU";"1505205";"Oeiras do Pará (PA)";"Total";"16783";"9503";"-";"21";"-";"235";"674";"-";"-"
"MU";"1505304";"Oriximiná (PA)";"Total";"32274";"17319";"63";"157";"-";"1056";"4180";"-";"13"
"MU";"1505403";"Ourém (PA)";"Total";"11306";"3340";"37";"2";"-";"51";"417";"-";"-"
"MU";"1505437";"Ourilândia do Norte (PA)";"Total";"10134";"12187";"25";"54";"168";"1173";"2423";"-";"280"
"MU";"1505486";"Pacajá (PA)";"Total";"16320";"14108";"-";"53";"-";"913";"1995";"-";"-"
"MU";"1505494";"Palestina do Pará (PA)";"Total";"3132";"1732";"7";"-";"-";"48";"817";"-";"2"
"MU";"1505502";"Paragominas (PA)";"Total";"37833";"35661";"158";"105";"90";"1724";"11591";"439";"511"
"MU";"1505536";"Parauapebas (PA)";"Total";"85424";"95907";"991";"356";"165";"9790";"27572";"135";"184"
"MU";"1505551";"Pau D'Arco (PA)";"Total";"3008";"2137";"3";"-";"-";"109";"513";"-";"-"
"MU";"1505601";"Peixe-Boi (PA)";"Total";"5562";"1473";"12";"-";"-";"46";"126";"-";"-"
"MU";"1505635";"Piçarra (PA)";"Total";"6603";"2822";"15";"6";"-";"284";"797";"-";"55"
"MU";"1505650";"Placas (PA)";"Total";"7285";"5889";"13";"-";"-";"261";"1966";"-";"-"
"MU";"1505700";"Ponta de Pedras (PA)";"Total";"10514";"9042";"9";"10";"-";"346";"986";"-";"-"
"MU";"1505809";"Portel (PA)";"Total";"25309";"19486";"-";"29";"-";"263";"3331";"-";"10"
"MU";"1505908";"Porto de Moz (PA)";"Total";"21687";"8767";"-";"-";"-";"1181";"462";"-";"6"
"MU";"1506005";"Prainha (PA)";"Total";"18039";"9350";"-";"21";"-";"416";"501";"14";"21"
"MU";"1506104";"Primavera (PA)";"Total";"7023";"1877";"-";"19";"-";"136";"159";"-";"-"
"MU";"1506112";"Quatipuru (PA)";"Total";"6715";"2310";"16";"4";"-";"301";"435";"-";"16"
"MU";"1506138";"Redenção (PA)";"Total";"31776";"29203";"413";"59";"-";"2037";"8042";"25";"54"
"MU";"1506161";"Rio Maria (PA)";"Total";"8409";"5716";"31";"14";"-";"356";"1123";"-";"6"
"MU";"1506187";"Rondon do Pará (PA)";"Total";"19233";"21804";"33";"29";"52";"1295";"4311";"-";"24"
"MU";"1506195";"Rurópolis (PA)";"Total";"14994";"9455";"-";"-";"-";"743";"3707";"8";"111"
"MU";"1506203";"Salinópolis (PA)";"Total";"23657";"10739";"43";"81";"-";"2182";"1423";"-";"-"
"MU";"1506302";"Salvaterra (PA)";"Total";"12062";"6400";"28";"71";"-";"456";"1265";"-";"-"
"MU";"1506351";"Santa Bárbara do Pará (PA)";"Total";"7035";"8601";"22";"29";"-";"370";"1803";"-";"39"
"MU";"1506401";"Santa Cruz do Arari (PA)";"Total";"3730";"2256";"-";"16";"-";"17";"288";"-";"-"
"MU";"1506500";"Santa Izabel do Pará (PA)";"Total";"27555";"25990";"147";"613";"-";"1301";"7070";"9";"112"
"MU";"1506559";"Santa Luzia do Pará (PA)";"Total";"13828";"3124";"-";"-";"3";"97";"163";"-";"6"
"MU";"1506583";"Santa Maria das Barreiras (PA)";"Total";"7125";"5382";"-";"57";"-";"345";"871";"-";"-"
"MU";"1506609";"Santa Maria do Pará (PA)";"Total";"14850";"5676";"13";"8";"-";"127";"449";"6";"-"
"MU";"1506708";"Santana do Araguaia (PA)";"Total";"12904";"11174";"21";"22";"-";"394";"2061";"-";"25"
"MU";"1506807";"Santarém (PA)";"Total";"169987";"83818";"531";"860";"2";"7857";"13347";"141";"297"
"MU";"1506906";"Santarém Novo (PA)";"Total";"3482";"1412";"6";"-";"-";"32";"271";"-";"-"
"MU";"1507003";"Santo Antônio do Tauá (PA)";"Total";"10794";"10386";"11";"51";"-";"239";"1700";"-";"6"
"MU";"1507102";"São Caetano de Odivelas (PA)";"Total";"9953";"3624";"11";"17";"-";"173";"478";"-";"-"
"MU";"1507151";"São Domingos do Araguaia (PA)";"Total";"10373";"5573";"45";"22";"-";"206";"1421";"-";"-"
"MU";"1507201";"São Domingos do Capim (PA)";"Total";"18014";"6544";"26";"15";"-";"110";"558";"-";"-"
"MU";"1507300";"São Félix do Xingu (PA)";"Total";"25691";"20787";"93";"166";"29";"1699";"5857";"-";"15"
"MU";"1507409";"São Francisco do Pará (PA)";"Total";"7323";"4518";"5";"14";"22";"124";"780";"-";"4"
"MU";"1507458";"São Geraldo do Araguaia (PA)";"Total";"10669";"7981";"-";"7";"10";"223";"1095";"-";"-"
"MU";"1507466";"São João da Ponta (PA)";"Total";"2152";"1256";"5";"27";"2";"14";"288";"-";"-"
"MU";"1507474";"São João de Pirabas (PA)";"Total";"11240";"4712";"46";"41";"-";"578";"866";"-";"30"
"MU";"1507508";"São João do Araguaia (PA)";"Total";"5807";"4447";"17";"5";"-";"90";"885";"-";"9"
"MU";"1507607";"São Miguel do Guamá (PA)";"Total";"30054";"12615";"38";"48";"-";"254";"1071";"-";"24"
"MU";"1507706";"São Sebastião da Boa Vista (PA)";"Total";"10228";"9404";"-";"19";"-";"508";"656";"-";"-"
"MU";"1507755";"Sapucaia (PA)";"Total";"2594";"1559";"-";"7";"-";"24";"643";"-";"-"
"MU";"1507805";"Senador José Porfírio (PA)";"Total";"9535";"7493";"19";"57";"9";"146";"915";"-";"11"
"MU";"1507904";"Soure (PA)";"Total";"12632";"5670";"23";"112";"20";"1651";"357";"-";"-"
"MU";"1507953";"Tailândia (PA)";"Total";"26537";"22925";"74";"34";"8";"806";"8160";"-";"39"
"MU";"1507961";"Terra Alta (PA)";"Total";"4736";"3333";"-";"4";"-";"132";"571";"-";"-"
"MU";"1507979";"Terra Santa (PA)";"Total";"10080";"4749";"-";"10";"-";"140";"337";"-";"15"
"MU";"1508001";"Tomé-Açu (PA)";"Total";"23860";"24139";"11";"88";"20";"962";"5638";"-";"60"
"MU";"1508035";"Tracuateua (PA)";"Total";"17357";"5724";"-";"18";"-";"303";"664";"16";"-"
"MU";"1508050";"Trairão (PA)";"Total";"6411";"4532";"-";"17";"33";"235";"1196";"-";"-"
"MU";"1508084";"Tucumã (PA)";"Total";"15296";"13714";"228";"83";"-";"802";"2609";"-";"60"
"MU";"1508100";"Tucuruí (PA)";"Total";"35992";"31342";"254";"97";"123";"2002";"6650";"30";"90"
"MU";"1508126";"Ulianópolis (PA)";"Total";"15080";"13028";"-";"14";"-";"333";"3315";"-";"18"
"MU";"1508159";"Uruará (PA)";"Total";"17581";"14064";"-";"38";"-";"437";"3693";"16";"25"
"MU";"1508209";"Vigia (PA)";"Total";"30267";"11480";"31";"272";"-";"269";"1110";"-";"90"
"MU";"1508308";"Viseu (PA)";"Total";"34407";"12460";"21";"24";"-";"146";"771";"-";"51"
"MU";"1508357";"Vitória do Xingu (PA)";"Total";"7096";"4557";"-";"10";"2";"259";"851";"-";"-"
"MU";"1508407";"Xinguara (PA)";"Total";"20247";"18659";"55";"10";"-";"1050";"4058";"79";"12"
"MU";"1600055";"Serra do Navio (AP)";"Total";"1585";"1713";"-";"-";"-";"55";"421";"-";"-"
"MU";"1600105";"Amapá (AP)";"Total";"4253";"1714";"23";"3";"-";"114";"199";"-";"8"
"MU";"1600154";"Pedra Branca do Amapari (AP)";"Total";"3274";"3757";"5";"16";"879";"163";"1428";"-";"-"
"MU";"1600204";"Calçoene (AP)";"Total";"4218";"2798";"4";"48";"-";"117";"1226";"-";"-"
"MU";"1600212";"Cutias (AP)";"Total";"1687";"1739";"-";"-";"-";"14";"34";"-";"7"
"MU";"1600238";"Ferreira Gomes (AP)";"Total";"2345";"2581";"-";"-";"-";"188";"158";"-";"-"
"MU";"1600253";"Itaubal (AP)";"Total";"2071";"1651";"3";"6";"-";"298";"292";"-";"4"
"MU";"1600279";"Laranjal do Jari (AP)";"Total";"13872";"10624";"27";"115";"61";"923";"3123";"-";"35"
"MU";"1600303";"Macapá (AP)";"Total";"194259";"124601";"2740";"2527";"-";"13983";"26190";"2590";"544"
"MU";"1600402";"Mazagão (AP)";"Total";"10033";"6366";"-";"50";"-";"302";"447";"-";"-"
"MU";"1600501";"Oiapoque (AP)";"Total";"7461";"9946";"29";"29";"23";"676";"3332";"132";"-"
"MU";"1600535";"Porto Grande (AP)";"Total";"6116";"5699";"27";"16";"-";"173";"2199";"-";"34"
"MU";"1600550";"Pracuúba (AP)";"Total";"1085";"1663";"-";"3";"-";"15";"153";"17";"-"
"MU";"1600600";"Santana (AP)";"Total";"45949";"35569";"222";"42";"-";"1993";"4803";"-";"9"
"MU";"1600709";"Tartarugalzinho (AP)";"Total";"4090";"4579";"5";"25";"-";"279";"986";"-";"10"
"MU";"1600808";"Vitória do Jari (AP)";"Total";"4345";"3498";"-";"-";"-";"192";"850";"-";"18"
"MU";"1700251";"Abreulândia (TO)";"Total";"1454";"626";"-";"-";"2";"27";"67";"-";"9"
"MU";"1700301";"Aguiarnópolis (TO)";"Total";"2415";"1298";"4";"-";"-";"14";"48";"-";"-"
"MU";"1700350";"Aliança do Tocantins (TO)";"Total";"3020";"933";"19";"-";"-";"62";"420";"5";"-"
"MU";"1700400";"Almas (TO)";"Total";"3178";"1533";"32";"-";"-";"64";"630";"-";"3"
"MU";"1700707";"Alvorada (TO)";"Total";"5098";"2067";"56";"-";"-";"94";"216";"-";"23"
"MU";"1701002";"Ananás (TO)";"Total";"6201";"2320";"6";"-";"-";"83";"121";"-";"-"
"MU";"1701051";"Angico (TO)";"Total";"1751";"581";"-";"-";"-";"13";"104";"-";"-"
"MU";"1701101";"Aparecida do Rio Negro (TO)";"Total";"2379";"1208";"2";"13";"-";"45";"467";"-";"-"
"MU";"1701309";"Aragominas (TO)";"Total";"2787";"1408";"3";"4";"-";"118";"250";"-";"-"
"MU";"1701903";"Araguacema (TO)";"Total";"2788";"1985";"7";"-";"-";"81";"134";"3";"-"
"MU";"1702000";"Araguaçu (TO)";"Total";"3735";"2855";"7";"5";"-";"143";"261";"-";"23"
"MU";"1702109";"Araguaína (TO)";"Total";"78344";"49356";"1171";"145";"12";"5252";"10856";"18";"49"
"MU";"1702158";"Araguanã (TO)";"Total";"2211";"1245";"6";"-";"-";"8";"102";"-";"-"
"MU";"1702208";"Araguatins (TO)";"Total";"15839";"8234";"27";"25";"-";"730";"2030";"-";"19"
"MU";"1702307";"Arapoema (TO)";"Total";"3003";"1267";"3";"14";"-";"172";"283";"-";"-"
"MU";"1702406";"Arraias (TO)";"Total";"7053";"1395";"75";"11";"-";"76";"214";"29";"-"
"MU";"1702554";"Augustinópolis (TO)";"Total";"9780";"3513";"22";"16";"-";"365";"922";"-";"11"
"MU";"1702703";"Aurora do Tocantins (TO)";"Total";"2060";"651";"11";"6";"-";"47";"183";"-";"-"
"MU";"1702901";"Axixá do Tocantins (TO)";"Total";"5831";"2096";"4";"-";"-";"98";"292";"-";"12"
"MU";"1703008";"Babaçulândia (TO)";"Total";"4734";"1557";"18";"-";"-";"146";"343";"5";"14"
"MU";"1703057";"Bandeirantes do Tocantins (TO)";"Total";"1884";"805";"-";"-";"-";"33";"143";"-";"-"
"MU";"1703073";"Barra do Ouro (TO)";"Total";"2376";"985";"8";"-";"-";"47";"272";"-";"22"
"MU";"1703107";"Barrolândia (TO)";"Total";"2572";"1253";"18";"-";"-";"146";"213";"-";"-"
"MU";"1703206";"Bernardo Sayão (TO)";"Total";"2044";"1156";"2";"-";"-";"7";"394";"-";"-"
"MU";"1703305";"Bom Jesus do Tocantins (TO)";"Total";"2248";"754";"-";"-";"-";"51";"242";"-";"-"
"MU";"1703602";"Brasilândia do Tocantins (TO)";"Total";"993";"557";"-";"-";"-";"37";"100";"-";"-"
"MU";"1703701";"Brejinho de Nazaré (TO)";"Total";"2319";"1548";"10";"-";"-";"54";"128";"-";"-"
"MU";"1703800";"Buriti do Tocantins (TO)";"Total";"6251";"1841";"-";"21";"-";"76";"378";"-";"-"
"MU";"1703826";"Cachoeirinha (TO)";"Total";"1018";"600";"-";"-";"21";"5";"-";"-";"5"
"MU";"1703842";"Campos Lindos (TO)";"Total";"4636";"1285";"-";"-";"-";"661";"316";"-";"4"
"MU";"1703867";"Cariri do Tocantins (TO)";"Total";"2095";"1192";"-";"5";"-";"31";"138";"-";"-"
"MU";"1703883";"Carmolândia (TO)";"Total";"1233";"495";"4";"-";"-";"4";"114";"-";"-"
"MU";"1703891";"Carrasco Bonito (TO)";"Total";"2073";"478";"-";"-";"-";"2";"186";"-";"-"
"MU";"1703909";"Caseara (TO)";"Total";"2166";"1354";"12";"6";"-";"345";"177";"-";"-"
"MU";"1704105";"Centenário (TO)";"Total";"1462";"352";"7";"-";"-";"8";"19";"-";"-"
"MU";"1704600";"Chapada de Areia (TO)";"Total";"730";"407";"-";"-";"-";"105";"42";"-";"-"
"MU";"1705102";"Chapada da Natividade (TO)";"Total";"2062";"493";"9";"-";"-";"6";"60";"-";"-"
"MU";"1705508";"Colinas do Tocantins (TO)";"Total";"16012";"9718";"33";"58";"-";"630";"2350";"-";"40"
"MU";"1705557";"Combinado (TO)";"Total";"2764";"1072";"8";"-";"-";"72";"195";"-";"-"
"MU";"1705607";"Conceição do Tocantins (TO)";"Total";"2551";"645";"-";"11";"-";"7";"61";"-";"4"
"MU";"1706001";"Couto Magalhães (TO)";"Total";"2855";"1377";"9";"-";"-";"87";"147";"-";"-"
"MU";"1706100";"Cristalândia (TO)";"Total";"4001";"1129";"10";"-";"-";"110";"286";"15";"-"
"MU";"1706258";"Crixás do Tocantins (TO)";"Total";"850";"343";"2";"-";"-";"6";"56";"-";"-"
"MU";"1706506";"Darcinópolis (TO)";"Total";"3315";"1385";"-";"-";"-";"10";"168";"-";"-"
"MU";"1707009";"Dianópolis (TO)";"Total";"10990";"3305";"171";"31";"-";"203";"231";"-";"-"
"MU";"1707108";"Divinópolis do Tocantins (TO)";"Total";"3628";"1639";"5";"3";"-";"175";"563";"-";"-"
"MU";"1707207";"Dois Irmãos do Tocantins (TO)";"Total";"3933";"1194";"26";"-";"-";"34";"286";"-";"-"
"MU";"1707306";"Dueré (TO)";"Total";"2370";"957";"-";"-";"-";"37";"299";"-";"8"
"MU";"1707405";"Esperantina (TO)";"Total";"3656";"1805";"-";"3";"-";"92";"698";"-";"-"
"MU";"1707553";"Fátima (TO)";"Total";"1866";"995";"-";"-";"-";"39";"64";"-";"-"
"MU";"1707652";"Figueirópolis (TO)";"Total";"2950";"1155";"10";"-";"-";"50";"343";"23";"-"
"MU";"1707702";"Filadélfia (TO)";"Total";"4935";"1257";"11";"4";"-";"61";"314";"-";"-"
"MU";"1708205";"Formoso do Araguaia (TO)";"Total";"8295";"5350";"49";"5";"27";"292";"2063";"7";"16"
"MU";"1708254";"Tabocão (TO)";"Total";"1642";"1003";"13";"-";"-";"47";"188";"-";"-"
"MU";"1708304";"Goianorte (TO)";"Total";"2475";"1324";"11";"-";"-";"95";"190";"-";"-"
"MU";"1709005";"Goiatins (TO)";"Total";"4988";"2410";"21";"-";"961";"225";"1313";"-";"12"
"MU";"1709302";"Guaraí (TO)";"Total";"11996";"6967";"101";"20";"-";"774";"1460";"-";"96"
"MU";"1709500";"Gurupi (TO)";"Total";"39967";"25956";"598";"126";"-";"1801";"4747";"59";"92"
"MU";"1709807";"Ipueiras (TO)";"Total";"1019";"287";"4";"-";"-";"22";"42";"-";"-"
"MU";"1710508";"Itacajá (TO)";"Total";"3507";"1028";"-";"-";"735";"58";"302";"-";"-"
"MU";"1710706";"Itaguatins (TO)";"Total";"3205";"979";"21";"3";"3";"29";"171";"-";"-"
"MU";"1710904";"Itapiratins (TO)";"Total";"2217";"707";"-";"4";"-";"17";"101";"-";"-"
"MU";"1711100";"Itaporã do Tocantins (TO)";"Total";"1278";"693";"4";"-";"-";"17";"75";"-";"-"
"MU";"1711506";"Jaú do Tocantins (TO)";"Total";"1888";"811";"2";"-";"-";"73";"132";"-";"-"
"MU";"1711803";"Juarina (TO)";"Total";"1261";"586";"-";"-";"-";"2";"31";"-";"-"
"MU";"1711902";"Lagoa da Confusão (TO)";"Total";"6834";"4254";"9";"4";"582";"113";"658";"-";"-"
"MU";"1711951";"Lagoa do Tocantins (TO)";"Total";"2197";"517";"-";"-";"-";"16";"130";"-";"-"
"MU";"1712009";"Lajeado (TO)";"Total";"1621";"993";"4";"-";"-";"53";"129";"-";"25"
"MU";"1712157";"Lavandeira (TO)";"Total";"969";"289";"-";"-";"-";"35";"99";"-";"-"
"MU";"1712405";"Lizarda (TO)";"Total";"2258";"252";"-";"4";"-";"22";"-";"-";"-"
"MU";"1712454";"Luzinópolis (TO)";"Total";"1498";"662";"-";"-";"-";"26";"109";"-";"3"
"MU";"1712504";"Marianópolis do Tocantins (TO)";"Total";"2712";"992";"3";"11";"-";"17";"180";"-";"-"
"MU";"1712702";"Mateiros (TO)";"Total";"1601";"542";"7";"-";"-";"-";"129";"17";"11"
"MU";"1712801";"Maurilândia do Tocantins (TO)";"Total";"1580";"656";"4";"6";"129";"23";"157";"4";"4"
"MU";"1713205";"Miracema do Tocantins (TO)";"Total";"9274";"4482";"78";"12";"-";"608";"1467";"-";"33"
"MU";"1713304";"Miranorte (TO)";"Total";"6823";"3113";"9";"8";"-";"179";"822";"-";"-"
"MU";"1713601";"Monte do Carmo (TO)";"Total";"3353";"1191";"-";"7";"-";"101";"182";"-";"-"
"MU";"1713700";"Monte Santo do Tocantins (TO)";"Total";"1246";"572";"9";"-";"-";"68";"172";"-";"-"
"MU";"1713809";"Palmeiras do Tocantins (TO)";"Total";"2933";"1105";"3";"-";"-";"30";"37";"-";"24"
"MU";"1713957";"Muricilândia (TO)";"Total";"1831";"794";"6";"-";"-";"42";"148";"2";"-"
"MU";"1714203";"Natividade (TO)";"Total";"5945";"1138";"43";"12";"-";"81";"269";"-";"-"
"MU";"1714302";"Nazaré (TO)";"Total";"3076";"724";"2";"-";"-";"6";"100";"-";"-"
"MU";"1714880";"Nova Olinda (TO)";"Total";"6092";"2351";"17";"-";"-";"151";"131";"-";"-"
"MU";"1715002";"Nova Rosalândia (TO)";"Total";"1788";"881";"3";"-";"-";"42";"129";"-";"29"
"MU";"1715101";"Novo Acordo (TO)";"Total";"2622";"615";"-";"-";"-";"55";"15";"-";"-"
"MU";"1715150";"Novo Alegre (TO)";"Total";"1164";"347";"-";"-";"-";"23";"106";"-";"6"
"MU";"1715259";"Novo Jardim (TO)";"Total";"1472";"238";"1";"-";"-";"136";"9";"-";"-"
"MU";"1715507";"Oliveira de Fátima (TO)";"Total";"579";"314";"-";"-";"-";"24";"52";"-";"-"
"MU";"1715705";"Palmeirante (TO)";"Total";"2927";"1015";"18";"-";"-";"79";"70";"-";"12"
"MU";"1715754";"Palmeirópolis (TO)";"Total";"3614";"1958";"4";"-";"3";"133";"342";"12";"-"
"MU";"1716109";"Paraíso do Tocantins (TO)";"Total";"21774";"17007";"167";"50";"13";"2457";"3175";"-";"23"
"MU";"1716208";"Paranã (TO)";"Total";"7198";"1659";"32";"-";"-";"62";"39";"-";"-"
"MU";"1716307";"Pau D'Arco (TO)";"Total";"2287";"949";"-";"-";"-";"6";"135";"-";"-"
"MU";"1716505";"Pedro Afonso (TO)";"Total";"7357";"3230";"39";"6";"6";"249";"914";"-";"-"
"MU";"1716604";"Peixe (TO)";"Total";"5702";"1908";"52";"36";"-";"231";"99";"-";"-"
"MU";"1716653";"Pequizeiro (TO)";"Total";"2626";"1456";"-";"-";"-";"27";"145";"-";"-"
"MU";"1716703";"Colméia (TO)";"Total";"3989";"2800";"15";"-";"-";"321";"565";"-";"20"
"MU";"1717008";"Pindorama do Tocantins (TO)";"Total";"2865";"815";"-";"-";"-";"29";"84";"-";"8"
"MU";"1717206";"Piraquê (TO)";"Total";"1241";"588";"-";"-";"-";"28";"72";"-";"-"
"MU";"1717503";"Pium (TO)";"Total";"3422";"1496";"12";"-";"341";"103";"480";"10";"53"
"MU";"1717800";"Ponte Alta do Bom Jesus (TO)";"Total";"2969";"621";"3";"3";"-";"20";"40";"-";"4"
"MU";"1717909";"Ponte Alta do Tocantins (TO)";"Total";"4632";"1611";"8";"5";"-";"34";"46";"17";"4"
"MU";"1718006";"Porto Alegre do Tocantins (TO)";"Total";"1627";"555";"5";"-";"-";"60";"129";"-";"4"
"MU";"1718204";"Porto Nacional (TO)";"Total";"29951";"18484";"219";"174";"-";"1493";"3600";"-";"139"
"MU";"1718303";"Praia Norte (TO)";"Total";"4507";"2236";"3";"-";"-";"74";"589";"-";"-"
"MU";"1718402";"Presidente Kennedy (TO)";"Total";"1701";"662";"-";"-";"-";"32";"231";"-";"-"
"MU";"1718451";"Pugmil (TO)";"Total";"978";"678";"14";"-";"-";"7";"193";"-";"5"
"MU";"1718501";"Recursolândia (TO)";"Total";"2147";"689";"-";"-";"-";"9";"12";"-";"-"
"MU";"1718550";"Riachinho (TO)";"Total";"2210";"1030";"3";"-";"-";"28";"83";"-";"-"
"MU";"1718659";"Rio da Conceição (TO)";"Total";"862";"442";"-";"-";"-";"8";"119";"4";"-"
"MU";"1718709";"Rio dos Bois (TO)";"Total";"1466";"672";"-";"-";"-";"22";"164";"-";"-"
"MU";"1718758";"Rio Sono (TO)";"Total";"2828";"1180";"-";"4";"-";"11";"78";"-";"-"
"MU";"1718808";"Sampaio (TO)";"Total";"2102";"1068";"36";"-";"-";"52";"165";"-";"59"
"MU";"1718840";"Sandolândia (TO)";"Total";"1595";"1338";"-";"5";"-";"43";"224";"-";"-"
"MU";"1718865";"Santa Fé do Araguaia (TO)";"Total";"3357";"2010";"6";"-";"9";"110";"496";"-";"10"
"MU";"1718881";"Santa Maria do Tocantins (TO)";"Total";"1589";"548";"-";"-";"-";"9";"110";"-";"4"
"MU";"1718899";"Santa Rita do Tocantins (TO)";"Total";"1246";"556";"1";"-";"-";"11";"80";"-";"-"
"MU";"1718907";"Santa Rosa do Tocantins (TO)";"Total";"3055";"701";"9";"12";"-";"65";"31";"-";"26"
"MU";"1719004";"Santa Tereza do Tocantins (TO)";"Total";"1563";"581";"1";"3";"-";"33";"66";"-";"-"
"MU";"1720002";"Santa Terezinha do Tocantins (TO)";"Total";"1556";"443";"-";"-";"-";"-";"36";"-";"-"
"MU";"1720101";"São Bento do Tocantins (TO)";"Total";"3406";"1169";"-";"-";"-";"-";"102";"-";"-"
"MU";"1720150";"São Félix do Tocantins (TO)";"Total";"1057";"387";"-";"2";"-";"10";"15";"-";"-"
"MU";"1720200";"São Miguel do Tocantins (TO)";"Total";"6015";"3514";"23";"5";"7";"83";"1317";"-";"19"
"MU";"1720259";"São Salvador do Tocantins (TO)";"Total";"1648";"305";"3";"-";"-";"11";"52";"-";"-"
"MU";"1720309";"São Sebastião do Tocantins (TO)";"Total";"2226";"919";"2";"9";"-";"12";"247";"-";"4"
"MU";"1720499";"São Valério (TO)";"Total";"3106";"582";"20";"3";"-";"38";"35";"-";"-"
"MU";"1720655";"Silvanópolis (TO)";"Total";"3323";"730";"5";"-";"-";"192";"59";"-";"3"
"MU";"1720804";"Sítio Novo do Tocantins (TO)";"Total";"6296";"2215";"-";"4";"-";"63";"505";"-";"-"
"MU";"1720853";"Sucupira (TO)";"Total";"926";"355";"-";"6";"-";"9";"61";"-";"-"
"MU";"1720903";"Taguatinga (TO)";"Total";"8697";"2780";"7";"-";"-";"165";"451";"-";"17"
"MU";"1720937";"Taipas do Tocantins (TO)";"Total";"1043";"455";"-";"4";"-";"8";"169";"-";"-"
"MU";"1720978";"Talismã (TO)";"Total";"1180";"731";"6";"-";"-";"31";"133";"-";"-"
"MU";"1721000";"Palmas (TO)";"Total";"125811";"94836";"3412";"802";"52";"11661";"20423";"49";"143"
"MU";"1721109";"Tocantínia (TO)";"Total";"2140";"1304";"3";"-";"742";"120";"1269";"104";"20"
"MU";"1721208";"Tocantinópolis (TO)";"Total";"11471";"5537";"21";"-";"506";"217";"1005";"-";"102"
"MU";"1721257";"Tupirama (TO)";"Total";"1137";"286";"-";"-";"-";"39";"149";"-";"-"
"MU";"1721307";"Tupiratins (TO)";"Total";"1205";"384";"10";"-";"-";"4";"23";"-";"-"
"MU";"1722081";"Wanderlândia (TO)";"Total";"5559";"2467";"-";"11";"-";"156";"638";"-";"9"
"MU";"1722107";"Xambioá (TO)";"Total";"6244";"2181";"-";"14";"-";"134";"327";"-";"6"
"MU";"2100055";"Açailândia (MA)";"Total";"46052";"31773";"185";"210";"-";"2381";"9045";"-";"160"
"MU";"2100105";"Afonso Cunha (MA)";"Total";"4090";"783";"-";"3";"-";"14";"50";"-";"3"
"MU";"2100154";"Água Doce do Maranhão (MA)";"Total";"7909";"1884";"-";"12";"-";"174";"302";"-";"-"
"MU";"2100204";"Alcântara (MA)";"Total";"10575";"4588";"-";"22";"-";"98";"529";"-";"139"
"MU";"2100303";"Aldeias Altas (MA)";"Total";"15454";"2260";"-";"35";"-";"826";"397";"-";"-"
"MU";"2100402";"Altamira do Maranhão (MA)";"Total";"3391";"1405";"-";"30";"-";"4";"628";"-";"-"
"MU";"2100436";"Alto Alegre do Maranhão (MA)";"Total";"12270";"4637";"7";"57";"-";"281";"2804";"-";"18"
"MU";"2100477";"Alto Alegre do Pindaré (MA)";"Total";"15327";"4508";"-";"17";"-";"118";"1185";"-";"9"
"MU";"2100501";"Alto Parnaíba (MA)";"Total";"7895";"1171";"16";"4";"-";"103";"93";"-";"11"
"MU";"2100550";"Amapá do Maranhão (MA)";"Total";"3901";"1752";"-";"2";"-";"45";"155";"-";"-"
"MU";"2100600";"Amarante do Maranhão (MA)";"Total";"17065";"8240";"16";"30";"1678";"224";"2229";"-";"69"
"MU";"2100709";"Anajatuba (MA)";"Total";"15520";"3424";"-";"12";"14";"181";"2307";"-";"123"
"MU";"2100808";"Anapurus (MA)";"Total";"8631";"2260";"-";"17";"-";"98";"572";"-";"-"
"MU";"2100832";"Apicum-Açu (MA)";"Total";"8125";"4893";"-";"5";"-";"44";"1539";"-";"24"
"MU";"2100873";"Araguanã (MA)";"Total";"4905";"3294";"-";"-";"-";"84";"1031";"-";"9"
"MU";"2100907";"Araioses (MA)";"Total";"25643";"5533";"10";"46";"25";"421";"1549";"-";"-"
"MU";"2100956";"Arame (MA)";"Total";"14214";"5514";"-";"-";"54";"209";"657";"-";"10"
"MU";"2101004";"Arari (MA)";"Total";"18156";"5786";"16";"28";"-";"203";"813";"34";"68"
"MU";"2101103";"Axixá (MA)";"Total";"6829";"2578";"4";"4";"-";"112";"450";"12";"-"
"MU";"2101202";"Bacabal (MA)";"Total";"58039";"21748";"124";"647";"-";"1644";"5454";"35";"30"
"MU";"2101251";"Bacabeira (MA)";"Total";"8319";"3699";"6";"23";"-";"1090";"1005";"-";"31"
"MU";"2101301";"Bacuri (MA)";"Total";"9592";"3383";"6";"16";"-";"57";"628";"-";"-"
"MU";"2101350";"Bacurituba (MA)";"Total";"3784";"517";"-";"-";"-";"18";"196";"-";"-"
"MU";"2101400";"Balsas (MA)";"Total";"61655";"18534";"215";"52";"-";"989";"3598";"23";"21"
"MU";"2101509";"Barão de Grajaú (MA)";"Total";"13390";"1614";"42";"9";"-";"398";"798";"5";"7"
"MU";"2101608";"Barra do Corda (MA)";"Total";"48969";"15922";"55";"89";"186";"1690";"3361";"42";"87"
"MU";"2101707";"Barreirinhas (MA)";"Total";"33824";"15977";"9";"31";"-";"464";"3937";"-";"10"
"MU";"2101731";"Belágua (MA)";"Total";"5186";"1336";"-";"7";"-";"71";"81";"-";"8"
"MU";"2101772";"Bela Vista do Maranhão (MA)";"Total";"6015";"2787";"17";"18";"-";"40";"835";"-";"20"
"MU";"2101806";"Benedito Leite (MA)";"Total";"3881";"677";"3";"-";"-";"15";"71";"-";"-"
"MU";"2101905";"Bequimão (MA)";"Total";"11129";"4048";"15";"-";"-";"220";"1686";"-";"-"
"MU";"2101939";"Bernardo do Mearim (MA)";"Total";"3868";"878";"-";"7";"-";"14";"154";"-";"-"
"MU";"2101970";"Boa Vista do Gurupi (MA)";"Total";"2726";"2455";"-";"8";"6";"112";"804";"-";"-"
"MU";"2102002";"Bom Jardim (MA)";"Total";"17869";"6833";"-";"31";"589";"118";"1690";"-";"22"
"MU";"2102036";"Bom Jesus das Selvas (MA)";"Total";"13722";"6904";"-";"24";"203";"313";"1867";"12";"31"
"MU";"2102077";"Bom Lugar (MA)";"Total";"8605";"1489";"-";"-";"-";"22";"259";"5";"32"
"MU";"2102101";"Brejo (MA)";"Total";"24599";"3174";"21";"8";"-";"137";"657";"-";"167"
"MU";"2102150";"Brejo de Areia (MA)";"Total";"6025";"1178";"-";"-";"-";"3";"441";"-";"-"
"MU";"2102200";"Buriti (MA)";"Total";"21530";"2193";"9";"62";"-";"59";"215";"-";"-"
"MU";"2102309";"Buriti Bravo (MA)";"Total";"14067";"2813";"14";"136";"-";"105";"1637";"-";"-"
"MU";"2102325";"Buriticupu (MA)";"Total";"24001";"15836";"78";"-";"-";"395";"5096";"-";"108"
"MU";"2102358";"Buritirana (MA)";"Total";"6324";"4082";"-";"-";"-";"27";"367";"-";"-"
"MU";"2102374";"Cachoeira Grande (MA)";"Total";"4702";"2097";"1";"2";"-";"496";"650";"-";"26"
"MU";"2102408";"Cajapió (MA)";"Total";"7333";"1080";"14";"64";"-";"55";"145";"-";"8"
"MU";"2102507";"Cajari (MA)";"Total";"9931";"3016";"4";"52";"-";"66";"348";"4";"29"
"MU";"2102556";"Campestre do Maranhão (MA)";"Total";"6535";"2934";"5";"-";"-";"140";"667";"-";"-"
"MU";"2102606";"Cândido Mendes (MA)";"Total";"10185";"5238";"-";"12";"-";"182";"797";"-";"21"
"MU";"2102705";"Cantanhede (MA)";"Total";"15534";"3775";"-";"1";"-";"66";"904";"-";"74"
"MU";"2102754";"Capinzal do Norte (MA)";"Total";"6768";"2292";"-";"5";"-";"61";"337";"-";"165"
"MU";"2102804";"Carolina (MA)";"Total";"13879";"4883";"37";"19";"-";"630";"1032";"-";"-"
"MU";"2102903";"Carutapera (MA)";"Total";"13748";"5044";"49";"185";"20";"265";"692";"22";"12"
"MU";"2103000";"Caxias (MA)";"Total";"101326";"23306";"173";"1077";"-";"1539";"6198";"67";"76"
"MU";"2103109";"Cedral (MA)";"Total";"5506";"2289";"8";"12";"-";"172";"910";"-";"38"
"MU";"2103125";"Central do Maranhão (MA)";"Total";"3905";"934";"4";"5";"-";"232";"795";"-";"14"
"MU";"2103158";"Centro do Guilherme (MA)";"Total";"5561";"3125";"-";"-";"425";"24";"583";"-";"12"
"MU";"2103174";"Centro Novo do Maranhão (MA)";"Total";"7565";"4401";"-";"23";"186";"73";"643";"-";"-"
"MU";"2103208";"Chapadinha (MA)";"Total";"50696";"13728";"56";"211";"12";"1054";"2358";"-";"58"
"MU";"2103257";"Cidelândia (MA)";"Total";"7093";"2996";"8";"3";"-";"62";"683";"-";"17"
"MU";"2103307";"Codó (MA)";"Total";"71533";"16637";"144";"831";"55";"1017";"5898";"-";"66"
"MU";"2103406";"Coelho Neto (MA)";"Total";"27208";"5730";"21";"107";"-";"979";"1076";"-";"70"
"MU";"2103505";"Colinas (MA)";"Total";"25198";"4408";"33";"80";"-";"789";"3253";"-";"-"
"MU";"2103554";"Conceição do Lago-Açu (MA)";"Total";"6586";"4119";"-";"30";"-";"49";"1379";"-";"-"
"MU";"2103604";"Coroatá (MA)";"Total";"37026";"10251";"19";"148";"-";"600";"2020";"-";"34"
"MU";"2103703";"Cururupu (MA)";"Total";"17647";"5469";"11";"102";"-";"552";"3062";"10";"43"
"MU";"2103752";"Davinópolis (MA)";"Total";"5643";"4629";"24";"17";"-";"451";"1197";"-";"54"
"MU";"2103802";"Dom Pedro (MA)";"Total";"15146";"3441";"55";"40";"-";"275";"664";"-";"-"
"MU";"2103901";"Duque Bacelar (MA)";"Total";"7448";"634";"6";"7";"-";"48";"336";"-";"22"
"MU";"2104008";"Esperantinópolis (MA)";"Total";"11874";"3155";"-";"13";"-";"83";"247";"-";"5"
"MU";"2104057";"Estreito (MA)";"Total";"16952";"9019";"112";"11";"-";"457";"1419";"-";"9"
"MU";"2104073";"Feira Nova do Maranhão (MA)";"Total";"4921";"1797";"-";"-";"15";"32";"19";"-";"-"
"MU";"2104081";"Fernando Falcão (MA)";"Total";"4453";"1798";"1";"-";"642";"94";"1454";"-";"61"
"MU";"2104099";"Formosa da Serra Negra (MA)";"Total";"10163";"4209";"4";"1";"-";"227";"342";"-";"-"
"MU";"2104107";"Fortaleza dos Nogueiras (MA)";"Total";"7729";"2474";"-";"-";"-";"57";"382";"-";"-"
"MU";"2104206";"Fortuna (MA)";"Total";"10003";"2072";"17";"2";"-";"249";"1707";"-";"-"
"MU";"2104305";"Godofredo Viana (MA)";"Total";"5067";"2664";"-";"15";"-";"169";"447";"-";"5"
"MU";"2104404";"Gonçalves Dias (MA)";"Total";"9940";"3192";"-";"15";"-";"153";"1132";"19";"40"
"MU";"2104503";"Governador Archer (MA)";"Total";"7094";"1311";"6";"-";"-";"30";"222";"-";"-"
"MU";"2104552";"Governador Edison Lobão (MA)";"Total";"7477";"5450";"15";"58";"-";"411";"1963";"-";"5"
"MU";"2104602";"Governador Eugênio Barros (MA)";"Total";"8558";"2248";"-";"21";"-";"47";"807";"-";"-"
"MU";"2104628";"Governador Luiz Rocha (MA)";"Total";"4477";"1097";"-";"-";"-";"34";"328";"-";"-"
"MU";"2104651";"Governador Newton Bello (MA)";"Total";"7423";"1022";"-";"10";"-";"66";"473";"-";"113"
"MU";"2104677";"Governador Nunes Freire (MA)";"Total";"9525";"6533";"-";"34";"14";"1121";"1813";"-";"-"
"MU";"2104701";"Graça Aranha (MA)";"Total";"3801";"926";"18";"3";"-";"35";"316";"-";"6"
"MU";"2104800";"Grajaú (MA)";"Total";"38821";"16041";"137";"108";"778";"1040";"2827";"13";"142"
"MU";"2104909";"Guimarães (MA)";"Total";"6511";"1305";"-";"3";"-";"401";"703";"-";"-"
"MU";"2105005";"Humberto de Campos (MA)";"Total";"15426";"4360";"-";"33";"12";"376";"882";"-";"-"
"MU";"2105104";"Icatu (MA)";"Total";"12786";"5842";"4";"32";"-";"134";"1860";"-";"111"
"MU";"2105153";"Igarapé do Meio (MA)";"Total";"7612";"2993";"5";"-";"-";"126";"754";"-";"-"
"MU";"2105203";"Igarapé Grande (MA)";"Total";"6428";"2009";"-";"-";"-";"13";"315";"-";"-"
"MU";"2105302";"Imperatriz (MA)";"Total";"117316";"86785";"876";"460";"16";"7861";"19698";"11";"186"
"MU";"2105351";"Itaipava do Grajaú (MA)";"Total";"7637";"2573";"-";"-";"5";"202";"610";"-";"-"
"MU";"2105401";"Itapecuru Mirim (MA)";"Total";"33870";"11360";"46";"151";"-";"475";"2631";"11";"1641"
"MU";"2105427";"Itinga do Maranhão (MA)";"Total";"11764";"5612";"-";"9";"-";"257";"1350";"-";"45"
"MU";"2105450";"Jatobá (MA)";"Total";"4994";"945";"-";"3";"-";"6";"290";"-";"-"
"MU";"2105476";"Jenipapo dos Vieiras (MA)";"Total";"7592";"4557";"-";"-";"228";"39";"599";"-";"14"
"MU";"2105500";"João Lisboa (MA)";"Total";"12358";"5807";"-";"9";"-";"429";"2190";"-";"15"
"MU";"2105609";"Joselândia (MA)";"Total";"8515";"2922";"5";"-";"-";"126";"822";"-";"11"
"MU";"2105658";"Junco do Maranhão (MA)";"Total";"2516";"1284";"-";"-";"-";"23";"397";"-";"4"
"MU";"2105708";"Lago da Pedra (MA)";"Total";"22836";"11065";"-";"-";"-";"485";"2767";"24";"86"
"MU";"2105807";"Lago do Junco (MA)";"Total";"6499";"1202";"-";"-";"-";"91";"299";"-";"6"
"MU";"2105906";"Lago Verde (MA)";"Total";"8120";"3254";"-";"28";"-";"59";"748";"-";"-"
"MU";"2105922";"Lagoa do Mato (MA)";"Total";"7550";"925";"-";"5";"-";"15";"408";"-";"-"
"MU";"2105948";"Lago dos Rodrigues (MA)";"Total";"5864";"1279";"-";"-";"-";"67";"282";"-";"-"
"MU";"2105963";"Lagoa Grande do Maranhão (MA)";"Total";"6802";"2202";"-";"5";"-";"83";"188";"-";"-"
"MU";"2105989";"Lajeado Novo (MA)";"Total";"4143";"1617";"3";"-";"-";"63";"121";"-";"5"
"MU";"2106003";"Lima Campos (MA)";"Total";"6334";"2262";"-";"139";"-";"501";"399";"-";"11"
"MU";"2106102";"Loreto (MA)";"Total";"8759";"850";"-";"-";"-";"92";"84";"-";"-"
"MU";"2106201";"Luís Domingues (MA)";"Total";"3685";"2153";"-";"7";"-";"48";"74";"-";"-"
"MU";"2106300";"Magalhães de Almeida (MA)";"Total";"8950";"2030";"-";"-";"-";"92";"667";"-";"13"
"MU";"2106326";"Maracaçumé (MA)";"Total";"8688";"7007";"-";"10";"-";"229";"978";"12";"-"
"MU";"2106359";"Marajá do Sena (MA)";"Total";"3864";"1286";"-";"3";"4";"37";"526";"-";"-"
"MU";"2106375";"Maranhãozinho (MA)";"Total";"6511";"2436";"12";"-";"1274";"44";"726";"-";"-"
"MU";"2106409";"Mata Roma (MA)";"Total";"10900";"2815";"5";"6";"5";"159";"282";"-";"-"
"MU";"2106508";"Matinha (MA)";"Total";"11884";"5186";"-";"-";"-";"142";"1062";"10";"40"
"MU";"2106607";"Matões (MA)";"Total";"20801";"3888";"40";"97";"-";"478";"1354";"-";"-"
"MU";"2106631";"Matões do Norte (MA)";"Total";"11779";"1982";"-";"61";"-";"92";"700";"-";"11"
"MU";"2106672";"Milagres do Maranhão (MA)";"Total";"6447";"856";"-";"6";"-";"32";"47";"-";"-"
"MU";"2106706";"Mirador (MA)";"Total";"14434";"2171";"-";"68";"-";"107";"877";"-";"-"
"MU";"2106755";"Miranda do Norte (MA)";"Total";"13752";"4625";"-";"43";"-";"164";"1969";"-";"66"
"MU";"2106805";"Mirinzal (MA)";"Total";"8098";"2898";"2";"35";"-";"413";"326";"-";"26"
"MU";"2106904";"Monção (MA)";"Total";"14911";"5901";"17";"83";"-";"118";"1482";"-";"92"
"MU";"2107001";"Montes Altos (MA)";"Total";"4857";"1574";"4";"7";"432";"74";"633";"-";"-"
"MU";"2107100";"Morros (MA)";"Total";"11032";"2919";"-";"-";"-";"677";"752";"-";"-"
"MU";"2107209";"Nina Rodrigues (MA)";"Total";"9649";"1763";"25";"-";"-";"39";"311";"-";"47"
"MU";"2107258";"Nova Colinas (MA)";"Total";"3627";"539";"3";"4";"-";"24";"29";"-";"-"
"MU";"2107308";"Nova Iorque (MA)";"Total";"3054";"613";"-";"7";"-";"30";"28";"-";"-"
"MU";"2107357";"Nova Olinda do Maranhão (MA)";"Total";"7228";"3985";"-";"-";"2";"116";"690";"-";"-"
"MU";"2107407";"Olho d'Água das Cunhãs (MA)";"Total";"12412";"2274";"-";"58";"-";"234";"396";"-";"65"
"MU";"2107456";"Olinda Nova do Maranhão (MA)";"Total";"6040";"3656";"1";"4";"19";"105";"1604";"-";"5"
"MU";"2107506";"Paço do Lumiar (MA)";"Total";"63545";"41153";"290";"1056";"5";"5814";"11543";"-";"186"
"MU";"2107605";"Palmeirândia (MA)";"Total";"13492";"2804";"-";"25";"-";"73";"1112";"-";"42"
"MU";"2107704";"Paraibano (MA)";"Total";"12726";"2255";"-";"-";"10";"52";"497";"-";"11"
"MU";"2107803";"Parnarama (MA)";"Total";"19525";"3347";"83";"448";"-";"312";"2115";"-";"-"
"MU";"2107902";"Passagem Franca (MA)";"Total";"10171";"1956";"4";"41";"-";"105";"2069";"-";"-"
"MU";"2108009";"Pastos Bons (MA)";"Total";"13141";"1817";"-";"-";"-";"102";"861";"-";"-"
"MU";"2108058";"Paulino Neves (MA)";"Total";"7784";"4587";"-";"19";"-";"17";"1557";"-";"-"
"MU";"2108108";"Paulo Ramos (MA)";"Total";"11790";"3760";"-";"-";"-";"80";"1308";"-";"11"
"MU";"2108207";"Pedreiras (MA)";"Total";"21549";"8174";"130";"54";"-";"542";"1741";"-";"10"
"MU";"2108256";"Pedro do Rosário (MA)";"Total";"12984";"5087";"-";"41";"-";"77";"1512";"45";"48"
"MU";"2108306";"Penalva (MA)";"Total";"16467";"5957";"9";"55";"9";"210";"3580";"11";"34"
"MU";"2108405";"Peri Mirim (MA)";"Total";"6758";"2189";"8";"29";"-";"-";"638";"-";"-"
"MU";"2108454";"Peritoró (MA)";"Total";"12362";"3774";"13";"49";"-";"489";"300";"-";"143"
"MU";"2108504";"Pindaré-Mirim (MA)";"Total";"18607";"5730";"-";"90";"-";"211";"1734";"-";"-"
"MU";"2108603";"Pinheiro (MA)";"Total";"45252";"18753";"149";"54";"-";"636";"6456";"11";"220"
"MU";"2108702";"Pio XII (MA)";"Total";"14169";"3645";"-";"19";"-";"146";"535";"-";"-"
"MU";"2108801";"Pirapemas (MA)";"Total";"10828";"2259";"6";"58";"-";"105";"1890";"-";"70"
"MU";"2108900";"Poção de Pedras (MA)";"Total";"10862";"3336";"6";"6";"-";"138";"509";"-";"22"
"MU";"2109007";"Porto Franco (MA)";"Total";"12804";"5383";"67";"16";"-";"119";"1724";"-";"16"
"MU";"2109056";"Porto Rico do Maranhão (MA)";"Total";"3184";"1405";"-";"19";"-";"86";"436";"-";"25"
"MU";"2109106";"Presidente Dutra (MA)";"Total";"26775";"7842";"-";"-";"-";"797";"2769";"-";"29"
"MU";"2109205";"Presidente Juscelino (MA)";"Total";"6302";"2087";"-";"-";"-";"37";"792";"-";"5"
"MU";"2109239";"Presidente Médici (MA)";"Total";"2751";"986";"-";"12";"-";"-";"196";"-";"-"
"MU";"2109270";"Presidente Sarney (MA)";"Total";"9067";"4213";"-";"-";"-";"134";"753";"-";"15"
"MU";"2109304";"Presidente Vargas (MA)";"Total";"6665";"1371";"-";"-";"-";"49";"517";"-";"29"
"MU";"2109403";"Primeira Cruz (MA)";"Total";"8340";"1767";"-";"-";"-";"47";"1010";"-";"-"
"MU";"2109452";"Raposa (MA)";"Total";"11350";"10373";"50";"142";"-";"1203";"2609";"17";"-"
"MU";"2109502";"Riachão (MA)";"Total";"14554";"3779";"17";"20";"-";"89";"220";"-";"34"
"MU";"2109551";"Ribamar Fiquene (MA)";"Total";"4423";"1583";"-";"-";"-";"174";"54";"-";"-"
"MU";"2109601";"Rosário (MA)";"Total";"18554";"8867";"14";"54";"-";"812";"4232";"-";"40"
"MU";"2109700";"Sambaíba (MA)";"Total";"3998";"631";"-";"-";"4";"28";"21";"-";"6"
"MU";"2109759";"Santa Filomena do Maranhão (MA)";"Total";"4351";"916";"-";"-";"-";"28";"294";"-";"-"
"MU";"2109809";"Santa Helena (MA)";"Total";"21883";"8041";"-";"53";"-";"274";"4453";"11";"48"
"MU";"2109908";"Santa Inês (MA)";"Total";"40268";"22831";"21";"296";"10";"1680";"6669";"126";"155"
"MU";"2110005";"Santa Luzia (MA)";"Total";"35138";"10587";"7";"59";"-";"324";"1495";"-";"51"
"MU";"2110039";"Santa Luzia do Paruá (MA)";"Total";"11793";"6194";"-";"-";"10";"138";"2040";"9";"19"
"MU";"2110104";"Santa Quitéria do Maranhão (MA)";"Total";"17209";"2581";"-";"13";"-";"60";"182";"-";"-"
"MU";"2110203";"Santa Rita (MA)";"Total";"18485";"7383";"2";"45";"-";"730";"3943";"-";"176"
"MU";"2110237";"Santana do Maranhão (MA)";"Total";"6558";"1945";"-";"3";"-";"23";"291";"-";"-"
"MU";"2110278";"Santo Amaro do Maranhão (MA)";"Total";"8038";"2463";"4";"3";"-";"41";"837";"-";"6"
"MU";"2110302";"Santo Antônio dos Lopes (MA)";"Total";"8572";"2498";"7";"4";"-";"183";"885";"-";"10"
"MU";"2110401";"São Benedito do Rio Preto (MA)";"Total";"11204";"3322";"-";"14";"-";"402";"120";"-";"-"
"MU";"2110500";"São Bento (MA)";"Total";"28819";"6731";"-";"134";"-";"192";"2238";"-";"-"
"MU";"2110609";"São Bernardo (MA)";"Total";"16389";"4140";"-";"38";"-";"644";"1540";"-";"18"
"MU";"2110658";"São Domingos do Azeitão (MA)";"Total";"4355";"992";"10";"-";"-";"511";"719";"-";"30"
"MU";"2110708";"São Domingos do Maranhão (MA)";"Total";"20212";"6101";"-";"-";"-";"338";"1849";"-";"18"
"MU";"2110807";"São Félix de Balsas (MA)";"Total";"3124";"631";"-";"-";"-";"4";"25";"-";"-"
"MU";"2110856";"São Francisco do Brejão (MA)";"Total";"4709";"2269";"-";"-";"-";"224";"376";"-";"-"
"MU";"2110906";"São Francisco do Maranhão (MA)";"Total";"8388";"1102";"4";"9";"-";"56";"649";"-";"-"
"MU";"2111003";"São João Batista (MA)";"Total";"11772";"3260";"-";"64";"-";"46";"785";"15";"-"
"MU";"2111029";"São João do Carú (MA)";"Total";"6336";"2954";"-";"7";"-";"161";"577";"-";"-"
"MU";"2111052";"São João do Paraíso (MA)";"Total";"5380";"2484";"4";"27";"-";"34";"491";"-";"-"
"MU";"2111078";"São João do Soter (MA)";"Total";"10669";"2315";"5";"60";"-";"95";"759";"-";"117"
"MU";"2111102";"São João dos Patos (MA)";"Total";"16954";"2269";"77";"20";"-";"238";"1770";"-";"109"
"MU";"2111201";"São José de Ribamar (MA)";"Total";"104994";"67680";"604";"1675";"111";"11079";"21509";"9";"208"
"MU";"2111250";"São José dos Basílios (MA)";"Total";"4651";"1034";"-";"-";"-";"6";"158";"-";"-"
"MU";"2111300";"São Luís (MA)";"Total";"486471";"276052";"5735";"6479";"16";"46244";"84553";"251";"925"
"MU";"2111409";"São Luís Gonzaga do Maranhão (MA)";"Total";"11846";"2546";"-";"56";"-";"69";"666";"-";"19"
"MU";"2111508";"São Mateus do Maranhão (MA)";"Total";"21514";"7608";"21";"11";"-";"1040";"2366";"-";"95"
"MU";"2111532";"São Pedro da Água Branca (MA)";"Total";"7748";"3004";"46";"4";"-";"140";"756";"-";"-"
"MU";"2111573";"São Pedro dos Crentes (MA)";"Total";"1739";"2863";"-";"-";"-";"21";"237";"-";"-"
"MU";"2111607";"São Raimundo das Mangabeiras (MA)";"Total";"12304";"2729";"14";"9";"-";"323";"347";"-";"5"
"MU";"2111631";"São Raimundo do Doca Bezerra (MA)";"Total";"3744";"934";"3";"-";"-";"3";"54";"-";"-"
"MU";"2111672";"São Roberto (MA)";"Total";"2883";"852";"-";"17";"-";"6";"54";"-";"10"
"MU";"2111706";"São Vicente Ferrer (MA)";"Total";"9791";"4035";"-";"42";"-";"265";"2410";"-";"42"
"MU";"2111722";"Satubinha (MA)";"Total";"5860";"1053";"-";"-";"-";"52";"428";"-";"-"
"MU";"2111748";"Senador Alexandre Costa (MA)";"Total";"6346";"1648";"-";"10";"-";"19";"351";"-";"-"
"MU";"2111763";"Senador La Rocque (MA)";"Total";"7696";"3530";"-";"9";"-";"100";"1040";"-";"-"
"MU";"2111789";"Serrano do Maranhão (MA)";"Total";"5845";"1574";"-";"16";"5";"163";"795";"-";"48"
"MU";"2111805";"Sítio Novo (MA)";"Total";"8568";"3304";"12";"6";"-";"1911";"418";"-";"22"
"MU";"2111904";"Sucupira do Norte (MA)";"Total";"6946";"1350";"-";"-";"-";"27";"320";"-";"-"
"MU";"2111953";"Sucupira do Riachão (MA)";"Total";"3364";"492";"7";"34";"-";"44";"309";"-";"-"
"MU";"2112001";"Tasso Fragoso (MA)";"Total";"5540";"1551";"5";"-";"-";"18";"190";"-";"-"
"MU";"2112100";"Timbiras (MA)";"Total";"17370";"3593";"31";"18";"-";"164";"733";"-";"-"
"MU";"2112209";"Timon (MA)";"Total";"94320";"34230";"456";"862";"22";"4375";"12466";"-";"303"
"MU";"2112233";"Trizidela do Vale (MA)";"Total";"13955";"4008";"26";"113";"-";"163";"832";"-";"-"
"MU";"2112274";"Tufilândia (MA)";"Total";"3447";"882";"-";"12";"-";"52";"190";"-";"6"
"MU";"2112308";"Tuntum (MA)";"Total";"22977";"4990";"-";"-";"5";"432";"2237";"-";"43"
"MU";"2112407";"Turiaçu (MA)";"Total";"19950";"9053";"33";"58";"-";"325";"1365";"-";"-"
"MU";"2112456";"Turilândia (MA)";"Total";"13013";"9595";"-";"185";"-";"559";"2218";"-";"-"
"MU";"2112506";"Tutóia (MA)";"Total";"29475";"10330";"29";"184";"-";"487";"3419";"-";"38"
"MU";"2112605";"Urbano Santos (MA)";"Total";"19789";"6040";"-";"20";"-";"235";"692";"-";"33"
"MU";"2112704";"Vargem Grande (MA)";"Total";"27627";"6121";"-";"-";"-";"304";"1074";"5";"114"
"MU";"2112803";"Viana (MA)";"Total";"24695";"12963";"-";"41";"35";"1015";"3090";"-";"430"
"MU";"2112852";"Vila Nova dos Martírios (MA)";"Total";"5741";"2388";"-";"-";"-";"179";"213";"-";"7"
"MU";"2112902";"Vitória do Mearim (MA)";"Total";"15252";"9156";"56";"53";"28";"259";"1040";"40";"8"
"MU";"2113009";"Vitorino Freire (MA)";"Total";"18021";"5805";"-";"9";"-";"264";"2101";"11";"24"
"MU";"2114007";"Zé Doca (MA)";"Total";"22014";"10106";"50";"25";"95";"569";"1336";"10";"47"
"MU";"2200053";"Acauã (PI)";"Total";"4950";"525";"5";"16";"-";"20";"81";"-";"-"
"MU";"2200103";"Agricolândia (PI)";"Total";"3154";"543";"4";"3";"-";"66";"514";"4";"-"
"MU";"2200202";"Água Branca (PI)";"Total";"10897";"2407";"8";"39";"-";"239";"1463";"-";"-"
"MU";"2200251";"Alagoinha do Piauí (PI)";"Total";"5440";"412";"-";"3";"-";"100";"85";"-";"-"
"MU";"2200277";"Alegrete do Piauí (PI)";"Total";"2106";"576";"2";"17";"-";"1226";"111";"3";"-"
"MU";"2200301";"Alto Longá (PI)";"Total";"9968";"1356";"-";"98";"-";"147";"303";"-";"-"
"MU";"2200400";"Altos (PI)";"Total";"32447";"4420";"112";"242";"-";"1188";"2354";"-";"-"
"MU";"2200459";"Alvorada do Gurguéia (PI)";"Total";"3126";"1244";"-";"3";"3";"8";"178";"-";"-"
"MU";"2200509";"Amarante (PI)";"Total";"12244";"1559";"13";"30";"-";"127";"539";"4";"32"
"MU";"2200608";"Angical do Piauí (PI)";"Total";"4852";"652";"6";"6";"-";"53";"391";"-";"-"
"MU";"2200707";"Anísio de Abreu (PI)";"Total";"5986";"989";"6";"5";"-";"90";"939";"-";"-"
"MU";"2200806";"Antônio Almeida (PI)";"Total";"2167";"438";"-";"-";"-";"35";"21";"-";"-"
"MU";"2200905";"Aroazes (PI)";"Total";"3969";"280";"-";"-";"-";"412";"99";"-";"16"
"MU";"2200954";"Aroeiras do Itaim (PI)";"Total";"2212";"154";"-";"6";"-";"-";"33";"-";"-"
"MU";"2201002";"Arraial (PI)";"Total";"3684";"232";"-";"-";"-";"6";"34";"-";"-"
"MU";"2201051";"Assunção do Piauí (PI)";"Total";"5109";"716";"-";"7";"-";"21";"484";"-";"-"
"MU";"2201101";"Avelino Lopes (PI)";"Total";"4684";"3989";"6";"-";"-";"254";"350";"-";"7"
"MU";"2201150";"Baixa Grande do Ribeiro (PI)";"Total";"7345";"3014";"-";"5";"-";"77";"345";"-";"-"
"MU";"2201176";"Barra D'Alcântara (PI)";"Total";"2945";"338";"3";"4";"-";"31";"175";"-";"-"
"MU";"2201200";"Barras (PI)";"Total";"34148";"4886";"46";"36";"-";"545";"973";"21";"44"
"MU";"2201309";"Barreiras do Piauí (PI)";"Total";"2406";"294";"-";"7";"-";"11";"82";"-";"-"
"MU";"2201408";"Barro Duro (PI)";"Total";"3881";"1296";"12";"3";"-";"34";"483";"-";"-"
"MU";"2201507";"Batalha (PI)";"Total";"19398";"2588";"31";"33";"-";"246";"396";"-";"35"
"MU";"2201556";"Bela Vista do Piauí (PI)";"Total";"3321";"164";"-";"-";"-";"-";"69";"-";"-"
"MU";"2201572";"Belém do Piauí (PI)";"Total";"2043";"779";"-";"7";"-";"61";"147";"-";"-"
"MU";"2201606";"Beneditinos (PI)";"Total";"7788";"672";"11";"-";"5";"82";"123";"-";"-"
"MU";"2201705";"Bertolínia (PI)";"Total";"3965";"645";"3";"-";"-";"54";"118";"-";"-"
"MU";"2201739";"Betânia do Piauí (PI)";"Total";"4857";"330";"-";"-";"-";"46";"46";"-";"-"
"MU";"2201770";"Boa Hora (PI)";"Total";"4816";"995";"-";"38";"-";"13";"81";"-";"-"
"MU";"2201804";"Bocaina (PI)";"Total";"3467";"193";"-";"-";"-";"15";"4";"-";"-"
"MU";"2201903";"Bom Jesus (PI)";"Total";"18470";"4373";"62";"30";"-";"440";"735";"-";"6"
"MU";"2201919";"Bom Princípio do Piauí (PI)";"Total";"3743";"871";"4";"3";"-";"118";"157";"-";"-"
"MU";"2201929";"Bonfim do Piauí (PI)";"Total";"4434";"395";"-";"-";"2";"28";"201";"-";"-"
"MU";"2201945";"Boqueirão do Piauí (PI)";"Total";"4321";"1118";"-";"30";"-";"62";"125";"-";"-"
"MU";"2201960";"Brasileira (PI)";"Total";"6365";"745";"11";"-";"-";"8";"214";"-";"-"
"MU";"2201988";"Brejo do Piauí (PI)";"Total";"2659";"639";"-";"-";"-";"4";"103";"-";"13"
"MU";"2202000";"Buriti dos Lopes (PI)";"Total";"12875";"2780";"16";"16";"-";"134";"874";"-";"5"
"MU";"2202026";"Buriti dos Montes (PI)";"Total";"5701";"538";"6";"11";"-";"31";"182";"-";"-"
"MU";"2202059";"Cabeceiras do Piauí (PI)";"Total";"7833";"962";"-";"13";"-";"10";"126";"-";"-"
"MU";"2202075";"Cajazeiras do Piauí (PI)";"Total";"2511";"161";"-";"2";"-";"9";"32";"-";"-"
"MU";"2202083";"Cajueiro da Praia (PI)";"Total";"5169";"1127";"21";"80";"-";"65";"364";"-";"-"
"MU";"2202091";"Caldeirão Grande do Piauí (PI)";"Total";"3941";"764";"-";"7";"-";"6";"95";"-";"-"
"MU";"2202109";"Campinas do Piauí (PI)";"Total";"3787";"520";"-";"-";"-";"8";"30";"-";"3"
"MU";"2202117";"Campo Alegre do Fidalgo (PI)";"Total";"3480";"456";"4";"16";"-";"21";"50";"-";"-"
"MU";"2202133";"Campo Grande do Piauí (PI)";"Total";"4012";"1101";"-";"3";"-";"20";"87";"-";"-"
"MU";"2202174";"Campo Largo do Piauí (PI)";"Total";"5669";"490";"-";"-";"-";"13";"56";"-";"-"
"MU";"2202208";"Campo Maior (PI)";"Total";"34451";"3609";"168";"397";"-";"605";"1186";"19";"-"
"MU";"2202251";"Canavieira (PI)";"Total";"2540";"346";"-";"-";"-";"27";"44";"-";"-"
"MU";"2202307";"Canto do Buriti (PI)";"Total";"13405";"2547";"10";"11";"-";"504";"332";"-";"10"
"MU";"2202406";"Capitão de Campos (PI)";"Total";"6709";"1419";"20";"82";"-";"87";"1331";"-";"-"
"MU";"2202455";"Capitão Gervásio Oliveira (PI)";"Total";"2876";"470";"-";"8";"-";"25";"95";"-";"5"
"MU";"2202505";"Caracol (PI)";"Total";"7029";"1319";"-";"-";"-";"155";"192";"-";"-"
"MU";"2202539";"Caraúbas do Piauí (PI)";"Total";"4269";"359";"-";"-";"-";"4";"224";"-";"-"
"MU";"2202554";"Caridade do Piauí (PI)";"Total";"3685";"502";"3";"-";"-";"86";"33";"-";"6"
"MU";"2202604";"Castelo do Piauí (PI)";"Total";"13392";"1895";"36";"12";"-";"218";"1081";"-";"13"
"MU";"2202653";"Caxingó (PI)";"Total";"4070";"384";"-";"-";"-";"26";"191";"-";"-"
"MU";"2202703";"Cocal (PI)";"Total";"19689";"3521";"8";"21";"-";"103";"813";"-";"67"
"MU";"2202711";"Cocal de Telha (PI)";"Total";"3187";"809";"-";"22";"-";"53";"241";"-";"-"
"MU";"2202729";"Cocal dos Alves (PI)";"Total";"4476";"717";"-";"-";"-";"27";"232";"-";"-"
"MU";"2202737";"Coivaras (PI)";"Total";"2980";"455";"3";"-";"-";"12";"105";"-";"-"
"MU";"2202752";"Colônia do Gurguéia (PI)";"Total";"3794";"1186";"6";"-";"-";"154";"184";"-";"5"
"MU";"2202778";"Colônia do Piauí (PI)";"Total";"4841";"841";"-";"-";"-";"286";"156";"-";"-"
"MU";"2202802";"Conceição do Canindé (PI)";"Total";"3837";"409";"-";"-";"-";"-";"40";"-";"-"
"MU";"2202851";"Coronel José Dias (PI)";"Total";"3281";"336";"-";"3";"-";"21";"75";"-";"12"
"MU";"2202901";"Corrente (PI)";"Total";"14253";"7311";"23";"24";"-";"327";"1169";"-";"-"
"MU";"2203008";"Cristalândia do Piauí (PI)";"Total";"5108";"840";"-";"10";"-";"20";"208";"-";"42"
"MU";"2203107";"Cristino Castro (PI)";"Total";"6814";"1516";"4";"-";"-";"137";"347";"4";"-"
"MU";"2203206";"Curimatá (PI)";"Total";"7048";"1898";"7";"-";"-";"198";"369";"-";"38"
"MU";"2203230";"Currais (PI)";"Total";"3590";"464";"-";"4";"-";"47";"21";"-";"-"
"MU";"2203255";"Curralinhos (PI)";"Total";"3050";"503";"4";"18";"-";"42";"89";"-";"-"
"MU";"2203271";"Curral Novo do Piauí (PI)";"Total";"3881";"341";"-";"-";"4";"16";"41";"-";"-"
"MU";"2203305";"Demerval Lobão (PI)";"Total";"11025";"2202";"11";"46";"-";"198";"372";"7";"-"
"MU";"2203354";"Dirceu Arcoverde (PI)";"Total";"5259";"540";"-";"4";"-";"3";"205";"-";"-"
"MU";"2203404";"Dom Expedito Lopes (PI)";"Total";"4728";"645";"16";"-";"-";"30";"204";"-";"3"
"MU";"2203420";"Domingos Mourão (PI)";"Total";"3131";"353";"-";"-";"-";"-";"12";"-";"6"
"MU";"2203453";"Dom Inocêncio (PI)";"Total";"7169";"834";"-";"-";"-";"16";"66";"-";"-"
"MU";"2203503";"Elesbão Veloso (PI)";"Total";"10388";"907";"30";"15";"-";"124";"590";"-";"20"
"MU";"2203602";"Eliseu Martins (PI)";"Total";"2980";"624";"2";"9";"-";"31";"216";"-";"-"
"MU";"2203701";"Esperantina (PI)";"Total";"28749";"4672";"148";"87";"-";"440";"1007";"-";"14"
"MU";"2203750";"Fartura do Piauí (PI)";"Total";"3653";"699";"11";"-";"-";"11";"79";"-";"9"
"MU";"2203800";"Flores do Piauí (PI)";"Total";"2912";"754";"-";"-";"-";"61";"138";"-";"-"
"MU";"2203859";"Floresta do Piauí (PI)";"Total";"1629";"393";"-";"-";"-";"22";"52";"-";"-"
"MU";"2203909";"Floriano (PI)";"Total";"40415";"9015";"188";"309";"-";"772";"3114";"-";"45"
"MU";"2204006";"Francinópolis (PI)";"Total";"3265";"257";"-";"29";"-";"24";"343";"-";"-"
"MU";"2204105";"Francisco Ayres (PI)";"Total";"3336";"368";"-";"3";"-";"7";"98";"2";"-"
"MU";"2204154";"Francisco Macedo (PI)";"Total";"2170";"305";"-";"-";"-";"4";"87";"-";"-"
"MU";"2204204";"Francisco Santos (PI)";"Total";"6566";"520";"6";"-";"-";"21";"146";"-";"5"
"MU";"2204303";"Fronteiras (PI)";"Total";"6847";"1800";"9";"25";"-";"150";"241";"-";"5"
"MU";"2204352";"Geminiano (PI)";"Total";"3708";"805";"-";"9";"-";"29";"181";"-";"-"
"MU";"2204402";"Gilbués (PI)";"Total";"7375";"1503";"-";"-";"-";"98";"110";"-";"-"
"MU";"2204501";"Guadalupe (PI)";"Total";"7206";"1408";"-";"-";"-";"106";"103";"-";"5"
"MU";"2204550";"Guaribas (PI)";"Total";"2248";"1070";"-";"-";"-";"50";"259";"-";"-"
"MU";"2204600";"Hugo Napoleão (PI)";"Total";"2394";"384";"-";"16";"-";"53";"213";"-";"-"
"MU";"2204659";"Ilha Grande (PI)";"Total";"6204";"1099";"40";"9";"-";"289";"318";"-";"-"
"MU";"2204709";"Inhuma (PI)";"Total";"10671";"1515";"11";"16";"-";"154";"740";"4";"46"
"MU";"2204808";"Ipiranga do Piauí (PI)";"Total";"6555";"1356";"4";"-";"-";"85";"269";"-";"-"
"MU";"2204907";"Isaías Coelho (PI)";"Total";"5459";"687";"-";"3";"-";"-";"169";"-";"278"
"MU";"2205003";"Itainópolis (PI)";"Total";"7409";"1852";"11";"-";"-";"99";"219";"-";"-"
"MU";"2205102";"Itaueira (PI)";"Total";"7111";"1554";"-";"32";"-";"173";"216";"-";"-"
"MU";"2205151";"Jacobina do Piauí (PI)";"Total";"3924";"778";"-";"-";"-";"3";"197";"-";"-"
"MU";"2205201";"Jaicós (PI)";"Total";"11622";"2761";"38";"6";"-";"110";"624";"4";"-"
"MU";"2205250";"Jardim do Mulato (PI)";"Total";"2733";"638";"-";"-";"-";"5";"258";"-";"-"
"MU";"2205276";"Jatobá do Piauí (PI)";"Total";"3572";"363";"18";"3";"-";"27";"76";"-";"4"
"MU";"2205300";"Jerumenha (PI)";"Total";"3168";"604";"-";"6";"-";"33";"96";"-";"12"
"MU";"2205359";"João Costa (PI)";"Total";"2326";"200";"-";"-";"-";"19";"20";"-";"-"
"MU";"2205409";"Joaquim Pires (PI)";"Total";"9761";"1759";"-";"39";"-";"40";"248";"-";"24"
"MU";"2205458";"Joca Marques (PI)";"Total";"4198";"397";"-";"19";"-";"15";"-";"-";"-"
"MU";"2205508";"José de Freitas (PI)";"Total";"30966";"3529";"121";"140";"-";"405";"1285";"-";"-"
"MU";"2205516";"Juazeiro do Piauí (PI)";"Total";"3668";"620";"9";"-";"-";"6";"252";"-";"-"
"MU";"2205524";"Júlio Borges (PI)";"Total";"3466";"981";"8";"-";"-";"26";"52";"-";"-"
"MU";"2205532";"Jurema (PI)";"Total";"3546";"243";"-";"-";"-";"2";"-";"-";"-"
"MU";"2205540";"Lagoinha do Piauí (PI)";"Total";"1655";"562";"-";"-";"-";"24";"281";"-";"-"
"MU";"2205557";"Lagoa Alegre (PI)";"Total";"6333";"715";"8";"12";"-";"11";"51";"-";"-"
"MU";"2205565";"Lagoa do Barro do Piauí (PI)";"Total";"3274";"931";"3";"-";"-";"17";"80";"-";"-"
"MU";"2205573";"Lagoa de São Francisco (PI)";"Total";"4679";"579";"2";"15";"2";"15";"150";"-";"-"
"MU";"2205581";"Lagoa do Piauí (PI)";"Total";"3439";"508";"3";"8";"-";"64";"64";"-";"-"
"MU";"2205599";"Lagoa do Sítio (PI)";"Total";"3222";"455";"3";"5";"-";"18";"260";"-";"-"
"MU";"2205607";"Landri Sales (PI)";"Total";"3933";"522";"2";"10";"-";"88";"16";"-";"-"
"MU";"2205706";"Luís Correia (PI)";"Total";"20683";"4087";"72";"55";"-";"619";"903";"-";"38"
"MU";"2205805";"Luzilândia (PI)";"Total";"17651";"2372";"-";"19";"-";"1210";"515";"-";"113"
"MU";"2205854";"Madeiro (PI)";"Total";"5519";"1139";"4";"20";"-";"27";"78";"-";"-"
"MU";"2205904";"Manoel Emídio (PI)";"Total";"4009";"524";"-";"-";"-";"14";"21";"-";"7"
"MU";"2205953";"Marcolândia (PI)";"Total";"5644";"1145";"4";"35";"-";"77";"256";"-";"-"
"MU";"2206001";"Marcos Parente (PI)";"Total";"3212";"783";"-";"4";"-";"33";"49";"-";"-"
"MU";"2206050";"Massapê do Piauí (PI)";"Total";"3978";"522";"-";"16";"-";"16";"141";"-";"6"
"MU";"2206100";"Matias Olímpio (PI)";"Total";"7343";"1262";"-";"-";"-";"42";"246";"-";"36"
"MU";"2206209";"Miguel Alves (PI)";"Total";"23424";"2345";"16";"60";"-";"359";"560";"-";"-"
"MU";"2206308";"Miguel Leão (PI)";"Total";"795";"347";"-";"-";"-";"2";"7";"-";"-"
"MU";"2206357";"Milton Brandão (PI)";"Total";"5249";"299";"-";"-";"-";"57";"107";"-";"-"
"MU";"2206407";"Monsenhor Gil (PI)";"Total";"6978";"1437";"44";"17";"-";"103";"303";"-";"-"
"MU";"2206506";"Monsenhor Hipólito (PI)";"Total";"5884";"613";"9";"4";"-";"64";"129";"-";"-"
"MU";"2206605";"Monte Alegre do Piauí (PI)";"Total";"7221";"1153";"-";"-";"-";"57";"431";"-";"5"
"MU";"2206654";"Morro Cabeça no Tempo (PI)";"Total";"2793";"768";"-";"-";"8";"35";"71";"-";"3"
"MU";"2206670";"Morro do Chapéu do Piauí (PI)";"Total";"4896";"361";"3";"-";"-";"60";"139";"-";"-"
"MU";"2206696";"Murici dos Portelas (PI)";"Total";"6852";"1019";"17";"29";"-";"28";"412";"-";"-"
"MU";"2206704";"Nazaré do Piauí (PI)";"Total";"5051";"558";"3";"26";"4";"96";"69";"-";"4"
"MU";"2206720";"Nazária (PI)";"Total";"6757";"1492";"-";"45";"-";"77";"212";"26";"-"
"MU";"2206753";"Nossa Senhora de Nazaré (PI)";"Total";"3848";"575";"-";"7";"-";"33";"112";"27";"3"
"MU";"2206803";"Nossa Senhora dos Remédios (PI)";"Total";"5928";"695";"9";"15";"-";"15";"501";"-";"-"
"MU";"2206902";"Novo Oriente do Piauí (PI)";"Total";"4568";"574";"-";"11";"-";"23";"229";"3";"-"
"MU";"2206951";"Novo Santo Antônio (PI)";"Total";"2223";"213";"-";"-";"-";"22";"31";"-";"-"
"MU";"2207009";"Oeiras (PI)";"Total";"26655";"4268";"92";"76";"-";"648";"1643";"-";"-"
"MU";"2207108";"Olho D'Água do Piauí (PI)";"Total";"1799";"266";"5";"-";"-";"17";"179";"-";"-"
"MU";"2207207";"Padre Marcos (PI)";"Total";"4189";"1002";"-";"3";"-";"44";"331";"-";"-"
"MU";"2207306";"Paes Landim (PI)";"Total";"2778";"696";"-";"-";"-";"31";"24";"-";"-"
"MU";"2207355";"Pajeú do Piauí (PI)";"Total";"2033";"577";"2";"-";"-";"22";"58";"-";"-"
"MU";"2207405";"Palmeira do Piauí (PI)";"Total";"3660";"456";"12";"-";"-";"7";"109";"-";"-"
"MU";"2207504";"Palmeirais (PI)";"Total";"9514";"1177";"15";"-";"-";"116";"413";"-";"-"
"MU";"2207553";"Paquetá (PI)";"Total";"2927";"298";"-";"16";"-";"109";"16";"-";"6"
"MU";"2207603";"Parnaguá (PI)";"Total";"6850";"1485";"7";"-";"-";"59";"92";"-";"-"
"MU";"2207702";"Parnaíba (PI)";"Total";"93200";"29330";"1241";"1630";"21";"4960";"9851";"-";"100"
"MU";"2207751";"Passagem Franca do Piauí (PI)";"Total";"2306";"795";"-";"-";"-";"4";"463";"-";"-"
"MU";"2207777";"Patos do Piauí (PI)";"Total";"4434";"423";"-";"-";"-";"18";"6";"-";"2"
"MU";"2207793";"Pau D'Arco do Piauí (PI)";"Total";"3022";"308";"-";"6";"-";"41";"15";"-";"-"
"MU";"2207801";"Paulistana (PI)";"Total";"14800";"2563";"-";"-";"-";"201";"345";"-";"9"
"MU";"2207850";"Pavussu (PI)";"Total";"2707";"410";"-";"-";"-";"7";"51";"-";"-"
"MU";"2207900";"Pedro II (PI)";"Total";"27494";"3964";"63";"271";"10";"236";"893";"-";"35"
"MU";"2207934";"Pedro Laurentino (PI)";"Total";"1772";"292";"-";"1";"-";"39";"14";"-";"4"
"MU";"2207959";"Nova Santa Rita (PI)";"Total";"3230";"259";"-";"-";"-";"7";"43";"-";"-"
"MU";"2208007";"Picos (PI)";"Total";"57661";"10778";"134";"296";"-";"1218";"2439";"55";"89"
"MU";"2208106";"Pimenteiras (PI)";"Total";"7894";"1698";"-";"5";"-";"49";"228";"5";"-"
"MU";"2208205";"Pio IX (PI)";"Total";"12448";"2292";"20";"6";"-";"77";"408";"-";"11"
"MU";"2208304";"Piracuruca (PI)";"Total";"19709";"3456";"42";"44";"-";"1127";"572";"-";"-"
"MU";"2208403";"Piripiri (PI)";"Total";"46339";"7249";"131";"308";"-";"745";"2029";"-";"21"
"MU";"2208502";"Porto (PI)";"Total";"8766";"787";"-";"-";"-";"94";"228";"-";"-"
"MU";"2208551";"Porto Alegre do Piauí (PI)";"Total";"1630";"204";"-";"-";"-";"-";"152";"-";"-"
"MU";"2208601";"Prata do Piauí (PI)";"Total";"2155";"259";"4";"-";"-";"57";"152";"-";"-"
"MU";"2208650";"Queimada Nova (PI)";"Total";"6902";"664";"-";"-";"-";"5";"115";"-";"-"
"MU";"2208700";"Redenção do Gurguéia (PI)";"Total";"4329";"1773";"13";"10";"-";"69";"847";"-";"-"
"MU";"2208809";"Regeneração (PI)";"Total";"12569";"1362";"14";"88";"-";"151";"425";"-";"-"
"MU";"2208858";"Riacho Frio (PI)";"Total";"3013";"398";"-";"-";"-";"15";"118";"18";"-"
"MU";"2208874";"Ribeira do Piauí (PI)";"Total";"2868";"617";"-";"3";"-";"13";"18";"-";"-"
"MU";"2208908";"Ribeiro Gonçalves (PI)";"Total";"3742";"1064";"3";"-";"-";"87";"318";"-";"-"
"MU";"2209005";"Rio Grande do Piauí (PI)";"Total";"4327";"694";"-";"-";"-";"40";"66";"-";"-"
"MU";"2209104";"Santa Cruz do Piauí (PI)";"Total";"4460";"481";"12";"43";"-";"58";"125";"-";"-"
"MU";"2209153";"Santa Cruz dos Milagres (PI)";"Total";"2713";"266";"-";"-";"-";"11";"23";"-";"-"
"MU";"2209203";"Santa Filomena (PI)";"Total";"4495";"511";"-";"-";"-";"20";"59";"-";"-"
"MU";"2209302";"Santa Luz (PI)";"Total";"3681";"804";"-";"-";"-";"21";"112";"-";"-"
"MU";"2209351";"Santana do Piauí (PI)";"Total";"3288";"328";"-";"-";"-";"3";"68";"-";"-"
"MU";"2209377";"Santa Rosa do Piauí (PI)";"Total";"3561";"429";"-";"-";"-";"36";"78";"-";"-"
"MU";"2209401";"Santo Antônio de Lisboa (PI)";"Total";"4298";"512";"6";"8";"-";"56";"227";"-";"3"
"MU";"2209450";"Santo Antônio dos Milagres (PI)";"Total";"1338";"332";"-";"-";"-";"18";"127";"-";"-"
"MU";"2209500";"Santo Inácio do Piauí (PI)";"Total";"2854";"266";"-";"-";"-";"55";"48";"-";"-"
"MU";"2209559";"São Braz do Piauí (PI)";"Total";"3073";"595";"-";"-";"-";"26";"87";"-";"-"
"MU";"2209609";"São Félix do Piauí (PI)";"Total";"2257";"133";"-";"-";"-";"106";"48";"-";"-"
"MU";"2209658";"São Francisco de Assis do Piauí (PI)";"Total";"4309";"324";"-";"3";"-";"59";"103";"-";"9"
"MU";"2209708";"São Francisco do Piauí (PI)";"Total";"4198";"499";"-";"-";"-";"13";"41";"-";"-"
"MU";"2209757";"São Gonçalo do Gurguéia (PI)";"Total";"1916";"525";"-";"-";"-";"11";"58";"-";"-"
"MU";"2209807";"São Gonçalo do Piauí (PI)";"Total";"2836";"429";"-";"3";"-";"40";"793";"-";"-"
"MU";"2209856";"São João da Canabrava (PI)";"Total";"3339";"389";"4";"-";"-";"18";"15";"-";"-"
"MU";"2209872";"São João da Fronteira (PI)";"Total";"4163";"472";"-";"8";"-";"24";"33";"-";"2"
"MU";"2209906";"São João da Serra (PI)";"Total";"4469";"694";"3";"6";"-";"57";"152";"-";"2"
"MU";"2209955";"São João da Varjota (PI)";"Total";"3414";"296";"-";"2";"-";"7";"91";"-";"2"
"MU";"2209971";"São João do Arraial (PI)";"Total";"5589";"728";"-";"19";"-";"47";"492";"-";"13"
"MU";"2210003";"São João do Piauí (PI)";"Total";"14421";"2907";"34";"94";"-";"139";"730";"-";"14"
"MU";"2210052";"São José do Divino (PI)";"Total";"3772";"389";"-";"4";"-";"11";"92";"-";"13"
"MU";"2210102";"São José do Peixe (PI)";"Total";"2477";"278";"4";"-";"-";"126";"56";"-";"-"
"MU";"2210201";"São José do Piauí (PI)";"Total";"4340";"1204";"-";"-";"-";"21";"211";"-";"-"
"MU";"2210300";"São Julião (PI)";"Total";"4051";"741";"2";"-";"-";"51";"476";"-";"2"
"MU";"2210359";"São Lourenço do Piauí (PI)";"Total";"3535";"337";"-";"7";"-";"26";"29";"-";"-"
"MU";"2210375";"São Luis do Piauí (PI)";"Total";"1912";"102";"-";"-";"-";"-";"16";"-";"-"
"MU";"2210383";"São Miguel da Baixa Grande (PI)";"Total";"1759";"207";"-";"-";"-";"2";"39";"-";"-"
"MU";"2210391";"São Miguel do Fidalgo (PI)";"Total";"2119";"324";"3";"-";"-";"-";"26";"-";"-"
"MU";"2210409";"São Miguel do Tapuio (PI)";"Total";"12557";"1629";"10";"-";"-";"225";"846";"-";"19"
"MU";"2210508";"São Pedro do Piauí (PI)";"Total";"9623";"1172";"-";"16";"-";"128";"687";"-";"10"
"MU";"2210607";"São Raimundo Nonato (PI)";"Total";"25200";"5300";"154";"87";"-";"550";"1956";"-";"24"
"MU";"2210623";"Sebastião Barros (PI)";"Total";"2206";"376";"-";"-";"-";"-";"167";"-";"-"
"MU";"2210631";"Sebastião Leal (PI)";"Total";"2982";"761";"-";"10";"-";"35";"26";"-";"-"
"MU";"2210656";"Sigefredo Pacheco (PI)";"Total";"6659";"1182";"10";"26";"-";"123";"338";"-";"-"
"MU";"2210706";"Simões (PI)";"Total";"10753";"1194";"5";"23";"-";"53";"195";"-";"10"
"MU";"2210805";"Simplício Mendes (PI)";"Total";"9621";"1567";"47";"5";"-";"149";"577";"-";"-"
"MU";"2210904";"Socorro do Piauí (PI)";"Total";"2957";"613";"-";"-";"-";"3";"86";"-";"-"
"MU";"2210938";"Sussuapara (PI)";"Total";"4827";"581";"-";"18";"-";"33";"20";"-";"3"
"MU";"2210953";"Tamboril do Piauí (PI)";"Total";"1739";"672";"-";"3";"-";"35";"64";"-";"-"
"MU";"2210979";"Tanque do Piauí (PI)";"Total";"1703";"237";"-";"-";"-";"45";"53";"-";"-"
"MU";"2211001";"Teresina (PI)";"Total";"528986";"146536";"6667";"6228";"54";"21218";"43362";"87";"599"
"MU";"2211100";"União (PI)";"Total";"33210";"4069";"12";"104";"8";"557";"1179";"-";"-"
"MU";"2211209";"Uruçuí (PI)";"Total";"16022";"4028";"8";"5";"-";"334";"700";"-";"-"
"MU";"2211308";"Valença do Piauí (PI)";"Total";"15327";"2999";"-";"63";"-";"248";"994";"-";"9"
"MU";"2211357";"Várzea Branca (PI)";"Total";"3467";"526";"-";"-";"-";"9";"306";"-";"4"
"MU";"2211407";"Várzea Grande (PI)";"Total";"3434";"161";"5";"6";"-";"43";"244";"-";"-"
"MU";"2211506";"Vera Mendes (PI)";"Total";"2029";"761";"-";"-";"-";"-";"37";"-";"-"
"MU";"2211605";"Vila Nova do Piauí (PI)";"Total";"2062";"487";"4";"6";"-";"6";"53";"-";"-"
"MU";"2211704";"Wall Ferraz (PI)";"Total";"3006";"577";"-";"5";"-";"13";"46";"-";"8"
"MU";"2300101";"Abaiara (CE)";"Total";"7421";"947";"-";"-";"-";"12";"191";"-";"9"
"MU";"2300150";"Acarape (CE)";"Total";"7183";"3748";"29";"52";"-";"265";"652";"-";"2"
"MU";"2300200";"Acaraú (CE)";"Total";"39673";"11787";"15";"63";"-";"425";"3036";"31";"124"
"MU";"2300309";"Acopiara (CE)";"Total";"33018";"4619";"19";"53";"-";"484";"1373";"-";"-"
"MU";"2300408";"Aiuaba (CE)";"Total";"10448";"1336";"11";"23";"-";"149";"242";"-";"18"
"MU";"2300507";"Alcântaras (CE)";"Total";"8784";"671";"4";"6";"-";"119";"218";"-";"-"
"MU";"2300606";"Altaneira (CE)";"Total";"4884";"706";"14";"3";"4";"84";"121";"-";"-"
"MU";"2300705";"Alto Santo (CE)";"Total";"9616";"1747";"50";"77";"-";"116";"616";"-";"-"
"MU";"2300754";"Amontada (CE)";"Total";"24747";"8975";"-";"7";"-";"269";"886";"-";"134"
"MU";"2300804";"Antonina do Norte (CE)";"Total";"5579";"552";"10";"3";"-";"75";"133";"-";"6"
"MU";"2300903";"Apuiarés (CE)";"Total";"9618";"1391";"3";"-";"-";"60";"140";"-";"5"
"MU";"2301000";"Aquiraz (CE)";"Total";"43741";"18721";"422";"701";"121";"1589";"4695";"-";"132"
"MU";"2301109";"Aracati (CE)";"Total";"43467";"15575";"273";"219";"-";"1081";"4704";"8";"-"
"MU";"2301208";"Aracoiaba (CE)";"Total";"17724";"3884";"14";"-";"-";"158";"291";"-";"22"
"MU";"2301257";"Ararendá (CE)";"Total";"8118";"1061";"6";"85";"-";"162";"140";"-";"50"
"MU";"2301307";"Araripe (CE)";"Total";"14286";"1886";"10";"9";"-";"39";"530";"-";"30"
"MU";"2301406";"Aratuba (CE)";"Total";"7400";"2049";"16";"16";"-";"109";"50";"-";"8"
"MU";"2301505";"Arneiroz (CE)";"Total";"5367";"695";"9";"-";"-";"83";"290";"-";"3"
"MU";"2301604";"Assaré (CE)";"Total";"15392";"2811";"11";"33";"-";"259";"261";"-";"52"
"MU";"2301703";"Aurora (CE)";"Total";"17978";"2200";"-";"7";"-";"184";"289";"-";"-"
"MU";"2301802";"Baixio (CE)";"Total";"4338";"614";"-";"-";"-";"98";"10";"-";"-"
"MU";"2301851";"Banabuiú (CE)";"Total";"11619";"2322";"37";"10";"-";"315";"381";"-";"16"
"MU";"2301901";"Barbalha (CE)";"Total";"55194";"5888";"170";"159";"-";"998";"1161";"-";"12"
"MU";"2301950";"Barreira (CE)";"Total";"11219";"6891";"20";"-";"-";"163";"866";"-";"-"
"MU";"2302008";"Barro (CE)";"Total";"14737";"1778";"125";"22";"-";"166";"246";"-";"25"
"MU";"2302057";"Barroquinha (CE)";"Total";"9581";"2014";"-";"5";"8";"61";"848";"-";"-"
"MU";"2302107";"Baturité (CE)";"Total";"23327";"4561";"76";"100";"-";"487";"1337";"32";"-"
"MU";"2302206";"Beberibe (CE)";"Total";"31120";"11224";"188";"78";"-";"746";"2715";"-";"91"
"MU";"2302305";"Bela Cruz (CE)";"Total";"25121";"2634";"-";"21";"-";"54";"530";"-";"-"
"MU";"2302404";"Boa Viagem (CE)";"Total";"35970";"6655";"48";"12";"-";"263";"684";"-";"-"
"MU";"2302503";"Brejo Santo (CE)";"Total";"39261";"3994";"63";"73";"-";"271";"751";"-";"-"
"MU";"2302602";"Camocim (CE)";"Total";"37543";"9784";"89";"177";"-";"2316";"3483";"-";"35"
"MU";"2302701";"Campos Sales (CE)";"Total";"18609";"2540";"23";"29";"-";"175";"494";"7";"-"
"MU";"2302800";"Canindé (CE)";"Total";"53266";"8027";"297";"154";"-";"520";"1231";"-";"11"
"MU";"2302909";"Capistrano (CE)";"Total";"11678";"2619";"17";"-";"-";"112";"328";"-";"-"
"MU";"2303006";"Caridade (CE)";"Total";"11862";"1550";"28";"-";"-";"103";"306";"-";"-"
"MU";"2303105";"Cariré (CE)";"Total";"12650";"2116";"-";"-";"-";"66";"419";"-";"-"
"MU";"2303204";"Caririaçu (CE)";"Total";"20268";"1396";"20";"50";"-";"116";"601";"-";"-"
"MU";"2303303";"Cariús (CE)";"Total";"11215";"2342";"15";"-";"-";"771";"591";"-";"-"
"MU";"2303402";"Carnaubal (CE)";"Total";"12476";"1262";"10";"29";"153";"150";"541";"12";"10"
"MU";"2303501";"Cascavel (CE)";"Total";"43715";"14676";"117";"221";"-";"1319";"2908";"-";"8"
"MU";"2303600";"Catarina (CE)";"Total";"7315";"1295";"13";"-";"-";"104";"184";"-";"7"
"MU";"2303659";"Catunda (CE)";"Total";"7804";"855";"3";"19";"-";"105";"301";"-";"-"
"MU";"2303709";"Caucaia (CE)";"Total";"165406";"98982";"1182";"1913";"146";"10592";"25263";"151";"123"
"MU";"2303808";"Cedro (CE)";"Total";"16025";"3031";"17";"21";"-";"130";"518";"-";"20"
"MU";"2303907";"Chaval (CE)";"Total";"8549";"1563";"-";"34";"-";"107";"350";"-";"8"
"MU";"2303931";"Choró (CE)";"Total";"8352";"1753";"13";"45";"-";"40";"103";"-";"-"
"MU";"2303956";"Chorozinho (CE)";"Total";"11093";"4694";"-";"21";"-";"624";"936";"-";"-"
"MU";"2304004";"Coreaú (CE)";"Total";"16003";"1447";"-";"31";"-";"120";"230";"-";"-"
"MU";"2304103";"Crateús (CE)";"Total";"48827";"9940";"112";"259";"-";"3492";"3730";"23";"180"
"MU";"2304202";"Crato (CE)";"Total";"91812";"12591";"1695";"448";"-";"1720";"4661";"-";"22"
"MU";"2304236";"Croatá (CE)";"Total";"13387";"1311";"6";"-";"-";"135";"231";"-";"3"
"MU";"2304251";"Cruz (CE)";"Total";"20187";"4060";"46";"23";"-";"239";"693";"-";"-"
"MU";"2304269";"Deputado Irapuan Pinheiro (CE)";"Total";"6988";"828";"-";"5";"-";"14";"108";"-";"-"
"MU";"2304277";"Ereré (CE)";"Total";"4966";"502";"-";"8";"-";"60";"68";"-";"-"
"MU";"2304285";"Eusébio (CE)";"Total";"37769";"16775";"1081";"222";"10";"2666";"4735";"-";"16"
"MU";"2304301";"Farias Brito (CE)";"Total";"13578";"1745";"14";"-";"-";"220";"333";"-";"12"
"MU";"2304350";"Forquilha (CE)";"Total";"14711";"4664";"-";"17";"-";"325";"1091";"-";"23"
"MU";"2304400";"Fortaleza (CE)";"Total";"1280526";"561214";"25892";"12957";"282";"84593";"162921";"2116";"2611"
"MU";"2304459";"Fortim (CE)";"Total";"9323";"4457";"79";"27";"-";"386";"818";"-";"5"
"MU";"2304509";"Frecheirinha (CE)";"Total";"10737";"1887";"4";"5";"-";"85";"479";"-";"-"
"MU";"2304608";"General Sampaio (CE)";"Total";"4931";"671";"7";"10";"-";"59";"78";"-";"-"
"MU";"2304657";"Graça (CE)";"Total";"9790";"1188";"4";"28";"-";"137";"765";"-";"-"
"MU";"2304707";"Granja (CE)";"Total";"36113";"4042";"39";"4";"-";"3580";"1725";"28";"23"
"MU";"2304806";"Granjeiro (CE)";"Total";"3961";"170";"-";"-";"-";"12";"46";"-";"-"
"MU";"2304905";"Groaíras (CE)";"Total";"6726";"1566";"4";"59";"-";"313";"868";"-";"6"
"MU";"2304954";"Guaiúba (CE)";"Total";"15245";"4486";"43";"13";"10";"236";"736";"-";"11"
"MU";"2305001";"Guaraciaba do Norte (CE)";"Total";"30092";"4260";"9";"38";"-";"366";"937";"-";"-"
"MU";"2305100";"Guaramiranga (CE)";"Total";"3949";"591";"32";"9";"3";"95";"285";"-";"-"
"MU";"2305209";"Hidrolândia (CE)";"Total";"11890";"2529";"8";"25";"-";"150";"868";"-";"-"
"MU";"2305233";"Horizonte (CE)";"Total";"36344";"17353";"58";"250";"12";"1061";"8176";"-";"206"
"MU";"2305266";"Ibaretama (CE)";"Total";"8276";"1674";"11";"6";"-";"49";"212";"-";"-"
"MU";"2305308";"Ibiapina (CE)";"Total";"17372";"2375";"11";"131";"-";"162";"285";"-";"12"
"MU";"2305332";"Ibicuitinga (CE)";"Total";"7799";"1917";"7";"-";"-";"71";"328";"-";"5"
"MU";"2305357";"Icapuí (CE)";"Total";"10236";"5562";"62";"-";"-";"882";"1851";"-";"23"
"MU";"2305407";"Icó (CE)";"Total";"44337";"7686";"49";"163";"-";"659";"1470";"-";"21"
"MU";"2305506";"Iguatu (CE)";"Total";"64463";"13739";"299";"129";"-";"1780";"4921";"-";"144"
"MU";"2305605";"Independência (CE)";"Total";"18523";"1904";"11";"37";"-";"88";"649";"-";"9"
"MU";"2305654";"Ipaporanga (CE)";"Total";"8423";"1366";"-";"6";"-";"90";"187";"-";"20"
"MU";"2305704";"Ipaumirim (CE)";"Total";"8662";"1227";"-";"9";"-";"94";"333";"-";"-"
"MU";"2305803";"Ipu (CE)";"Total";"30964";"3008";"85";"70";"-";"488";"621";"-";"-"
"MU";"2305902";"Ipueiras (CE)";"Total";"26475";"3630";"10";"96";"-";"414";"1185";"11";"31"
"MU";"2306009";"Iracema (CE)";"Total";"10261";"1084";"71";"21";"-";"154";"580";"-";"5"
"MU";"2306108";"Irauçuba (CE)";"Total";"15375";"3936";"-";"-";"-";"95";"827";"-";"13"
"MU";"2306207";"Itaiçaba (CE)";"Total";"5149";"1224";"1";"3";"-";"31";"191";"-";"3"
"MU";"2306256";"Itaitinga (CE)";"Total";"31467";"17433";"172";"342";"23";"1661";"5163";"-";"88"
"MU";"2306306";"Itapajé (CE)";"Total";"27007";"10398";"-";"20";"-";"673";"1724";"-";"43"
"MU";"2306405";"Itapipoca (CE)";"Total";"80101";"26031";"182";"137";"353";"1169";"2944";"-";"229"
"MU";"2306504";"Itapiúna (CE)";"Total";"11635";"2839";"34";"43";"-";"82";"718";"-";"13"
"MU";"2306553";"Itarema (CE)";"Total";"25680";"8036";"15";"42";"729";"464";"1311";"60";"5"
"MU";"2306603";"Itatira (CE)";"Total";"14445";"2630";"-";"20";"-";"169";"269";"-";"-"
"MU";"2306702";"Jaguaretama (CE)";"Total";"13059";"1334";"237";"24";"-";"94";"200";"-";"9"
"MU";"2306801";"Jaguaribara (CE)";"Total";"7501";"1124";"22";"-";"-";"63";"249";"-";"6"
"MU";"2306900";"Jaguaribe (CE)";"Total";"22934";"4249";"168";"61";"-";"158";"1852";"-";"50"
"MU";"2307007";"Jaguaruana (CE)";"Total";"23373";"3350";"39";"145";"-";"271";"570";"-";"10"
"MU";"2307106";"Jardim (CE)";"Total";"21272";"1627";"117";"-";"-";"146";"255";"-";"-"
"MU";"2307205";"Jati (CE)";"Total";"5151";"1262";"26";"-";"-";"27";"240";"-";"5"
"MU";"2307254";"Jijoca de Jericoacoara (CE)";"Total";"15022";"4268";"46";"46";"10";"333";"1793";"-";"-"
"MU";"2307304";"Juazeiro do Norte (CE)";"Total";"199311";"28307";"2103";"1540";"9";"4730";"9579";"30";"36"
"MU";"2307403";"Jucás (CE)";"Total";"16338";"3750";"-";"52";"-";"53";"474";"-";"-"
"MU";"2307502";"Lavras da Mangabeira (CE)";"Total";"23021";"3038";"46";"7";"-";"230";"626";"-";"-"
"MU";"2307601";"Limoeiro do Norte (CE)";"Total";"37514";"10040";"241";"203";"-";"1577";"2479";"56";"71"
"MU";"2307635";"Madalena (CE)";"Total";"11850";"2351";"-";"10";"-";"30";"277";"-";"6"
"MU";"2307650";"Maracanaú (CE)";"Total";"108052";"65871";"1029";"1011";"21";"9199";"15362";"25";"165"
"MU";"2307700";"Maranguape (CE)";"Total";"58149";"23772";"486";"153";"11";"3308";"4646";"254";"-"
"MU";"2307809";"Marco (CE)";"Total";"20357";"1504";"-";"-";"10";"33";"97";"-";"-"
"MU";"2307908";"Martinópole (CE)";"Total";"7774";"1008";"20";"12";"-";"65";"396";"-";"-"
"MU";"2308005";"Massapê (CE)";"Total";"26016";"4762";"66";"93";"-";"380";"785";"-";"-"
"MU";"2308104";"Mauriti (CE)";"Total";"34060";"3902";"182";"32";"-";"314";"532";"-";"-"
"MU";"2308203";"Meruoca (CE)";"Total";"11337";"1291";"-";"13";"-";"79";"270";"-";"-"
"MU";"2308302";"Milagres (CE)";"Total";"19616";"2429";"27";"13";"-";"282";"311";"-";"-"
"MU";"2308351";"Milhã (CE)";"Total";"11071";"1206";"-";"12";"-";"35";"103";"-";"-"
"MU";"2308377";"Miraíma (CE)";"Total";"9980";"1824";"-";"16";"-";"88";"138";"-";"14"
"MU";"2308401";"Missão Velha (CE)";"Total";"26844";"3482";"41";"90";"-";"74";"686";"-";"40"
"MU";"2308500";"Mombaça (CE)";"Total";"26732";"4926";"-";"66";"-";"247";"943";"23";"10"
"MU";"2308609";"Monsenhor Tabosa (CE)";"Total";"12070";"2306";"29";"15";"27";"164";"238";"-";"-"
"MU";"2308708";"Morada Nova (CE)";"Total";"39559";"10404";"64";"97";"-";"845";"3163";"-";"26"
"MU";"2308807";"Moraújo (CE)";"Total";"6044";"691";"5";"5";"-";"105";"176";"6";"31"
"MU";"2308906";"Morrinhos (CE)";"Total";"15628";"3169";"-";"35";"-";"50";"259";"-";"10"
"MU";"2309003";"Mucambo (CE)";"Total";"9548";"1614";"10";"10";"-";"27";"681";"-";"5"
"MU";"2309102";"Mulungu (CE)";"Total";"6851";"1607";"85";"6";"-";"243";"236";"-";"-"
"MU";"2309201";"Nova Olinda (CE)";"Total";"10459";"1950";"15";"5";"-";"97";"409";"-";"-"
"MU";"2309300";"Nova Russas (CE)";"Total";"20235";"4196";"190";"212";"-";"491";"1434";"-";"-"
"MU";"2309409";"Novo Oriente (CE)";"Total";"18743";"4296";"-";"17";"-";"132";"800";"-";"18"
"MU";"2309458";"Ocara (CE)";"Total";"16359";"4084";"-";"33";"-";"247";"693";"-";"-"
"MU";"2309508";"Orós (CE)";"Total";"13370";"3146";"-";"-";"-";"92";"657";"-";"12"
"MU";"2309607";"Pacajus (CE)";"Total";"38639";"17209";"109";"173";"-";"2168";"2660";"-";"85"
"MU";"2309706";"Pacatuba (CE)";"Total";"35872";"23421";"248";"204";"52";"2308";"6624";"-";"91"
"MU";"2309805";"Pacoti (CE)";"Total";"8280";"1085";"17";"5";"-";"110";"111";"-";"-"
"MU";"2309904";"Pacujá (CE)";"Total";"4569";"570";"11";"-";"-";"59";"169";"-";"-"
"MU";"2310001";"Palhano (CE)";"Total";"6655";"1373";"4";"10";"-";"85";"76";"-";"21"
"MU";"2310100";"Palmácia (CE)";"Total";"6939";"1609";"12";"44";"3";"48";"248";"-";"-"
"MU";"2310209";"Paracuru (CE)";"Total";"21057";"9060";"90";"192";"-";"863";"2150";"-";"27"
"MU";"2310258";"Paraipaba (CE)";"Total";"16464";"8912";"44";"28";"-";"713";"1301";"-";"8"
"MU";"2310308";"Parambu (CE)";"Total";"19230";"6457";"9";"35";"-";"628";"871";"-";"25"
"MU";"2310407";"Paramoti (CE)";"Total";"8087";"849";"-";"-";"-";"85";"29";"-";"-"
"MU";"2310506";"Pedra Branca (CE)";"Total";"30482";"3728";"31";"67";"-";"404";"523";"-";"8"
"MU";"2310605";"Penaforte (CE)";"Total";"5802";"1526";"-";"-";"-";"81";"155";"-";"5"
"MU";"2310704";"Pentecoste (CE)";"Total";"24642";"6534";"45";"81";"11";"564";"667";"-";"35"
"MU";"2310803";"Pereiro (CE)";"Total";"11773";"749";"159";"-";"-";"247";"337";"-";"-"
"MU";"2310852";"Pindoretama (CE)";"Total";"14405";"4656";"115";"72";"-";"322";"489";"-";"8"
"MU";"2310902";"Piquet Carneiro (CE)";"Total";"12336";"1673";"34";"15";"-";"76";"617";"-";"8"
"MU";"2310951";"Pires Ferreira (CE)";"Total";"8183";"751";"-";"-";"-";"88";"247";"-";"32"
"MU";"2311009";"Poranga (CE)";"Total";"8523";"1321";"3";"52";"66";"105";"272";"-";"27"
"MU";"2311108";"Porteiras (CE)";"Total";"12203";"1902";"18";"27";"-";"138";"271";"-";"18"
"MU";"2311207";"Potengi (CE)";"Total";"6534";"711";"45";"8";"9";"87";"230";"-";"-"
"MU";"2311231";"Potiretama (CE)";"Total";"4445";"547";"-";"-";"-";"76";"103";"-";"31"
"MU";"2311264";"Quiterianópolis (CE)";"Total";"14494";"2636";"-";"19";"15";"162";"284";"-";"-"
"MU";"2311306";"Quixadá (CE)";"Total";"51368";"15678";"386";"272";"-";"714";"3258";"-";"63"
"MU";"2311355";"Quixelô (CE)";"Total";"11686";"1641";"-";"-";"-";"95";"636";"4";"13"
"MU";"2311405";"Quixeramobim (CE)";"Total";"53890";"12194";"235";"256";"-";"861";"3236";"-";"34"
"MU";"2311504";"Quixeré (CE)";"Total";"14304";"2537";"71";"44";"-";"116";"1071";"-";"24"
"MU";"2311603";"Redenção (CE)";"Total";"16194";"5651";"34";"33";"-";"368";"1126";"-";"6"
"MU";"2311702";"Reriutaba (CE)";"Total";"13948";"1436";"22";"-";"-";"211";"418";"-";"13"
"MU";"2311801";"Russas (CE)";"Total";"47990";"12021";"208";"125";"-";"959";"2298";"-";"9"
"MU";"2311900";"Saboeiro (CE)";"Total";"8810";"2163";"16";"-";"-";"165";"824";"-";"14"
"MU";"2311959";"Salitre (CE)";"Total";"11229";"2151";"6";"8";"-";"174";"382";"-";"-"
"MU";"2312007";"Santana do Acaraú (CE)";"Total";"22955";"2927";"10";"39";"-";"99";"315";"-";"-"
"MU";"2312106";"Santana do Cariri (CE)";"Total";"12757";"1284";"18";"16";"-";"67";"274";"-";"25"
"MU";"2312205";"Santa Quitéria (CE)";"Total";"29928";"3466";"182";"49";"-";"387";"955";"-";"-"
"MU";"2312304";"São Benedito (CE)";"Total";"34831";"3864";"9";"80";"-";"460";"985";"-";"32"
"MU";"2312403";"São Gonçalo do Amarante (CE)";"Total";"27892";"12399";"89";"166";"-";"2025";"3420";"-";"-"
"MU";"2312502";"São João do Jaguaribe (CE)";"Total";"4100";"927";"20";"-";"-";"92";"166";"-";"-"
"MU";"2312601";"São Luís do Curu (CE)";"Total";"6307";"2520";"5";"14";"-";"74";"380";"15";"8"
"MU";"2312700";"Senador Pompeu (CE)";"Total";"17951";"2456";"10";"63";"-";"199";"512";"-";"10"
"MU";"2312809";"Senador Sá (CE)";"Total";"5314";"670";"-";"13";"2";"51";"136";"-";"-"
"MU";"2312908";"Sobral (CE)";"Total";"130749";"28628";"1022";"860";"9";"4739";"8741";"18";"78"
"MU";"2313005";"Solonópole (CE)";"Total";"14274";"1433";"5";"29";"7";"132";"203";"-";"11"
"MU";"2313104";"Tabuleiro do Norte (CE)";"Total";"19442";"5247";"54";"-";"-";"573";"1681";"-";"9"
"MU";"2313203";"Tamboril (CE)";"Total";"17972";"2508";"23";"89";"-";"217";"792";"46";"21"
"MU";"2313252";"Tarrafas (CE)";"Total";"5228";"1074";"-";"-";"-";"68";"183";"-";"67"
"MU";"2313302";"Tauá (CE)";"Total";"36799";"12243";"272";"109";"-";"1465";"2241";"-";"139"
"MU";"2313351";"Tejuçuoca (CE)";"Total";"11980";"2276";"5";"12";"-";"122";"103";"4";"10"
"MU";"2313401";"Tianguá (CE)";"Total";"53842";"11012";"213";"115";"-";"1685";"1624";"-";"71"
"MU";"2313500";"Trairi (CE)";"Total";"33381";"13100";"22";"20";"-";"504";"2042";"-";"99"
"MU";"2313559";"Tururu (CE)";"Total";"8568";"3775";"8";"12";"-";"508";"197";"-";"11"
"MU";"2313609";"Ubajara (CE)";"Total";"21927";"4641";"64";"17";"-";"427";"630";"-";"24"
"MU";"2313708";"Umari (CE)";"Total";"4905";"910";"9";"20";"-";"35";"182";"-";"4"
"MU";"2313757";"Umirim (CE)";"Total";"10015";"3811";"3";"3";"-";"180";"681";"-";"-"
"MU";"2313807";"Uruburetama (CE)";"Total";"12027";"4028";"8";"19";"-";"231";"675";"-";"-"
"MU";"2313906";"Uruoca (CE)";"Total";"9033";"2061";"22";"25";"-";"76";"539";"-";"12"
"MU";"2313955";"Varjota (CE)";"Total";"11824";"2387";"-";"13";"-";"342";"793";"50";"4"
"MU";"2314003";"Várzea Alegre (CE)";"Total";"29578";"3529";"74";"11";"-";"245";"750";"-";"39"
"MU";"2314102";"Viçosa do Ceará (CE)";"Total";"41540";"6833";"140";"-";"-";"512";"1342";"7";"24"
"MU";"2400109";"Acari (RN)";"Total";"8291";"838";"10";"10";"-";"48";"260";"-";"2"
"MU";"2400208";"Açu (RN)";"Total";"34913";"9974";"189";"103";"-";"976";"3182";"-";"-"
"MU";"2400307";"Afonso Bezerra (RN)";"Total";"7119";"1764";"-";"18";"-";"137";"364";"-";"-"
"MU";"2400406";"Água Nova (RN)";"Total";"2083";"260";"25";"11";"-";"75";"124";"-";"-"
"MU";"2400505";"Alexandria (RN)";"Total";"10061";"1552";"5";"-";"-";"109";"321";"-";"-"
"MU";"2400604";"Almino Afonso (RN)";"Total";"3371";"509";"5";"3";"-";"45";"274";"-";"-"
"MU";"2400703";"Alto do Rodrigues (RN)";"Total";"7872";"2263";"17";"5";"-";"101";"525";"-";"13"
"MU";"2400802";"Angicos (RN)";"Total";"7461";"1641";"8";"41";"-";"190";"865";"5";"-"
"MU";"2400901";"Antônio Martins (RN)";"Total";"4624";"922";"5";"-";"-";"37";"269";"-";"-"
"MU";"2401008";"Apodi (RN)";"Total";"23535";"6069";"27";"21";"-";"544";"1670";"7";"129"
"MU";"2401107";"Areia Branca (RN)";"Total";"14093";"4859";"79";"112";"-";"389";"1418";"-";"45"
"MU";"2401206";"Arês (RN)";"Total";"7496";"2566";"14";"39";"-";"285";"918";"18";"-"
"MU";"2401305";"Campo Grande (RN)";"Total";"7607";"768";"5";"44";"-";"108";"102";"-";"-"
"MU";"2401404";"Baía Formosa (RN)";"Total";"3538";"2612";"33";"23";"71";"793";"542";"-";"5"
"MU";"2401453";"Baraúna (RN)";"Total";"14041";"5701";"3";"5";"-";"582";"2788";"-";"23"
"MU";"2401503";"Barcelona (RN)";"Total";"2922";"418";"21";"3";"-";"30";"115";"-";"-"
"MU";"2401602";"Bento Fernandes (RN)";"Total";"3049";"727";"-";"3";"-";"32";"355";"-";"-"
"MU";"2401651";"Bodó (RN)";"Total";"1758";"216";"-";"3";"-";"-";"76";"-";"-"
"MU";"2401701";"Bom Jesus (RN)";"Total";"6748";"1409";"52";"12";"-";"59";"375";"-";"-"
"MU";"2401800";"Brejinho (RN)";"Total";"7430";"2025";"15";"38";"-";"199";"766";"-";"5"
"MU";"2401859";"Caiçara do Norte (RN)";"Total";"4014";"1109";"-";"4";"-";"41";"162";"3";"2"
"MU";"2401909";"Caiçara do Rio do Vento (RN)";"Total";"2206";"357";"9";"-";"-";"16";"197";"-";"-"
"MU";"2402006";"Caicó (RN)";"Total";"44855";"4887";"423";"92";"9";"1183";"2881";"51";"12"
"MU";"2402105";"Campo Redondo (RN)";"Total";"6785";"1388";"-";"-";"-";"185";"546";"4";"-"
"MU";"2402204";"Canguaretama (RN)";"Total";"15722";"6276";"63";"156";"-";"319";"2435";"-";"10"
"MU";"2402303";"Caraúbas (RN)";"Total";"12513";"3093";"12";"-";"-";"280";"1662";"-";"-"
"MU";"2402402";"Carnaúba dos Dantas (RN)";"Total";"5771";"782";"-";"20";"-";"62";"319";"-";"19"
"MU";"2402501";"Carnaubais (RN)";"Total";"6200";"1523";"7";"3";"-";"165";"587";"-";"-"
"MU";"2402600";"Ceará-Mirim (RN)";"Total";"48249";"14405";"386";"265";"4";"878";"3404";"11";"94"
"MU";"2402709";"Cerro Corá (RN)";"Total";"8365";"846";"78";"-";"-";"123";"265";"-";"-"
"MU";"2402808";"Coronel Ezequiel (RN)";"Total";"3175";"872";"-";"12";"-";"43";"359";"-";"3"
"MU";"2402907";"Coronel João Pessoa (RN)";"Total";"3069";"553";"8";"3";"-";"11";"78";"-";"-"
"MU";"2403004";"Cruzeta (RN)";"Total";"6184";"526";"7";"-";"-";"109";"297";"-";"-"
"MU";"2403103";"Currais Novos (RN)";"Total";"28059";"5734";"84";"154";"-";"727";"1760";"-";"-"
"MU";"2403202";"Doutor Severiano (RN)";"Total";"5275";"754";"6";"-";"-";"26";"128";"2";"-"
"MU";"2403251";"Parnamirim (RN)";"Total";"118917";"63467";"5002";"968";"32";"12647";"18973";"47";"229"
"MU";"2403301";"Encanto (RN)";"Total";"4370";"601";"11";"-";"-";"6";"196";"-";"-"
"MU";"2403400";"Equador (RN)";"Total";"3471";"873";"3";"4";"-";"91";"270";"-";"-"
"MU";"2403509";"Espírito Santo (RN)";"Total";"6467";"1978";"4";"4";"-";"185";"468";"-";"49"
"MU";"2403608";"Extremoz (RN)";"Total";"29093";"14991";"742";"338";"16";"2138";"4648";"-";"40"
"MU";"2403707";"Felipe Guerra (RN)";"Total";"2456";"1133";"7";"-";"-";"535";"1239";"-";"-"
"MU";"2403756";"Fernando Pedroza (RN)";"Total";"1903";"515";"-";"2";"-";"22";"116";"-";"-"
"MU";"2403806";"Florânia (RN)";"Total";"7893";"888";"5";"11";"-";"62";"153";"-";"-"
"MU";"2403905";"Francisco Dantas (RN)";"Total";"2064";"267";"11";"-";"-";"-";"50";"-";"-"
"MU";"2404002";"Frutuoso Gomes (RN)";"Total";"2804";"703";"-";"-";"-";"8";"142";"-";"-"
"MU";"2404101";"Galinhos (RN)";"Total";"1151";"510";"5";"-";"-";"72";"32";"-";"-"
"MU";"2404200";"Goianinha (RN)";"Total";"12306";"6827";"-";"22";"-";"1155";"2177";"8";"10"
"MU";"2404309";"Governador Dix-Sept Rosado (RN)";"Total";"7486";"1982";"12";"10";"-";"273";"682";"16";"32"
"MU";"2404408";"Grossos (RN)";"Total";"4525";"2426";"4";"7";"-";"309";"1402";"-";"17"
"MU";"2404507";"Guamaré (RN)";"Total";"7724";"3608";"19";"24";"23";"171";"1397";"-";"45"
"MU";"2404606";"Ielmo Marinho (RN)";"Total";"7128";"2241";"-";"4";"-";"56";"458";"12";"73"
"MU";"2404705";"Ipanguaçu (RN)";"Total";"9152";"2074";"6";"27";"-";"297";"641";"-";"-"
"MU";"2404804";"Ipueira (RN)";"Total";"1627";"104";"2";"2";"-";"5";"63";"-";"-"
"MU";"2404853";"Itajá (RN)";"Total";"4782";"978";"37";"6";"-";"144";"405";"-";"-"
"MU";"2404903";"Itaú (RN)";"Total";"3507";"855";"3";"-";"-";"108";"211";"-";"3"
"MU";"2405009";"Jaçanã (RN)";"Total";"5282";"1148";"-";"-";"-";"49";"382";"-";"-"
"MU";"2405108";"Jandaíra (RN)";"Total";"4005";"1070";"13";"19";"-";"53";"445";"-";"-"
"MU";"2405207";"Janduís (RN)";"Total";"3535";"405";"-";"3";"-";"34";"184";"-";"-"
"MU";"2405306";"Januário Cicco (RN)";"Total";"5194";"1871";"-";"-";"-";"71";"680";"-";"-"
"MU";"2405405";"Japi (RN)";"Total";"3449";"858";"-";"-";"3";"12";"78";"-";"-"
"MU";"2405504";"Jardim de Angicos (RN)";"Total";"1651";"312";"23";"-";"-";"54";"50";"-";"-"
"MU";"2405603";"Jardim de Piranhas (RN)";"Total";"10796";"844";"23";"26";"-";"74";"439";"-";"-"
"MU";"2405702";"Jardim do Seridó (RN)";"Total";"9461";"729";"31";"-";"-";"60";"296";"-";"14"
"MU";"2405801";"João Câmara (RN)";"Total";"22471";"4378";"51";"19";"31";"352";"987";"-";"20"
"MU";"2405900";"João Dias (RN)";"Total";"1392";"374";"-";"-";"-";"5";"48";"-";"-"
"MU";"2406007";"José da Penha (RN)";"Total";"4038";"893";"3";"8";"-";"65";"139";"-";"-"
"MU";"2406106";"Jucurutu (RN)";"Total";"13073";"1656";"-";"9";"-";"283";"726";"-";"7"
"MU";"2406155";"Jundiá (RN)";"Total";"2257";"604";"4";"13";"-";"32";"282";"-";"6"
"MU";"2406205";"Lagoa d'Anta (RN)";"Total";"4288";"1073";"2";"-";"-";"32";"265";"-";"-"
"MU";"2406304";"Lagoa de Pedras (RN)";"Total";"5172";"843";"8";"17";"-";"85";"214";"2";"-"
"MU";"2406403";"Lagoa de Velhos (RN)";"Total";"1783";"271";"28";"-";"-";"26";"123";"-";"-"
"MU";"2406502";"Lagoa Nova (RN)";"Total";"11293";"1511";"43";"22";"-";"197";"304";"-";"26"
"MU";"2406601";"Lagoa Salgada (RN)";"Total";"5344";"1231";"2";"-";"-";"113";"415";"-";"-"
"MU";"2406700";"Lajes (RN)";"Total";"6607";"1661";"6";"10";"-";"68";"319";"-";"5"
"MU";"2406809";"Lajes Pintadas (RN)";"Total";"3495";"549";"24";"-";"-";"54";"74";"-";"-"
"MU";"2406908";"Lucrécia (RN)";"Total";"2520";"494";"8";"-";"-";"16";"60";"-";"3"
"MU";"2407005";"Luís Gomes (RN)";"Total";"6332";"1185";"6";"-";"-";"93";"220";"-";"-"
"MU";"2407104";"Macaíba (RN)";"Total";"43892";"18116";"432";"135";"46";"1813";"5340";"-";"172"
"MU";"2407203";"Macau (RN)";"Total";"14750";"6189";"92";"143";"-";"617";"2209";"9";"10"
"MU";"2407252";"Major Sales (RN)";"Total";"2970";"403";"-";"-";"-";"25";"34";"-";"-"
"MU";"2407302";"Marcelino Vieira (RN)";"Total";"5890";"772";"16";"-";"-";"52";"279";"-";"-"
"MU";"2407401";"Martins (RN)";"Total";"5338";"1396";"23";"-";"-";"149";"380";"-";"-"
"MU";"2407500";"Maxaranguape (RN)";"Total";"5708";"1967";"13";"3";"8";"253";"870";"-";"-"
"MU";"2407609";"Messias Targino (RN)";"Total";"3378";"245";"4";"-";"-";"54";"80";"-";"-"
"MU";"2407708";"Montanhas (RN)";"Total";"7579";"1428";"-";"-";"-";"87";"668";"-";"-"
"MU";"2407807";"Monte Alegre (RN)";"Total";"13300";"4482";"87";"23";"-";"428";"1352";"23";"-"
"MU";"2407906";"Monte das Gameleiras (RN)";"Total";"1695";"209";"-";"2";"-";"30";"33";"-";"-"
"MU";"2408003";"Mossoró (RN)";"Total";"138093";"59462";"1925";"738";"20";"8114";"22960";"24";"124"
"MU";"2408102";"Natal (RN)";"Total";"388162";"163015";"13752";"3552";"144";"26785";"65601";"282";"787"
"MU";"2408201";"Nísia Floresta (RN)";"Total";"17164";"6123";"65";"97";"-";"1053";"2165";"-";"13"
"MU";"2408300";"Nova Cruz (RN)";"Total";"23853";"4529";"43";"9";"-";"406";"738";"-";"107"
"MU";"2408409";"Olho d'Água do Borges (RN)";"Total";"2893";"362";"-";"-";"-";"26";"265";"-";"-"
"MU";"2408508";"Ouro Branco (RN)";"Total";"3822";"366";"17";"9";"-";"54";"63";"-";"-"
"MU";"2408607";"Paraná (RN)";"Total";"3066";"302";"2";"-";"-";"22";"59";"-";"-"
"MU";"2408706";"Paraú (RN)";"Total";"2416";"645";"-";"8";"-";"9";"133";"-";"-"
"MU";"2408805";"Parazinho (RN)";"Total";"2794";"966";"4";"-";"-";"81";"231";"-";"-"
"MU";"2408904";"Parelhas (RN)";"Total";"14683";"2554";"26";"25";"-";"272";"1216";"-";"-"
"MU";"2408953";"Rio do Fogo (RN)";"Total";"6976";"1487";"-";"-";"-";"63";"251";"-";"10"
"MU";"2409100";"Passa e Fica (RN)";"Total";"7961";"1108";"16";"5";"-";"34";"331";"-";"-"
"MU";"2409209";"Passagem (RN)";"Total";"1990";"568";"3";"5";"-";"34";"107";"-";"-"
"MU";"2409308";"Patu (RN)";"Total";"7915";"1433";"11";"14";"-";"129";"239";"-";"6"
"MU";"2409332";"Santa Maria (RN)";"Total";"3241";"668";"-";"2";"-";"22";"232";"3";"-"
"MU";"2409407";"Pau dos Ferros (RN)";"Total";"20412";"3990";"244";"67";"-";"673";"1374";"8";"37"
"MU";"2409506";"Pedra Grande (RN)";"Total";"2340";"497";"12";"-";"-";"45";"165";"6";"2"
"MU";"2409605";"Pedra Preta (RN)";"Total";"1635";"395";"3";"-";"-";"-";"95";"-";"10"
"MU";"2409704";"Pedro Avelino (RN)";"Total";"4025";"739";"-";"15";"-";"55";"558";"-";"5"
"MU";"2409803";"Pedro Velho (RN)";"Total";"8480";"2262";"44";"-";"-";"248";"735";"-";"-"
"MU";"2409902";"Pendências (RN)";"Total";"8408";"1747";"-";"10";"4";"147";"418";"-";"8"
"MU";"2410009";"Pilões (RN)";"Total";"2104";"425";"3";"-";"-";"32";"90";"-";"-"
"MU";"2410108";"Poço Branco (RN)";"Total";"9048";"1246";"39";"6";"-";"82";"326";"-";"8"
"MU";"2410207";"Portalegre (RN)";"Total";"5483";"929";"8";"9";"-";"104";"196";"-";"-"
"MU";"2410256";"Porto do Mangue (RN)";"Total";"2844";"1128";"-";"3";"3";"99";"373";"-";"-"
"MU";"2410306";"Serra Caiada (RN)";"Total";"6226";"1466";"9";"5";"-";"113";"803";"-";"10"
"MU";"2410405";"Pureza (RN)";"Total";"6003";"1580";"18";"4";"-";"64";"243";"-";"-"
"MU";"2410504";"Rafael Fernandes (RN)";"Total";"3859";"636";"6";"4";"-";"60";"229";"-";"-"
"MU";"2410603";"Rafael Godeiro (RN)";"Total";"2191";"373";"-";"2";"-";"-";"59";"-";"-"
"MU";"2410702";"Riacho da Cruz (RN)";"Total";"2076";"201";"-";"-";"-";"9";"104";"-";"-"
"MU";"2410801";"Riacho de Santana (RN)";"Total";"3209";"354";"-";"-";"-";"31";"90";"-";"-"
"MU";"2410900";"Riachuelo (RN)";"Total";"5108";"922";"5";"4";"-";"-";"353";"-";"-"
"MU";"2411007";"Rodolfo Fernandes (RN)";"Total";"3335";"324";"2";"4";"-";"40";"39";"-";"-"
"MU";"2411056";"Tibau (RN)";"Total";"3193";"853";"3";"-";"-";"45";"633";"-";"6"
"MU";"2411106";"Ruy Barbosa (RN)";"Total";"2293";"418";"-";"-";"-";"15";"58";"3";"-"
"MU";"2411205";"Santa Cruz (RN)";"Total";"23839";"5719";"128";"42";"-";"464";"1958";"-";"7"
"MU";"2411403";"Santana do Matos (RN)";"Total";"9542";"974";"5";"4";"-";"205";"329";"-";"-"
"MU";"2411429";"Santana do Seridó (RN)";"Total";"1867";"398";"3";"2";"-";"15";"68";"-";"-"
"MU";"2411502";"Santo Antônio (RN)";"Total";"14315";"4139";"42";"64";"-";"368";"406";"-";"10"
"MU";"2411601";"São Bento do Norte (RN)";"Total";"2199";"571";"-";"-";"-";"44";"39";"-";"-"
"MU";"2411700";"São Bento do Trairí (RN)";"Total";"2682";"482";"-";"4";"-";"11";"137";"-";"3"
"MU";"2411809";"São Fernando (RN)";"Total";"2674";"186";"-";"-";"-";"106";"165";"-";"-"
"MU";"2411908";"São Francisco do Oeste (RN)";"Total";"2954";"446";"2";"-";"-";"34";"211";"4";"-"
"MU";"2412005";"São Gonçalo do Amarante (RN)";"Total";"57291";"28831";"648";"188";"28";"3457";"8484";"-";"114"
"MU";"2412104";"São João do Sabugi (RN)";"Total";"4442";"538";"18";"2";"-";"65";"271";"-";"-"
"MU";"2412203";"São José de Mipibu (RN)";"Total";"24821";"10896";"180";"13";"-";"747";"3422";"-";"11"
"MU";"2412302";"São José do Campestre (RN)";"Total";"7721";"1341";"8";"6";"-";"116";"542";"-";"-"
"MU";"2412401";"São José do Seridó (RN)";"Total";"3546";"357";"12";"4";"-";"30";"70";"-";"-"
"MU";"2412500";"São Miguel (RN)";"Total";"18356";"1330";"15";"-";"-";"305";"590";"-";"-"
"MU";"2412559";"São Miguel do Gostoso (RN)";"Total";"6374";"1584";"45";"-";"-";"38";"615";"-";"-"
"MU";"2412609";"São Paulo do Potengi (RN)";"Total";"12144";"1816";"63";"23";"-";"150";"457";"7";"21"
"MU";"2412708";"São Pedro (RN)";"Total";"4302";"492";"5";"23";"-";"52";"145";"-";"4"
"MU";"2412807";"São Rafael (RN)";"Total";"5690";"810";"-";"13";"-";"81";"287";"-";"14"
"MU";"2412906";"São Tomé (RN)";"Total";"7560";"1018";"53";"5";"-";"60";"140";"-";"-"
"MU";"2413003";"São Vicente (RN)";"Total";"4999";"404";"2";"-";"-";"104";"79";"4";"-"
"MU";"2413102";"Senador Elói de Souza (RN)";"Total";"4078";"939";"14";"6";"-";"63";"38";"-";"-"
"MU";"2413201";"Senador Georgino Avelino (RN)";"Total";"2590";"623";"-";"-";"-";"29";"160";"-";"-"
"MU";"2413300";"Serra de São Bento (RN)";"Total";"4253";"519";"4";"3";"-";"38";"123";"-";"-"
"MU";"2413359";"Serra do Mel (RN)";"Total";"5365";"3593";"14";"20";"-";"161";"1880";"-";"5"
"MU";"2413409";"Serra Negra do Norte (RN)";"Total";"5626";"875";"13";"-";"-";"57";"237";"-";"-"
"MU";"2413508";"Serrinha (RN)";"Total";"3954";"1224";"15";"15";"-";"20";"368";"-";"9"
"MU";"2413557";"Serrinha dos Pintos (RN)";"Total";"3061";"869";"5";"5";"-";"86";"86";"-";"-"
"MU";"2413607";"Severiano Melo (RN)";"Total";"4322";"363";"30";"3";"-";"54";"118";"-";"-"
"MU";"2413706";"Sítio Novo (RN)";"Total";"3601";"380";"4";"-";"-";"11";"67";"-";"-"
"MU";"2413805";"Taboleiro Grande (RN)";"Total";"1558";"375";"-";"-";"-";"37";"87";"-";"-"
"MU";"2413904";"Taipu (RN)";"Total";"7768";"1677";"5";"-";"-";"41";"388";"-";"5"
"MU";"2414001";"Tangará (RN)";"Total";"8240";"2213";"14";"-";"-";"204";"734";"-";"7"
"MU";"2414100";"Tenente Ananias (RN)";"Total";"7774";"753";"11";"5";"-";"107";"227";"6";"-"
"MU";"2414159";"Tenente Laurentino Cruz (RN)";"Total";"4169";"595";"-";"-";"-";"104";"195";"-";"-"
"MU";"2414209";"Tibau do Sul (RN)";"Total";"7056";"3358";"128";"50";"15";"1304";"2483";"-";"-"
"MU";"2414308";"Timbaúba dos Batistas (RN)";"Total";"1775";"229";"6";"-";"-";"5";"98";"-";"-"
"MU";"2414407";"Touros (RN)";"Total";"20296";"5587";"137";"23";"-";"759";"1346";"-";"-"
"MU";"2414456";"Triunfo Potiguar (RN)";"Total";"2092";"586";"-";"7";"-";"6";"236";"-";"-"
"MU";"2414506";"Umarizal (RN)";"Total";"7009";"1303";"-";"5";"-";"231";"480";"-";"16"
"MU";"2414605";"Upanema (RN)";"Total";"7595";"3194";"13";"5";"-";"192";"817";"-";"-"
"MU";"2414704";"Várzea (RN)";"Total";"3307";"912";"6";"7";"-";"65";"255";"-";"6"
"MU";"2414753";"Venha-Ver (RN)";"Total";"2316";"190";"3";"69";"-";"14";"60";"-";"-"
"MU";"2414803";"Vera Cruz (RN)";"Total";"6988";"1720";"-";"-";"-";"45";"452";"-";"-"
"MU";"2414902";"Viçosa (RN)";"Total";"1185";"280";"-";"-";"-";"34";"77";"-";"-"
"MU";"2415008";"Vila Flor (RN)";"Total";"1671";"480";"15";"-";"-";"43";"440";"-";"-"
"MU";"2500106";"Água Branca (PB)";"Total";"7379";"549";"-";"-";"-";"14";"151";"-";"-"
"MU";"2500205";"Aguiar (PB)";"Total";"3923";"455";"2";"-";"-";"37";"20";"-";"-"
"MU";"2500304";"Alagoa Grande (PB)";"Total";"17552";"3520";"121";"64";"-";"166";"931";"40";"-"
"MU";"2500403";"Alagoa Nova (PB)";"Total";"14894";"1909";"34";"74";"-";"293";"517";"-";"-"
"MU";"2500502";"Alagoinha (PB)";"Total";"9035";"2021";"3";"29";"6";"116";"452";"-";"-"
"MU";"2500536";"Alcantil (PB)";"Total";"3922";"680";"-";"-";"-";"22";"83";"-";"3"
"MU";"2500577";"Algodão de Jandaíra (PB)";"Total";"2133";"255";"2";"-";"-";"5";"88";"-";"-"
"MU";"2500601";"Alhandra (PB)";"Total";"9994";"5991";"16";"52";"5";"223";"1843";"-";"26"
"MU";"2500700";"São João do Rio do Peixe (PB)";"Total";"13426";"1769";"48";"30";"-";"269";"409";"-";"-"
"MU";"2500734";"Amparo (PB)";"Total";"1710";"131";"-";"11";"-";"15";"56";"-";"-"
"MU";"2500775";"Aparecida (PB)";"Total";"5945";"738";"4";"11";"-";"25";"229";"-";"-"
"MU";"2500809";"Araçagi (PB)";"Total";"12021";"1758";"5";"-";"-";"192";"350";"-";"6"
"MU";"2500908";"Arara (PB)";"Total";"8942";"1438";"9";"10";"-";"102";"190";"-";"-"
"MU";"2501005";"Araruna (PB)";"Total";"11973";"2226";"30";"22";"-";"190";"321";"-";"18"
"MU";"2501104";"Areia (PB)";"Total";"14900";"3254";"105";"125";"-";"171";"896";"-";"-"
"MU";"2501153";"Areia de Baraúnas (PB)";"Total";"1526";"162";"-";"-";"-";"6";"26";"-";"-"
"MU";"2501203";"Areial (PB)";"Total";"5292";"608";"3";"4";"21";"22";"148";"-";"-"
"MU";"2501302";"Aroeiras (PB)";"Total";"13331";"2296";"5";"25";"-";"244";"144";"-";"-"
"MU";"2501351";"Assunção (PB)";"Total";"2475";"683";"-";"6";"-";"188";"129";"-";"-"
"MU";"2501401";"Baía da Traição (PB)";"Total";"4540";"1330";"21";"44";"1171";"139";"362";"9";"6"
"MU";"2501500";"Bananeiras (PB)";"Total";"16895";"2264";"47";"11";"-";"138";"605";"-";"-"
"MU";"2501534";"Baraúna (PB)";"Total";"3215";"688";"-";"3";"-";"70";"174";"-";"-"
"MU";"2501575";"Barra de Santana (PB)";"Total";"6013";"820";"-";"9";"-";"14";"160";"-";"-"
"MU";"2501609";"Barra de Santa Rosa (PB)";"Total";"9409";"1580";"-";"23";"-";"63";"339";"-";"-"
"MU";"2501708";"Barra de São Miguel (PB)";"Total";"4312";"618";"17";"-";"-";"53";"103";"-";"-"
"MU";"2501807";"Bayeux (PB)";"Total";"31730";"23778";"248";"340";"19";"4783";"10358";"9";"15"
"MU";"2501906";"Belém (PB)";"Total";"11019";"2252";"35";"-";"-";"292";"689";"-";"-"
"MU";"2502003";"Belém do Brejo do Cruz (PB)";"Total";"4508";"508";"-";"-";"-";"8";"492";"-";"-"
"MU";"2502052";"Bernardino Batista (PB)";"Total";"2511";"448";"2";"-";"-";"6";"30";"-";"-"
"MU";"2502102";"Boa Ventura (PB)";"Total";"3315";"868";"15";"-";"-";"76";"198";"-";"2"
"MU";"2502151";"Boa Vista (PB)";"Total";"4067";"928";"13";"10";"-";"93";"423";"-";"3"
"MU";"2502201";"Bom Jesus (PB)";"Total";"1643";"278";"-";"-";"-";"27";"65";"-";"-"
"MU";"2502300";"Bom Sucesso (PB)";"Total";"3627";"407";"-";"-";"-";"-";"151";"-";"-"
"MU";"2502409";"Bonito de Santa Fé (PB)";"Total";"7171";"1205";"5";"-";"-";"115";"264";"-";"-"
"MU";"2502508";"Boqueirão (PB)";"Total";"11405";"2895";"10";"5";"-";"204";"590";"-";"-"
"MU";"2502607";"Igaracy (PB)";"Total";"4215";"607";"-";"-";"-";"71";"47";"-";"-"
"MU";"2502706";"Borborema (PB)";"Total";"3192";"240";"95";"-";"-";"10";"108";"-";"-"
"MU";"2502805";"Brejo do Cruz (PB)";"Total";"9933";"1232";"4";"-";"-";"78";"629";"-";"5"
"MU";"2502904";"Brejo dos Santos (PB)";"Total";"2441";"2059";"2";"-";"-";"71";"477";"-";"-"
"MU";"2503001";"Caaporã (PB)";"Total";"6531";"7199";"25";"20";"-";"586";"3189";"-";"63"
"MU";"2503100";"Cabaceiras (PB)";"Total";"3397";"953";"11";"-";"-";"31";"263";"-";"-"
"MU";"2503209";"Cabedelo (PB)";"Total";"31459";"16752";"846";"364";"10";"2602";"4824";"63";"33"
"MU";"2503308";"Cachoeira dos Índios (PB)";"Total";"7048";"638";"16";"13";"-";"70";"106";"-";"-"
"MU";"2503407";"Cacimba de Areia (PB)";"Total";"2346";"287";"8";"21";"-";"18";"131";"-";"-"
"MU";"2503506";"Cacimba de Dentro (PB)";"Total";"11911";"1400";"49";"14";"-";"99";"382";"-";"21"
"MU";"2503555";"Cacimbas (PB)";"Total";"4771";"792";"-";"-";"-";"29";"299";"-";"3"
"MU";"2503605";"Caiçara (PB)";"Total";"4734";"806";"14";"16";"-";"23";"132";"-";"-"
"MU";"2503704";"Cajazeiras (PB)";"Total";"44318";"6683";"311";"260";"-";"1082";"2774";"-";"48"
"MU";"2503753";"Cajazeirinhas (PB)";"Total";"2179";"183";"1";"-";"-";"8";"18";"-";"-"
"MU";"2503803";"Caldas Brandão (PB)";"Total";"3627";"822";"-";"1";"-";"60";"355";"-";"-"
"MU";"2503902";"Camalaú (PB)";"Total";"4475";"522";"11";"-";"-";"57";"203";"-";"6"
"MU";"2504009";"Campina Grande (PB)";"Total";"205207";"103768";"5222";"1298";"113";"16565";"31188";"-";"466"
"MU";"2504033";"Capim (PB)";"Total";"4260";"831";"-";"16";"-";"30";"646";"-";"4"
"MU";"2504074";"Caraúbas (PB)";"Total";"3103";"204";"-";"3";"-";"66";"93";"-";"2"
"MU";"2504108";"Carrapateira (PB)";"Total";"1840";"162";"-";"-";"-";"4";"15";"-";"8"
"MU";"2504157";"Casserengue (PB)";"Total";"5532";"343";"-";"6";"-";"10";"100";"-";"-"
"MU";"2504207";"Catingueira (PB)";"Total";"3402";"364";"8";"-";"-";"20";"69";"3";"-"
"MU";"2504306";"Catolé do Rocha (PB)";"Total";"20930";"4846";"40";"29";"-";"139";"817";"-";"-"
"MU";"2504355";"Caturité (PB)";"Total";"3611";"730";"4";"-";"-";"16";"149";"-";"-"
"MU";"2504405";"Conceição (PB)";"Total";"14047";"1397";"27";"5";"-";"168";"196";"-";"4"
"MU";"2504504";"Condado (PB)";"Total";"4997";"481";"3";"3";"-";"92";"114";"-";"-"
"MU";"2504603";"Conde (PB)";"Total";"13225";"6820";"97";"220";"12";"994";"1746";"-";"-"
"MU";"2504702";"Congo (PB)";"Total";"3674";"393";"24";"4";"-";"37";"179";"-";"-"
"MU";"2504801";"Coremas (PB)";"Total";"10461";"1919";"5";"5";"-";"161";"154";"-";"-"
"MU";"2504850";"Coxixola (PB)";"Total";"1407";"157";"-";"-";"-";"12";"55";"-";"2"
"MU";"2504900";"Cruz do Espírito Santo (PB)";"Total";"8869";"3882";"1";"11";"-";"337";"1378";"-";"30"
"MU";"2505006";"Cubati (PB)";"Total";"5220";"721";"20";"7";"-";"66";"480";"-";"-"
"MU";"2505105";"Cuité (PB)";"Total";"13404";"2094";"72";"32";"-";"475";"1245";"-";"-"
"MU";"2505204";"Cuitegi (PB)";"Total";"4616";"789";"5";"3";"-";"31";"229";"-";"-"
"MU";"2505238";"Cuité de Mamanguape (PB)";"Total";"3791";"473";"15";"3";"-";"807";"255";"-";"-"
"MU";"2505279";"Curral de Cima (PB)";"Total";"4017";"450";"-";"-";"-";"74";"31";"-";"3"
"MU";"2505303";"Curral Velho (PB)";"Total";"1614";"218";"-";"-";"-";"14";"144";"-";"4"
"MU";"2505352";"Damião (PB)";"Total";"3687";"477";"7";"-";"-";"126";"31";"-";"4"
"MU";"2505402";"Desterro (PB)";"Total";"6002";"590";"5";"-";"-";"104";"211";"-";"20"
"MU";"2505501";"Vista Serrana (PB)";"Total";"2719";"406";"3";"2";"-";"5";"46";"-";"-"
"MU";"2505600";"Diamante (PB)";"Total";"4746";"536";"-";"3";"-";"96";"64";"-";"2"
"MU";"2505709";"Dona Inês (PB)";"Total";"7668";"968";"35";"5";"-";"37";"215";"-";"-"
"MU";"2505808";"Duas Estradas (PB)";"Total";"2502";"336";"2";"-";"-";"34";"31";"-";"-"
"MU";"2505907";"Emas (PB)";"Total";"2258";"326";"-";"-";"-";"2";"31";"-";"4"
"MU";"2506004";"Esperança (PB)";"Total";"21620";"3542";"127";"76";"-";"489";"901";"-";"-"
"MU";"2506103";"Fagundes (PB)";"Total";"7151";"1476";"34";"5";"-";"236";"527";"-";"-"
"MU";"2506202";"Frei Martinho (PB)";"Total";"2089";"376";"31";"-";"-";"16";"55";"-";"-"
"MU";"2506251";"Gado Bravo (PB)";"Total";"5727";"853";"24";"11";"-";"90";"258";"-";"-"
"MU";"2506301";"Guarabira (PB)";"Total";"35755";"10316";"286";"53";"-";"896";"2214";"-";"17"
"MU";"2506400";"Gurinhém (PB)";"Total";"9470";"1797";"16";"4";"-";"115";"333";"15";"-"
"MU";"2506509";"Gurjão (PB)";"Total";"2508";"224";"20";"-";"-";"20";"24";"-";"-"
"MU";"2506608";"Ibiara (PB)";"Total";"4405";"339";"12";"-";"-";"68";"88";"9";"7"
"MU";"2506707";"Imaculada (PB)";"Total";"8152";"609";"23";"5";"-";"13";"100";"-";"13"
"MU";"2506806";"Ingá (PB)";"Total";"11261";"2938";"13";"8";"2";"248";"758";"-";"8"
"MU";"2506905";"Itabaiana (PB)";"Total";"15040";"3903";"58";"109";"-";"444";"543";"-";"-"
"MU";"2507002";"Itaporanga (PB)";"Total";"16932";"2625";"317";"26";"-";"217";"608";"-";"-"
"MU";"2507101";"Itapororoca (PB)";"Total";"11800";"2865";"55";"3";"-";"190";"709";"-";"28"
"MU";"2507200";"Itatuba (PB)";"Total";"6759";"1719";"-";"25";"-";"178";"294";"-";"-"
"MU";"2507309";"Jacaraú (PB)";"Total";"9085";"2216";"6";"-";"-";"153";"904";"10";"43"
"MU";"2507408";"Jericó (PB)";"Total";"5323";"976";"27";"3";"-";"21";"304";"-";"-"
"MU";"2507507";"João Pessoa (PB)";"Total";"402539";"211217";"10339";"4013";"236";"38804";"58588";"210";"437"
"MU";"2507606";"Juarez Távora (PB)";"Total";"5235";"1121";"-";"4";"-";"75";"299";"-";"-"
"MU";"2507705";"Juazeirinho (PB)";"Total";"11370";"2192";"11";"10";"8";"112";"533";"-";"-"
"MU";"2507804";"Junco do Seridó (PB)";"Total";"4927";"667";"62";"6";"4";"42";"160";"-";"2"
"MU";"2507903";"Juripiranga (PB)";"Total";"6425";"1131";"39";"23";"-";"208";"691";"-";"8"
"MU";"2508000";"Juru (PB)";"Total";"7360";"463";"-";"-";"-";"58";"111";"-";"-"
"MU";"2508109";"Lagoa (PB)";"Total";"3035";"599";"-";"-";"-";"80";"152";"-";"-"
"MU";"2508208";"Lagoa de Dentro (PB)";"Total";"5697";"736";"7";"3";"-";"38";"196";"-";"-"
"MU";"2508307";"Lagoa Seca (PB)";"Total";"18505";"4266";"17";"52";"-";"464";"429";"-";"31"
"MU";"2508406";"Lastro (PB)";"Total";"2360";"288";"-";"-";"-";"17";"100";"-";"3"
"MU";"2508505";"Livramento (PB)";"Total";"5110";"714";"4";"-";"-";"16";"42";"-";"5"
"MU";"2508554";"Logradouro (PB)";"Total";"3123";"782";"-";"-";"-";"26";"187";"-";"-"
"MU";"2508604";"Lucena (PB)";"Total";"5989";"2590";"8";"24";"-";"413";"1402";"1";"77"
"MU";"2508703";"Mãe d'Água (PB)";"Total";"2515";"441";"3";"-";"-";"45";"111";"-";"14"
"MU";"2508802";"Malta (PB)";"Total";"4529";"472";"62";"3";"-";"36";"116";"-";"9"
"MU";"2508901";"Mamanguape (PB)";"Total";"23446";"9323";"129";"71";"-";"724";"3795";"-";"13"
"MU";"2509008";"Manaíra (PB)";"Total";"7736";"887";"-";"5";"-";"54";"241";"-";"9"
"MU";"2509057";"Marcação (PB)";"Total";"5289";"1237";"3";"6";"79";"208";"494";"18";"-"
"MU";"2509107";"Mari (PB)";"Total";"14072";"2709";"12";"123";"-";"468";"1150";"-";"-"
"MU";"2509156";"Marizópolis (PB)";"Total";"4311";"1154";"-";"24";"-";"75";"282";"-";"-"
"MU";"2509206";"Massaranduba (PB)";"Total";"9016";"2394";"26";"19";"-";"178";"498";"-";"-"
"MU";"2509305";"Mataraca (PB)";"Total";"3798";"1600";"4";"-";"-";"442";"936";"-";"23"
"MU";"2509339";"Matinhas (PB)";"Total";"3215";"403";"14";"4";"-";"14";"198";"-";"-"
"MU";"2509370";"Mato Grosso (PB)";"Total";"1917";"194";"2";"-";"-";"74";"56";"-";"-"
"MU";"2509396";"Maturéia (PB)";"Total";"4604";"666";"-";"-";"-";"28";"124";"-";"-"
"MU";"2509404";"Mogeiro (PB)";"Total";"9036";"2259";"19";"3";"-";"154";"350";"-";"-"
"MU";"2509503";"Montadas (PB)";"Total";"4019";"645";"3";"3";"-";"63";"198";"-";"-"
"MU";"2509602";"Monte Horebe (PB)";"Total";"3259";"372";"6";"-";"-";"25";"89";"-";"-"
"MU";"2509701";"Monteiro (PB)";"Total";"22347";"3627";"89";"17";"-";"730";"1155";"-";"7"
"MU";"2509800";"Mulungu (PB)";"Total";"6283";"933";"-";"19";"-";"44";"292";"-";"-"
"MU";"2509909";"Natuba (PB)";"Total";"6078";"1308";"3";"-";"-";"63";"262";"-";"7"
"MU";"2510006";"Nazarezinho (PB)";"Total";"5735";"502";"9";"14";"2";"3";"63";"-";"-"
"MU";"2510105";"Nova Floresta (PB)";"Total";"6364";"1428";"25";"-";"-";"63";"535";"-";"-"
"MU";"2510204";"Nova Olinda (PB)";"Total";"4258";"613";"2";"-";"-";"10";"93";"-";"-"
"MU";"2510303";"Nova Palmeira (PB)";"Total";"3385";"259";"4";"-";"-";"23";"99";"-";"-"
"MU";"2510402";"Olho d'Água (PB)";"Total";"4956";"209";"-";"-";"-";"16";"58";"-";"-"
"MU";"2510501";"Olivedos (PB)";"Total";"2836";"231";"-";"-";"-";"8";"70";"-";"-"
"MU";"2510600";"Ouro Velho (PB)";"Total";"2190";"279";"3";"-";"-";"10";"85";"-";"-"
"MU";"2510659";"Parari (PB)";"Total";"1411";"111";"-";"-";"-";"11";"7";"-";"-"
"MU";"2510709";"Passagem (PB)";"Total";"1832";"222";"-";"-";"-";"28";"31";"-";"-"
"MU";"2510808";"Patos (PB)";"Total";"68157";"12840";"533";"567";"13";"2635";"4135";"292";"52"
"MU";"2510907";"Paulista (PB)";"Total";"9245";"920";"-";"-";"-";"47";"151";"-";"-"
"MU";"2511004";"Pedra Branca (PB)";"Total";"2873";"250";"-";"-";"-";"76";"47";"-";"-"
"MU";"2511103";"Pedra Lavrada (PB)";"Total";"5013";"738";"27";"-";"-";"59";"212";"-";"-"
"MU";"2511202";"Pedras de Fogo (PB)";"Total";"15884";"6365";"181";"65";"-";"217";"2602";"-";"26"
"MU";"2511301";"Piancó (PB)";"Total";"12799";"1221";"26";"15";"-";"193";"261";"-";"-"
"MU";"2511400";"Picuí (PB)";"Total";"12476";"2187";"17";"5";"-";"368";"850";"-";"11"
"MU";"2511509";"Pilar (PB)";"Total";"7562";"2008";"4";"6";"-";"158";"722";"-";"-"
"MU";"2511608";"Pilões (PB)";"Total";"4855";"611";"3";"8";"-";"67";"211";"-";"-"
"MU";"2511707";"Pilõezinhos (PB)";"Total";"4252";"154";"-";"5";"-";"7";"54";"-";"-"
"MU";"2511806";"Pirpirituba (PB)";"Total";"6745";"848";"31";"23";"10";"103";"256";"-";"-"
"MU";"2511905";"Pitimbu (PB)";"Total";"6041";"5214";"31";"33";"-";"172";"2546";"-";"26"
"MU";"2512002";"Pocinhos (PB)";"Total";"11903";"2130";"6";"-";"-";"183";"658";"5";"7"
"MU";"2512036";"Poço Dantas (PB)";"Total";"2813";"452";"5";"2";"-";"2";"46";"-";"-"
"MU";"2512077";"Poço de José de Moura (PB)";"Total";"3087";"386";"-";"-";"-";"31";"60";"-";"-"
"MU";"2512101";"Pombal (PB)";"Total";"23766";"3693";"78";"7";"-";"371";"515";"9";"26"
"MU";"2512200";"Prata (PB)";"Total";"2624";"542";"3";"8";"-";"58";"202";"-";"11"
"MU";"2512309";"Princesa Isabel (PB)";"Total";"16227";"1621";"18";"22";"-";"135";"268";"-";"-"
"MU";"2512408";"Puxinanã (PB)";"Total";"9450";"1996";"50";"54";"17";"61";"500";"-";"-"
"MU";"2512507";"Queimadas (PB)";"Total";"28468";"8785";"89";"104";"-";"989";"2017";"-";"35"
"MU";"2512606";"Quixaba (PB)";"Total";"1295";"172";"-";"-";"-";"30";"18";"-";"-"
"MU";"2512705";"Remígio (PB)";"Total";"12672";"1851";"57";"41";"-";"314";"374";"-";"11"
"MU";"2512721";"Pedro Régis (PB)";"Total";"3923";"568";"35";"14";"-";"26";"402";"-";"-"
"MU";"2512747";"Riachão (PB)";"Total";"2222";"250";"-";"3";"-";"14";"23";"-";"-"
"MU";"2512754";"Riachão do Bacamarte (PB)";"Total";"3118";"639";"4";"38";"-";"79";"208";"-";"2"
"MU";"2512762";"Riachão do Poço (PB)";"Total";"3300";"637";"-";"2";"-";"52";"43";"-";"-"
"MU";"2512788";"Riacho de Santo Antônio (PB)";"Total";"1361";"203";"2";"-";"-";"49";"52";"-";"-"
"MU";"2512804";"Riacho dos Cavalos (PB)";"Total";"5832";"998";"-";"-";"-";"421";"156";"-";"-"
"MU";"2512903";"Rio Tinto (PB)";"Total";"14103";"4813";"51";"70";"26";"723";"1113";"-";"19"
"MU";"2513000";"Salgadinho (PB)";"Total";"2473";"388";"-";"-";"-";"23";"52";"-";"-"
"MU";"2513109";"Salgado de São Félix (PB)";"Total";"8327";"1405";"5";"25";"3";"52";"230";"-";"-"
"MU";"2513158";"Santa Cecília (PB)";"Total";"5689";"657";"11";"-";"-";"36";"144";"3";"-"
"MU";"2513208";"Santa Cruz (PB)";"Total";"4907";"306";"7";"-";"-";"15";"24";"-";"3"
"MU";"2513307";"Santa Helena (PB)";"Total";"4489";"652";"8";"-";"-";"23";"45";"-";"-"
"MU";"2513356";"Santa Inês (PB)";"Total";"2581";"184";"5";"-";"-";"6";"15";"4";"-"
"MU";"2513406";"Santa Luzia (PB)";"Total";"10795";"1365";"113";"6";"-";"299";"452";"-";"25"
"MU";"2513505";"Santana de Mangueira (PB)";"Total";"3746";"518";"3";"11";"-";"7";"89";"-";"-"
"MU";"2513604";"Santana dos Garrotes (PB)";"Total";"5177";"514";"-";"-";"-";"23";"67";"-";"-"
"MU";"2513653";"Joca Claudino (PB)";"Total";"1949";"255";"-";"-";"-";"6";"32";"-";"-"
"MU";"2513703";"Santa Rita (PB)";"Total";"55216";"43460";"187";"428";"9";"8268";"19139";"-";"74"
"MU";"2513802";"Santa Teresinha (PB)";"Total";"3518";"263";"4";"-";"-";"36";"67";"-";"-"
"MU";"2513851";"Santo André (PB)";"Total";"2199";"112";"4";"5";"-";"15";"14";"-";"-"
"MU";"2513901";"São Bento (PB)";"Total";"21476";"4198";"50";"10";"-";"1304";"1043";"-";"-"
"MU";"2513927";"São Bentinho (PB)";"Total";"3347";"373";"6";"-";"-";"35";"7";"-";"-"
"MU";"2513943";"São Domingos do Cariri (PB)";"Total";"1972";"234";"-";"-";"-";"3";"25";"-";"-"
"MU";"2513968";"São Domingos (PB)";"Total";"2041";"172";"-";"-";"-";"55";"32";"-";"-"
"MU";"2513984";"São Francisco (PB)";"Total";"2496";"219";"-";"6";"-";"17";"28";"-";"-"
"MU";"2514008";"São João do Cariri (PB)";"Total";"3021";"426";"-";"-";"-";"6";"211";"11";"-"
"MU";"2514107";"São João do Tigre (PB)";"Total";"3292";"223";"6";"-";"-";"30";"155";"-";"4"
"MU";"2514206";"São José da Lagoa Tapada (PB)";"Total";"5419";"738";"5";"-";"-";"56";"48";"5";"-"
"MU";"2514305";"São José de Caiana (PB)";"Total";"3586";"693";"-";"-";"-";"6";"40";"-";"-"
"MU";"2514404";"São José de Espinharas (PB)";"Total";"3122";"389";"8";"6";"-";"50";"36";"-";"-"
"MU";"2514453";"São José dos Ramos (PB)";"Total";"4110";"647";"-";"3";"-";"32";"206";"-";"3"
"MU";"2514503";"São José de Piranhas (PB)";"Total";"13334";"2262";"-";"26";"-";"325";"516";"27";"83"
"MU";"2514552";"São José de Princesa (PB)";"Total";"2723";"224";"-";"-";"-";"32";"-";"-";"-"
"MU";"2514602";"São José do Bonfim (PB)";"Total";"2271";"441";"21";"-";"-";"-";"51";"-";"-"
"MU";"2514651";"São José do Brejo do Cruz (PB)";"Total";"1086";"226";"-";"4";"-";"-";"166";"-";"2"
"MU";"2514701";"São José do Sabugi (PB)";"Total";"2876";"481";"12";"21";"-";"75";"205";"-";"-"
"MU";"2514800";"São José dos Cordeiros (PB)";"Total";"2712";"261";"-";"3";"-";"4";"21";"-";"-"
"MU";"2514909";"São Mamede (PB)";"Total";"5510";"910";"9";"6";"-";"56";"124";"-";"-"
"MU";"2515005";"São Miguel de Taipu (PB)";"Total";"4146";"1420";"7";"27";"-";"73";"384";"-";"-"
"MU";"2515104";"São Sebastião de Lagoa de Roça (PB)";"Total";"7690";"1327";"58";"43";"-";"209";"211";"-";"-"
"MU";"2515203";"São Sebastião do Umbuzeiro (PB)";"Total";"2526";"215";"10";"-";"-";"-";"67";"-";"-"
"MU";"2515302";"Sapé (PB)";"Total";"31409";"7910";"65";"63";"-";"1160";"3122";"-";"102"
"MU";"2515401";"São Vicente do Seridó (PB)";"Total";"7068";"1389";"-";"11";"-";"95";"213";"-";"-"
"MU";"2515500";"Serra Branca (PB)";"Total";"10156";"1321";"77";"30";"-";"159";"195";"7";"22"
"MU";"2515609";"Serra da Raiz (PB)";"Total";"2223";"294";"11";"41";"-";"20";"75";"-";"-"
"MU";"2515708";"Serra Grande (PB)";"Total";"1935";"494";"2";"-";"-";"13";"62";"-";"-"
"MU";"2515807";"Serra Redonda (PB)";"Total";"5121";"643";"-";"8";"-";"55";"116";"-";"-"
"MU";"2515906";"Serraria (PB)";"Total";"3729";"304";"2";"-";"-";"18";"154";"-";"-"
"MU";"2515930";"Sertãozinho (PB)";"Total";"3660";"563";"-";"7";"-";"37";"76";"-";"-"
"MU";"2515971";"Sobrado (PB)";"Total";"5721";"1089";"-";"10";"-";"63";"145";"-";"-"
"MU";"2516003";"Solânea (PB)";"Total";"19149";"3066";"10";"20";"-";"518";"647";"-";"-"
"MU";"2516102";"Soledade (PB)";"Total";"9849";"1481";"17";"17";"-";"238";"393";"-";"-"
"MU";"2516151";"Sossêgo (PB)";"Total";"2062";"584";"-";"-";"-";"16";"212";"-";"-"
"MU";"2516201";"Sousa (PB)";"Total";"46356";"8942";"194";"211";"-";"1014";"1898";"-";"49"
"MU";"2516300";"Sumé (PB)";"Total";"12735";"1583";"125";"87";"-";"112";"359";"-";"8"
"MU";"2516409";"Tacima (PB)";"Total";"5625";"1091";"12";"-";"-";"27";"244";"-";"-"
"MU";"2516508";"Taperoá (PB)";"Total";"10687";"948";"7";"5";"-";"146";"219";"-";"-"
"MU";"2516607";"Tavares (PB)";"Total";"11182";"704";"-";"8";"-";"69";"189";"-";"-"
"MU";"2516706";"Teixeira (PB)";"Total";"9952";"1803";"29";"-";"-";"86";"564";"-";"-"
"MU";"2516755";"Tenório (PB)";"Total";"2183";"352";"-";"-";"-";"11";"7";"-";"-"
"MU";"2516805";"Triunfo (PB)";"Total";"7427";"876";"-";"8";"-";"112";"211";"-";"-"
"MU";"2516904";"Uiraúna (PB)";"Total";"11096";"1402";"16";"3";"-";"108";"447";"-";"6"
"MU";"2517001";"Umbuzeiro (PB)";"Total";"6895";"813";"-";"12";"-";"39";"74";"-";"24"
"MU";"2517100";"Várzea (PB)";"Total";"1903";"364";"14";"-";"-";"26";"75";"-";"-"
"MU";"2517209";"Vieirópolis (PB)";"Total";"3826";"429";"-";"-";"-";"24";"59";"-";"-"
"MU";"2517407";"Zabelê (PB)";"Total";"1615";"251";"2";"10";"-";"9";"29";"-";"-"
"MU";"2600054";"Abreu e Lima (PE)";"Total";"28712";"37667";"875";"481";"32";"3454";"12564";"7";"1856"
"MU";"2600104";"Afogados da Ingazeira (PE)";"Total";"27610";"4553";"184";"51";"10";"629";"1700";"23";"9"
"MU";"2600203";"Afrânio (PE)";"Total";"14123";"1575";"-";"15";"7";"135";"249";"-";"-"
"MU";"2600302";"Agrestina (PE)";"Total";"15001";"4108";"-";"53";"-";"484";"899";"-";"-"
"MU";"2600401";"Água Preta (PE)";"Total";"9641";"7908";"23";"9";"-";"245";"4619";"-";"137"
"MU";"2600500";"Águas Belas (PE)";"Total";"27739";"3341";"190";"60";"2343";"305";"698";"-";"19"
"MU";"2600609";"Alagoinha (PE)";"Total";"9592";"1297";"50";"53";"-";"161";"497";"8";"40"
"MU";"2600708";"Aliança (PE)";"Total";"19070";"9032";"78";"34";"-";"217";"2386";"-";"70"
"MU";"2600807";"Altinho (PE)";"Total";"15653";"1778";"68";"21";"-";"157";"359";"-";"24"
"MU";"2600906";"Amaraji (PE)";"Total";"6609";"6074";"25";"46";"-";"709";"2119";"-";"25"
"MU";"2601003";"Angelim (PE)";"Total";"6781";"1559";"7";"-";"-";"126";"305";"11";"-"
"MU";"2601052";"Araçoiaba (PE)";"Total";"6041";"5978";"39";"35";"4";"334";"3293";"-";"502"
"MU";"2601102";"Araripina (PE)";"Total";"59243";"9197";"184";"52";"-";"820";"1815";"-";"131"
"MU";"2601201";"Arcoverde (PE)";"Total";"48717";"10679";"829";"314";"82";"1555";"4194";"-";"193"
"MU";"2601300";"Barra de Guabiraba (PE)";"Total";"7145";"2429";"-";"3";"-";"190";"689";"-";"-"
"MU";"2601409";"Barreiros (PE)";"Total";"10691";"15905";"11";"66";"-";"679";"6272";"-";"64"
"MU";"2601508";"Belém de Maria (PE)";"Total";"6405";"1931";"-";"-";"-";"92";"484";"-";"23"
"MU";"2601607";"Belém do São Francisco (PE)";"Total";"13276";"1544";"46";"-";"-";"213";"525";"-";"17"
"MU";"2601706";"Belo Jardim (PE)";"Total";"48691";"12530";"133";"330";"-";"1172";"4981";"11";"193"
"MU";"2601805";"Betânia (PE)";"Total";"7823";"1425";"29";"6";"-";"98";"203";"-";"20"
"MU";"2601904";"Bezerros (PE)";"Total";"41081";"7391";"567";"163";"-";"1185";"3501";"38";"55"
"MU";"2602001";"Bodocó (PE)";"Total";"25531";"2429";"21";"-";"-";"246";"1145";"-";"-"
"MU";"2602100";"Bom Conselho (PE)";"Total";"31587";"4313";"107";"43";"8";"603";"1232";"31";"41"
"MU";"2602209";"Bom Jardim (PE)";"Total";"28579";"3311";"118";"34";"-";"240";"547";"-";"-"
"MU";"2602308";"Bonito (PE)";"Total";"22447";"6573";"163";"32";"-";"916";"1779";"-";"24"
"MU";"2602407";"Brejão (PE)";"Total";"6127";"1204";"12";"-";"-";"60";"279";"-";"-"
"MU";"2602506";"Brejinho (PE)";"Total";"5584";"722";"30";"6";"-";"117";"244";"-";"10"
"MU";"2602605";"Brejo da Madre de Deus (PE)";"Total";"30259";"7156";"43";"47";"-";"956";"2520";"-";"39"
"MU";"2602704";"Buenos Aires (PE)";"Total";"8188";"1806";"22";"5";"-";"97";"819";"-";"93"
"MU";"2602803";"Buíque (PE)";"Total";"35869";"5757";"38";"102";"12";"341";"1532";"73";"72"
"MU";"2602902";"Cabo de Santo Agostinho (PE)";"Total";"49466";"76822";"1161";"551";"20";"8988";"38585";"14";"55"
"MU";"2603009";"Cabrobó (PE)";"Total";"18792";"4543";"49";"19";"450";"572";"886";"21";"269"
"MU";"2603108";"Cachoeirinha (PE)";"Total";"14769";"1452";"-";"24";"-";"161";"722";"-";"-"
"MU";"2603207";"Caetés (PE)";"Total";"21868";"1492";"12";"8";"-";"138";"716";"-";"-"
"MU";"2603306";"Calçado (PE)";"Total";"8848";"507";"12";"-";"-";"30";"175";"-";"-"
"MU";"2603405";"Calumbi (PE)";"Total";"3527";"866";"10";"21";"-";"20";"64";"-";"-"
"MU";"2603454";"Camaragibe (PE)";"Total";"55864";"44664";"1540";"765";"26";"6458";"19505";"74";"320"
"MU";"2603504";"Camocim de São Félix (PE)";"Total";"11830";"2334";"147";"20";"-";"203";"520";"-";"5"
"MU";"2603603";"Camutanga (PE)";"Total";"4748";"1519";"17";"17";"3";"57";"315";"-";"3"
"MU";"2603702";"Canhotinho (PE)";"Total";"15924";"3598";"23";"29";"-";"439";"848";"10";"-"
"MU";"2603801";"Capoeiras (PE)";"Total";"13621";"1508";"-";"-";"-";"236";"255";"38";"-"
"MU";"2603900";"Carnaíba (PE)";"Total";"13504";"1959";"20";"-";"-";"87";"496";"-";"50"
"MU";"2603926";"Carnaubeira da Penha (PE)";"Total";"8668";"1055";"-";"-";"40";"46";"276";"20";"101"
"MU";"2604007";"Carpina (PE)";"Total";"35918";"23287";"380";"181";"1";"2619";"6663";"5";"61"
"MU";"2604106";"Caruaru (PE)";"Total";"189696";"82248";"3678";"1791";"59";"16308";"31664";"43";"181"
"MU";"2604155";"Casinhas (PE)";"Total";"9825";"1126";"8";"-";"-";"117";"101";"-";"-"
"MU";"2604205";"Catende (PE)";"Total";"15504";"7733";"107";"31";"-";"604";"3371";"-";"75"
"MU";"2604304";"Cedro (PE)";"Total";"7852";"721";"5";"5";"-";"78";"246";"5";"10"
"MU";"2604403";"Chã de Alegria (PE)";"Total";"6954";"2563";"-";"90";"-";"293";"968";"-";"-"
"MU";"2604502";"Chã Grande (PE)";"Total";"13254";"2838";"42";"61";"-";"351";"1185";"-";"61"
"MU";"2604601";"Condado (PE)";"Total";"13534";"5137";"89";"84";"-";"190";"1951";"-";"-"
"MU";"2604700";"Correntes (PE)";"Total";"12639";"1441";"47";"63";"-";"75";"183";"-";"29"
"MU";"2604809";"Cortês (PE)";"Total";"4446";"2943";"-";"-";"-";"31";"1330";"-";"25"
"MU";"2604908";"Cumaru (PE)";"Total";"12028";"1513";"16";"9";"-";"116";"274";"-";"-"
"MU";"2605004";"Cupira (PE)";"Total";"13277";"4998";"96";"-";"-";"721";"956";"-";"46"
"MU";"2605103";"Custódia (PE)";"Total";"26974";"3649";"33";"-";"-";"577";"987";"-";"-"
"MU";"2605152";"Dormentes (PE)";"Total";"12894";"1611";"6";"10";"-";"43";"240";"-";"-"
"MU";"2605202";"Escada (PE)";"Total";"19547";"21563";"135";"85";"-";"2507";"7397";"11";"275"
"MU";"2605301";"Exu (PE)";"Total";"22842";"2799";"48";"89";"-";"211";"1264";"-";"39"
"MU";"2605400";"Feira Nova (PE)";"Total";"11638";"5600";"21";"44";"-";"207";"896";"33";"-"
"MU";"2605459";"Fernando de Noronha (PE)";"Total";"1272";"749";"96";"9";"-";"111";"594";"15";"-"
"MU";"2605509";"Ferreiros (PE)";"Total";"10232";"2142";"45";"55";"-";"187";"403";"4";"-"
"MU";"2605608";"Flores (PE)";"Total";"14515";"2251";"19";"-";"-";"150";"755";"-";"-"
"MU";"2605707";"Floresta (PE)";"Total";"19837";"3163";"29";"72";"814";"319";"1153";"82";"28"
"MU";"2605806";"Frei Miguelinho (PE)";"Total";"10923";"916";"42";"10";"-";"60";"131";"-";"6"
"MU";"2605905";"Gameleira (PE)";"Total";"5993";"7101";"65";"12";"-";"280";"1889";"-";"42"
"MU";"2606002";"Garanhuns (PE)";"Total";"84905";"25756";"1089";"297";"-";"3556";"6615";"72";"176"
"MU";"2606101";"Glória do Goitá (PE)";"Total";"19451";"4135";"88";"21";"14";"345";"920";"-";"61"
"MU";"2606200";"Goiana (PE)";"Total";"33386";"24992";"444";"405";"4";"2037";"8079";"9";"74"
"MU";"2606309";"Granito (PE)";"Total";"5414";"475";"-";"-";"-";"3";"121";"-";"-"
"MU";"2606408";"Gravatá (PE)";"Total";"51719";"13863";"1238";"374";"27";"2874";"4933";"-";"202"
"MU";"2606507";"Iati (PE)";"Total";"12415";"1622";"57";"10";"-";"204";"247";"-";"-"
"MU";"2606606";"Ibimirim (PE)";"Total";"18346";"2558";"32";"93";"141";"175";"966";"-";"67"
"MU";"2606705";"Ibirajuba (PE)";"Total";"5345";"627";"6";"2";"-";"72";"125";"-";"-"
"MU";"2606804";"Igarassu (PE)";"Total";"40083";"42382";"572";"491";"30";"3519";"11709";"37";"43"
"MU";"2606903";"Iguaracy (PE)";"Total";"7996";"1269";"42";"-";"-";"156";"220";"-";"-"
"MU";"2607000";"Inajá (PE)";"Total";"17610";"1687";"118";"23";"443";"151";"618";"-";"21"
"MU";"2607109";"Ingazeira (PE)";"Total";"3738";"240";"-";"-";"-";"24";"99";"-";"4"
"MU";"2607208";"Ipojuca (PE)";"Total";"28918";"36793";"1286";"156";"63";"4315";"11773";"24";"92"
"MU";"2607307";"Ipubi (PE)";"Total";"18485";"3135";"-";"35";"-";"1528";"774";"-";"54"
"MU";"2607406";"Itacuruba (PE)";"Total";"2694";"484";"5";"-";"164";"74";"209";"-";"-"
"MU";"2607505";"Itaíba (PE)";"Total";"25601";"1796";"147";"48";"-";"283";"387";"-";"-"
"MU";"2607604";"Ilha de Itamaracá (PE)";"Total";"10572";"6062";"246";"42";"-";"1489";"2874";"-";"10"
"MU";"2607653";"Itambé (PE)";"Total";"19300";"6830";"51";"200";"-";"1459";"1940";"-";"-"
"MU";"2607703";"Itapetim (PE)";"Total";"9956";"1327";"19";"-";"-";"194";"584";"-";"9"
"MU";"2607752";"Itapissuma (PE)";"Total";"7616";"8033";"16";"92";"-";"3006";"5269";"-";"42"
"MU";"2607802";"Itaquitinga (PE)";"Total";"6016";"4766";"11";"11";"-";"474";"2915";"-";"60"
"MU";"2607901";"Jaboatão dos Guararapes (PE)";"Total";"225409";"203366";"7937";"3156";"205";"36351";"83359";"61";"267"
"MU";"2607950";"Jaqueira (PE)";"Total";"5911";"2181";"-";"-";"-";"184";"446";"-";"-"
"MU";"2608008";"Jataúba (PE)";"Total";"11158";"1776";"39";"35";"-";"191";"252";"-";"51"
"MU";"2608057";"Jatobá (PE)";"Total";"8360";"1640";"13";"17";"914";"164";"657";"43";"5"
"MU";"2608107";"João Alfredo (PE)";"Total";"21816";"1669";"54";"20";"-";"259";"409";"-";"27"
"MU";"2608206";"Joaquim Nabuco (PE)";"Total";"5231";"4424";"-";"3";"-";"180";"1331";"-";"65"
"MU";"2608255";"Jucati (PE)";"Total";"8184";"1434";"5";"5";"4";"30";"186";"6";"-"
"MU";"2608305";"Jupi (PE)";"Total";"10910";"1377";"-";"9";"-";"198";"335";"-";"9"
"MU";"2608404";"Jurema (PE)";"Total";"9759";"1466";"30";"19";"-";"184";"196";"-";"5"
"MU";"2608453";"Lagoa do Carro (PE)";"Total";"9724";"3935";"49";"77";"-";"394";"1292";"-";"12"
"MU";"2608503";"Lagoa de Itaenga (PE)";"Total";"11855";"3157";"15";"29";"-";"342";"858";"-";"12"
"MU";"2608602";"Lagoa do Ouro (PE)";"Total";"8439";"1507";"25";"13";"-";"118";"212";"-";"16"
"MU";"2608701";"Lagoa dos Gatos (PE)";"Total";"9641";"1938";"12";"6";"-";"46";"397";"-";"-"
"MU";"2608750";"Lagoa Grande (PE)";"Total";"13389";"4633";"32";"10";"-";"206";"1685";"-";"24"
"MU";"2608800";"Lajedo (PE)";"Total";"28142";"4504";"83";"23";"-";"254";"591";"-";"25"
"MU";"2608909";"Limoeiro (PE)";"Total";"35452";"8437";"1193";"225";"-";"1882";"2591";"-";"97"
"MU";"2609006";"Macaparana (PE)";"Total";"16288";"3516";"4";"10";"-";"221";"578";"-";"12"
"MU";"2609105";"Machados (PE)";"Total";"7879";"1217";"39";"-";"-";"139";"354";"-";"11"
"MU";"2609154";"Manari (PE)";"Total";"18615";"832";"21";"-";"-";"79";"355";"-";"19"
"MU";"2609204";"Maraial (PE)";"Total";"5042";"1823";"12";"4";"-";"76";"915";"-";"12"
"MU";"2609303";"Mirandiba (PE)";"Total";"8884";"1568";"20";"-";"-";"250";"1129";"-";"-"
"MU";"2609402";"Moreno (PE)";"Total";"18301";"19843";"247";"52";"-";"2640";"6863";"12";"23"
"MU";"2609501";"Nazaré da Mata (PE)";"Total";"16206";"7700";"222";"84";"-";"490";"1856";"-";"142"
"MU";"2609600";"Olinda (PE)";"Total";"143544";"88134";"10647";"3543";"100";"14245";"47256";"108";"428"
"MU";"2609709";"Orobó (PE)";"Total";"16337";"2113";"31";"-";"-";"261";"148";"-";"12"
"MU";"2609808";"Orocó (PE)";"Total";"9168";"1615";"7";"-";"73";"120";"289";"-";"-"
"MU";"2609907";"Ouricuri (PE)";"Total";"44715";"6609";"156";"48";"-";"995";"2694";"16";"47"
"MU";"2610004";"Palmares (PE)";"Total";"21391";"18138";"189";"117";"-";"1394";"6235";"26";"-"
"MU";"2610103";"Palmeirina (PE)";"Total";"5081";"764";"4";"-";"-";"90";"115";"-";"-"
"MU";"2610202";"Panelas (PE)";"Total";"17329";"1644";"5";"-";"-";"153";"415";"-";"16"
"MU";"2610301";"Paranatama (PE)";"Total";"8687";"1439";"6";"-";"-";"51";"325";"-";"7"
"MU";"2610400";"Parnamirim (PE)";"Total";"14235";"1283";"34";"-";"-";"161";"401";"-";"-"
"MU";"2610509";"Passira (PE)";"Total";"18881";"4449";"24";"81";"-";"301";"965";"-";"38"
"MU";"2610608";"Paudalho (PE)";"Total";"22410";"16669";"655";"148";"-";"949";"7236";"-";"87"
"MU";"2610707";"Paulista (PE)";"Total";"124105";"99155";"8023";"3313";"49";"18887";"45070";"42";"457"
"MU";"2610806";"Pedra (PE)";"Total";"16264";"2283";"13";"79";"-";"166";"625";"6";"-"
"MU";"2610905";"Pesqueira (PE)";"Total";"45267";"5074";"337";"227";"484";"629";"1853";"39";"55"
"MU";"2611002";"Petrolândia (PE)";"Total";"21236";"4354";"42";"44";"13";"497";"2383";"48";"11"
"MU";"2611101";"Petrolina (PE)";"Total";"200951";"72391";"2583";"1112";"11";"13601";"34846";"143";"245"
"MU";"2611200";"Poção (PE)";"Total";"8085";"631";"25";"24";"10";"95";"225";"-";"7"
"MU";"2611309";"Pombos (PE)";"Total";"14657";"7074";"45";"19";"-";"417";"1447";"-";"41"
"MU";"2611408";"Primavera (PE)";"Total";"5599";"4006";"4";"6";"-";"229";"2003";"-";"15"
"MU";"2611507";"Quipapá (PE)";"Total";"12573";"1991";"86";"-";"-";"173";"459";"-";"9"
"MU";"2611533";"Quixaba (PE)";"Total";"4591";"945";"-";"-";"3";"19";"77";"-";"-"
"MU";"2611606";"Recife (PE)";"Total";"624870";"365938";"40716";"11526";"171";"73343";"195523";"528";"1578"
"MU";"2611705";"Riacho das Almas (PE)";"Total";"15084";"2008";"8";"-";"-";"319";"467";"-";"64"
"MU";"2611804";"Ribeirão (PE)";"Total";"10993";"13400";"131";"83";"-";"494";"3854";"-";"19"
"MU";"2611903";"Rio Formoso (PE)";"Total";"3793";"8878";"21";"24";"-";"528";"3474";"-";"61"
"MU";"2612000";"Sairé (PE)";"Total";"7653";"1490";"24";"3";"17";"99";"379";"-";"6"
"MU";"2612109";"Salgadinho (PE)";"Total";"4283";"612";"16";"-";"-";"12";"146";"-";"-"
"MU";"2612208";"Salgueiro (PE)";"Total";"42105";"7232";"215";"127";"10";"917";"2268";"133";"8"
"MU";"2612307";"Saloá (PE)";"Total";"9863";"1662";"4";"9";"-";"59";"285";"-";"12"
"MU";"2612406";"Sanharó (PE)";"Total";"12832";"1803";"57";"30";"-";"85";"1124";"-";"18"
"MU";"2612455";"Santa Cruz (PE)";"Total";"10724";"1017";"5";"12";"-";"53";"142";"-";"6"
"MU";"2612471";"Santa Cruz da Baixa Verde (PE)";"Total";"8359";"938";"31";"23";"-";"135";"309";"9";"10"
"MU";"2612505";"Santa Cruz do Capibaribe (PE)";"Total";"47445";"22273";"276";"315";"-";"3616";"9117";"25";"293"
"MU";"2612554";"Santa Filomena (PE)";"Total";"9028";"1256";"-";"4";"-";"12";"193";"8";"-"
"MU";"2612604";"Santa Maria da Boa Vista (PE)";"Total";"25729";"6273";"56";"36";"-";"296";"1303";"27";"29"
"MU";"2612703";"Santa Maria do Cambucá (PE)";"Total";"10206";"1489";"10";"-";"-";"85";"233";"-";"9"
"MU";"2612802";"Santa Terezinha (PE)";"Total";"7026";"1496";"13";"5";"-";"71";"155";"-";"-"
"MU";"2612901";"São Benedito do Sul (PE)";"Total";"8371";"2032";"-";"-";"-";"187";"331";"-";"-"
"MU";"2613008";"São Bento do Una (PE)";"Total";"35230";"4049";"84";"82";"-";"1097";"1111";"7";"45"
"MU";"2613107";"São Caitano (PE)";"Total";"24826";"3945";"55";"95";"-";"562";"2337";"-";"9"
"MU";"2613206";"São João (PE)";"Total";"16511";"3035";"21";"-";"-";"123";"484";"-";"-"
"MU";"2613305";"São Joaquim do Monte (PE)";"Total";"13058";"2910";"-";"62";"-";"98";"959";"8";"-"
"MU";"2613404";"São José da Coroa Grande (PE)";"Total";"5539";"7951";"61";"22";"-";"184";"1878";"-";"69"
"MU";"2613503";"São José do Belmonte (PE)";"Total";"24793";"3838";"17";"-";"-";"204";"846";"9";"-"
"MU";"2613602";"São José do Egito (PE)";"Total";"23195";"2659";"34";"10";"-";"411";"654";"-";"-"
"MU";"2613701";"São Lourenço da Mata (PE)";"Total";"40782";"33099";"928";"572";"-";"4893";"15758";"17";"11"
"MU";"2613800";"São Vicente Férrer (PE)";"Total";"10578";"2693";"19";"8";"7";"114";"847";"-";"5"
"MU";"2613909";"Serra Talhada (PE)";"Total";"54314";"13575";"726";"259";"11";"2911";"6785";"32";"78"
"MU";"2614006";"Serrita (PE)";"Total";"14002";"1279";"-";"-";"-";"51";"191";"-";"12"
"MU";"2614105";"Sertânia (PE)";"Total";"23950";"2885";"106";"7";"-";"600";"890";"-";"-"
"MU";"2614204";"Sirinhaém (PE)";"Total";"7383";"16214";"33";"10";"-";"740";"7334";"-";"-"
"MU";"2614303";"Moreilândia (PE)";"Total";"7950";"883";"-";"-";"-";"44";"239";"-";"-"
"MU";"2614402";"Solidão (PE)";"Total";"3992";"323";"6";"4";"-";"23";"64";"-";"-"
"MU";"2614501";"Surubim (PE)";"Total";"44039";"8674";"324";"45";"10";"836";"1809";"-";"32"
"MU";"2614600";"Tabira (PE)";"Total";"20200";"2320";"2";"32";"-";"340";"746";"-";"-"
"MU";"2614709";"Tacaimbó (PE)";"Total";"10054";"1354";"58";"5";"-";"109";"395";"-";"12"
"MU";"2614808";"Tacaratu (PE)";"Total";"16656";"2046";"67";"-";"380";"94";"770";"26";"-"
"MU";"2614857";"Tamandaré (PE)";"Total";"6424";"8694";"139";"70";"-";"243";"4074";"-";"26"
"MU";"2615003";"Taquaritinga do Norte (PE)";"Total";"16576";"3193";"9";"34";"-";"371";"1066";"-";"19"
"MU";"2615102";"Terezinha (PE)";"Total";"4609";"717";"14";"-";"-";"39";"156";"-";"8"
"MU";"2615201";"Terra Nova (PE)";"Total";"6246";"813";"7";"170";"14";"105";"410";"-";"-"
"MU";"2615300";"Timbaúba (PE)";"Total";"28057";"7543";"513";"125";"10";"598";"3356";"19";"24"
"MU";"2615409";"Toritama (PE)";"Total";"19910";"8737";"17";"124";"-";"650";"4795";"-";"126"
"MU";"2615508";"Tracunhaém (PE)";"Total";"5908";"3667";"49";"42";"-";"208";"2004";"-";"15"
"MU";"2615607";"Trindade (PE)";"Total";"19769";"3705";"43";"171";"-";"292";"1206";"-";"27"
"MU";"2615706";"Triunfo (PE)";"Total";"11155";"1131";"50";"5";"-";"196";"417";"5";"-"
"MU";"2615805";"Tupanatinga (PE)";"Total";"19483";"1949";"26";"42";"249";"139";"783";"10";"-"
"MU";"2615904";"Tuparetama (PE)";"Total";"5393";"1091";"70";"5";"-";"48";"324";"-";"34"
"MU";"2616001";"Venturosa (PE)";"Total";"11482";"2350";"70";"25";"-";"147";"718";"-";"-"
"MU";"2616100";"Verdejante (PE)";"Total";"6605";"904";"9";"-";"-";"98";"229";"-";"-"
"MU";"2616183";"Vertente do Lério (PE)";"Total";"5652";"733";"8";"10";"-";"55";"100";"8";"2"
"MU";"2616209";"Vertentes (PE)";"Total";"15165";"2754";"131";"83";"-";"218";"537";"-";"16"
"MU";"2616308";"Vicência (PE)";"Total";"15620";"5588";"8";"35";"-";"123";"1329";"-";"13"
"MU";"2616407";"Vitória de Santo Antão (PE)";"Total";"65841";"33322";"773";"470";"-";"3350";"12539";"70";"156"
"MU";"2616506";"Xexéu (PE)";"Total";"4440";"3870";"-";"-";"-";"87";"1444";"-";"6"
"MU";"2700102";"Água Branca (AL)";"Total";"14857";"937";"9";"-";"-";"49";"264";"-";"-"
"MU";"2700201";"Anadia (AL)";"Total";"9979";"1536";"12";"10";"-";"199";"258";"-";"-"
"MU";"2700300";"Arapiraca (AL)";"Total";"137939";"44140";"1099";"506";"32";"4688";"11141";"362";"195"
"MU";"2700409";"Atalaia (AL)";"Total";"18779";"6878";"110";"174";"18";"263";"5240";"-";"12"
"MU";"2700508";"Barra de Santo Antônio (AL)";"Total";"5364";"4612";"23";"2";"-";"499";"3074";"-";"-"
"MU";"2700607";"Barra de São Miguel (AL)";"Total";"4001";"1728";"72";"42";"-";"120";"659";"-";"-"
"MU";"2700706";"Batalha (AL)";"Total";"10965";"1910";"-";"4";"-";"137";"765";"-";"6"
"MU";"2700805";"Belém (AL)";"Total";"3311";"599";"-";"-";"-";"72";"84";"-";"-"
"MU";"2700904";"Belo Monte (AL)";"Total";"4434";"464";"3";"4";"-";"5";"74";"-";"-"
"MU";"2701001";"Boca da Mata (AL)";"Total";"12461";"3835";"19";"58";"-";"614";"1226";"21";"11"
"MU";"2701100";"Branquinha (AL)";"Total";"5342";"1440";"-";"5";"-";"37";"1149";"-";"-"
"MU";"2701209";"Cacimbinhas (AL)";"Total";"7772";"952";"-";"6";"-";"46";"185";"-";"4"
"MU";"2701308";"Cajueiro (AL)";"Total";"8939";"2148";"9";"335";"-";"137";"1796";"9";"-"
"MU";"2701357";"Campestre (AL)";"Total";"2474";"2317";"6";"3";"-";"18";"802";"-";"3"
"MU";"2701407";"Campo Alegre (AL)";"Total";"15191";"7600";"60";"17";"-";"366";"3935";"-";"98"
"MU";"2701506";"Campo Grande (AL)";"Total";"5768";"959";"-";"4";"2";"61";"175";"-";"9"
"MU";"2701605";"Canapi (AL)";"Total";"10947";"1087";"-";"-";"-";"429";"493";"-";"33"
"MU";"2701704";"Capela (AL)";"Total";"8137";"2555";"21";"50";"-";"184";"1818";"-";"21"
"MU";"2701803";"Carneiros (AL)";"Total";"6805";"417";"-";"12";"-";"14";"190";"-";"12"
"MU";"2701902";"Chã Preta (AL)";"Total";"4375";"554";"-";"-";"-";"16";"51";"-";"-"
"MU";"2702009";"Coité do Nóia (AL)";"Total";"6444";"686";"-";"7";"-";"1995";"113";"-";"-"
"MU";"2702108";"Colônia Leopoldina (AL)";"Total";"8290";"3399";"-";"-";"-";"201";"1356";"-";"2"
"MU";"2702207";"Coqueiro Seco (AL)";"Total";"3261";"1013";"13";"13";"-";"27";"468";"-";"10"
"MU";"2702306";"Coruripe (AL)";"Total";"25970";"11042";"93";"141";"-";"1079";"4097";"-";"22"
"MU";"2702355";"Craíbas (AL)";"Total";"18223";"1813";"11";"-";"-";"44";"1097";"-";"-"
"MU";"2702405";"Delmiro Gouveia (AL)";"Total";"32310";"7418";"287";"121";"-";"920";"2509";"-";"-"
"MU";"2702504";"Dois Riachos (AL)";"Total";"7491";"662";"15";"-";"-";"40";"171";"-";"-"
"MU";"2702553";"Estrela de Alagoas (AL)";"Total";"12342";"916";"-";"17";"-";"73";"128";"-";"12"
"MU";"2702603";"Feira Grande (AL)";"Total";"16692";"1893";"31";"10";"154";"104";"281";"-";"67"
"MU";"2702702";"Feliz Deserto (AL)";"Total";"2557";"439";"3";"27";"-";"102";"199";"-";"-"
"MU";"2702801";"Flexeiras (AL)";"Total";"4733";"1853";"16";"13";"-";"149";"1298";"-";"39"
"MU";"2702900";"Girau do Ponciano (AL)";"Total";"26174";"2895";"12";"45";"11";"392";"819";"11";"51"
"MU";"2703007";"Ibateguara (AL)";"Total";"8183";"2288";"-";"5";"-";"111";"851";"-";"28"
"MU";"2703106";"Igaci (AL)";"Total";"18272";"1798";"16";"19";"-";"158";"291";"-";"-"
"MU";"2703205";"Igreja Nova (AL)";"Total";"14998";"1873";"20";"-";"-";"151";"1097";"-";"-"
"MU";"2703304";"Inhapi (AL)";"Total";"11345";"934";"5";"15";"32";"116";"116";"25";"-"
"MU";"2703403";"Jacaré dos Homens (AL)";"Total";"3812";"353";"-";"8";"-";"13";"89";"-";"-"
"MU";"2703502";"Jacuípe (AL)";"Total";"2498";"1571";"-";"-";"-";"23";"497";"-";"-"
"MU";"2703601";"Japaratinga (AL)";"Total";"3684";"2586";"5";"8";"-";"230";"1080";"-";"53"
"MU";"2703700";"Jaramataia (AL)";"Total";"3305";"635";"-";"-";"-";"17";"230";"-";"-"
"MU";"2703759";"Jequiá da Praia (AL)";"Total";"4631";"2197";"16";"16";"-";"204";"881";"-";"14"
"MU";"2703809";"Joaquim Gomes (AL)";"Total";"7661";"3872";"19";"44";"104";"536";"1924";"-";"10"
"MU";"2703908";"Jundiá (AL)";"Total";"1952";"1016";"-";"-";"-";"24";"461";"-";"-"
"MU";"2704005";"Junqueiro (AL)";"Total";"15150";"3732";"20";"41";"-";"302";"873";"-";"10"
"MU";"2704104";"Lagoa da Canoa (AL)";"Total";"12288";"2372";"5";"19";"-";"140";"713";"-";"5"
"MU";"2704203";"Limoeiro de Anadia (AL)";"Total";"16360";"3476";"30";"21";"-";"72";"936";"-";"9"
"MU";"2704302";"Maceió (AL)";"Total";"431109";"248044";"12494";"6137";"160";"28695";"101828";"348";"1268"
"MU";"2704401";"Major Isidoro (AL)";"Total";"12295";"1936";"-";"53";"-";"142";"730";"-";"-"
"MU";"2704500";"Maragogi (AL)";"Total";"8899";"11476";"142";"16";"-";"471";"5824";"-";"-"
"MU";"2704609";"Maravilha (AL)";"Total";"6624";"852";"-";"-";"-";"111";"506";"-";"-"
"MU";"2704708";"Marechal Deodoro (AL)";"Total";"29767";"11854";"793";"280";"-";"2425";"6099";"2";"33"
"MU";"2704807";"Maribondo (AL)";"Total";"9877";"1036";"-";"41";"-";"131";"563";"-";"9"
"MU";"2704906";"Mar Vermelho (AL)";"Total";"2579";"144";"-";"-";"-";"12";"47";"-";"-"
"MU";"2705002";"Mata Grande (AL)";"Total";"16602";"1295";"34";"35";"-";"124";"284";"-";"-"
"MU";"2705101";"Matriz de Camaragibe (AL)";"Total";"7402";"8127";"-";"70";"30";"194";"4151";"-";"108"
"MU";"2705200";"Messias (AL)";"Total";"6732";"3818";"9";"33";"4";"106";"2190";"-";"8"
"MU";"2705309";"Minador do Negrão (AL)";"Total";"3733";"446";"-";"-";"-";"3";"15";"-";"-"
"MU";"2705408";"Monteirópolis (AL)";"Total";"5758";"173";"-";"-";"-";"36";"53";"-";"3"
"MU";"2705507";"Murici (AL)";"Total";"12214";"4840";"45";"43";"-";"448";"3182";"-";"11"
"MU";"2705606";"Novo Lino (AL)";"Total";"4590";"3291";"4";"10";"3";"172";"334";"12";"33"
"MU";"2705705";"Olho d'Água das Flores (AL)";"Total";"15243";"1355";"48";"31";"-";"160";"554";"-";"-"
"MU";"2705804";"Olho d'Água do Casado (AL)";"Total";"5692";"841";"31";"4";"-";"115";"261";"-";"-"
"MU";"2705903";"Olho d'Água Grande (AL)";"Total";"3239";"395";"2";"-";"-";"-";"8";"-";"-"
"MU";"2706000";"Olivença (AL)";"Total";"8197";"712";"5";"9";"-";"27";"95";"-";"10"
"MU";"2706109";"Ouro Branco (AL)";"Total";"8110";"1262";"-";"6";"-";"43";"311";"-";"-"
"MU";"2706208";"Palestina (AL)";"Total";"3116";"449";"-";"3";"-";"2";"111";"3";"1"
"MU";"2706307";"Palmeira dos Índios (AL)";"Total";"48369";"8400";"83";"56";"416";"543";"2476";"38";"1108"
"MU";"2706406";"Pão de Açúcar (AL)";"Total";"16203";"2763";"48";"7";"-";"117";"886";"18";"-"
"MU";"2706422";"Pariconha (AL)";"Total";"8099";"449";"-";"5";"11";"23";"411";"-";"37"
"MU";"2706448";"Paripueira (AL)";"Total";"5402";"3683";"120";"43";"-";"383";"1980";"-";"13"
"MU";"2706505";"Passo de Camaragibe (AL)";"Total";"5069";"3986";"5";"5";"-";"41";"2435";"-";"14"
"MU";"2706604";"Paulo Jacinto (AL)";"Total";"4822";"559";"15";"45";"-";"67";"151";"-";"3"
"MU";"2706703";"Penedo (AL)";"Total";"37887";"8644";"275";"399";"16";"584";"1935";"16";"63"
"MU";"2706802";"Piaçabuçu (AL)";"Total";"10298";"1753";"10";"59";"-";"212";"975";"6";"6"
"MU";"2706901";"Pilar (AL)";"Total";"19054";"5766";"43";"120";"-";"892";"3764";"-";"22"
"MU";"2707008";"Pindoba (AL)";"Total";"1922";"284";"-";"5";"-";"-";"156";"-";"-"
"MU";"2707107";"Piranhas (AL)";"Total";"15182";"1840";"29";"46";"-";"615";"1109";"12";"61"
"MU";"2707206";"Poço das Trincheiras (AL)";"Total";"9419";"872";"6";"-";"-";"30";"239";"-";"-"
"MU";"2707305";"Porto Calvo (AL)";"Total";"8500";"8584";"11";"10";"-";"146";"3074";"-";"6"
"MU";"2707404";"Porto de Pedras (AL)";"Total";"4358";"2229";"6";"-";"-";"66";"1028";"-";"-"
"MU";"2707503";"Porto Real do Colégio (AL)";"Total";"13174";"1557";"4";"-";"1619";"106";"437";"-";"69"
"MU";"2707602";"Quebrangulo (AL)";"Total";"7717";"1249";"10";"56";"-";"20";"230";"-";"6"
"MU";"2707701";"Rio Largo (AL)";"Total";"36540";"28976";"144";"255";"-";"2770";"10373";"11";"101"
"MU";"2707800";"Roteiro (AL)";"Total";"1509";"2007";"2";"26";"-";"46";"1710";"6";"-"
"MU";"2707909";"Santa Luzia do Norte (AL)";"Total";"3257";"1584";"7";"5";"-";"262";"687";"-";"-"
"MU";"2708006";"Santana do Ipanema (AL)";"Total";"34175";"3001";"81";"28";"-";"441";"1082";"4";"42"
"MU";"2708105";"Santana do Mundaú (AL)";"Total";"8165";"806";"11";"11";"-";"102";"462";"-";"10"
"MU";"2708204";"São Brás (AL)";"Total";"4197";"854";"11";"2";"13";"9";"473";"2";"11"
"MU";"2708303";"São José da Laje (AL)";"Total";"11864";"3551";"20";"45";"-";"492";"1417";"-";"-"
"MU";"2708402";"São José da Tapera (AL)";"Total";"22468";"2030";"35";"21";"-";"175";"553";"32";"17"
"MU";"2708501";"São Luís do Quitunde (AL)";"Total";"13000";"7944";"24";"37";"-";"428";"4073";"27";"7"
"MU";"2708600";"São Miguel dos Campos (AL)";"Total";"21813";"15011";"120";"177";"-";"1196";"5978";"10";"42"
"MU";"2708709";"São Miguel dos Milagres (AL)";"Total";"3760";"2128";"34";"6";"-";"239";"957";"-";"4"
"MU";"2708808";"São Sebastião (AL)";"Total";"20602";"4478";"35";"56";"367";"289";"1161";"-";"-"
"MU";"2708907";"Satuba (AL)";"Total";"10417";"6722";"126";"29";"-";"545";"2598";"-";"15"
"MU";"2708956";"Senador Rui Palmeira (AL)";"Total";"9679";"531";"15";"-";"-";"37";"59";"-";"-"
"MU";"2709004";"Tanque d'Arca (AL)";"Total";"4348";"419";"-";"12";"-";"71";"184";"-";"-"
"MU";"2709103";"Taquarana (AL)";"Total";"12806";"2181";"73";"49";"-";"151";"913";"-";"-"
"MU";"2709152";"Teotônio Vilela (AL)";"Total";"19666";"7814";"32";"121";"-";"482";"4013";"-";"59"
"MU";"2709202";"Traipu (AL)";"Total";"16739";"2394";"-";"-";"67";"73";"647";"-";"-"
"MU";"2709301";"União dos Palmares (AL)";"Total";"33367";"9967";"120";"163";"-";"1023";"5180";"-";"88"
"MU";"2709400";"Viçosa (AL)";"Total";"16526";"2588";"68";"106";"-";"180";"947";"-";"13"
"MU";"2800100";"Amparo do São Francisco (SE)";"Total";"1460";"269";"5";"3";"-";"20";"59";"-";"28"
"MU";"2800209";"Aquidabã (SE)";"Total";"13670";"2157";"31";"137";"9";"485";"968";"-";"59"
"MU";"2800308";"Aracaju (SE)";"Total";"319602";"107875";"14846";"7393";"27";"21844";"56848";"201";"616"
"MU";"2800407";"Arauá (SE)";"Total";"6703";"1182";"21";"3";"-";"358";"667";"-";"-"
"MU";"2800506";"Areia Branca (SE)";"Total";"10804";"2300";"92";"171";"5";"138";"2068";"4";"-"
"MU";"2800605";"Barra dos Coqueiros (SE)";"Total";"20699";"8272";"870";"608";"1";"1633";"3202";"-";"48"
"MU";"2800670";"Boquim (SE)";"Total";"16418";"3606";"78";"-";"-";"239";"1202";"-";"9"
"MU";"2800704";"Brejo Grande (SE)";"Total";"4909";"791";"1";"45";"-";"58";"637";"-";"-"
"MU";"2801009";"Campo do Brito (SE)";"Total";"12243";"1712";"95";"185";"-";"233";"1272";"-";"6"
"MU";"2801108";"Canhoba (SE)";"Total";"2462";"362";"11";"5";"-";"27";"339";"-";"4"
"MU";"2801207";"Canindé de São Francisco (SE)";"Total";"15264";"4640";"29";"147";"-";"242";"1752";"-";"27"
"MU";"2801306";"Capela (SE)";"Total";"18558";"4374";"50";"252";"-";"460";"3036";"-";"60"
"MU";"2801405";"Carira (SE)";"Total";"13973";"2474";"9";"8";"-";"135";"659";"-";"-"
"MU";"2801504";"Carmópolis (SE)";"Total";"7357";"2405";"35";"131";"-";"242";"1466";"-";"24"
"MU";"2801603";"Cedro de São João (SE)";"Total";"3385";"987";"13";"-";"-";"48";"264";"-";"-"
"MU";"2801702";"Cristinápolis (SE)";"Total";"10555";"2356";"47";"36";"-";"282";"1093";"-";"21"
"MU";"2801900";"Cumbe (SE)";"Total";"2035";"623";"12";"25";"-";"96";"463";"-";"70"
"MU";"2802007";"Divina Pastora (SE)";"Total";"2464";"553";"3";"16";"-";"37";"590";"-";"-"
"MU";"2802106";"Estância (SE)";"Total";"34100";"12827";"207";"256";"-";"2039";"6158";"14";"158"
"MU";"2802205";"Feira Nova (SE)";"Total";"3713";"859";"-";"3";"-";"37";"449";"-";"-"
"MU";"2802304";"Frei Paulo (SE)";"Total";"10344";"1558";"61";"24";"-";"109";"375";"-";"19"
"MU";"2802403";"Gararu (SE)";"Total";"8330";"853";"-";"-";"-";"53";"337";"-";"-"
"MU";"2802502";"General Maynard (SE)";"Total";"1817";"480";"-";"22";"-";"37";"250";"-";"-"
"MU";"2802601";"Graccho Cardoso (SE)";"Total";"4101";"573";"14";"-";"-";"14";"379";"-";"-"
"MU";"2802700";"Ilha das Flores (SE)";"Total";"4811";"1222";"5";"15";"-";"105";"793";"-";"-"
"MU";"2802809";"Indiaroba (SE)";"Total";"9493";"2970";"-";"13";"-";"153";"1089";"25";"20"
"MU";"2802908";"Itabaiana (SE)";"Total";"72407";"9220";"747";"283";"-";"1495";"5527";"21";"42"
"MU";"2803005";"Itabaianinha (SE)";"Total";"25808";"5432";"126";"23";"-";"818";"2468";"-";"51"
"MU";"2803104";"Itabi (SE)";"Total";"3291";"394";"30";"-";"-";"63";"322";"3";"32"
"MU";"2803203";"Itaporanga d'Ajuda (SE)";"Total";"17571";"7092";"224";"179";"-";"620";"3506";"-";"39"
"MU";"2803302";"Japaratuba (SE)";"Total";"9894";"2091";"38";"177";"5";"338";"1294";"-";"48"
"MU";"2803401";"Japoatã (SE)";"Total";"7552";"2052";"12";"32";"-";"185";"1437";"21";"21"
"MU";"2803500";"Lagarto (SE)";"Total";"66487";"13308";"336";"252";"1";"1442";"5958";"9";"75"
"MU";"2803609";"Laranjeiras (SE)";"Total";"11565";"5100";"30";"128";"-";"390";"3060";"-";"18"
"MU";"2803708";"Macambira (SE)";"Total";"4962";"471";"14";"29";"-";"40";"428";"9";"-"
"MU";"2803807";"Malhada dos Bois (SE)";"Total";"1840";"686";"9";"-";"-";"45";"412";"-";"-"
"MU";"2803906";"Malhador (SE)";"Total";"6568";"1664";"49";"9";"-";"260";"1352";"-";"-"
"MU";"2804003";"Maruim (SE)";"Total";"8287";"2787";"23";"42";"-";"528";"1563";"43";"29"
"MU";"2804102";"Moita Bonita (SE)";"Total";"8782";"542";"31";"10";"-";"99";"316";"5";"9"
"MU";"2804201";"Monte Alegre de Sergipe (SE)";"Total";"8444";"2204";"10";"-";"-";"183";"1205";"-";"7"
"MU";"2804300";"Muribeca (SE)";"Total";"4429";"1265";"5";"-";"-";"161";"787";"-";"2"
"MU";"2804409";"Neópolis (SE)";"Total";"10617";"2341";"9";"43";"-";"214";"724";"32";"11"
"MU";"2804458";"Nossa Senhora Aparecida (SE)";"Total";"6724";"1091";"18";"15";"-";"48";"182";"-";"23"
"MU";"2804508";"Nossa Senhora da Glória (SE)";"Total";"28732";"3687";"164";"99";"-";"343";"2059";"-";"18"
"MU";"2804607";"Nossa Senhora das Dores (SE)";"Total";"15991";"3206";"68";"58";"-";"475";"1872";"-";"11"
"MU";"2804706";"Nossa Senhora de Lourdes (SE)";"Total";"4604";"439";"29";"8";"-";"66";"307";"3";"-"
"MU";"2804805";"Nossa Senhora do Socorro (SE)";"Total";"89222";"44455";"978";"1540";"11";"6756";"19223";"12";"118"
"MU";"2804904";"Pacatuba (SE)";"Total";"8212";"1483";"6";"18";"-";"96";"557";"-";"25"
"MU";"2805000";"Pedra Mole (SE)";"Total";"1412";"264";"-";"9";"-";"134";"564";"-";"4"
"MU";"2805109";"Pedrinhas (SE)";"Total";"4882";"978";"6";"6";"-";"200";"367";"-";"10"
"MU";"2805208";"Pinhão (SE)";"Total";"3760";"617";"6";"28";"-";"60";"458";"-";"-"
"MU";"2805307";"Pirambu (SE)";"Total";"5036";"1118";"61";"105";"-";"89";"261";"-";"30"
"MU";"2805406";"Poço Redondo (SE)";"Total";"23526";"3190";"10";"20";"-";"99";"866";"-";"30"
"MU";"2805505";"Poço Verde (SE)";"Total";"16351";"1482";"63";"55";"-";"156";"973";"-";"-"
"MU";"2805604";"Porto da Folha (SE)";"Total";"20446";"1561";"41";"3";"35";"134";"328";"-";"206"
"MU";"2805703";"Propriá (SE)";"Total";"14903";"4517";"193";"66";"-";"1243";"1883";"-";"20"
"MU";"2805802";"Riachão do Dantas (SE)";"Total";"14397";"1156";"-";"5";"-";"92";"393";"-";"11"
"MU";"2805901";"Riachuelo (SE)";"Total";"4523";"1456";"40";"183";"-";"55";"1046";"-";"28"
"MU";"2806008";"Ribeirópolis (SE)";"Total";"12974";"1056";"62";"30";"7";"227";"701";"-";"15"
"MU";"2806107";"Rosário do Catete (SE)";"Total";"5282";"1548";"14";"43";"-";"175";"772";"-";"16"
"MU";"2806206";"Salgado (SE)";"Total";"13538";"2802";"80";"38";"18";"340";"683";"-";"10"
"MU";"2806305";"Santa Luzia do Itanhy (SE)";"Total";"7807";"1971";"12";"42";"2";"223";"1374";"-";"72"
"MU";"2806404";"Santana do São Francisco (SE)";"Total";"3695";"1307";"-";"-";"-";"137";"947";"19";"4"
"MU";"2806503";"Santa Rosa de Lima (SE)";"Total";"2267";"448";"2";"14";"-";"35";"561";"-";"-"
"MU";"2806602";"Santo Amaro das Brotas (SE)";"Total";"6194";"1749";"39";"62";"-";"459";"934";"-";"22"
"MU";"2806701";"São Cristóvão (SE)";"Total";"47863";"20685";"872";"961";"21";"2913";"8651";"37";"124"
"MU";"2806800";"São Domingos (SE)";"Total";"7357";"901";"4";"37";"-";"77";"571";"-";"4"
"MU";"2806909";"São Francisco (SE)";"Total";"1742";"629";"10";"3";"-";"73";"321";"-";"-"
"MU";"2807006";"São Miguel do Aleixo (SE)";"Total";"2438";"342";"-";"-";"-";"20";"193";"-";"-"
"MU";"2807105";"Simão Dias (SE)";"Total";"29218";"4783";"138";"84";"-";"666";"1876";"-";"51"
"MU";"2807204";"Siriri (SE)";"Total";"4737";"1045";"7";"22";"-";"71";"781";"-";"15"
"MU";"2807303";"Telha (SE)";"Total";"2027";"440";"11";"-";"-";"153";"106";"-";"28"
"MU";"2807402";"Tobias Barreto (SE)";"Total";"32551";"6915";"121";"172";"-";"756";"4103";"-";"61"
"MU";"2807501";"Tomar do Geru (SE)";"Total";"6888";"2000";"6";"67";"-";"230";"1107";"-";"12"
"MU";"2807600";"Umbaúba (SE)";"Total";"13725";"3815";"17";"194";"-";"789";"1727";"-";"-"
"MU";"2900108";"Abaíra (BA)";"Total";"4860";"1228";"38";"28";"-";"139";"309";"-";"7"
"MU";"2900207";"Abaré (BA)";"Total";"10908";"2344";"-";"18";"227";"189";"1083";"6";"10"
"MU";"2900306";"Acajutiba (BA)";"Total";"8279";"1954";"28";"176";"-";"265";"1267";"-";"-"
"MU";"2900355";"Adustina (BA)";"Total";"11055";"635";"17";"34";"-";"147";"637";"-";"4"
"MU";"2900405";"Água Fria (BA)";"Total";"8082";"2432";"25";"43";"-";"453";"1619";"-";"-"
"MU";"2900504";"Érico Cardoso (BA)";"Total";"7976";"1029";"17";"-";"-";"86";"203";"139";"-"
"MU";"2900603";"Aiquara (BA)";"Total";"2196";"996";"-";"25";"-";"129";"536";"-";"1"
"MU";"2900702";"Alagoinhas (BA)";"Total";"61125";"35801";"1945";"1692";"10";"7242";"23168";"60";"274"
"MU";"2900801";"Alcobaça (BA)";"Total";"13187";"5553";"23";"41";"-";"663";"1323";"-";"27"
"MU";"2900900";"Almadina (BA)";"Total";"2430";"1183";"9";"102";"-";"91";"759";"-";"-"
"MU";"2901007";"Amargosa (BA)";"Total";"20558";"6259";"187";"311";"-";"1033";"3409";"55";"65"
"MU";"2901106";"Amélia Rodrigues (BA)";"Total";"11007";"5284";"157";"166";"17";"1312";"3215";"9";"14"
"MU";"2901155";"América Dourada (BA)";"Total";"9240";"2112";"13";"34";"-";"267";"1275";"10";"7"
"MU";"2901205";"Anagé (BA)";"Total";"19360";"2259";"36";"20";"-";"176";"661";"-";"31"
"MU";"2901304";"Andaraí (BA)";"Total";"7274";"2000";"25";"56";"-";"334";"1619";"-";"-"
"MU";"2901353";"Andorinha (BA)";"Total";"10748";"1430";"59";"105";"-";"151";"639";"-";"15"
"MU";"2901403";"Angical (BA)";"Total";"9514";"1831";"64";"-";"-";"87";"329";"-";"-"
"MU";"2901502";"Anguera (BA)";"Total";"6786";"2160";"15";"26";"-";"179";"563";"-";"4"
"MU";"2901601";"Antas (BA)";"Total";"10981";"1014";"16";"64";"-";"145";"429";"-";"40"
"MU";"2901700";"Antônio Cardoso (BA)";"Total";"7602";"1548";"-";"-";"-";"160";"295";"-";"-"
"MU";"2901809";"Antônio Gonçalves (BA)";"Total";"5733";"1807";"24";"4";"-";"215";"1620";"9";"16"
"MU";"2901908";"Aporá (BA)";"Total";"10283";"2026";"6";"37";"-";"344";"1179";"-";"-"
"MU";"2901957";"Apuarema (BA)";"Total";"3258";"1873";"-";"44";"-";"77";"655";"74";"-"
"MU";"2902005";"Aracatu (BA)";"Total";"10164";"1582";"10";"-";"-";"237";"272";"-";"-"
"MU";"2902054";"Araçás (BA)";"Total";"6002";"1846";"15";"29";"-";"397";"1598";"31";"-"
"MU";"2902104";"Araci (BA)";"Total";"29615";"4996";"185";"347";"28";"1320";"5050";"7";"16"
"MU";"2902203";"Aramari (BA)";"Total";"5327";"1647";"71";"159";"-";"272";"1049";"-";"-"
"MU";"2902252";"Arataca (BA)";"Total";"3582";"1914";"-";"153";"-";"646";"2495";"-";"-"
"MU";"2902302";"Aratuípe (BA)";"Total";"3604";"1684";"121";"137";"-";"243";"1626";"-";"-"
"MU";"2902401";"Aurelino Leal (BA)";"Total";"4844";"2679";"14";"42";"-";"366";"1550";"-";"-"
"MU";"2902500";"Baianópolis (BA)";"Total";"9067";"2227";"-";"12";"-";"93";"296";"-";"5"
"MU";"2902609";"Baixa Grande (BA)";"Total";"12170";"2693";"99";"24";"-";"190";"794";"-";"110"
"MU";"2902658";"Banzaê (BA)";"Total";"6929";"859";"30";"25";"1283";"54";"1038";"-";"53"
"MU";"2902708";"Barra (BA)";"Total";"33258";"7049";"217";"28";"-";"245";"1604";"-";"5"
"MU";"2902807";"Barra da Estiva (BA)";"Total";"16668";"3511";"80";"145";"-";"324";"1589";"-";"10"
"MU";"2902906";"Barra do Choça (BA)";"Total";"20526";"6497";"101";"153";"-";"523";"3327";"-";"11"
"MU";"2903003";"Barra do Mendes (BA)";"Total";"8310";"1369";"542";"151";"-";"214";"1567";"-";"-"
"MU";"2903102";"Barra do Rocha (BA)";"Total";"2542";"1381";"3";"18";"-";"70";"1017";"-";"-"
"MU";"2903201";"Barreiras (BA)";"Total";"80067";"35003";"2248";"814";"21";"4404";"13553";"31";"191"
"MU";"2903235";"Barro Alto (BA)";"Total";"9337";"1688";"51";"25";"-";"142";"526";"-";"5"
"MU";"2903276";"Barrocas (BA)";"Total";"10565";"2068";"10";"18";"-";"148";"329";"-";"-"
"MU";"2903300";"Barro Preto (BA)";"Total";"2599";"1054";"13";"57";"-";"160";"1241";"7";"3"
"MU";"2903409";"Belmonte (BA)";"Total";"7900";"5158";"21";"273";"-";"392";"3254";"47";"61"
"MU";"2903508";"Belo Campo (BA)";"Total";"11899";"2938";"42";"123";"4";"152";"908";"-";"26"
"MU";"2903607";"Biritinga (BA)";"Total";"9802";"1680";"4";"101";"2";"446";"1098";"-";"13"
"MU";"2903706";"Boa Nova (BA)";"Total";"9303";"1774";"26";"34";"-";"193";"593";"9";"6"
"MU";"2903805";"Boa Vista do Tupim (BA)";"Total";"10742";"2383";"26";"74";"11";"186";"1151";"-";"52"
"MU";"2903904";"Bom Jesus da Lapa (BA)";"Total";"39246";"12139";"154";"316";"-";"978";"2589";"-";"11"
"MU";"2903953";"Bom Jesus da Serra (BA)";"Total";"7106";"1128";"19";"50";"-";"98";"127";"-";"-"
"MU";"2904001";"Boninal (BA)";"Total";"7942";"2543";"15";"11";"-";"119";"1097";"6";"-"
"MU";"2904050";"Bonito (BA)";"Total";"9205";"2258";"47";"9";"-";"305";"1405";"-";"42"
"MU";"2904100";"Boquira (BA)";"Total";"15273";"1217";"-";"71";"-";"123";"128";"-";"-"
"MU";"2904209";"Botuporã (BA)";"Total";"9099";"528";"-";"-";"-";"52";"25";"-";"-"
"MU";"2904308";"Brejões (BA)";"Total";"7664";"2080";"13";"19";"-";"221";"1337";"-";"-"
"MU";"2904407";"Brejolândia (BA)";"Total";"6455";"1245";"-";"-";"-";"73";"213";"-";"-"
"MU";"2904506";"Brotas de Macaúbas (BA)";"Total";"8754";"846";"28";"71";"-";"92";"445";"28";"10"
"MU";"2904605";"Brumado (BA)";"Total";"44349";"10887";"838";"395";"-";"2264";"3040";"12";"64"
"MU";"2904704";"Buerarema (BA)";"Total";"7250";"2970";"99";"212";"47";"341";"1981";"21";"27"
"MU";"2904753";"Buritirama (BA)";"Total";"12262";"3549";"13";"-";"-";"178";"484";"22";"-"
"MU";"2904803";"Caatiba (BA)";"Total";"3293";"1267";"6";"-";"-";"445";"484";"-";"3"
"MU";"2904852";"Cabaceiras do Paraguaçu (BA)";"Total";"10982";"1901";"3";"5";"-";"208";"1037";"-";"-"
"MU";"2904902";"Cachoeira (BA)";"Total";"11742";"7632";"273";"929";"12";"903";"4024";"-";"31"
"MU";"2905008";"Caculé (BA)";"Total";"15916";"2005";"116";"88";"-";"1117";"359";"-";"-"
"MU";"2905107";"Caém (BA)";"Total";"6417";"1503";"50";"65";"-";"139";"790";"-";"14"
"MU";"2905156";"Caetanos (BA)";"Total";"8390";"1183";"6";"6";"-";"116";"221";"-";"21"
"MU";"2905206";"Caetité (BA)";"Total";"37617";"5577";"230";"39";"-";"864";"1174";"-";"17"
"MU";"2905305";"Cafarnaum (BA)";"Total";"8314";"3982";"19";"45";"-";"325";"2231";"-";"12"
"MU";"2905404";"Cairu (BA)";"Total";"6882";"3515";"124";"162";"-";"645";"3575";"30";"47"
"MU";"2905503";"Caldeirão Grande (BA)";"Total";"5988";"1642";"4";"69";"-";"133";"3297";"-";"50"
"MU";"2905602";"Camacan (BA)";"Total";"8846";"6160";"76";"-";"4";"538";"3535";"8";"254"
"MU";"2905701";"Camaçari (BA)";"Total";"85926";"82738";"3021";"3555";"22";"25541";"56568";"174";"366"
"MU";"2905800";"Camamu (BA)";"Total";"10591";"8853";"52";"73";"-";"986";"4834";"-";"37"
"MU";"2905909";"Campo Alegre de Lourdes (BA)";"Total";"19924";"5005";"-";"-";"-";"271";"498";"-";"-"
"MU";"2906006";"Campo Formoso (BA)";"Total";"44143";"11867";"178";"90";"-";"1412";"3277";"60";"21"
"MU";"2906105";"Canápolis (BA)";"Total";"7569";"858";"-";"34";"-";"24";"269";"-";"26"
"MU";"2906204";"Canarana (BA)";"Total";"14194";"4286";"77";"51";"-";"113";"1997";"-";"59"
"MU";"2906303";"Canavieiras (BA)";"Total";"12551";"8309";"236";"111";"-";"898";"5955";"-";"11"
"MU";"2906402";"Candeal (BA)";"Total";"4880";"1284";"-";"6";"-";"134";"528";"-";"-"
"MU";"2906501";"Candeias (BA)";"Total";"27564";"20736";"178";"450";"-";"4103";"10212";"30";"84"
"MU";"2906600";"Candiba (BA)";"Total";"8759";"2292";"-";"-";"-";"106";"398";"-";"-"
"MU";"2906709";"Cândido Sales (BA)";"Total";"13735";"6091";"49";"59";"-";"447";"1687";"-";"-"
"MU";"2906808";"Cansanção (BA)";"Total";"18398";"6825";"72";"369";"-";"2874";"3798";"-";"22"
"MU";"2906824";"Canudos (BA)";"Total";"9956";"2553";"31";"3";"-";"194";"944";"-";"5"
"MU";"2906857";"Capela do Alto Alegre (BA)";"Total";"6195";"1789";"9";"-";"-";"458";"1056";"-";"28"
"MU";"2906873";"Capim Grosso (BA)";"Total";"16727";"6729";"23";"54";"-";"1027";"3943";"-";"11"
"MU";"2906899";"Caraíbas (BA)";"Total";"7615";"905";"4";"5";"-";"83";"209";"-";"-"
"MU";"2906907";"Caravelas (BA)";"Total";"8430";"5210";"170";"124";"-";"1025";"2272";"-";"437"
"MU";"2907004";"Cardeal da Silva (BA)";"Total";"4401";"1162";"-";"19";"-";"413";"1078";"-";"-"
"MU";"2907103";"Carinhanha (BA)";"Total";"17481";"4851";"22";"16";"-";"382";"1735";"10";"-"
"MU";"2907202";"Casa Nova (BA)";"Total";"44198";"12164";"128";"45";"9";"1738";"2826";"-";"9"
"MU";"2907301";"Castro Alves (BA)";"Total";"13515";"4076";"91";"175";"-";"1649";"2136";"-";"-"
"MU";"2907400";"Catolândia (BA)";"Total";"2480";"394";"24";"-";"-";"15";"2";"-";"-"
"MU";"2907509";"Catu (BA)";"Total";"13689";"13723";"220";"239";"-";"3210";"11252";"-";"163"
"MU";"2907558";"Caturama (BA)";"Total";"7123";"588";"-";"-";"-";"46";"72";"-";"-"
"MU";"2907608";"Central (BA)";"Total";"8750";"2709";"264";"25";"-";"270";"2186";"-";"43"
"MU";"2907707";"Chorrochó (BA)";"Total";"7795";"834";"-";"-";"-";"75";"264";"-";"-"
"MU";"2907806";"Cícero Dantas (BA)";"Total";"22661";"3197";"143";"169";"-";"112";"1220";"-";"20"
"MU";"2907905";"Cipó (BA)";"Total";"7921";"4257";"45";"20";"-";"730";"1692";"-";"-"
"MU";"2908002";"Coaraci (BA)";"Total";"7639";"4043";"67";"176";"-";"453";"2810";"7";"61"
"MU";"2908101";"Cocos (BA)";"Total";"11936";"3645";"16";"13";"-";"209";"697";"-";"29"
"MU";"2908200";"Conceição da Feira (BA)";"Total";"9766";"5107";"71";"206";"-";"611";"2384";"-";"10"
"MU";"2908309";"Conceição do Almeida (BA)";"Total";"10385";"2207";"28";"63";"-";"396";"1041";"17";"-"
"MU";"2908408";"Conceição do Coité (BA)";"Total";"35875";"13883";"514";"134";"13";"1192";"6732";"7";"80"
"MU";"2908507";"Conceição do Jacuípe (BA)";"Total";"18192";"7289";"222";"301";"-";"1305";"3555";"-";"-"
"MU";"2908606";"Conde (BA)";"Total";"11650";"3993";"238";"204";"-";"558";"3276";"22";"-"
"MU";"2908705";"Condeúba (BA)";"Total";"12085";"2371";"21";"41";"-";"190";"335";"5";"23"
"MU";"2908804";"Contendas do Sincorá (BA)";"Total";"2649";"619";"-";"76";"-";"37";"431";"-";"9"
"MU";"2908903";"Coração de Maria (BA)";"Total";"17753";"3298";"57";"85";"-";"710";"1667";"-";"-"
"MU";"2909000";"Cordeiros (BA)";"Total";"5196";"1328";"-";"-";"-";"12";"153";"-";"-"
"MU";"2909109";"Coribe (BA)";"Total";"9541";"1790";"27";"3";"-";"156";"795";"-";"5"
"MU";"2909208";"Coronel João Sá (BA)";"Total";"12725";"823";"23";"6";"-";"421";"851";"-";"-"
"MU";"2909307";"Correntina (BA)";"Total";"21570";"5105";"163";"12";"-";"325";"842";"5";"-"
"MU";"2909406";"Cotegipe (BA)";"Total";"9458";"1531";"20";"-";"-";"67";"116";"-";"6"
"MU";"2909505";"Cravolândia (BA)";"Total";"2418";"919";"3";"9";"-";"107";"424";"-";"3"
"MU";"2909604";"Crisópolis (BA)";"Total";"13909";"2078";"14";"83";"-";"261";"710";"-";"-"
"MU";"2909703";"Cristópolis (BA)";"Total";"9659";"2145";"14";"6";"-";"66";"190";"-";"42"
"MU";"2909802";"Cruz das Almas (BA)";"Total";"29620";"14129";"591";"818";"-";"2112";"5835";"17";"65"
"MU";"2909901";"Curaçá (BA)";"Total";"21122";"5280";"105";"130";"22";"415";"1735";"-";"20"
"MU";"2910008";"Dário Meira (BA)";"Total";"4933";"2033";"-";"47";"16";"256";"2030";"-";"4"
"MU";"2910057";"Dias d'Ávila (BA)";"Total";"19649";"20688";"332";"901";"-";"5897";"13416";"26";"101"
"MU";"2910107";"Dom Basílio (BA)";"Total";"9828";"481";"5";"4";"-";"52";"172";"-";"-"
"MU";"2910206";"Dom Macedo Costa (BA)";"Total";"2363";"749";"37";"5";"-";"302";"433";"-";"-"
"MU";"2910305";"Elísio Medrado (BA)";"Total";"4916";"1404";"-";"-";"-";"168";"499";"-";"-"
"MU";"2910404";"Encruzilhada (BA)";"Total";"10737";"3704";"35";"116";"-";"924";"1029";"-";"4"
"MU";"2910503";"Entre Rios (BA)";"Total";"15616";"7622";"269";"195";"-";"2291";"6817";"-";"29"
"MU";"2910602";"Esplanada (BA)";"Total";"15364";"4996";"184";"161";"-";"1731";"4991";"294";"68"
"MU";"2910701";"Euclides da Cunha (BA)";"Total";"39690";"7702";"334";"359";"16";"1031";"4479";"15";"1"
"MU";"2910727";"Eunápolis (BA)";"Total";"39271";"33895";"804";"490";"-";"4823";"18026";"46";"28"
"MU";"2910750";"Fátima (BA)";"Total";"14153";"1038";"4";"21";"4";"163";"459";"-";"12"
"MU";"2910776";"Feira da Mata (BA)";"Total";"3270";"1433";"-";"-";"-";"20";"150";"-";"8"
"MU";"2910800";"Feira de Santana (BA)";"Total";"249740";"169368";"6902";"3838";"44";"31782";"71241";"1511";"362"
"MU";"2910859";"Filadélfia (BA)";"Total";"10475";"3969";"10";"41";"-";"237";"723";"-";"33"
"MU";"2910909";"Firmino Alves (BA)";"Total";"2638";"964";"3";"13";"-";"124";"510";"3";"3"
"MU";"2911006";"Floresta Azul (BA)";"Total";"5908";"1793";"4";"58";"-";"154";"1914";"-";"4"
"MU";"2911105";"Formosa do Rio Preto (BA)";"Total";"17740";"2556";"46";"43";"-";"719";"553";"-";"13"
"MU";"2911204";"Gandu (BA)";"Total";"10388";"9009";"102";"90";"-";"465";"7624";"-";"36"
"MU";"2911253";"Gavião (BA)";"Total";"2796";"614";"10";"6";"-";"35";"431";"-";"-"
"MU";"2911303";"Gentio do Ouro (BA)";"Total";"7910";"1017";"13";"-";"-";"43";"502";"-";"-"
"MU";"2911402";"Glória (BA)";"Total";"10274";"1537";"21";"4";"417";"143";"779";"-";"14"
"MU";"2911501";"Gongogi (BA)";"Total";"3078";"967";"10";"51";"-";"186";"484";"-";"2"
"MU";"2911600";"Governador Mangabeira (BA)";"Total";"12728";"2796";"97";"86";"-";"661";"1566";"-";"9"
"MU";"2911659";"Guajeru (BA)";"Total";"6404";"705";"3";"-";"-";"36";"86";"2";"3"
"MU";"2911709";"Guanambi (BA)";"Total";"48846";"18981";"695";"359";"-";"2854";"4668";"28";"64"
"MU";"2911808";"Guaratinga (BA)";"Total";"9515";"4793";"40";"37";"-";"732";"1384";"-";"63"
"MU";"2911857";"Heliópolis (BA)";"Total";"9714";"767";"6";"21";"-";"42";"411";"-";"-"
"MU";"2911907";"Iaçu (BA)";"Total";"14202";"3517";"182";"270";"12";"440";"2718";"-";"-"
"MU";"2912004";"Ibiassucê (BA)";"Total";"8468";"651";"56";"11";"-";"91";"87";"-";"53"
"MU";"2912103";"Ibicaraí (BA)";"Total";"12302";"4021";"205";"284";"-";"380";"1889";"-";"13"
"MU";"2912202";"Ibicoara (BA)";"Total";"9768";"4528";"70";"60";"-";"668";"2366";"-";"13"
"MU";"2912301";"Ibicuí (BA)";"Total";"7411";"2708";"57";"55";"-";"188";"1757";"-";"-"
"MU";"2912400";"Ibipeba (BA)";"Total";"9540";"2429";"171";"56";"20";"193";"1953";"-";"-"
"MU";"2912509";"Ibipitanga (BA)";"Total";"9697";"2127";"3";"41";"-";"287";"105";"-";"19"
"MU";"2912608";"Ibiquera (BA)";"Total";"2779";"333";"4";"2";"-";"79";"36";"-";"-"
"MU";"2912707";"Ibirapitanga (BA)";"Total";"8725";"6392";"27";"188";"-";"593";"5788";"-";"5"
"MU";"2912806";"Ibirapuã (BA)";"Total";"4456";"2381";"-";"-";"-";"114";"558";"5";"111"
"MU";"2912905";"Ibirataia (BA)";"Total";"6699";"5475";"87";"74";"-";"458";"3431";"-";"12"
"MU";"2913002";"Ibitiara (BA)";"Total";"11080";"1547";"9";"-";"-";"91";"422";"-";"-"
"MU";"2913101";"Ibititá (BA)";"Total";"10692";"2736";"115";"44";"-";"261";"748";"-";"139"
"MU";"2913200";"Ibotirama (BA)";"Total";"16489";"3718";"112";"83";"1";"614";"1341";"-";"32"
"MU";"2913309";"Ichu (BA)";"Total";"4714";"483";"27";"13";"-";"42";"140";"5";"3"
"MU";"2913408";"Igaporã (BA)";"Total";"11178";"1797";"149";"43";"-";"160";"380";"25";"-"
"MU";"2913457";"Igrapiúna (BA)";"Total";"5626";"3287";"39";"56";"-";"227";"1967";"-";"-"
"MU";"2913507";"Iguaí (BA)";"Total";"11619";"4810";"-";"69";"-";"364";"1827";"12";"16"
"MU";"2913606";"Ilhéus (BA)";"Total";"63525";"44818";"2568";"1457";"681";"10546";"32206";"147";"350"
"MU";"2913705";"Inhambupe (BA)";"Total";"19883";"4965";"68";"274";"-";"792";"3203";"-";"65"
"MU";"2913804";"Ipecaetá (BA)";"Total";"8239";"2963";"-";"32";"-";"160";"616";"-";"-"
"MU";"2913903";"Ipiaú (BA)";"Total";"17241";"10088";"419";"282";"-";"1607";"5583";"-";"146"
"MU";"2914000";"Ipirá (BA)";"Total";"37012";"7103";"124";"325";"-";"1029";"3945";"5";"103"
"MU";"2914109";"Ipupiara (BA)";"Total";"6528";"1404";"72";"18";"-";"150";"557";"-";"8"
"MU";"2914208";"Irajuba (BA)";"Total";"3923";"1132";"3";"9";"-";"132";"136";"-";"8"
"MU";"2914307";"Iramaia (BA)";"Total";"7282";"1348";"37";"50";"-";"136";"611";"-";"3"
"MU";"2914406";"Iraquara (BA)";"Total";"16845";"2492";"225";"20";"-";"125";"736";"-";"-"
"MU";"2914505";"Irará (BA)";"Total";"15975";"4493";"530";"191";"-";"959";"2365";"11";"-"
"MU";"2914604";"Irecê (BA)";"Total";"34995";"14155";"967";"440";"-";"2495";"10847";"32";"46"
"MU";"2914653";"Itabela (BA)";"Total";"11834";"7180";"-";"61";"-";"992";"3582";"-";"-"
"MU";"2914703";"Itaberaba (BA)";"Total";"33195";"12069";"470";"382";"-";"2293";"7924";"-";"24"
"MU";"2914802";"Itabuna (BA)";"Total";"71154";"51334";"2679";"1406";"60";"9799";"28172";"203";"99"
"MU";"2914901";"Itacaré (BA)";"Total";"11936";"5905";"249";"193";"10";"1164";"3860";"211";"33"
"MU";"2915007";"Itaeté (BA)";"Total";"7564";"2337";"19";"104";"-";"203";"1246";"-";"26"
"MU";"2915106";"Itagi (BA)";"Total";"7276";"2602";"47";"118";"-";"335";"1582";"7";"25"
"MU";"2915205";"Itagibá (BA)";"Total";"5674";"4455";"66";"13";"-";"250";"2759";"-";"6"
"MU";"2915304";"Itagimirim (BA)";"Total";"2516";"1585";"15";"40";"-";"179";"1067";"11";"-"
"MU";"2915353";"Itaguaçu da Bahia (BA)";"Total";"7809";"1525";"54";"46";"-";"260";"686";"-";"-"
"MU";"2915403";"Itaju do Colônia (BA)";"Total";"2720";"1097";"24";"12";"35";"61";"1163";"-";"21"
"MU";"2915502";"Itajuípe (BA)";"Total";"9701";"3844";"50";"155";"-";"750";"2031";"-";"34"
"MU";"2915601";"Itamaraju (BA)";"Total";"23805";"17341";"83";"80";"206";"1634";"7492";"6";"162"
"MU";"2915700";"Itamari (BA)";"Total";"2771";"1903";"11";"2";"-";"215";"1250";"-";"-"
"MU";"2915809";"Itambé (BA)";"Total";"15271";"4485";"37";"-";"-";"364";"1054";"-";"26"
"MU";"2915908";"Itanagra (BA)";"Total";"2609";"953";"6";"4";"-";"276";"1164";"5";"5"
"MU";"2916005";"Itanhém (BA)";"Total";"9412";"4768";"177";"5";"-";"224";"1248";"5";"15"
"MU";"2916104";"Itaparica (BA)";"Total";"6266";"4680";"222";"1089";"18";"1769";"3256";"33";"31"
"MU";"2916203";"Itapé (BA)";"Total";"5392";"1614";"15";"23";"-";"333";"1601";"-";"58"
"MU";"2916302";"Itapebi (BA)";"Total";"3596";"1993";"30";"31";"-";"153";"2047";"-";"5"
"MU";"2916401";"Itapetinga (BA)";"Total";"23423";"21398";"324";"213";"9";"2383";"9419";"39";"82"
"MU";"2916500";"Itapicuru (BA)";"Total";"20057";"3852";"29";"73";"-";"227";"3003";"-";"20"
"MU";"2916609";"Itapitanga (BA)";"Total";"4543";"1961";"27";"58";"-";"89";"1983";"-";"66"
"MU";"2916708";"Itaquara (BA)";"Total";"5240";"1339";"5";"-";"-";"201";"425";"-";"-"
"MU";"2916807";"Itarantim (BA)";"Total";"8261";"4591";"11";"15";"-";"399";"1449";"-";"93"
"MU";"2916856";"Itatim (BA)";"Total";"8770";"2910";"-";"14";"-";"725";"1021";"-";"5"
"MU";"2916906";"Itiruçu (BA)";"Total";"6279";"2354";"40";"13";"-";"226";"726";"-";"-"
"MU";"2917003";"Itiúba (BA)";"Total";"21265";"5149";"65";"52";"-";"624";"2033";"16";"25"
"MU";"2917102";"Itororó (BA)";"Total";"8628";"3555";"94";"151";"-";"404";"1667";"22";"7"
"MU";"2917201";"Ituaçu (BA)";"Total";"13086";"2042";"71";"25";"-";"206";"300";"5";"14"
"MU";"2917300";"Ituberá (BA)";"Total";"8778";"6290";"90";"129";"-";"710";"2953";"11";"37"
"MU";"2917334";"Iuiu (BA)";"Total";"7619";"1434";"-";"243";"-";"193";"132";"-";"22"
"MU";"2917359";"Jaborandi (BA)";"Total";"6625";"871";"-";"6";"-";"136";"323";"-";"18"
"MU";"2917409";"Jacaraci (BA)";"Total";"10911";"1772";"38";"-";"-";"215";"72";"-";"-"
"MU";"2917508";"Jacobina (BA)";"Total";"43050";"16029";"616";"194";"-";"2699";"8544";"93";"54"
"MU";"2917607";"Jaguaquara (BA)";"Total";"19572";"13877";"70";"113";"-";"1332";"4504";"-";"262"
"MU";"2917706";"Jaguarari (BA)";"Total";"21149";"4621";"140";"107";"-";"1480";"854";"-";"39"
"MU";"2917805";"Jaguaripe (BA)";"Total";"7450";"3506";"20";"236";"-";"897";"3357";"5";"8"
"MU";"2917904";"Jandaíra (BA)";"Total";"5452";"1364";"-";"20";"-";"296";"722";"-";"4"
"MU";"2918001";"Jequié (BA)";"Total";"59186";"50008";"896";"582";"16";"6052";"20442";"-";"293"
"MU";"2918100";"Jeremoabo (BA)";"Total";"26071";"3576";"40";"82";"-";"445";"2336";"75";"20"
"MU";"2918209";"Jiquiriçá (BA)";"Total";"8439";"2472";"12";"38";"-";"215";"802";"-";"-"
"MU";"2918308";"Jitaúna (BA)";"Total";"7162";"2766";"19";"47";"6";"486";"1984";"-";"3"
"MU";"2918357";"João Dourado (BA)";"Total";"11802";"7212";"-";"17";"-";"249";"1790";"-";"-"
"MU";"2918407";"Juazeiro (BA)";"Total";"104842";"55615";"1723";"1047";"-";"7560";"27734";"103";"228"
"MU";"2918456";"Jucuruçu (BA)";"Total";"5475";"2333";"5";"-";"-";"-";"486";"-";"23"
"MU";"2918506";"Jussara (BA)";"Total";"10541";"1140";"84";"174";"-";"450";"1733";"4";"4"
"MU";"2918555";"Jussari (BA)";"Total";"2278";"906";"20";"55";"-";"107";"1784";"-";"-"
"MU";"2918605";"Jussiape (BA)";"Total";"5569";"720";"-";"2";"-";"123";"276";"-";"5"
"MU";"2918704";"Lafaiete Coutinho (BA)";"Total";"2411";"648";"6";"-";"-";"432";"105";"-";"-"
"MU";"2918753";"Lagoa Real (BA)";"Total";"11062";"1217";"4";"-";"-";"53";"73";"-";"-"
"MU";"2918803";"Laje (BA)";"Total";"12393";"3796";"9";"93";"-";"927";"1243";"-";"10"
"MU";"2918902";"Lajedão (BA)";"Total";"2254";"807";"-";"10";"8";"145";"126";"-";"-"
"MU";"2919009";"Lajedinho (BA)";"Total";"2097";"465";"-";"7";"-";"28";"482";"-";"-"
"MU";"2919058";"Lajedo do Tabocal (BA)";"Total";"4888";"1071";"24";"12";"-";"229";"419";"-";"-"
"MU";"2919108";"Lamarão (BA)";"Total";"6219";"874";"10";"28";"-";"163";"586";"5";"6"
"MU";"2919157";"Lapão (BA)";"Total";"14886";"5051";"100";"166";"9";"427";"1391";"-";"98"
"MU";"2919207";"Lauro de Freitas (BA)";"Total";"69725";"46268";"5144";"4030";"5";"16074";"35123";"200";"335"
"MU";"2919306";"Lençóis (BA)";"Total";"4974";"1305";"229";"246";"5";"511";"1921";"6";"-"
"MU";"2919405";"Licínio de Almeida (BA)";"Total";"8524";"1541";"17";"8";"-";"154";"244";"-";"-"
"MU";"2919504";"Livramento de Nossa Senhora (BA)";"Total";"32114";"4385";"204";"293";"-";"325";"1203";"13";"14"
"MU";"2919553";"Luís Eduardo Magalhães (BA)";"Total";"46850";"29081";"882";"269";"-";"2753";"9162";"37";"-"
"MU";"2919603";"Macajuba (BA)";"Total";"7354";"1044";"58";"4";"-";"163";"477";"-";"43"
"MU";"2919702";"Macarani (BA)";"Total";"10517";"4165";"57";"45";"-";"310";"4126";"4";"39"
"MU";"2919801";"Macaúbas (BA)";"Total";"33731";"2070";"75";"75";"-";"258";"490";"-";"-"
"MU";"2919900";"Macururé (BA)";"Total";"5286";"768";"1";"-";"3";"28";"76";"-";"12"
"MU";"2919926";"Madre de Deus (BA)";"Total";"7947";"4554";"133";"174";"-";"980";"2251";"1";"76"
"MU";"2919959";"Maetinga (BA)";"Total";"4903";"805";"-";"11";"-";"105";"360";"-";"1"
"MU";"2920007";"Maiquinique (BA)";"Total";"3585";"2293";"24";"20";"-";"229";"1436";"-";"46"
"MU";"2920106";"Mairi (BA)";"Total";"11868";"2115";"16";"8";"-";"260";"1253";"-";"124"
"MU";"2920205";"Malhada (BA)";"Total";"9477";"2725";"1";"16";"-";"63";"713";"-";"33"
"MU";"2920304";"Malhada de Pedras (BA)";"Total";"5969";"1594";"18";"-";"-";"19";"40";"-";"-"
"MU";"2920403";"Manoel Vitorino (BA)";"Total";"9574";"1799";"-";"23";"-";"154";"513";"-";"27"
"MU";"2920452";"Mansidão (BA)";"Total";"10549";"1520";"20";"-";"-";"15";"54";"-";"-"
"MU";"2920502";"Maracás (BA)";"Total";"15543";"3874";"137";"236";"-";"1817";"2405";"10";"-"
"MU";"2920601";"Maragogipe (BA)";"Total";"20525";"4855";"92";"584";"-";"1755";"3845";"-";"6"
"MU";"2920700";"Maraú (BA)";"Total";"11299";"5252";"220";"62";"-";"594";"2867";"34";"17"
"MU";"2920809";"Marcionílio Souza (BA)";"Total";"6203";"1364";"16";"4";"-";"145";"311";"-";"-"
"MU";"2920908";"Mascote (BA)";"Total";"5581";"3071";"8";"16";"-";"475";"2577";"-";"49"
"MU";"2921005";"Mata de São João (BA)";"Total";"13746";"10591";"234";"354";"9";"3244";"8354";"26";"37"
"MU";"2921054";"Matina (BA)";"Total";"7477";"1193";"-";"14";"-";"210";"104";"-";"-"
"MU";"2921104";"Medeiros Neto (BA)";"Total";"11965";"4873";"-";"-";"-";"1032";"1387";"-";"37"
"MU";"2921203";"Miguel Calmon (BA)";"Total";"13913";"5438";"72";"36";"-";"606";"1376";"-";"-"
"MU";"2921302";"Milagres (BA)";"Total";"6303";"2088";"11";"16";"-";"158";"1016";"-";"-"
"MU";"2921401";"Mirangaba (BA)";"Total";"8639";"2511";"23";"57";"-";"96";"2254";"-";"15"
"MU";"2921450";"Mirante (BA)";"Total";"8082";"750";"17";"4";"-";"37";"75";"-";"12"
"MU";"2921500";"Monte Santo (BA)";"Total";"32847";"5562";"35";"124";"9";"268";"2813";"-";"24"
"MU";"2921609";"Morpará (BA)";"Total";"5120";"839";"-";"20";"-";"58";"786";"-";"-"
"MU";"2921708";"Morro do Chapéu (BA)";"Total";"18660";"5749";"424";"163";"-";"942";"2682";"7";"120"
"MU";"2921807";"Mortugaba (BA)";"Total";"8677";"984";"8";"5";"-";"87";"81";"-";"7"
"MU";"2921906";"Mucugê (BA)";"Total";"5601";"2667";"127";"42";"-";"338";"1657";"-";"-"
"MU";"2922003";"Mucuri (BA)";"Total";"13738";"12699";"280";"75";"-";"1088";"4143";"38";"12"
"MU";"2922052";"Mulungu do Morro (BA)";"Total";"8855";"1387";"-";"6";"-";"105";"719";"74";"24"
"MU";"2922102";"Mundo Novo (BA)";"Total";"11642";"2176";"99";"146";"-";"322";"664";"-";"100"
"MU";"2922201";"Muniz Ferreira (BA)";"Total";"3896";"1406";"5";"55";"-";"120";"962";"-";"-"
"MU";"2922250";"Muquém do São Francisco (BA)";"Total";"6982";"1292";"-";"9";"3";"235";"279";"-";"-"
"MU";"2922300";"Muritiba (BA)";"Total";"15971";"4282";"245";"436";"-";"1594";"2484";"48";"138"
"MU";"2922409";"Mutuípe (BA)";"Total";"12105";"3319";"27";"41";"-";"351";"1555";"-";"64"
"MU";"2922508";"Nazaré (BA)";"Total";"13634";"5617";"364";"626";"-";"838";"2688";"11";"-"
"MU";"2922607";"Nilo Peçanha (BA)";"Total";"5463";"2752";"49";"12";"-";"610";"1327";"-";"-"
"MU";"2922656";"Nordestina (BA)";"Total";"13427";"2000";"-";"29";"-";"144";"451";"-";"20"
"MU";"2922706";"Nova Canaã (BA)";"Total";"8030";"2797";"14";"22";"-";"262";"916";"5";"32"
"MU";"2922730";"Nova Fátima (BA)";"Total";"4890";"1460";"-";"6";"-";"146";"582";"-";"-"
"MU";"2922755";"Nova Ibiá (BA)";"Total";"1999";"2105";"10";"6";"-";"78";"1435";"-";"-"
"MU";"2922805";"Nova Itarana (BA)";"Total";"5548";"661";"-";"20";"-";"56";"365";"5";"5"
"MU";"2922854";"Nova Redenção (BA)";"Total";"4980";"1328";"6";"-";"-";"45";"190";"-";"-"
"MU";"2922904";"Nova Soure (BA)";"Total";"16930";"2039";"81";"97";"-";"507";"1403";"-";"62"
"MU";"2923001";"Nova Viçosa (BA)";"Total";"16388";"12487";"241";"136";"-";"768";"3325";"-";"17"
"MU";"2923035";"Novo Horizonte (BA)";"Total";"6577";"2212";"-";"10";"-";"116";"809";"-";"-"
"MU";"2923050";"Novo Triunfo (BA)";"Total";"7233";"880";"-";"-";"-";"476";"875";"-";"4"
"MU";"2923100";"Olindina (BA)";"Total";"13639";"3124";"98";"33";"-";"304";"2372";"-";"32"
"MU";"2923209";"Oliveira dos Brejinhos (BA)";"Total";"13916";"2448";"22";"12";"-";"896";"632";"-";"48"
"MU";"2923308";"Ouriçangas (BA)";"Total";"4932";"1029";"15";"63";"6";"78";"556";"5";"25"
"MU";"2923357";"Ourolândia (BA)";"Total";"10170";"3443";"9";"55";"-";"280";"2025";"109";"36"
"MU";"2923407";"Palmas de Monte Alto (BA)";"Total";"13948";"2566";"40";"-";"-";"233";"690";"81";"13"
"MU";"2923506";"Palmeiras (BA)";"Total";"5121";"1457";"303";"88";"4";"251";"1590";"4";"-"
"MU";"2923605";"Paramirim (BA)";"Total";"14880";"2489";"103";"144";"-";"247";"195";"-";"46"
"MU";"2923704";"Paratinga (BA)";"Total";"20385";"3075";"119";"124";"12";"241";"854";"-";"-"
"MU";"2923803";"Paripiranga (BA)";"Total";"20790";"1771";"30";"47";"-";"121";"667";"-";"37"
"MU";"2923902";"Pau Brasil (BA)";"Total";"3310";"2580";"12";"20";"181";"268";"1529";"-";"-"
"MU";"2924009";"Paulo Afonso (BA)";"Total";"63511";"19686";"517";"384";"38";"2667";"10407";"171";"103"
"MU";"2924058";"Pé de Serra (BA)";"Total";"8948";"1788";"4";"-";"-";"248";"593";"-";"40"
"MU";"2924108";"Pedrão (BA)";"Total";"4304";"503";"7";"86";"-";"233";"304";"-";"-"
"MU";"2924207";"Pedro Alexandre (BA)";"Total";"10125";"1003";"7";"40";"-";"19";"561";"94";"6"
"MU";"2924306";"Piatã (BA)";"Total";"12582";"3397";"176";"102";"-";"493";"708";"-";"-"
"MU";"2924405";"Pilão Arcado (BA)";"Total";"21617";"6603";"-";"55";"-";"290";"925";"-";"17"
"MU";"2924504";"Pindaí (BA)";"Total";"10434";"1996";"6";"-";"-";"330";"114";"-";"-"
"MU";"2924603";"Pindobaçu (BA)";"Total";"9083";"4949";"10";"-";"-";"177";"2227";"-";"-"
"MU";"2924652";"Pintadas (BA)";"Total";"7399";"1217";"7";"12";"-";"37";"510";"-";"-"
"MU";"2924678";"Piraí do Norte (BA)";"Total";"5991";"2449";"11";"27";"-";"299";"692";"-";"-"
"MU";"2924702";"Piripá (BA)";"Total";"6970";"964";"14";"19";"-";"15";"78";"-";"-"
"MU";"2924801";"Piritiba (BA)";"Total";"10087";"3195";"60";"73";"-";"316";"1541";"-";"80"
"MU";"2924900";"Planaltino (BA)";"Total";"5724";"808";"23";"37";"-";"145";"393";"-";"-"
"MU";"2925006";"Planalto (BA)";"Total";"15526";"3234";"13";"84";"-";"268";"1249";"9";"16"
"MU";"2925105";"Poções (BA)";"Total";"29809";"7375";"189";"240";"-";"951";"3354";"27";"81"
"MU";"2925204";"Pojuca (BA)";"Total";"11940";"8012";"195";"317";"-";"2513";"5053";"-";"59"
"MU";"2925253";"Ponto Novo (BA)";"Total";"10695";"2917";"12";"41";"-";"138";"1392";"32";"-"
"MU";"2925303";"Porto Seguro (BA)";"Total";"50729";"45217";"1693";"1077";"410";"10536";"31764";"195";"315"
"MU";"2925402";"Potiraguá (BA)";"Total";"4031";"2977";"6";"-";"-";"171";"1628";"-";"-"
"MU";"2925501";"Prado (BA)";"Total";"14099";"9076";"201";"57";"19";"1049";"4759";"1";"15"
"MU";"2925600";"Presidente Dutra (BA)";"Total";"9100";"2263";"121";"44";"-";"206";"1647";"-";"-"
"MU";"2925709";"Presidente Jânio Quadros (BA)";"Total";"8990";"1920";"19";"-";"-";"59";"175";"-";"-"
"MU";"2925758";"Presidente Tancredo Neves (BA)";"Total";"16005";"4992";"39";"72";"-";"189";"2221";"-";"47"
"MU";"2925808";"Queimadas (BA)";"Total";"16668";"3342";"269";"177";"-";"389";"1513";"-";"42"
"MU";"2925907";"Quijingue (BA)";"Total";"16078";"3549";"67";"24";"-";"76";"2227";"-";"26"
"MU";"2925931";"Quixabeira (BA)";"Total";"5192";"1793";"-";"17";"-";"54";"1270";"-";"-"
"MU";"2925956";"Rafael Jambeiro (BA)";"Total";"13860";"2502";"72";"18";"-";"193";"437";"-";"-"
"MU";"2926004";"Remanso (BA)";"Total";"25707";"7221";"55";"148";"-";"663";"1063";"-";"-"
"MU";"2926103";"Retirolândia (BA)";"Total";"7703";"2581";"23";"-";"-";"183";"1345";"-";"-"
"MU";"2926202";"Riachão das Neves (BA)";"Total";"13610";"3211";"53";"10";"-";"272";"1354";"-";"7"
"MU";"2926301";"Riachão do Jacuípe (BA)";"Total";"21917";"3704";"524";"69";"-";"1579";"1539";"5";"35"
"MU";"2926400";"Riacho de Santana (BA)";"Total";"23537";"2713";"56";"37";"-";"165";"350";"-";"11"
"MU";"2926509";"Ribeira do Amparo (BA)";"Total";"9497";"1641";"11";"-";"-";"163";"649";"-";"-"
"MU";"2926608";"Ribeira do Pombal (BA)";"Total";"31155";"6945";"439";"300";"-";"1171";"6613";"51";"278"
"MU";"2926657";"Ribeirão do Largo (BA)";"Total";"5264";"1969";"12";"34";"-";"95";"1043";"-";"-"
"MU";"2926707";"Rio de Contas (BA)";"Total";"9299";"1425";"109";"226";"-";"163";"388";"6";"82"
"MU";"2926806";"Rio do Antônio (BA)";"Total";"10185";"1381";"48";"-";"-";"90";"63";"-";"-"
"MU";"2926905";"Rio do Pires (BA)";"Total";"8091";"1018";"31";"18";"-";"28";"171";"11";"-"
"MU";"2927002";"Rio Real (BA)";"Total";"21703";"5646";"123";"43";"-";"961";"1894";"-";"-"
"MU";"2927101";"Rodelas (BA)";"Total";"5513";"1328";"11";"-";"14";"246";"1295";"22";"11"
"MU";"2927200";"Ruy Barbosa (BA)";"Total";"17372";"3369";"70";"278";"-";"1365";"1907";"60";"32"
"MU";"2927309";"Salinas da Margarida (BA)";"Total";"4848";"3545";"48";"473";"-";"1023";"3054";"-";"-"
"MU";"2927408";"Salvador (BA)";"Total";"947032";"523449";"51765";"59925";"394";"168018";"398068";"2950";"2692"
"MU";"2927507";"Santa Bárbara (BA)";"Total";"12686";"3485";"32";"171";"-";"428";"1433";"-";"48"
"MU";"2927606";"Santa Brígida (BA)";"Total";"10837";"1081";"-";"16";"-";"210";"770";"-";"17"
"MU";"2927705";"Santa Cruz Cabrália (BA)";"Total";"9539";"8089";"243";"91";"18";"1905";"4832";"54";"-"
"MU";"2927804";"Santa Cruz da Vitória (BA)";"Total";"2275";"788";"24";"12";"-";"90";"857";"-";"12"
"MU";"2927903";"Santa Inês (BA)";"Total";"5461";"1869";"34";"117";"-";"279";"1196";"5";"-"
"MU";"2928000";"Santaluz (BA)";"Total";"21354";"5902";"151";"105";"19";"1111";"3939";"-";"40"
"MU";"2928059";"Santa Luzia (BA)";"Total";"6647";"3149";"12";"89";"-";"405";"1320";"-";"43"
"MU";"2928109";"Santa Maria da Vitória (BA)";"Total";"23243";"6202";"340";"40";"-";"881";"2792";"35";"21"
"MU";"2928208";"Santana (BA)";"Total";"18202";"2548";"73";"77";"-";"117";"659";"-";"-"
"MU";"2928307";"Santanópolis (BA)";"Total";"5377";"1401";"20";"45";"-";"174";"636";"5";"-"
"MU";"2928406";"Santa Rita de Cássia (BA)";"Total";"18326";"3585";"27";"-";"21";"531";"673";"28";"-"
"MU";"2928505";"Santa Terezinha (BA)";"Total";"6943";"1247";"42";"20";"-";"464";"461";"4";"-"
"MU";"2928604";"Santo Amaro (BA)";"Total";"25619";"10744";"486";"1086";"9";"3619";"7640";"-";"61"
"MU";"2928703";"Santo Antônio de Jesus (BA)";"Total";"45138";"25565";"795";"595";"-";"4075";"13881";"38";"109"
"MU";"2928802";"Santo Estêvão (BA)";"Total";"29543";"9473";"85";"121";"-";"1288";"3783";"51";"14"
"MU";"2928901";"São Desidério (BA)";"Total";"18273";"6378";"199";"41";"-";"326";"2081";"-";"14"
"MU";"2928950";"São Domingos (BA)";"Total";"4965";"1226";"48";"13";"-";"220";"1024";"-";"9"
"MU";"2929008";"São Félix (BA)";"Total";"5440";"2323";"58";"359";"-";"425";"1082";"-";"22"
"MU";"2929057";"São Félix do Coribe (BA)";"Total";"8615";"3045";"66";"7";"-";"378";"905";"7";"9"
"MU";"2929107";"São Felipe (BA)";"Total";"13633";"2555";"105";"134";"6";"522";"993";"-";"-"
"MU";"2929206";"São Francisco do Conde (BA)";"Total";"15636";"9188";"106";"518";"-";"1819";"6071";"-";"25"
"MU";"2929255";"São Gabriel (BA)";"Total";"11671";"2182";"106";"41";"-";"406";"1773";"-";"-"
"MU";"2929305";"São Gonçalo dos Campos (BA)";"Total";"22074";"8025";"158";"223";"-";"637";"2963";"-";"83"
"MU";"2929354";"São José da Vitória (BA)";"Total";"1991";"1315";"10";"60";"-";"58";"1135";"-";"-"
"MU";"2929370";"São José do Jacuípe (BA)";"Total";"5202";"2032";"5";"60";"-";"312";"1201";"5";"16"
"MU";"2929404";"São Miguel das Matas (BA)";"Total";"7155";"1352";"13";"40";"-";"98";"509";"-";"5"
"MU";"2929503";"São Sebastião do Passé (BA)";"Total";"21246";"7721";"114";"283";"-";"1493";"4834";"67";"37"
"MU";"2929602";"Sapeaçu (BA)";"Total";"11186";"2958";"72";"36";"-";"391";"1162";"-";"-"
"MU";"2929701";"Sátiro Dias (BA)";"Total";"10514";"1808";"16";"34";"-";"214";"1197";"-";"-"
"MU";"2929750";"Saubara (BA)";"Total";"4516";"2468";"20";"155";"-";"1074";"1805";"-";"29"
"MU";"2929800";"Saúde (BA)";"Total";"6262";"1472";"29";"140";"6";"192";"1140";"-";"-"
"MU";"2929909";"Seabra (BA)";"Total";"29199";"5995";"316";"216";"15";"863";"3058";"-";"40"
"MU";"2930006";"Sebastião Laranjeiras (BA)";"Total";"5672";"2354";"-";"-";"-";"47";"92";"-";"-"
"MU";"2930105";"Senhor do Bonfim (BA)";"Total";"42042";"13398";"662";"447";"13";"2669";"5024";"93";"157"
"MU";"2930154";"Serra do Ramalho (BA)";"Total";"17521";"8345";"27";"4";"-";"334";"2145";"-";"-"
"MU";"2930204";"Sento Sé (BA)";"Total";"20690";"6937";"11";"40";"9";"440";"3785";"-";"62"
"MU";"2930303";"Serra Dourada (BA)";"Total";"12579";"1932";"-";"11";"-";"168";"133";"-";"-"
"MU";"2930402";"Serra Preta (BA)";"Total";"12682";"2334";"5";"4";"-";"258";"672";"5";"-"
"MU";"2930501";"Serrinha (BA)";"Total";"47630";"11043";"879";"517";"15";"3760";"5617";"54";"68"
"MU";"2930600";"Serrolândia (BA)";"Total";"6418";"3084";"39";"5";"-";"141";"1917";"4";"18"
"MU";"2930709";"Simões Filho (BA)";"Total";"28552";"36846";"309";"963";"27";"8098";"23182";"470";"143"
"MU";"2930758";"Sítio do Mato (BA)";"Total";"7563";"2388";"-";"30";"-";"275";"839";"-";"-"
"MU";"2930766";"Sítio do Quinto (BA)";"Total";"10723";"900";"9";"58";"-";"98";"1363";"-";"-"
"MU";"2930774";"Sobradinho (BA)";"Total";"11667";"5445";"37";"9";"-";"354";"3907";"-";"-"
"MU";"2930808";"Souto Soares (BA)";"Total";"13185";"1012";"38";"11";"-";"91";"349";"21";"17"
"MU";"2930907";"Tabocas do Brejo Velho (BA)";"Total";"9083";"1068";"-";"-";"-";"22";"256";"-";"-"
"MU";"2931004";"Tanhaçu (BA)";"Total";"14788";"1577";"13";"21";"-";"1746";"313";"-";"-"
"MU";"2931053";"Tanque Novo (BA)";"Total";"13932";"798";"-";"-";"-";"63";"58";"-";"-"
"MU";"2931103";"Tanquinho (BA)";"Total";"5062";"881";"29";"59";"-";"202";"520";"-";"6"
"MU";"2931202";"Taperoá (BA)";"Total";"9532";"3837";"33";"55";"-";"504";"1324";"86";"-"
"MU";"2931301";"Tapiramutá (BA)";"Total";"9887";"1833";"12";"91";"-";"376";"1365";"-";"25"
"MU";"2931350";"Teixeira de Freitas (BA)";"Total";"54470";"45406";"667";"573";"24";"6115";"17137";"38";"162"
"MU";"2931400";"Teodoro Sampaio (BA)";"Total";"3445";"1197";"35";"115";"-";"190";"1371";"-";"3"
"MU";"2931509";"Teofilândia (BA)";"Total";"14073";"2415";"165";"52";"-";"352";"1300";"-";"23"
"MU";"2931608";"Teolândia (BA)";"Total";"9451";"2210";"23";"53";"-";"279";"994";"-";"-"
"MU";"2931707";"Terra Nova (BA)";"Total";"4957";"2073";"55";"211";"-";"391";"1771";"5";"-"
"MU";"2931806";"Tremedal (BA)";"Total";"11401";"2454";"31";"51";"-";"103";"490";"-";"6"
"MU";"2931905";"Tucano (BA)";"Total";"27517";"6147";"115";"111";"-";"799";"7679";"-";"225"
"MU";"2932002";"Uauá (BA)";"Total";"17185";"3152";"37";"11";"-";"213";"882";"-";"11"
"MU";"2932101";"Ubaíra (BA)";"Total";"10283";"4047";"27";"47";"-";"375";"1492";"-";"34"
"MU";"2932200";"Ubaitaba (BA)";"Total";"6575";"4678";"93";"122";"-";"534";"3008";"-";"32"
"MU";"2932309";"Ubatã (BA)";"Total";"5820";"4406";"39";"20";"-";"587";"2979";"-";"98"
"MU";"2932408";"Uibaí (BA)";"Total";"6971";"1349";"229";"178";"-";"363";"2782";"-";"-"
"MU";"2932457";"Umburanas (BA)";"Total";"6674";"3465";"3";"15";"-";"283";"1054";"7";"-"
"MU";"2932507";"Una (BA)";"Total";"6682";"4860";"77";"66";"17";"639";"3382";"4";"8"
"MU";"2932606";"Urandi (BA)";"Total";"9965";"3053";"53";"-";"-";"121";"317";"-";"10"
"MU";"2932705";"Uruçuca (BA)";"Total";"7889";"5024";"69";"102";"44";"876";"4289";"-";"-"
"MU";"2932804";"Utinga (BA)";"Total";"9396";"2251";"72";"87";"24";"303";"1825";"-";"3"
"MU";"2932903";"Valença (BA)";"Total";"34961";"19932";"454";"493";"-";"6154";"11593";"85";"209"
"MU";"2933000";"Valente (BA)";"Total";"14122";"4027";"176";"126";"-";"516";"2402";"-";"39"
"MU";"2933059";"Várzea da Roça (BA)";"Total";"8386";"1997";"5";"9";"-";"279";"1473";"-";"-"
"MU";"2933109";"Várzea do Poço (BA)";"Total";"5060";"1589";"11";"-";"-";"39";"498";"-";"-"
"MU";"2933158";"Várzea Nova (BA)";"Total";"6521";"2778";"5";"17";"-";"356";"1741";"-";"5"
"MU";"2933174";"Varzedo (BA)";"Total";"6799";"1092";"5";"17";"-";"351";"448";"5";"13"
"MU";"2933208";"Vera Cruz (BA)";"Total";"16735";"10053";"222";"1178";"-";"2568";"6670";"-";"109"
"MU";"2933257";"Vereda (BA)";"Total";"3714";"1211";"3";"-";"-";"70";"238";"-";"-"
"MU";"2933307";"Vitória da Conquista (BA)";"Total";"163925";"95516";"5619";"2395";"-";"16344";"37950";"34";"209"
"MU";"2933406";"Wagner (BA)";"Total";"5101";"1891";"34";"32";"-";"230";"1014";"-";"-"
"MU";"2933455";"Wanderley (BA)";"Total";"9090";"1295";"85";"43";"-";"111";"495";"-";"6"
"MU";"2933505";"Wenceslau Guimarães (BA)";"Total";"8517";"5962";"-";"118";"20";"196";"5862";"-";"5"
"MU";"2933604";"Xique-Xique (BA)";"Total";"25190";"6399";"329";"201";"-";"1205";"3924";"10";"55"
"MU";"3100104";"Abadia dos Dourados (MG)";"Total";"4252";"1028";"53";"-";"-";"61";"236";"-";"18"
"MU";"3100203";"Abaeté (MG)";"Total";"14897";"3375";"874";"104";"-";"351";"693";"-";"107"
"MU";"3100302";"Abre Campo (MG)";"Total";"10644";"1327";"62";"59";"5";"144";"128";"-";"-"
"MU";"3100401";"Acaiaca (MG)";"Total";"2582";"734";"-";"-";"-";"86";"85";"-";"6"
"MU";"3100500";"Açucena (MG)";"Total";"4900";"2538";"40";"-";"16";"55";"343";"-";"-"
"MU";"3100609";"Água Boa (MG)";"Total";"7847";"2830";"19";"-";"-";"129";"165";"-";"-"
"MU";"3100708";"Água Comprida (MG)";"Total";"1368";"307";"40";"7";"-";"32";"89";"-";"3"
"MU";"3100807";"Aguanil (MG)";"Total";"2673";"984";"2";"3";"-";"124";"75";"-";"8"
"MU";"3100906";"Águas Formosas (MG)";"Total";"10392";"4434";"9";"-";"-";"412";"679";"-";"7"
"MU";"3101003";"Águas Vermelhas (MG)";"Total";"7755";"3430";"35";"16";"-";"149";"697";"19";"28"
"MU";"3101102";"Aimorés (MG)";"Total";"9045";"10231";"51";"-";"-";"723";"2088";"-";"24"
"MU";"3101201";"Aiuruoca (MG)";"Total";"4645";"475";"65";"5";"6";"237";"249";"-";"-"
"MU";"3101300";"Alagoa (MG)";"Total";"1720";"571";"-";"5";"-";"27";"144";"-";"13"
"MU";"3101409";"Albertina (MG)";"Total";"1764";"649";"15";"7";"-";"42";"112";"-";"-"
"MU";"3101508";"Além Paraíba (MG)";"Total";"13629";"9100";"1054";"595";"-";"1145";"1556";"7";"60"
"MU";"3101607";"Alfenas (MG)";"Total";"49035";"13335";"1352";"441";"-";"1864";"3310";"42";"424"
"MU";"3101631";"Alfredo Vasconcelos (MG)";"Total";"5534";"379";"40";"12";"-";"93";"93";"-";"-"
"MU";"3101706";"Almenara (MG)";"Total";"22665";"8663";"289";"125";"-";"890";"2386";"-";"2"
"MU";"3101805";"Alpercata (MG)";"Total";"3226";"2240";"22";"-";"-";"153";"477";"4";"-"
"MU";"3101904";"Alpinópolis (MG)";"Total";"13838";"1915";"22";"19";"-";"101";"275";"-";"12"
"MU";"3102001";"Alterosa (MG)";"Total";"10383";"1557";"86";"35";"-";"96";"134";"-";"-"
"MU";"3102050";"Alto Caparaó (MG)";"Total";"1277";"3173";"8";"7";"-";"87";"472";"2";"10"
"MU";"3102100";"Alto Rio Doce (MG)";"Total";"9022";"546";"-";"5";"-";"87";"136";"-";"-"
"MU";"3102209";"Alvarenga (MG)";"Total";"2371";"979";"-";"-";"-";"26";"119";"-";"-"
"MU";"3102308";"Alvinópolis (MG)";"Total";"11363";"1789";"131";"16";"-";"74";"148";"5";"-"
"MU";"3102407";"Alvorada de Minas (MG)";"Total";"2906";"631";"7";"-";"-";"31";"19";"-";"-"
"MU";"3102506";"Amparo do Serra (MG)";"Total";"3132";"744";"6";"1";"-";"30";"138";"3";"-"
"MU";"3102605";"Andradas (MG)";"Total";"24935";"8553";"332";"229";"-";"765";"1187";"-";"38"
"MU";"3102704";"Cachoeira de Pajeú (MG)";"Total";"6700";"1115";"26";"13";"-";"37";"233";"-";"-"
"MU";"3102803";"Andrelândia (MG)";"Total";"8905";"1517";"56";"2";"-";"86";"138";"-";"-"
"MU";"3102852";"Angelândia (MG)";"Total";"4107";"2285";"8";"-";"-";"57";"112";"-";"7"
"MU";"3102902";"Antônio Carlos (MG)";"Total";"8290";"1070";"187";"49";"-";"126";"164";"-";"5"
"MU";"3103009";"Antônio Dias (MG)";"Total";"4667";"2762";"18";"-";"-";"74";"562";"-";"16"
"MU";"3103108";"Antônio Prado de Minas (MG)";"Total";"1044";"242";"8";"12";"-";"63";"45";"-";"-"
"MU";"3103207";"Araçaí (MG)";"Total";"1540";"269";"32";"-";"-";"74";"59";"-";"-"
"MU";"3103306";"Aracitaba (MG)";"Total";"1611";"205";"4";"-";"-";"1";"25";"-";"-"
"MU";"3103405";"Araçuaí (MG)";"Total";"24483";"4605";"120";"13";"-";"462";"566";"8";"-"
"MU";"3103504";"Araguari (MG)";"Total";"61906";"30162";"3197";"531";"33";"3245";"4687";"-";"95"
"MU";"3103603";"Arantina (MG)";"Total";"2097";"336";"6";"2";"-";"65";"93";"-";"-"
"MU";"3103702";"Araponga (MG)";"Total";"5631";"1233";"4";"4";"-";"54";"129";"-";"6"
"MU";"3103751";"Araporã (MG)";"Total";"4292";"1787";"252";"50";"-";"176";"617";"3";"41"
"MU";"3103801";"Arapuá (MG)";"Total";"2020";"322";"9";"-";"-";"7";"32";"-";"-"
"MU";"3103900";"Araújos (MG)";"Total";"6855";"872";"86";"-";"-";"87";"106";"-";"-"
"MU";"3104007";"Araxá (MG)";"Total";"59867";"18874";"6752";"752";"-";"3925";"7198";"-";"-"
"MU";"3104106";"Arceburgo (MG)";"Total";"4996";"2064";"257";"101";"-";"435";"392";"-";"-"
"MU";"3104205";"Arcos (MG)";"Total";"26232";"7754";"287";"21";"24";"806";"1392";"-";"14"
"MU";"3104304";"Areado (MG)";"Total";"9531";"2295";"150";"34";"-";"110";"202";"-";"-"
"MU";"3104403";"Argirita (MG)";"Total";"1688";"482";"28";"20";"-";"50";"103";"-";"-"
"MU";"3104452";"Aricanduva (MG)";"Total";"2952";"892";"24";"-";"-";"96";"116";"-";"9"
"MU";"3104502";"Arinos (MG)";"Total";"11167";"3303";"77";"20";"-";"146";"241";"-";"-"
"MU";"3104601";"Astolfo Dutra (MG)";"Total";"8389";"2906";"571";"99";"-";"180";"451";"-";"46"
"MU";"3104700";"Ataléia (MG)";"Total";"8035";"3631";"42";"20";"-";"85";"266";"-";"15"
"MU";"3104809";"Augusto de Lima (MG)";"Total";"2984";"918";"8";"6";"-";"67";"55";"-";"-"
"MU";"3104908";"Baependi (MG)";"Total";"10390";"4957";"79";"5";"4";"404";"529";"26";"-"
"MU";"3105004";"Baldim (MG)";"Total";"4698";"1025";"45";"-";"-";"792";"171";"-";"6"
"MU";"3105103";"Bambuí (MG)";"Total";"17129";"2776";"338";"109";"-";"281";"651";"-";"15"
"MU";"3105202";"Bandeira (MG)";"Total";"3384";"575";"21";"6";"-";"162";"140";"-";"3"
"MU";"3105301";"Bandeira do Sul (MG)";"Total";"4114";"876";"7";"11";"-";"120";"115";"-";"-"
"MU";"3105400";"Barão de Cocais (MG)";"Total";"19597";"5403";"309";"40";"-";"777";"784";"10";"9"
"MU";"3105509";"Barão do Monte Alto (MG)";"Total";"3334";"717";"63";"38";"-";"43";"249";"-";"-"
"MU";"3105608";"Barbacena (MG)";"Total";"90871";"11821";"2170";"830";"-";"2871";"3557";"-";"129"
"MU";"3105707";"Barra Longa (MG)";"Total";"4313";"667";"29";"-";"-";"18";"74";"-";"2"
"MU";"3105905";"Barroso (MG)";"Total";"13787";"3097";"183";"51";"-";"195";"516";"-";"12"
"MU";"3106002";"Bela Vista de Minas (MG)";"Total";"5703";"2788";"43";"-";"-";"183";"229";"-";"-"
"MU";"3106101";"Belmiro Braga (MG)";"Total";"2183";"455";"25";"18";"-";"115";"102";"-";"-"
"MU";"3106200";"Belo Horizonte (MG)";"Total";"1104297";"567090";"81537";"17080";"309";"103748";"202727";"1019";"503"
"MU";"3106309";"Belo Oriente (MG)";"Total";"9256";"8299";"18";"21";"-";"498";"2535";"-";"59"
"MU";"3106408";"Belo Vale (MG)";"Total";"5909";"1253";"34";"-";"-";"101";"324";"-";"-"
"MU";"3106507";"Berilo (MG)";"Total";"6966";"1599";"-";"-";"-";"123";"167";"-";"17"
"MU";"3106606";"Bertópolis (MG)";"Total";"2309";"864";"6";"-";"436";"27";"85";"24";"-"
"MU";"3106655";"Berizal (MG)";"Total";"2820";"719";"-";"-";"-";"24";"111";"-";"3"
"MU";"3106705";"Betim (MG)";"Total";"154600";"138923";"4740";"1371";"42";"20849";"35419";"744";"114"
"MU";"3106804";"Bias Fortes (MG)";"Total";"2570";"353";"3";"-";"-";"42";"42";"-";"-"
"MU";"3106903";"Bicas (MG)";"Total";"7121";"3598";"580";"148";"-";"339";"692";"-";"-"
"MU";"3107000";"Biquinhas (MG)";"Total";"1790";"336";"21";"-";"-";"8";"12";"-";"-"
"MU";"3107109";"Boa Esperança (MG)";"Total";"27107";"5262";"837";"162";"-";"606";"779";"-";"10"
"MU";"3107208";"Bocaina de Minas (MG)";"Total";"3695";"537";"61";"19";"-";"146";"326";"-";"4"
"MU";"3107307";"Bocaiúva (MG)";"Total";"30487";"9138";"173";"159";"8";"688";"971";"13";"67"
"MU";"3107406";"Bom Despacho (MG)";"Total";"35037";"7220";"359";"244";"-";"626";"1619";"-";"9"
"MU";"3107505";"Bom Jardim de Minas (MG)";"Total";"5010";"884";"45";"3";"-";"70";"91";"-";"-"
"MU";"3107604";"Bom Jesus da Penha (MG)";"Total";"3089";"577";"30";"22";"-";"48";"174";"-";"-"
"MU";"3107703";"Bom Jesus do Amparo (MG)";"Total";"3790";"941";"42";"-";"-";"51";"91";"-";"-"
"MU";"3107802";"Bom Jesus do Galho (MG)";"Total";"8827";"3007";"24";"19";"-";"238";"760";"-";"16"
"MU";"3107901";"Bom Repouso (MG)";"Total";"9551";"1179";"6";"-";"-";"76";"220";"-";"-"
"MU";"3108008";"Bom Sucesso (MG)";"Total";"12878";"2021";"119";"25";"-";"186";"210";"-";"-"
"MU";"3108107";"Bonfim (MG)";"Total";"5776";"852";"22";"7";"-";"75";"99";"4";"-"
"MU";"3108206";"Bonfinópolis de Minas (MG)";"Total";"3602";"812";"62";"4";"-";"127";"234";"-";"-"
"MU";"3108255";"Bonito de Minas (MG)";"Total";"7261";"1287";"-";"-";"-";"44";"73";"-";"5"
"MU";"3108305";"Borda da Mata (MG)";"Total";"12241";"2801";"73";"62";"-";"236";"263";"-";"-"
"MU";"3108404";"Botelhos (MG)";"Total";"9869";"2891";"35";"13";"-";"232";"167";"-";"5"
"MU";"3108503";"Botumirim (MG)";"Total";"3458";"1366";"-";"-";"-";"103";"143";"-";"3"
"MU";"3108552";"Brasilândia de Minas (MG)";"Total";"8863";"3162";"32";"-";"-";"467";"206";"6";"-"
"MU";"3108602";"Brasília de Minas (MG)";"Total";"22582";"4479";"28";"-";"-";"230";"622";"-";"47"
"MU";"3108701";"Brás Pires (MG)";"Total";"3507";"308";"-";"-";"-";"14";"16";"-";"-"
"MU";"3108800";"Braúnas (MG)";"Total";"2711";"1069";"-";"44";"-";"51";"107";"-";"-"
"MU";"3108909";"Brazópolis (MG)";"Total";"11217";"913";"112";"21";"-";"205";"232";"-";"-"
"MU";"3109006";"Brumadinho (MG)";"Total";"23022";"7126";"736";"98";"-";"1367";"2113";"26";"-"
"MU";"3109105";"Bueno Brandão (MG)";"Total";"8121";"1160";"120";"14";"-";"129";"398";"5";"10"
"MU";"3109204";"Buenópolis (MG)";"Total";"6503";"881";"95";"4";"-";"227";"330";"-";"-"
"MU";"3109253";"Bugre (MG)";"Total";"2371";"1055";"-";"-";"-";"104";"48";"-";"-"
"MU";"3109303";"Buritis (MG)";"Total";"14134";"4748";"52";"47";"-";"459";"1071";"-";"9"
"MU";"3109402";"Buritizeiro (MG)";"Total";"12592";"5641";"57";"15";"-";"466";"1654";"-";"57"
"MU";"3109451";"Cabeceira Grande (MG)";"Total";"3983";"1397";"21";"-";"-";"191";"177";"-";"5"
"MU";"3109501";"Cabo Verde (MG)";"Total";"7599";"2311";"10";"3";"5";"111";"101";"-";"-"
"MU";"3109600";"Cachoeira da Prata (MG)";"Total";"2495";"615";"92";"24";"-";"38";"29";"-";"3"
"MU";"3109709";"Cachoeira de Minas (MG)";"Total";"8823";"1263";"48";"11";"-";"146";"242";"-";"-"
"MU";"3109808";"Cachoeira Dourada (MG)";"Total";"1328";"510";"59";"17";"-";"28";"149";"-";"-"
"MU";"3109907";"Caetanópolis (MG)";"Total";"7179";"2022";"115";"48";"-";"316";"473";"-";"-"
"MU";"3110004";"Caeté (MG)";"Total";"25853";"5966";"394";"61";"-";"665";"1275";"-";"31"
"MU";"3110103";"Caiana (MG)";"Total";"2551";"1529";"69";"10";"-";"56";"416";"-";"8"
"MU";"3110202";"Cajuri (MG)";"Total";"2679";"782";"20";"-";"-";"32";"100";"-";"-"
"MU";"3110301";"Caldas (MG)";"Total";"9485";"2120";"117";"127";"128";"386";"368";"-";"-"
"MU";"3110400";"Camacho (MG)";"Total";"2383";"109";"13";"2";"-";"6";"30";"-";"10"
"MU";"3110509";"Camanducaia (MG)";"Total";"15024";"5319";"218";"111";"-";"1039";"1013";"-";"-"
"MU";"3110608";"Cambuí (MG)";"Total";"18014";"5878";"250";"248";"-";"488";"1321";"-";"31"
"MU";"3110707";"Cambuquira (MG)";"Total";"8483";"1533";"135";"102";"-";"174";"493";"-";"5"
"MU";"3110806";"Campanário (MG)";"Total";"2025";"474";"3";"-";"5";"17";"75";"-";"-"
"MU";"3110905";"Campanha (MG)";"Total";"10560";"2719";"131";"81";"-";"136";"331";"-";"-"
"MU";"3111002";"Campestre (MG)";"Total";"13672";"4398";"21";"20";"-";"305";"318";"-";"-"
"MU";"3111101";"Campina Verde (MG)";"Total";"13165";"1667";"430";"96";"-";"266";"542";"-";"-"
"MU";"3111150";"Campo Azul (MG)";"Total";"2546";"642";"-";"-";"-";"-";"41";"-";"12"
"MU";"3111200";"Campo Belo (MG)";"Total";"29294";"14764";"266";"130";"-";"1064";"1133";"-";"39"
"MU";"3111309";"Campo do Meio (MG)";"Total";"7355";"1937";"14";"4";"-";"382";"380";"-";"5"
"MU";"3111408";"Campo Florido (MG)";"Total";"3973";"1167";"989";"74";"-";"252";"724";"-";"-"
"MU";"3111507";"Campos Altos (MG)";"Total";"7235";"2939";"202";"25";"-";"143";"654";"-";"-"
"MU";"3111606";"Campos Gerais (MG)";"Total";"18753";"3329";"90";"25";"-";"431";"357";"-";"26"
"MU";"3111705";"Canaã (MG)";"Total";"3693";"396";"6";"3";"-";"42";"30";"-";"3"
"MU";"3111804";"Canápolis (MG)";"Total";"6913";"1715";"367";"10";"-";"141";"238";"-";"9"
"MU";"3111903";"Cana Verde (MG)";"Total";"3063";"1585";"9";"14";"-";"26";"70";"-";"-"
"MU";"3112000";"Candeias (MG)";"Total";"10365";"1705";"117";"47";"-";"208";"194";"2";"-"
"MU";"3112059";"Cantagalo (MG)";"Total";"2488";"796";"4";"-";"-";"59";"88";"-";"-"
"MU";"3112109";"Caparaó (MG)";"Total";"2308";"1686";"19";"3";"3";"26";"299";"-";"3"
"MU";"3112208";"Capela Nova (MG)";"Total";"3684";"215";"14";"6";"-";"18";"48";"-";"2"
"MU";"3112307";"Capelinha (MG)";"Total";"24272";"7709";"224";"41";"-";"280";"1609";"-";"3"
"MU";"3112406";"Capetinga (MG)";"Total";"4601";"817";"60";"10";"-";"104";"134";"-";"-"
"MU";"3112505";"Capim Branco (MG)";"Total";"5680";"2967";"129";"22";"-";"177";"421";"6";"-"
"MU";"3112604";"Capinópolis (MG)";"Total";"7767";"3089";"601";"30";"-";"315";"1074";"-";"-"
"MU";"3112653";"Capitão Andrade (MG)";"Total";"2494";"1163";"-";"-";"-";"62";"311";"-";"5"
"MU";"3112703";"Capitão Enéas (MG)";"Total";"9030";"2508";"6";"-";"-";"164";"300";"-";"4"
"MU";"3112802";"Capitólio (MG)";"Total";"6473";"2062";"139";"5";"-";"230";"284";"-";"-"
"MU";"3112901";"Caputira (MG)";"Total";"5209";"2073";"28";"-";"-";"77";"394";"-";"-"
"MU";"3113008";"Caraí (MG)";"Total";"12516";"3835";"-";"-";"-";"201";"405";"-";"-"
"MU";"3113107";"Caranaíba (MG)";"Total";"2177";"388";"15";"-";"-";"42";"33";"-";"-"
"MU";"3113206";"Carandaí (MG)";"Total";"16236";"3678";"464";"23";"-";"236";"439";"-";"18"
"MU";"3113305";"Carangola (MG)";"Total";"16130";"7367";"774";"107";"-";"953";"2306";"46";"28"
"MU";"3113404";"Caratinga (MG)";"Total";"48023";"22774";"554";"144";"21";"1407";"3653";"-";"144"
"MU";"3113503";"Carbonita (MG)";"Total";"6159";"1044";"28";"-";"-";"90";"172";"-";"-"
"MU";"3113602";"Careaçu (MG)";"Total";"4009";"1630";"72";"12";"-";"201";"64";"-";"-"
"MU";"3113701";"Carlos Chagas (MG)";"Total";"11778";"3317";"154";"30";"-";"825";"332";"-";"13"
"MU";"3113800";"Carmésia (MG)";"Total";"1404";"650";"-";"-";"59";"36";"66";"-";"3"
"MU";"3113909";"Carmo da Cachoeira (MG)";"Total";"7801";"1613";"68";"5";"-";"333";"212";"-";"4"
"MU";"3114006";"Carmo da Mata (MG)";"Total";"8534";"1020";"123";"31";"-";"81";"181";"-";"-"
"MU";"3114105";"Carmo de Minas (MG)";"Total";"8614";"2639";"83";"12";"-";"313";"423";"-";"26"
"MU";"3114204";"Carmo do Cajuru (MG)";"Total";"16768";"2240";"200";"100";"-";"845";"480";"-";"-"
"MU";"3114303";"Carmo do Paranaíba (MG)";"Total";"20719";"3959";"275";"86";"-";"341";"614";"-";"-"
"MU";"3114402";"Carmo do Rio Claro (MG)";"Total";"15425";"2497";"243";"25";"-";"219";"217";"-";"-"
"MU";"3114501";"Carmópolis de Minas (MG)";"Total";"12926";"2277";"139";"15";"-";"210";"279";"-";"-"
"MU";"3114550";"Carneirinho (MG)";"Total";"5439";"1777";"19";"8";"-";"532";"581";"-";"15"
"MU";"3114600";"Carrancas (MG)";"Total";"2765";"376";"21";"9";"-";"113";"263";"-";"-"
"MU";"3114709";"Carvalhópolis (MG)";"Total";"2104";"734";"68";"-";"-";"26";"89";"-";"-"
"MU";"3114808";"Carvalhos (MG)";"Total";"3337";"448";"12";"9";"-";"65";"97";"-";"7"
"MU";"3114907";"Casa Grande (MG)";"Total";"1702";"256";"3";"6";"-";"14";"8";"-";"-"
"MU";"3115003";"Cascalho Rico (MG)";"Total";"1768";"567";"32";"-";"-";"7";"41";"-";"-"
"MU";"3115102";"Cássia (MG)";"Total";"11112";"2701";"420";"55";"-";"477";"330";"-";"-"
"MU";"3115201";"Conceição da Barra de Minas (MG)";"Total";"2871";"301";"6";"-";"-";"8";"37";"-";"-"
"MU";"3115300";"Cataguases (MG)";"Total";"36319";"15401";"2579";"447";"-";"1970";"2335";"8";"171"
"MU";"3115359";"Catas Altas (MG)";"Total";"3154";"1280";"16";"3";"-";"123";"186";"-";"-"
"MU";"3115409";"Catas Altas da Noruega (MG)";"Total";"2555";"182";"-";"-";"-";"10";"29";"-";"-"
"MU";"3115458";"Catuji (MG)";"Total";"4603";"1144";"-";"13";"-";"98";"154";"-";"-"
"MU";"3115474";"Catuti (MG)";"Total";"3515";"534";"12";"3";"-";"31";"77";"-";"1"
"MU";"3115508";"Caxambu (MG)";"Total";"11529";"5301";"536";"10";"-";"514";"770";"11";"41"
"MU";"3115607";"Cedro do Abaeté (MG)";"Total";"755";"204";"8";"1";"-";"4";"20";"-";"-"
"MU";"3115706";"Central de Minas (MG)";"Total";"2395";"2519";"-";"4";"-";"137";"423";"-";"36"
"MU";"3115805";"Centralina (MG)";"Total";"5492";"1938";"573";"9";"-";"227";"405";"-";"16"
"MU";"3115904";"Chácara (MG)";"Total";"1877";"595";"46";"38";"-";"60";"84";"-";"-"
"MU";"3116001";"Chalé (MG)";"Total";"2543";"2376";"-";"-";"-";"42";"303";"-";"5"
"MU";"3116100";"Chapada do Norte (MG)";"Total";"7321";"1651";"7";"5";"-";"77";"89";"-";"4"
"MU";"3116159";"Chapada Gaúcha (MG)";"Total";"7914";"2095";"6";"-";"-";"106";"113";"-";"6"
"MU";"3116209";"Chiador (MG)";"Total";"1489";"915";"5";"9";"-";"16";"14";"-";"21"
"MU";"3116308";"Cipotânea (MG)";"Total";"4642";"311";"4";"-";"-";"32";"38";"-";"-"
"MU";"3116407";"Claraval (MG)";"Total";"3050";"737";"43";"-";"-";"129";"146";"-";"3"
"MU";"3116506";"Claro dos Poções (MG)";"Total";"4866";"1070";"3";"4";"2";"106";"298";"-";"-"
"MU";"3116605";"Cláudio (MG)";"Total";"22294";"2737";"407";"77";"-";"389";"418";"-";"-"
"MU";"3116704";"Coimbra (MG)";"Total";"5046";"1009";"30";"29";"-";"100";"217";"-";"-"
"MU";"3116803";"Coluna (MG)";"Total";"5552";"1286";"41";"-";"-";"80";"232";"-";"6"
"MU";"3116902";"Comendador Gomes (MG)";"Total";"1776";"466";"74";"6";"-";"91";"37";"-";"-"
"MU";"3117009";"Comercinho (MG)";"Total";"5132";"677";"3";"5";"-";"39";"131";"-";"2"
"MU";"3117108";"Conceição da Aparecida (MG)";"Total";"7264";"1581";"28";"4";"-";"142";"169";"-";"-"
"MU";"3117207";"Conceição das Pedras (MG)";"Total";"2183";"265";"3";"-";"-";"15";"17";"-";"-"
"MU";"3117306";"Conceição das Alagoas (MG)";"Total";"13648";"4974";"1383";"347";"-";"1091";"2681";"31";"54"
"MU";"3117405";"Conceição de Ipanema (MG)";"Total";"2464";"1308";"3";"-";"-";"60";"78";"-";"-"
"MU";"3117504";"Conceição do Mato Dentro (MG)";"Total";"14860";"3773";"140";"12";"-";"270";"873";"-";"22"
"MU";"3117603";"Conceição do Pará (MG)";"Total";"3720";"760";"23";"-";"-";"128";"159";"-";"5"
"MU";"3117702";"Conceição do Rio Verde (MG)";"Total";"8353";"2158";"25";"29";"-";"213";"202";"-";"-"
"MU";"3117801";"Conceição dos Ouros (MG)";"Total";"7460";"1469";"103";"55";"-";"174";"345";"-";"-"
"MU";"3117836";"Cônego Marinho (MG)";"Total";"5141";"1002";"20";"-";"-";"41";"40";"-";"9"
"MU";"3117876";"Confins (MG)";"Total";"4010";"1719";"164";"36";"-";"374";"176";"-";"-"
"MU";"3117900";"Congonhal (MG)";"Total";"7930";"1648";"32";"39";"-";"109";"137";"-";"-"
"MU";"3118007";"Congonhas (MG)";"Total";"32298";"11156";"88";"44";"-";"807";"1744";"12";"-"
"MU";"3118106";"Congonhas do Norte (MG)";"Total";"3377";"671";"8";"-";"-";"62";"129";"-";"7"
"MU";"3118205";"Conquista (MG)";"Total";"3808";"822";"904";"4";"-";"117";"221";"-";"8"
"MU";"3118304";"Conselheiro Lafaiete (MG)";"Total";"85816";"21329";"2091";"657";"-";"2734";"3563";"74";"30"
"MU";"3118403";"Conselheiro Pena (MG)";"Total";"9232";"7506";"6";"-";"-";"265";"1182";"-";"12"
"MU";"3118502";"Consolação (MG)";"Total";"1148";"196";"6";"7";"-";"20";"21";"-";"-"
"MU";"3118601";"Contagem (MG)";"Total";"267526";"197189";"11461";"2891";"126";"25636";"45017";"106";"171"
"MU";"3118700";"Coqueiral (MG)";"Total";"6728";"1074";"50";"10";"-";"93";"69";"-";"-"
"MU";"3118809";"Coração de Jesus (MG)";"Total";"16671";"4618";"-";"29";"-";"498";"295";"-";"-"
"MU";"3118908";"Cordisburgo (MG)";"Total";"5437";"1082";"32";"10";"-";"138";"115";"-";"-"
"MU";"3119005";"Cordislândia (MG)";"Total";"2238";"483";"-";"3";"-";"6";"67";"-";"-"
"MU";"3119104";"Corinto (MG)";"Total";"14623";"4879";"150";"31";"-";"222";"639";"-";"-"
"MU";"3119203";"Coroaci (MG)";"Total";"7212";"1986";"21";"-";"-";"116";"502";"-";"6"
"MU";"3119302";"Coromandel (MG)";"Total";"20014";"3873";"621";"52";"-";"593";"481";"-";"-"
"MU";"3119401";"Coronel Fabriciano (MG)";"Total";"42806";"37777";"630";"140";"10";"2561";"8038";"15";"73"
"MU";"3119500";"Coronel Murta (MG)";"Total";"5657";"1305";"7";"-";"-";"11";"232";"-";"30"
"MU";"3119609";"Coronel Pacheco (MG)";"Total";"1812";"475";"-";"13";"-";"99";"58";"-";"-"
"MU";"3119708";"Coronel Xavier Chaves (MG)";"Total";"2538";"377";"5";"10";"-";"62";"129";"-";"-"
"MU";"3119807";"Córrego Danta (MG)";"Total";"2012";"562";"8";"3";"-";"14";"91";"-";"-"
"MU";"3119906";"Córrego do Bom Jesus (MG)";"Total";"2777";"735";"19";"22";"-";"159";"146";"-";"3"
"MU";"3119955";"Córrego Fundo (MG)";"Total";"4836";"473";"4";"7";"-";"63";"69";"-";"-"
"MU";"3120003";"Córrego Novo (MG)";"Total";"1953";"554";"-";"-";"-";"24";"20";"5";"-"
"MU";"3120102";"Couto de Magalhães de Minas (MG)";"Total";"2653";"604";"23";"-";"-";"112";"297";"9";"-"
"MU";"3120151";"Crisólita (MG)";"Total";"3085";"1149";"8";"-";"-";"72";"152";"-";"-"
"MU";"3120201";"Cristais (MG)";"Total";"8117";"2309";"5";"35";"5";"189";"116";"-";"-"
"MU";"3120300";"Cristália (MG)";"Total";"1956";"1852";"2";"-";"-";"207";"364";"-";"25"
"MU";"3120409";"Cristiano Otoni (MG)";"Total";"3096";"777";"5";"5";"-";"78";"146";"-";"-"
"MU";"3120508";"Cristina (MG)";"Total";"7208";"1533";"33";"51";"-";"193";"178";"-";"4"
"MU";"3120607";"Crucilândia (MG)";"Total";"3905";"681";"29";"3";"-";"185";"109";"-";"-"
"MU";"3120706";"Cruzeiro da Fortaleza (MG)";"Total";"2764";"219";"7";"3";"-";"14";"48";"-";"-"
"MU";"3120805";"Cruzília (MG)";"Total";"12284";"926";"97";"24";"-";"146";"101";"-";"-"
"MU";"3120839";"Cuparaque (MG)";"Total";"1178";"1745";"-";"-";"-";"23";"423";"-";"98"
"MU";"3120870";"Curral de Dentro (MG)";"Total";"4517";"1433";"3";"3";"-";"21";"355";"-";"-"
"MU";"3120904";"Curvelo (MG)";"Total";"54961";"11609";"687";"181";"-";"1531";"2263";"-";"48"
"MU";"3121001";"Datas (MG)";"Total";"3520";"1010";"6";"3";"-";"53";"106";"-";"-"
"MU";"3121100";"Delfim Moreira (MG)";"Total";"5747";"1015";"16";"6";"-";"179";"121";"-";"-"
"MU";"3121209";"Delfinópolis (MG)";"Total";"5077";"1542";"112";"10";"-";"266";"308";"-";"10"
"MU";"3121258";"Delta (MG)";"Total";"4609";"2333";"305";"24";"-";"287";"1260";"-";"5"
"MU";"3121308";"Descoberto (MG)";"Total";"3368";"783";"55";"41";"-";"56";"96";"-";"6"
"MU";"3121407";"Desterro de Entre Rios (MG)";"Total";"5512";"1148";"20";"-";"-";"87";"89";"-";"-"
"MU";"3121506";"Desterro do Melo (MG)";"Total";"2581";"73";"6";"-";"-";"48";"6";"-";"-"
"MU";"3121605";"Diamantina (MG)";"Total";"30118";"7253";"943";"274";"-";"1066";"2177";"3";"68"
"MU";"3121704";"Diogo de Vasconcelos (MG)";"Total";"2619";"438";"10";"-";"-";"64";"41";"-";"5"
"MU";"3121803";"Dionísio (MG)";"Total";"3564";"1889";"25";"-";"-";"275";"440";"-";"10"
"MU";"3121902";"Divinésia (MG)";"Total";"2983";"493";"42";"29";"-";"118";"30";"-";"-"
"MU";"3122009";"Divino (MG)";"Total";"11139";"4893";"94";"32";"10";"174";"1335";"-";"64"
"MU";"3122108";"Divino das Laranjeiras (MG)";"Total";"1723";"1577";"-";"-";"-";"67";"320";"-";"13"
"MU";"3122207";"Divinolândia de Minas (MG)";"Total";"4192";"1155";"6";"2";"-";"58";"234";"3";"-"
"MU";"3122306";"Divinópolis (MG)";"Total";"151541";"31513";"4652";"926";"-";"7883";"8706";"24";"52"
"MU";"3122355";"Divisa Alegre (MG)";"Total";"3056";"1581";"6";"6";"-";"245";"524";"-";"-"
"MU";"3122405";"Divisa Nova (MG)";"Total";"3522";"1253";"21";"-";"-";"134";"189";"-";"-"
"MU";"3122454";"Divisópolis (MG)";"Total";"5168";"2741";"31";"22";"-";"511";"593";"-";"13"
"MU";"3122470";"Dom Bosco (MG)";"Total";"2380";"658";"15";"-";"-";"25";"132";"-";"-"
"MU";"3122504";"Dom Cavati (MG)";"Total";"2731";"1266";"9";"-";"-";"87";"308";"-";"3"
"MU";"3122603";"Dom Joaquim (MG)";"Total";"3017";"1100";"18";"-";"-";"38";"92";"-";"-"
"MU";"3122702";"Dom Silvério (MG)";"Total";"4053";"492";"52";"6";"-";"24";"118";"-";"-"
"MU";"3122801";"Dom Viçoso (MG)";"Total";"2428";"294";"11";"12";"-";"35";"13";"-";"8"
"MU";"3122900";"Dona Euzébia (MG)";"Total";"3592";"1427";"106";"2";"-";"80";"168";"-";"9"
"MU";"3123007";"Dores de Campos (MG)";"Total";"7864";"730";"127";"-";"-";"65";"158";"-";"-"
"MU";"3123106";"Dores de Guanhães (MG)";"Total";"3071";"1243";"5";"-";"-";"-";"98";"-";"-"
"MU";"3123205";"Dores do Indaiá (MG)";"Total";"8831";"1935";"195";"51";"-";"202";"326";"-";"-"
"MU";"3123304";"Dores do Turvo (MG)";"Total";"4022";"317";"19";"20";"-";"43";"38";"-";"-"
"MU";"3123403";"Doresópolis (MG)";"Total";"1061";"214";"-";"2";"-";"15";"5";"-";"3"
"MU";"3123502";"Douradoquara (MG)";"Total";"1176";"279";"46";"3";"-";"81";"37";"-";"-"
"MU";"3123528";"Durandé (MG)";"Total";"4999";"1523";"3";"4";"-";"46";"96";"-";"-"
"MU";"3123601";"Elói Mendes (MG)";"Total";"18998";"3271";"110";"-";"-";"205";"599";"-";"-"
"MU";"3123700";"Engenheiro Caldas (MG)";"Total";"7965";"3007";"2";"86";"-";"184";"152";"-";"-"
"MU";"3123809";"Engenheiro Navarro (MG)";"Total";"3969";"1137";"19";"-";"3";"129";"290";"-";"-"
"MU";"3123858";"Entre Folhas (MG)";"Total";"2899";"1198";"-";"-";"4";"78";"367";"-";"-"
"MU";"3123908";"Entre Rios de Minas (MG)";"Total";"11027";"1432";"145";"-";"-";"154";"388";"-";"5"
"MU";"3124005";"Ervália (MG)";"Total";"15421";"1752";"107";"26";"-";"96";"635";"-";"-"
"MU";"3124104";"Esmeraldas (MG)";"Total";"35269";"27079";"965";"276";"60";"4811";"4725";"53";"22"
"MU";"3124203";"Espera Feliz (MG)";"Total";"11890";"6553";"483";"184";"-";"559";"1318";"-";"24"
"MU";"3124302";"Espinosa (MG)";"Total";"22184";"3386";"41";"13";"-";"453";"244";"-";"11"
"MU";"3124401";"Espírito Santo do Dourado (MG)";"Total";"4816";"550";"9";"19";"-";"75";"175";"-";"-"
"MU";"3124500";"Estiva (MG)";"Total";"8617";"1230";"5";"5";"-";"225";"176";"-";"-"
"MU";"3124609";"Estrela Dalva (MG)";"Total";"1340";"381";"10";"9";"-";"17";"211";"-";"-"
"MU";"3124708";"Estrela do Indaiá (MG)";"Total";"2187";"282";"5";"3";"-";"26";"52";"-";"-"
"MU";"3124807";"Estrela do Sul (MG)";"Total";"3997";"1594";"103";"15";"-";"84";"230";"-";"-"
"MU";"3124906";"Eugenópolis (MG)";"Total";"5328";"3523";"123";"58";"-";"160";"487";"-";"-"
"MU";"3125002";"Ewbank da Câmara (MG)";"Total";"2105";"1068";"-";"-";"-";"109";"54";"-";"-"
"MU";"3125101";"Extrema (MG)";"Total";"26902";"11702";"635";"310";"10";"3073";"3588";"-";"-"
"MU";"3125200";"Fama (MG)";"Total";"1749";"385";"35";"51";"-";"69";"38";"-";"-"
"MU";"3125309";"Faria Lemos (MG)";"Total";"1690";"777";"7";"9";"-";"72";"242";"-";"-"
"MU";"3125408";"Felício dos Santos (MG)";"Total";"3672";"679";"6";"-";"-";"67";"106";"-";"11"
"MU";"3125507";"São Gonçalo do Rio Preto (MG)";"Total";"2369";"219";"27";"-";"-";"19";"116";"-";"-"
"MU";"3125606";"Felisburgo (MG)";"Total";"4079";"1334";"9";"-";"-";"56";"64";"-";"-"
"MU";"3125705";"Felixlândia (MG)";"Total";"10089";"1622";"119";"18";"-";"276";"460";"-";"-"
"MU";"3125804";"Fernandes Tourinho (MG)";"Total";"1565";"684";"-";"-";"-";"164";"81";"-";"-"
"MU";"3125903";"Ferros (MG)";"Total";"6838";"1525";"19";"5";"-";"29";"205";"-";"-"
"MU";"3125952";"Fervedouro (MG)";"Total";"5889";"2801";"18";"16";"-";"84";"318";"-";"26"
"MU";"3126000";"Florestal (MG)";"Total";"5046";"1361";"165";"22";"-";"163";"386";"-";"10"
"MU";"3126109";"Formiga (MG)";"Total";"44805";"12473";"868";"291";"9";"1054";"1806";"-";"73"
"MU";"3126208";"Formoso (MG)";"Total";"5083";"967";"150";"-";"-";"212";"323";"6";"17"
"MU";"3126307";"Fortaleza de Minas (MG)";"Total";"2515";"419";"13";"7";"-";"71";"61";"-";"-"
"MU";"3126406";"Fortuna de Minas (MG)";"Total";"2030";"435";"70";"14";"-";"69";"136";"-";"4"
"MU";"3126505";"Francisco Badaró (MG)";"Total";"6326";"322";"-";"-";"-";"-";"33";"-";"7"
"MU";"3126604";"Francisco Dumont (MG)";"Total";"2389";"1206";"19";"-";"-";"172";"129";"-";"7"
"MU";"3126703";"Francisco Sá (MG)";"Total";"15275";"4358";"60";"19";"-";"176";"804";"-";"21"
"MU";"3126752";"Franciscópolis (MG)";"Total";"3336";"949";"-";"6";"-";"108";"100";"-";"8"
"MU";"3126802";"Frei Gaspar (MG)";"Total";"3159";"1192";"8";"-";"-";"231";"271";"-";"-"
"MU";"3126901";"Frei Inocêncio (MG)";"Total";"4115";"2663";"5";"5";"-";"261";"174";"-";"-"
"MU";"3126950";"Frei Lagonegro (MG)";"Total";"2350";"561";"-";"-";"-";"14";"60";"-";"-"
"MU";"3127008";"Fronteira (MG)";"Total";"6041";"3672";"149";"45";"-";"437";"2366";"-";"-"
"MU";"3127057";"Fronteira dos Vales (MG)";"Total";"3102";"643";"-";"-";"-";"6";"61";"3";"4"
"MU";"3127073";"Fruta de Leite (MG)";"Total";"3275";"666";"4";"-";"3";"81";"32";"-";"4"
"MU";"3127107";"Frutal (MG)";"Total";"26353";"13812";"2914";"461";"-";"3101";"4496";"20";"51"
"MU";"3127206";"Funilândia (MG)";"Total";"2737";"1111";"57";"27";"-";"106";"115";"-";"-"
"MU";"3127305";"Galiléia (MG)";"Total";"2516";"2423";"3";"4";"-";"36";"392";"-";"4"
"MU";"3127339";"Gameleiras (MG)";"Total";"3398";"757";"3";"-";"-";"5";"19";"-";"-"
"MU";"3127354";"Glaucilândia (MG)";"Total";"2025";"521";"-";"-";"-";"8";"34";"-";"15"
"MU";"3127370";"Goiabeira (MG)";"Total";"1327";"1025";"9";"-";"-";"18";"79";"-";"20"
"MU";"3127388";"Goianá (MG)";"Total";"2529";"854";"52";"3";"-";"123";"98";"-";"-"
"MU";"3127404";"Gonçalves (MG)";"Total";"3316";"374";"104";"40";"-";"120";"277";"-";"-"
"MU";"3127503";"Gonzaga (MG)";"Total";"3183";"1238";"11";"-";"-";"49";"123";"-";"-"
"MU";"3127602";"Gouveia (MG)";"Total";"8008";"1690";"37";"7";"-";"105";"157";"-";"-"
"MU";"3127701";"Governador Valadares (MG)";"Total";"110051";"89943";"1625";"232";"44";"9348";"15338";"152";"180"
"MU";"3127800";"Grão Mogol (MG)";"Total";"8757";"2981";"-";"-";"-";"129";"256";"-";"-"
"MU";"3127909";"Grupiara (MG)";"Total";"744";"412";"20";"-";"-";"20";"66";"-";"-"
"MU";"3128006";"Guanhães (MG)";"Total";"20138";"5745";"402";"28";"-";"571";"1235";"-";"25"
"MU";"3128105";"Guapé (MG)";"Total";"10206";"1363";"102";"18";"-";"121";"343";"-";"28"
"MU";"3128204";"Guaraciaba (MG)";"Total";"8107";"652";"10";"-";"-";"10";"36";"-";"-"
"MU";"3128253";"Guaraciama (MG)";"Total";"3569";"717";"14";"-";"-";"38";"79";"-";"8"
"MU";"3128303";"Guaranésia (MG)";"Total";"12066";"3428";"224";"47";"-";"395";"752";"10";"8"
"MU";"3128402";"Guarani (MG)";"Total";"5156";"1129";"256";"19";"-";"66";"181";"-";"6"
"MU";"3128501";"Guarará (MG)";"Total";"1521";"884";"45";"14";"-";"133";"186";"-";"-"
"MU";"3128600";"Guarda-Mor (MG)";"Total";"4161";"1211";"58";"-";"-";"37";"207";"-";"-"
"MU";"3128709";"Guaxupé (MG)";"Total";"31125";"9771";"1570";"205";"-";"1215";"1370";"-";"68"
"MU";"3128808";"Guidoval (MG)";"Total";"4224";"1528";"118";"15";"-";"78";"367";"-";"2"
"MU";"3128907";"Guimarânia (MG)";"Total";"5928";"925";"37";"6";"-";"82";"368";"-";"-"
"MU";"3129004";"Guiricema (MG)";"Total";"5609";"1214";"29";"-";"-";"57";"182";"-";"-"
"MU";"3129103";"Gurinhatã (MG)";"Total";"3283";"903";"152";"10";"-";"225";"99";"-";"6"
"MU";"3129202";"Heliodora (MG)";"Total";"4620";"549";"20";"76";"-";"127";"89";"-";"8"
"MU";"3129301";"Iapu (MG)";"Total";"7036";"2255";"13";"35";"-";"132";"1196";"-";"28"
"MU";"3129400";"Ibertioga (MG)";"Total";"4137";"344";"25";"18";"-";"42";"60";"-";"-"
"MU";"3129509";"Ibiá (MG)";"Total";"13304";"3892";"584";"104";"-";"500";"876";"-";"30"
"MU";"3129608";"Ibiaí (MG)";"Total";"4157";"970";"-";"18";"-";"217";"33";"-";"37"
"MU";"3129657";"Ibiracatu (MG)";"Total";"3577";"799";"-";"-";"-";"-";"50";"-";"-"
"MU";"3129707";"Ibiraci (MG)";"Total";"7520";"1238";"317";"10";"-";"111";"136";"-";"39"
"MU";"3129806";"Ibirité (MG)";"Total";"62700";"62040";"811";"516";"21";"9294";"11967";"71";"148"
"MU";"3129905";"Ibitiúra de Minas (MG)";"Total";"1997";"902";"10";"-";"-";"8";"95";"-";"-"
"MU";"3130002";"Ibituruna (MG)";"Total";"2013";"328";"4";"-";"-";"63";"10";"-";"-"
"MU";"3130051";"Icaraí de Minas (MG)";"Total";"7544";"1455";"-";"4";"-";"129";"142";"-";"5"
"MU";"3130101";"Igarapé (MG)";"Total";"17855";"15042";"504";"115";"12";"2047";"3762";"-";"38"
"MU";"3130200";"Igaratinga (MG)";"Total";"7255";"1747";"60";"16";"-";"155";"174";"-";"-"
"MU";"3130309";"Iguatama (MG)";"Total";"4702";"1090";"30";"12";"-";"48";"163";"-";"-"
"MU";"3130408";"Ijaci (MG)";"Total";"4225";"1189";"163";"13";"-";"203";"398";"-";"6"
"MU";"3130507";"Ilicínea (MG)";"Total";"9498";"1442";"27";"4";"-";"111";"148";"-";"-"
"MU";"3130556";"Imbé de Minas (MG)";"Total";"4665";"1238";"3";"-";"-";"50";"126";"-";"-"
"MU";"3130606";"Inconfidentes (MG)";"Total";"5516";"867";"33";"17";"-";"67";"108";"9";"-"
"MU";"3130655";"Indaiabira (MG)";"Total";"4210";"1150";"2";"-";"-";"44";"179";"-";"-"
"MU";"3130705";"Indianópolis (MG)";"Total";"3806";"933";"188";"11";"-";"91";"300";"-";"4"
"MU";"3130804";"Ingaí (MG)";"Total";"2026";"207";"13";"20";"-";"27";"14";"-";"11"
"MU";"3130903";"Inhapim (MG)";"Total";"16289";"3322";"32";"10";"-";"148";"492";"-";"26"
"MU";"3131000";"Inhaúma (MG)";"Total";"4016";"1170";"56";"6";"-";"79";"212";"-";"-"
"MU";"3131109";"Inimutaba (MG)";"Total";"5203";"1124";"25";"9";"-";"46";"132";"7";"-"
"MU";"3131158";"Ipaba (MG)";"Total";"5750";"6761";"34";"-";"-";"361";"2111";"4";"18"
"MU";"3131208";"Ipanema (MG)";"Total";"10267";"5404";"119";"39";"-";"303";"1070";"-";"7"
"MU";"3131307";"Ipatinga (MG)";"Total";"87334";"87122";"1716";"267";"34";"8642";"15808";"97";"200"
"MU";"3131406";"Ipiaçu (MG)";"Total";"2400";"657";"49";"-";"-";"94";"162";"-";"-"
"MU";"3131505";"Ipuiúna (MG)";"Total";"6255";"1599";"31";"29";"-";"147";"125";"-";"-"
"MU";"3131604";"Iraí de Minas (MG)";"Total";"4418";"1423";"29";"3";"4";"95";"155";"-";"5"
"MU";"3131703";"Itabira (MG)";"Total";"70830";"22381";"485";"298";"11";"2766";"3067";"-";"38"
"MU";"3131802";"Itabirinha (MG)";"Total";"4628";"3508";"-";"5";"-";"162";"755";"-";"52"
"MU";"3131901";"Itabirito (MG)";"Total";"33966";"8769";"751";"145";"33";"961";"1957";"-";"28"
"MU";"3132008";"Itacambira (MG)";"Total";"3188";"578";"-";"-";"-";"10";"10";"-";"-"
"MU";"3132107";"Itacarambi (MG)";"Total";"8825";"4007";"3";"-";"-";"613";"1312";"-";"50"
"MU";"3132206";"Itaguara (MG)";"Total";"9361";"2112";"286";"78";"-";"146";"281";"-";"-"
"MU";"3132305";"Itaipé (MG)";"Total";"6733";"1859";"4";"-";"-";"43";"193";"15";"10"
"MU";"3132404";"Itajubá (MG)";"Total";"53311";"22218";"1055";"246";"27";"1489";"3615";"10";"143"
"MU";"3132503";"Itamarandiba (MG)";"Total";"21167";"6278";"115";"10";"-";"301";"651";"7";"19"
"MU";"3132602";"Itamarati de Minas (MG)";"Total";"2042";"911";"51";"5";"-";"64";"191";"-";"12"
"MU";"3132701";"Itambacuri (MG)";"Total";"13901";"3526";"68";"21";"-";"261";"431";"20";"51"
"MU";"3132800";"Itambé do Mato Dentro (MG)";"Total";"1649";"236";"5";"2";"-";"8";"35";"-";"-"
"MU";"3132909";"Itamogi (MG)";"Total";"7221";"1681";"138";"34";"-";"196";"241";"-";"-"
"MU";"3133006";"Itamonte (MG)";"Total";"9338";"2754";"31";"5";"-";"304";"638";"5";"6"
"MU";"3133105";"Itanhandu (MG)";"Total";"10623";"2217";"121";"54";"6";"192";"352";"-";"12"
"MU";"3133204";"Itanhomi (MG)";"Total";"6802";"2628";"14";"11";"-";"119";"221";"-";"14"
"MU";"3133303";"Itaobim (MG)";"Total";"11778";"3942";"65";"20";"-";"197";"802";"35";"10"
"MU";"3133402";"Itapagipe (MG)";"Total";"8695";"2088";"350";"77";"-";"271";"729";"-";"16"
"MU";"3133501";"Itapecerica (MG)";"Total";"16788";"1666";"135";"12";"-";"231";"215";"-";"48"
"MU";"3133600";"Itapeva (MG)";"Total";"6715";"3250";"89";"43";"6";"441";"505";"-";"-"
"MU";"3133709";"Itatiaiuçu (MG)";"Total";"7952";"2468";"104";"17";"-";"270";"513";"2";"5"
"MU";"3133758";"Itaú de Minas (MG)";"Total";"8370";"3544";"78";"28";"-";"489";"300";"-";"6"
"MU";"3133808";"Itaúna (MG)";"Total";"64663";"16715";"926";"225";"-";"1654";"2600";"5";"65"
"MU";"3133907";"Itaverava (MG)";"Total";"4448";"451";"20";"5";"-";"68";"40";"-";"-"
"MU";"3134004";"Itinga (MG)";"Total";"9848";"1747";"-";"10";"-";"112";"342";"-";"12"
"MU";"3134103";"Itueta (MG)";"Total";"2397";"2320";"126";"8";"-";"105";"308";"-";"3"
"MU";"3134202";"Ituiutaba (MG)";"Total";"59170";"18047";"4226";"890";"-";"2114";"5537";"-";"74"
"MU";"3134301";"Itumirim (MG)";"Total";"5270";"476";"11";"4";"-";"76";"37";"-";"11"
"MU";"3134400";"Iturama (MG)";"Total";"22887";"6779";"463";"201";"-";"1173";"1672";"8";"26"
"MU";"3134509";"Itutinga (MG)";"Total";"3023";"522";"46";"-";"-";"77";"92";"-";"-"
"MU";"3134608";"Jaboticatubas (MG)";"Total";"12073";"4701";"180";"60";"-";"327";"757";"-";"23"
"MU";"3134707";"Jacinto (MG)";"Total";"6691";"2223";"101";"34";"-";"155";"586";"5";"4"
"MU";"3134806";"Jacuí (MG)";"Total";"5557";"813";"37";"6";"-";"105";"95";"-";"3"
"MU";"3134905";"Jacutinga (MG)";"Total";"13628";"7538";"39";"66";"8";"582";"626";"-";"-"
"MU";"3135001";"Jaguaraçu (MG)";"Total";"1464";"953";"21";"-";"-";"106";"189";"-";"-"
"MU";"3135050";"Jaíba (MG)";"Total";"20887";"8885";"-";"-";"10";"517";"835";"-";"117"
"MU";"3135076";"Jampruca (MG)";"Total";"2518";"1121";"-";"-";"-";"19";"124";"-";"-"
"MU";"3135100";"Janaúba (MG)";"Total";"45280";"11661";"174";"117";"-";"1547";"1983";"38";"204"
"MU";"3135209";"Januária (MG)";"Total";"42346";"10092";"362";"98";"-";"1482";"1080";"20";"71"
"MU";"3135308";"Japaraíba (MG)";"Total";"3445";"394";"14";"-";"-";"29";"13";"-";"-"
"MU";"3135357";"Japonvar (MG)";"Total";"6040";"931";"3";"7";"-";"33";"77";"-";"-"
"MU";"3135407";"Jeceaba (MG)";"Total";"4672";"711";"15";"-";"-";"56";"52";"-";"3"
"MU";"3135456";"Jenipapo de Minas (MG)";"Total";"4482";"658";"-";"7";"-";"90";"75";"-";"-"
"MU";"3135506";"Jequeri (MG)";"Total";"8815";"1922";"23";"13";"-";"90";"148";"-";"5"
"MU";"3135605";"Jequitaí (MG)";"Total";"3976";"1177";"6";"-";"-";"183";"362";"-";"9"
"MU";"3135704";"Jequitibá (MG)";"Total";"3728";"1159";"50";"3";"-";"167";"138";"-";"4"
"MU";"3135803";"Jequitinhonha (MG)";"Total";"15075";"4482";"57";"112";"-";"268";"1007";"18";"-"
"MU";"3135902";"Jesuânia (MG)";"Total";"3440";"913";"16";"4";"-";"34";"104";"-";"-"
"MU";"3136009";"Joaíma (MG)";"Total";"8024";"3141";"16";"-";"-";"183";"558";"-";"3"
"MU";"3136108";"Joanésia (MG)";"Total";"2591";"1099";"-";"3";"-";"144";"102";"-";"-"
"MU";"3136207";"João Monlevade (MG)";"Total";"46417";"19123";"962";"188";"-";"1371";"2919";"7";"16"
"MU";"3136306";"João Pinheiro (MG)";"Total";"32298";"7488";"188";"70";"-";"325";"420";"-";"38"
"MU";"3136405";"Joaquim Felício (MG)";"Total";"2311";"797";"10";"9";"-";"126";"130";"-";"3"
"MU";"3136504";"Jordânia (MG)";"Total";"5360";"2628";"8";"-";"-";"449";"545";"-";"18"
"MU";"3136520";"José Gonçalves de Minas (MG)";"Total";"2901";"501";"3";"-";"-";"22";"44";"-";"-"
"MU";"3136553";"José Raydan (MG)";"Total";"2792";"806";"-";"-";"-";"35";"107";"-";"-"
"MU";"3136579";"Josenópolis (MG)";"Total";"2486";"607";"-";"3";"-";"27";"64";"-";"-"
"MU";"3136603";"Nova União (MG)";"Total";"3537";"1449";"33";"6";"-";"86";"53";"-";"-"
"MU";"3136652";"Juatuba (MG)";"Total";"14319";"8961";"250";"103";"24";"1125";"1704";"8";"62"
"MU";"3136702";"Juiz de Fora (MG)";"Total";"276003";"122933";"25685";"5735";"-";"17593";"37529";"214";"245"
"MU";"3136801";"Juramento (MG)";"Total";"2503";"681";"7";"-";"-";"108";"23";"10";"-"
"MU";"3136900";"Juruaia (MG)";"Total";"7024";"2377";"26";"6";"-";"102";"169";"-";"6"
"MU";"3136959";"Juvenília (MG)";"Total";"3479";"1151";"-";"-";"-";"36";"336";"-";"4"
"MU";"3137007";"Ladainha (MG)";"Total";"9459";"2344";"49";"15";"98";"156";"383";"-";"-"
"MU";"3137106";"Lagamar (MG)";"Total";"4620";"1218";"16";"-";"-";"26";"120";"-";"-"
"MU";"3137205";"Lagoa da Prata (MG)";"Total";"33600";"9605";"273";"48";"-";"733";"1197";"-";"3"
"MU";"3137304";"Lagoa dos Patos (MG)";"Total";"2235";"481";"4";"-";"-";"42";"114";"-";"-"
"MU";"3137403";"Lagoa Dourada (MG)";"Total";"10172";"774";"68";"8";"-";"24";"148";"-";"5"
"MU";"3137502";"Lagoa Formosa (MG)";"Total";"14064";"1958";"86";"58";"-";"201";"364";"-";"110"
"MU";"3137536";"Lagoa Grande (MG)";"Total";"6519";"997";"100";"22";"-";"70";"149";"-";"4"
"MU";"3137601";"Lagoa Santa (MG)";"Total";"35882";"20672";"2296";"378";"-";"2734";"3791";"24";"8"
"MU";"3137700";"Lajinha (MG)";"Total";"9905";"6646";"53";"14";"-";"186";"1176";"-";"9"
"MU";"3137809";"Lambari (MG)";"Total";"11885";"4491";"231";"142";"-";"772";"732";"-";"10"
"MU";"3137908";"Lamim (MG)";"Total";"2739";"134";"8";"-";"-";"7";"-";"-";"6"
"MU";"3138005";"Laranjal (MG)";"Total";"4453";"648";"37";"4";"-";"52";"183";"-";"-"
"MU";"3138104";"Lassance (MG)";"Total";"4490";"1134";"34";"9";"-";"76";"464";"33";"-"
"MU";"3138203";"Lavras (MG)";"Total";"62667";"18261";"2614";"567";"21";"3143";"5362";"-";"60"
"MU";"3138302";"Leandro Ferreira (MG)";"Total";"2326";"326";"7";"-";"-";"53";"112";"-";"-"
"MU";"3138351";"Leme do Prado (MG)";"Total";"2974";"750";"-";"-";"-";"31";"67";"-";"-"
"MU";"3138401";"Leopoldina (MG)";"Total";"27461";"11051";"1521";"799";"-";"1331";"2933";"14";"76"
"MU";"3138500";"Liberdade (MG)";"Total";"3672";"542";"32";"10";"3";"26";"45";"-";"-"
"MU";"3138609";"Lima Duarte (MG)";"Total";"11771";"2405";"202";"54";"-";"248";"662";"-";"13"
"MU";"3138625";"Limeira do Oeste (MG)";"Total";"5423";"1544";"80";"11";"-";"136";"305";"-";"6"
"MU";"3138658";"Lontra (MG)";"Total";"5749";"1489";"12";"-";"-";"109";"225";"-";"-"
"MU";"3138674";"Luisburgo (MG)";"Total";"3813";"1721";"24";"-";"-";"83";"320";"-";"-"
"MU";"3138682";"Luislândia (MG)";"Total";"4624";"640";"6";"-";"-";"31";"74";"3";"-"
"MU";"3138708";"Luminárias (MG)";"Total";"4085";"400";"326";"3";"-";"48";"159";"-";"3"
"MU";"3138807";"Luz (MG)";"Total";"13113";"2314";"89";"7";"-";"231";"214";"-";"12"
"MU";"3138906";"Machacalis (MG)";"Total";"4086";"1409";"7";"-";"-";"65";"137";"3";"2"
"MU";"3139003";"Machado (MG)";"Total";"23678";"7612";"297";"92";"9";"745";"696";"-";"126"
"MU";"3139102";"Madre de Deus de Minas (MG)";"Total";"4175";"342";"26";"-";"-";"46";"38";"-";"-"
"MU";"3139201";"Malacacheta (MG)";"Total";"11851";"2471";"86";"9";"-";"253";"706";"4";"-"
"MU";"3139250";"Mamonas (MG)";"Total";"4888";"440";"5";"3";"-";"12";"35";"-";"-"
"MU";"3139300";"Manga (MG)";"Total";"12044";"3262";"21";"18";"-";"318";"493";"-";"73"
"MU";"3139409";"Manhuaçu (MG)";"Total";"46300";"25825";"829";"101";"-";"2720";"3363";"17";"195"
"MU";"3139508";"Manhumirim (MG)";"Total";"11405";"5254";"234";"34";"-";"280";"853";"-";"6"
"MU";"3139607";"Mantena (MG)";"Total";"9321";"10764";"-";"-";"-";"610";"2630";"-";"26"
"MU";"3139706";"Maravilhas (MG)";"Total";"5706";"680";"27";"-";"-";"62";"53";"-";"-"
"MU";"3139805";"Mar de Espanha (MG)";"Total";"7012";"2931";"126";"155";"-";"234";"686";"-";"28"
"MU";"3139904";"Maria da Fé (MG)";"Total";"10728";"1416";"40";"32";"-";"125";"118";"-";"5"
"MU";"3140001";"Mariana (MG)";"Total";"37408";"10912";"548";"141";"-";"1160";"3066";"98";"10"
"MU";"3140100";"Marilac (MG)";"Total";"2714";"740";"-";"3";"-";"83";"69";"-";"86"
"MU";"3140159";"Mário Campos (MG)";"Total";"6125";"5738";"111";"62";"16";"873";"703";"-";"10"
"MU";"3140209";"Maripá de Minas (MG)";"Total";"1926";"776";"72";"30";"8";"93";"104";"-";"-"
"MU";"3140308";"Marliéria (MG)";"Total";"1985";"1529";"7";"-";"-";"120";"400";"-";"-"
"MU";"3140407";"Marmelópolis (MG)";"Total";"2108";"541";"6";"3";"-";"41";"96";"-";"-"
"MU";"3140506";"Martinho Campos (MG)";"Total";"8939";"2305";"143";"46";"-";"211";"540";"-";"15"
"MU";"3140530";"Martins Soares (MG)";"Total";"4265";"2443";"10";"5";"-";"47";"422";"-";"-"
"MU";"3140555";"Mata Verde (MG)";"Total";"4596";"2263";"30";"10";"-";"288";"855";"-";"6"
"MU";"3140605";"Materlândia (MG)";"Total";"2883";"539";"-";"9";"-";"39";"32";"-";"-"
"MU";"3140704";"Mateus Leme (MG)";"Total";"18206";"10983";"436";"166";"-";"1661";"1316";"-";"20"
"MU";"3140803";"Matias Barbosa (MG)";"Total";"7912";"2707";"340";"120";"-";"867";"669";"-";"9"
"MU";"3140852";"Matias Cardoso (MG)";"Total";"5404";"1843";"9";"10";"-";"137";"97";"-";"-"
"MU";"3140902";"Matipó (MG)";"Total";"9720";"4724";"39";"39";"-";"242";"1058";"-";"34"
"MU";"3141009";"Mato Verde (MG)";"Total";"8864";"1374";"91";"5";"-";"88";"179";"-";"20"
"MU";"3141108";"Matozinhos (MG)";"Total";"19711";"9848";"432";"122";"-";"1135";"1502";"17";"187"
"MU";"3141207";"Matutina (MG)";"Total";"2878";"388";"34";"3";"-";"19";"71";"-";"-"
"MU";"3141306";"Medeiros (MG)";"Total";"2867";"340";"50";"-";"-";"64";"77";"-";"-"
"MU";"3141405";"Medina (MG)";"Total";"13610";"3109";"118";"9";"-";"267";"527";"-";"-"
"MU";"3141504";"Mendes Pimentel (MG)";"Total";"2863";"1881";"3";"-";"-";"55";"213";"-";"6"
"MU";"3141603";"Mercês (MG)";"Total";"8272";"568";"54";"236";"-";"95";"124";"-";"18"
"MU";"3141702";"Mesquita (MG)";"Total";"2950";"1222";"-";"14";"-";"59";"220";"-";"-"
"MU";"3141801";"Minas Novas (MG)";"Total";"16292";"3778";"21";"38";"-";"793";"490";"-";"-"
"MU";"3141900";"Minduri (MG)";"Total";"2290";"906";"14";"15";"-";"44";"76";"8";"-"
"MU";"3142007";"Mirabela (MG)";"Total";"7641";"3713";"10";"-";"-";"185";"347";"-";"35"
"MU";"3142106";"Miradouro (MG)";"Total";"6272";"1570";"37";"6";"-";"60";"63";"-";"14"
"MU";"3142205";"Miraí (MG)";"Total";"7347";"4167";"72";"37";"-";"114";"329";"-";"-"
"MU";"3142254";"Miravânia (MG)";"Total";"2746";"661";"-";"-";"-";"13";"31";"-";"-"
"MU";"3142304";"Moeda (MG)";"Total";"3334";"800";"26";"-";"3";"137";"245";"-";"7"
"MU";"3142403";"Moema (MG)";"Total";"5493";"776";"186";"3";"-";"108";"174";"-";"4"
"MU";"3142502";"Monjolos (MG)";"Total";"1518";"311";"5";"-";"-";"14";"104";"-";"2"
"MU";"3142601";"Monsenhor Paulo (MG)";"Total";"5780";"1307";"30";"84";"-";"149";"58";"-";"-"
"MU";"3142700";"Montalvânia (MG)";"Total";"10325";"1558";"7";"21";"-";"59";"277";"-";"8"
"MU";"3142809";"Monte Alegre de Minas (MG)";"Total";"10469";"3877";"1181";"100";"9";"472";"1588";"-";"26"
"MU";"3142908";"Monte Azul (MG)";"Total";"14143";"3520";"38";"9";"-";"81";"229";"-";"-"
"MU";"3143005";"Monte Belo (MG)";"Total";"9741";"1677";"16";"17";"-";"111";"135";"-";"-"
"MU";"3143104";"Monte Carmelo (MG)";"Total";"26765";"11303";"1111";"119";"-";"1026";"1690";"-";"29"
"MU";"3143153";"Monte Formoso (MG)";"Total";"2718";"904";"-";"-";"-";"8";"174";"-";"-"
"MU";"3143203";"Monte Santo de Minas (MG)";"Total";"13220";"3292";"648";"79";"-";"606";"661";"-";"13"
"MU";"3143302";"Montes Claros (MG)";"Total";"224850";"103657";"3281";"975";"10";"10604";"16040";"113";"146"
"MU";"3143401";"Monte Sião (MG)";"Total";"15675";"4645";"221";"26";"19";"355";"481";"-";"-"
"MU";"3143450";"Montezuma (MG)";"Total";"4946";"887";"22";"8";"-";"63";"93";"-";"3"
"MU";"3143500";"Morada Nova de Minas (MG)";"Total";"5398";"1567";"85";"68";"-";"307";"552";"5";"-"
"MU";"3143609";"Morro da Garça (MG)";"Total";"1742";"271";"1";"-";"-";"15";"104";"2";"-"
"MU";"3143708";"Morro do Pilar (MG)";"Total";"2532";"223";"-";"-";"-";"32";"3";"-";"3"
"MU";"3143807";"Munhoz (MG)";"Total";"4354";"1715";"9";"17";"-";"151";"222";"-";"9"
"MU";"3143906";"Muriaé (MG)";"Total";"48994";"32750";"809";"155";"12";"3134";"6033";"-";"57"
"MU";"3144003";"Mutum (MG)";"Total";"13032";"8303";"101";"40";"-";"285";"2234";"-";"42"
"MU";"3144102";"Muzambinho (MG)";"Total";"14745";"2986";"478";"126";"-";"524";"581";"-";"-"
"MU";"3144201";"Nacip Raydan (MG)";"Total";"1455";"591";"-";"-";"-";"12";"124";"-";"-"
"MU";"3144300";"Nanuque (MG)";"Total";"15542";"10611";"200";"26";"-";"1266";"2996";"-";"57"
"MU";"3144359";"Naque (MG)";"Total";"2182";"1812";"-";"-";"-";"530";"828";"2";"3"
"MU";"3144375";"Natalândia (MG)";"Total";"2251";"635";"14";"-";"-";"39";"115";"-";"3"
"MU";"3144409";"Natércia (MG)";"Total";"3760";"335";"18";"11";"-";"48";"90";"-";"-"
"MU";"3144508";"Nazareno (MG)";"Total";"6137";"938";"27";"-";"-";"110";"62";"-";"-"
"MU";"3144607";"Nepomuceno (MG)";"Total";"17622";"3665";"60";"30";"-";"300";"465";"-";"-"
"MU";"3144656";"Ninheira (MG)";"Total";"7152";"1852";"-";"-";"-";"120";"234";"-";"13"
"MU";"3144672";"Nova Belém (MG)";"Total";"1458";"1038";"-";"-";"-";"17";"222";"-";"21"
"MU";"3144706";"Nova Era (MG)";"Total";"9956";"4374";"100";"13";"-";"298";"567";"-";"-"
"MU";"3144805";"Nova Lima (MG)";"Total";"60958";"21882";"2500";"498";"12";"4494";"7445";"33";"96"
"MU";"3144904";"Nova Módica (MG)";"Total";"2116";"902";"5";"-";"-";"27";"170";"-";"-"
"MU";"3145000";"Nova Ponte (MG)";"Total";"7002";"3553";"262";"31";"-";"361";"1393";"-";"17"
"MU";"3145059";"Nova Porteirinha (MG)";"Total";"4692";"914";"3";"-";"-";"60";"89";"-";"15"
"MU";"3145109";"Nova Resende (MG)";"Total";"11445";"2489";"120";"59";"-";"131";"140";"-";"23"
"MU";"3145208";"Nova Serrana (MG)";"Total";"51838";"27686";"553";"200";"-";"2953";"5662";"45";"-"
"MU";"3145307";"Novo Cruzeiro (MG)";"Total";"18666";"3947";"31";"10";"-";"351";"422";"-";"-"
"MU";"3145356";"Novo Oriente de Minas (MG)";"Total";"5903";"2559";"4";"-";"-";"66";"335";"-";"-"
"MU";"3145372";"Novorizonte (MG)";"Total";"3048";"873";"-";"3";"-";"3";"79";"-";"-"
"MU";"3145406";"Olaria (MG)";"Total";"1493";"195";"13";"6";"-";"13";"31";"-";"-"
"MU";"3145455";"Olhos-d'Água (MG)";"Total";"2495";"1090";"6";"4";"-";"817";"188";"6";"-"
"MU";"3145505";"Olímpio Noronha (MG)";"Total";"1853";"322";"6";"4";"-";"61";"27";"-";"-"
"MU";"3145604";"Oliveira (MG)";"Total";"29190";"4242";"430";"215";"-";"355";"842";"-";"12"
"MU";"3145703";"Oliveira Fortes (MG)";"Total";"1582";"140";"3";"-";"-";"15";"36";"-";"-"
"MU";"3145802";"Onça de Pitangui (MG)";"Total";"2142";"402";"29";"-";"-";"19";"32";"-";"-"
"MU";"3145851";"Oratórios (MG)";"Total";"2901";"1172";"5";"-";"-";"43";"205";"-";"-"
"MU";"3145877";"Orizânia (MG)";"Total";"4577";"2342";"-";"-";"-";"81";"215";"-";"3"
"MU";"3145901";"Ouro Branco (MG)";"Total";"22345";"7794";"676";"81";"-";"1063";"1693";"-";"23"
"MU";"3146008";"Ouro Fino (MG)";"Total";"19547";"7401";"280";"101";"-";"573";"882";"-";"15"
"MU";"3146107";"Ouro Preto (MG)";"Total";"51478";"8383";"697";"293";"27";"1273";"4028";"-";"61"
"MU";"3146206";"Ouro Verde de Minas (MG)";"Total";"2812";"1597";"-";"22";"-";"99";"357";"6";"91"
"MU";"3146255";"Padre Carvalho (MG)";"Total";"3584";"720";"-";"3";"-";"23";"9";"-";"11"
"MU";"3146305";"Padre Paraíso (MG)";"Total";"9711";"4445";"22";"8";"-";"223";"430";"-";"19"
"MU";"3146404";"Paineiras (MG)";"Total";"2768";"786";"109";"-";"-";"40";"114";"-";"25"
"MU";"3146503";"Pains (MG)";"Total";"6238";"947";"50";"5";"-";"39";"54";"-";"-"
"MU";"3146552";"Pai Pedro (MG)";"Total";"3783";"896";"-";"-";"-";"20";"156";"-";"-"
"MU";"3146602";"Paiva (MG)";"Total";"1160";"106";"10";"-";"-";"10";"42";"-";"-"
"MU";"3146701";"Palma (MG)";"Total";"3820";"932";"13";"16";"-";"41";"266";"-";"24"
"MU";"3146750";"Palmópolis (MG)";"Total";"4114";"1198";"-";"-";"-";"133";"106";"-";"-"
"MU";"3146909";"Papagaios (MG)";"Total";"10692";"1085";"17";"39";"-";"158";"183";"-";"-"
"MU";"3147006";"Paracatu (MG)";"Total";"51737";"21223";"2331";"197";"-";"1537";"3944";"58";"1"
"MU";"3147105";"Pará de Minas (MG)";"Total";"66063";"13939";"1078";"213";"-";"2088";"2358";"15";"28"
"MU";"3147204";"Paraguaçu (MG)";"Total";"15753";"2601";"123";"38";"-";"329";"281";"-";"-"
"MU";"3147303";"Paraisópolis (MG)";"Total";"15325";"1610";"99";"49";"-";"553";"647";"-";"-"
"MU";"3147402";"Paraopeba (MG)";"Total";"15603";"4255";"172";"5";"-";"493";"642";"-";"7"
"MU";"3147501";"Passabém (MG)";"Total";"1206";"215";"-";"-";"2";"4";"5";"-";"-"
"MU";"3147600";"Passa Quatro (MG)";"Total";"10800";"1854";"57";"32";"-";"305";"762";"-";"5"
"MU";"3147709";"Passa Tempo (MG)";"Total";"6778";"710";"50";"4";"10";"87";"50";"-";"-"
"MU";"3147808";"Passa Vinte (MG)";"Total";"1572";"364";"11";"8";"-";"11";"33";"-";"-"
"MU";"3147907";"Passos (MG)";"Total";"69097";"21032";"1818";"528";"-";"2663";"2910";"30";"82"
"MU";"3147956";"Patis (MG)";"Total";"2974";"1148";"-";"-";"-";"3";"114";"-";"-"
"MU";"3148004";"Patos de Minas (MG)";"Total";"100664";"26742";"2830";"690";"19";"5379";"4842";"31";"95"
"MU";"3148103";"Patrocínio (MG)";"Total";"53595";"18603";"1622";"166";"-";"1366";"2976";"30";"60"
"MU";"3148202";"Patrocínio do Muriaé (MG)";"Total";"3504";"1086";"59";"3";"-";"123";"151";"6";"-"
"MU";"3148301";"Paula Cândido (MG)";"Total";"6298";"1109";"32";"-";"-";"87";"195";"-";"16"
"MU";"3148400";"Paulistas (MG)";"Total";"3266";"485";"20";"5";"-";"22";"56";"-";"-"
"MU";"3148509";"Pavão (MG)";"Total";"4992";"1142";"36";"31";"-";"107";"671";"5";"40"
"MU";"3148608";"Peçanha (MG)";"Total";"12312";"2759";"27";"10";"-";"74";"233";"-";"4"
"MU";"3148707";"Pedra Azul (MG)";"Total";"15396";"4233";"197";"130";"-";"555";"796";"-";"-"
"MU";"3148756";"Pedra Bonita (MG)";"Total";"3403";"2312";"3";"-";"3";"30";"518";"-";"-"
"MU";"3148806";"Pedra do Anta (MG)";"Total";"2309";"558";"-";"-";"-";"41";"100";"-";"-"
"MU";"3148905";"Pedra do Indaiá (MG)";"Total";"3282";"365";"5";"2";"-";"4";"49";"-";"-"
"MU";"3149002";"Pedra Dourada (MG)";"Total";"1469";"679";"7";"-";"-";"81";"201";"-";"-"
"MU";"3149101";"Pedralva (MG)";"Total";"8604";"640";"58";"4";"-";"70";"174";"-";"23"
"MU";"3149150";"Pedras de Maria da Cruz (MG)";"Total";"6454";"2099";"-";"10";"-";"41";"320";"-";"24"
"MU";"3149200";"Pedrinópolis (MG)";"Total";"2343";"437";"60";"-";"-";"20";"99";"-";"-"
"MU";"3149309";"Pedro Leopoldo (MG)";"Total";"31585";"15822";"2524";"198";"-";"2673";"2075";"24";"363"
"MU";"3149408";"Pedro Teixeira (MG)";"Total";"1323";"229";"14";"-";"-";"13";"71";"-";"-"
"MU";"3149507";"Pequeri (MG)";"Total";"1740";"897";"29";"11";"-";"54";"239";"-";"-"
"MU";"3149606";"Pequi (MG)";"Total";"2719";"737";"23";"17";"-";"39";"102";"-";"-"
"MU";"3149705";"Perdigão (MG)";"Total";"7432";"2497";"29";"11";"-";"116";"391";"-";"-"
"MU";"3149804";"Perdizes (MG)";"Total";"9707";"2406";"1388";"169";"-";"321";"621";"-";"-"
"MU";"3149903";"Perdões (MG)";"Total";"13308";"4821";"122";"40";"-";"322";"299";"-";"-"
"MU";"3149952";"Periquito (MG)";"Total";"2033";"2542";"-";"-";"-";"57";"981";"-";"-"
"MU";"3150000";"Pescador (MG)";"Total";"2428";"584";"6";"-";"-";"13";"90";"-";"3"
"MU";"3150109";"Piau (MG)";"Total";"2025";"330";"7";"-";"-";"116";"49";"-";"-"
"MU";"3150158";"Piedade de Caratinga (MG)";"Total";"4332";"2492";"18";"-";"-";"58";"479";"-";"5"
"MU";"3150208";"Piedade de Ponte Nova (MG)";"Total";"2525";"859";"-";"-";"-";"25";"58";"-";"-"
"MU";"3150307";"Piedade do Rio Grande (MG)";"Total";"3689";"326";"-";"-";"-";"28";"69";"-";"-"
"MU";"3150406";"Piedade dos Gerais (MG)";"Total";"3769";"566";"6";"-";"-";"86";"96";"-";"-"
"MU";"3150505";"Pimenta (MG)";"Total";"6439";"695";"125";"10";"-";"107";"268";"-";"-"
"MU";"3150539";"Pingo-d'Água (MG)";"Total";"2185";"1424";"-";"-";"-";"29";"453";"-";"4"
"MU";"3150570";"Pintópolis (MG)";"Total";"5265";"688";"6";"-";"-";"56";"68";"-";"-"
"MU";"3150604";"Piracema (MG)";"Total";"4874";"956";"23";"6";"-";"113";"85";"-";"-"
"MU";"3150703";"Pirajuba (MG)";"Total";"3251";"898";"287";"22";"-";"107";"214";"-";"-"
"MU";"3150802";"Piranga (MG)";"Total";"13535";"1429";"11";"42";"-";"29";"147";"-";"6"
"MU";"3150901";"Piranguçu (MG)";"Total";"4655";"591";"11";"6";"-";"28";"97";"-";"-"
"MU";"3151008";"Piranguinho (MG)";"Total";"6323";"1209";"105";"54";"-";"151";"107";"-";"13"
"MU";"3151107";"Pirapetinga (MG)";"Total";"5108";"3566";"89";"66";"-";"101";"806";"4";"7"
"MU";"3151206";"Pirapora (MG)";"Total";"28497";"14706";"477";"249";"4";"1180";"2704";"55";"35"
"MU";"3151305";"Piraúba (MG)";"Total";"7699";"1864";"200";"43";"-";"177";"363";"-";"28"
"MU";"3151404";"Pitangui (MG)";"Total";"17840";"4748";"164";"18";"-";"205";"440";"-";"-"
"MU";"3151503";"Piumhi (MG)";"Total";"22341";"6905";"946";"57";"-";"982";"815";"-";"24"
"MU";"3151602";"Planura (MG)";"Total";"4793";"3295";"212";"110";"-";"225";"1059";"12";"38"
"MU";"3151701";"Poço Fundo (MG)";"Total";"12807";"1442";"77";"49";"-";"138";"248";"-";"4"
"MU";"3151800";"Poços de Caldas (MG)";"Total";"88006";"38607";"3616";"1493";"20";"5928";"8518";"11";"205"
"MU";"3151909";"Pocrane (MG)";"Total";"4500";"2433";"17";"-";"-";"78";"390";"-";"-"
"MU";"3152006";"Pompéu (MG)";"Total";"20071";"4137";"689";"166";"9";"207";"1599";"-";"58"
"MU";"3152105";"Ponte Nova (MG)";"Total";"35996";"10945";"881";"256";"-";"1460";"1442";"541";"81"
"MU";"3152131";"Ponto Chique (MG)";"Total";"2456";"579";"15";"-";"-";"46";"97";"-";"-"
"MU";"3152170";"Ponto dos Volantes (MG)";"Total";"7110";"2045";"4";"7";"-";"58";"222";"-";"-"
"MU";"3152204";"Porteirinha (MG)";"Total";"25628";"5925";"160";"31";"11";"423";"884";"-";"35"
"MU";"3152303";"Porto Firme (MG)";"Total";"8150";"1005";"30";"10";"-";"48";"314";"-";"-"
"MU";"3152402";"Poté (MG)";"Total";"8338";"2739";"21";"27";"-";"313";"580";"-";"18"
"MU";"3152501";"Pouso Alegre (MG)";"Total";"86900";"30852";"3025";"1681";"13";"4762";"6915";"10";"48"
"MU";"3152600";"Pouso Alto (MG)";"Total";"4497";"1149";"27";"-";"-";"129";"79";"-";"-"
"MU";"3152709";"Prados (MG)";"Total";"7264";"508";"35";"44";"-";"30";"233";"-";"-"
"MU";"3152808";"Prata (MG)";"Total";"16130";"4179";"1303";"262";"-";"739";"1937";"34";"99"
"MU";"3152907";"Pratápolis (MG)";"Total";"5874";"1154";"33";"33";"-";"202";"280";"-";"-"
"MU";"3153004";"Pratinha (MG)";"Total";"1908";"502";"614";"3";"-";"45";"40";"-";"-"
"MU";"3153103";"Presidente Bernardes (MG)";"Total";"4099";"284";"-";"2";"-";"9";"30";"-";"-"
"MU";"3153202";"Presidente Juscelino (MG)";"Total";"2589";"416";"-";"-";"-";"56";"45";"-";"-"
"MU";"3153301";"Presidente Kubitschek (MG)";"Total";"2101";"500";"-";"-";"-";"19";"45";"-";"3"
"MU";"3153400";"Presidente Olegário (MG)";"Total";"11901";"1823";"121";"16";"38";"2011";"758";"10";"-"
"MU";"3153509";"Alto Jequitibá (MG)";"Total";"3417";"3371";"61";"5";"-";"100";"397";"-";"5"
"MU";"3153608";"Prudente de Morais (MG)";"Total";"5622";"2840";"187";"26";"-";"649";"599";"-";"5"
"MU";"3153707";"Quartel Geral (MG)";"Total";"2276";"464";"15";"4";"-";"30";"81";"-";"2"
"MU";"3153806";"Queluzito (MG)";"Total";"1391";"172";"11";"-";"-";"9";"17";"-";"-"
"MU";"3153905";"Raposos (MG)";"Total";"8505";"4695";"56";"31";"-";"438";"603";"-";"-"
"MU";"3154002";"Raul Soares (MG)";"Total";"16283";"3569";"142";"8";"-";"238";"680";"-";"-"
"MU";"3154101";"Recreio (MG)";"Total";"6689";"2355";"106";"118";"-";"123";"565";"-";"102"
"MU";"3154150";"Reduto (MG)";"Total";"4308";"1952";"14";"7";"-";"86";"375";"-";"-"
"MU";"3154200";"Resende Costa (MG)";"Total";"8456";"989";"199";"57";"-";"115";"208";"-";"67"
"MU";"3154309";"Resplendor (MG)";"Total";"6235";"5819";"32";"7";"132";"429";"2267";"-";"143"
"MU";"3154408";"Ressaquinha (MG)";"Total";"3750";"241";"15";"-";"-";"21";"24";"-";"6"
"MU";"3154457";"Riachinho (MG)";"Total";"4890";"867";"11";"-";"-";"103";"101";"5";"8"
"MU";"3154507";"Riacho dos Machados (MG)";"Total";"5482";"1681";"-";"4";"-";"102";"291";"-";"-"
"MU";"3154606";"Ribeirão das Neves (MG)";"Total";"116376";"115806";"2293";"1170";"32";"17405";"31739";"128";"232"
"MU";"3154705";"Ribeirão Vermelho (MG)";"Total";"2794";"688";"23";"4";"-";"48";"54";"-";"-"
"MU";"3154804";"Rio Acima (MG)";"Total";"5176";"2866";"102";"21";"-";"374";"526";"-";"3"
"MU";"3154903";"Rio Casca (MG)";"Total";"8939";"2010";"76";"16";"-";"80";"222";"-";"-"
"MU";"3155009";"Rio Doce (MG)";"Total";"1828";"356";"24";"2";"-";"-";"51";"-";"-"
"MU";"3155108";"Rio do Prado (MG)";"Total";"3057";"895";"-";"-";"-";"45";"82";"-";"8"
"MU";"3155207";"Rio Espera (MG)";"Total";"4483";"403";"6";"-";"-";"28";"44";"-";"-"
"MU";"3155306";"Rio Manso (MG)";"Total";"3743";"913";"51";"-";"-";"142";"159";"-";"20"
"MU";"3155405";"Rio Novo (MG)";"Total";"5781";"1283";"153";"3";"-";"160";"190";"-";"7"
"MU";"3155504";"Rio Paranaíba (MG)";"Total";"10523";"1496";"186";"18";"-";"159";"378";"-";"8"
"MU";"3155603";"Rio Pardo de Minas (MG)";"Total";"19220";"4521";"11";"-";"-";"217";"524";"-";"-"
"MU";"3155702";"Rio Piracicaba (MG)";"Total";"9465";"2976";"29";"24";"3";"221";"268";"-";"25"
"MU";"3155801";"Rio Pomba (MG)";"Total";"12078";"1956";"202";"134";"5";"379";"769";"-";"-"
"MU";"3155900";"Rio Preto (MG)";"Total";"3565";"714";"64";"22";"-";"50";"196";"-";"-"
"MU";"3156007";"Rio Vermelho (MG)";"Total";"8840";"1950";"88";"10";"-";"74";"264";"-";"-"
"MU";"3156106";"Ritápolis (MG)";"Total";"3878";"356";"101";"4";"2";"56";"136";"-";"-"
"MU";"3156205";"Rochedo de Minas (MG)";"Total";"1327";"535";"4";"-";"-";"83";"66";"-";"-"
"MU";"3156304";"Rodeiro (MG)";"Total";"4823";"1852";"251";"39";"-";"155";"382";"-";"-"
"MU";"3156403";"Romaria (MG)";"Total";"2504";"375";"-";"3";"-";"19";"70";"-";"-"
"MU";"3156452";"Rosário da Limeira (MG)";"Total";"3192";"742";"3";"5";"-";"68";"194";"-";"-"
"MU";"3156502";"Rubelita (MG)";"Total";"4629";"432";"-";"-";"-";"10";"42";"-";"3"
"MU";"3156601";"Rubim (MG)";"Total";"6551";"1764";"9";"9";"6";"246";"593";"10";"5"
"MU";"3156700";"Sabará (MG)";"Total";"55059";"41585";"2123";"715";"11";"4381";"9456";"3";"145"
"MU";"3156809";"Sabinópolis (MG)";"Total";"9600";"2633";"23";"9";"-";"151";"157";"-";"-"
"MU";"3156908";"Sacramento (MG)";"Total";"15113";"2272";"3498";"216";"-";"752";"1425";"-";"38"
"MU";"3157005";"Salinas (MG)";"Total";"27722";"6105";"275";"54";"-";"261";"951";"-";"49"
"MU";"3157104";"Salto da Divisa (MG)";"Total";"2936";"1363";"10";"6";"-";"139";"872";"-";"-"
"MU";"3157203";"Santa Bárbara (MG)";"Total";"19180";"5576";"113";"80";"-";"448";"1129";"-";"-"
"MU";"3157252";"Santa Bárbara do Leste (MG)";"Total";"4992";"1850";"7";"5";"-";"66";"407";"28";"5"
"MU";"3157278";"Santa Bárbara do Monte Verde (MG)";"Total";"2048";"517";"11";"33";"-";"26";"61";"-";"-"
"MU";"3157302";"Santa Bárbara do Tugúrio (MG)";"Total";"3422";"292";"6";"-";"-";"16";"38";"-";"-"
"MU";"3157336";"Santa Cruz de Minas (MG)";"Total";"5068";"1417";"106";"45";"-";"115";"377";"-";"6"
"MU";"3157377";"Santa Cruz de Salinas (MG)";"Total";"3167";"236";"9";"-";"-";"14";"55";"-";"13"
"MU";"3157401";"Santa Cruz do Escalvado (MG)";"Total";"3381";"716";"9";"-";"-";"16";"85";"-";"-"
"MU";"3157500";"Santa Efigênia de Minas (MG)";"Total";"2303";"839";"-";"-";"-";"28";"358";"-";"-"
"MU";"3157609";"Santa Fé de Minas (MG)";"Total";"2377";"533";"30";"-";"-";"19";"33";"-";"19"
"MU";"3157658";"Santa Helena de Minas (MG)";"Total";"2962";"1007";"-";"3";"775";"60";"123";"-";"-"
"MU";"3157708";"Santa Juliana (MG)";"Total";"9562";"2219";"239";"51";"-";"342";"1097";"-";"-"
"MU";"3157807";"Santa Luzia (MG)";"Total";"84487";"73599";"3995";"1351";"33";"8885";"18474";"-";"182"
"MU";"3157906";"Santa Margarida (MG)";"Total";"8596";"4773";"37";"-";"-";"134";"478";"-";"-"
"MU";"3158003";"Santa Maria de Itabira (MG)";"Total";"7227";"1733";"5";"6";"-";"32";"107";"-";"-"
"MU";"3158102";"Santa Maria do Salto (MG)";"Total";"2540";"1120";"37";"32";"-";"90";"366";"-";"-"
"MU";"3158201";"Santa Maria do Suaçuí (MG)";"Total";"9386";"1611";"50";"-";"-";"74";"101";"5";"5"
"MU";"3158300";"Santana da Vargem (MG)";"Total";"4812";"984";"27";"-";"-";"80";"72";"-";"6"
"MU";"3158409";"Santana de Cataguases (MG)";"Total";"2128";"748";"27";"3";"-";"79";"182";"-";"-"
"MU";"3158508";"Santana de Pirapama (MG)";"Total";"5614";"664";"-";"2";"-";"65";"35";"-";"-"
"MU";"3158607";"Santana do Deserto (MG)";"Total";"2010";"962";"42";"7";"-";"53";"220";"-";"-"
"MU";"3158706";"Santana do Garambéu (MG)";"Total";"1742";"151";"7";"-";"-";"5";"8";"-";"-"
"MU";"3158805";"Santana do Jacaré (MG)";"Total";"2977";"696";"6";"-";"-";"35";"55";"-";"3"
"MU";"3158904";"Santana do Manhuaçu (MG)";"Total";"5604";"1588";"-";"6";"-";"131";"392";"4";"-"
"MU";"3158953";"Santana do Paraíso (MG)";"Total";"17482";"15982";"105";"140";"-";"2540";"1960";"-";"52"
"MU";"3159001";"Santana do Riacho (MG)";"Total";"3153";"904";"76";"9";"-";"95";"454";"-";"-"
"MU";"3159100";"Santana dos Montes (MG)";"Total";"2638";"366";"3";"3";"-";"81";"18";"-";"7"
"MU";"3159209";"Santa Rita de Caldas (MG)";"Total";"6399";"871";"19";"-";"-";"198";"174";"-";"9"
"MU";"3159308";"Santa Rita de Jacutinga (MG)";"Total";"3623";"484";"46";"9";"-";"37";"48";"-";"3"
"MU";"3159357";"Santa Rita de Minas (MG)";"Total";"3566";"1935";"9";"3";"-";"89";"243";"-";"11"
"MU";"3159407";"Santa Rita de Ibitipoca (MG)";"Total";"2731";"194";"-";"-";"-";"-";"14";"-";"2"
"MU";"3159506";"Santa Rita do Itueto (MG)";"Total";"2976";"1573";"44";"4";"-";"29";"431";"-";"-"
"MU";"3159605";"Santa Rita do Sapucaí (MG)";"Total";"25837";"6401";"1083";"84";"-";"1064";"1308";"-";"12"
"MU";"3159704";"Santa Rosa da Serra (MG)";"Total";"1882";"774";"13";"-";"-";"41";"256";"-";"-"
"MU";"3159803";"Santa Vitória (MG)";"Total";"12108";"4131";"480";"38";"-";"717";"932";"-";"27"
"MU";"3159902";"Santo Antônio do Amparo (MG)";"Total";"12732";"2072";"163";"10";"-";"164";"139";"11";"-"
"MU";"3160009";"Santo Antônio do Aventureiro (MG)";"Total";"2537";"531";"9";"38";"-";"50";"219";"-";"-"
"MU";"3160108";"Santo Antônio do Grama (MG)";"Total";"3061";"474";"2";"12";"-";"28";"102";"-";"-"
"MU";"3160207";"Santo Antônio do Itambé (MG)";"Total";"2834";"583";"28";"2";"-";"5";"60";"-";"-"
"MU";"3160306";"Santo Antônio do Jacinto (MG)";"Total";"5967";"2375";"5";"-";"-";"145";"545";"-";"6"
"MU";"3160405";"Santo Antônio do Monte (MG)";"Total";"20073";"3197";"24";"22";"-";"317";"278";"33";"22"
"MU";"3160454";"Santo Antônio do Retiro (MG)";"Total";"4506";"1126";"-";"-";"-";"13";"120";"-";"-"
"MU";"3160504";"Santo Antônio do Rio Abaixo (MG)";"Total";"1456";"146";"2";"-";"-";"12";"19";"-";"-"
"MU";"3160603";"Santo Hipólito (MG)";"Total";"1830";"411";"10";"2";"-";"69";"122";"-";"-"
"MU";"3160702";"Santos Dumont (MG)";"Total";"26481";"8331";"892";"446";"-";"458";"1116";"29";"21"
"MU";"3160801";"São Bento Abade (MG)";"Total";"2896";"957";"9";"4";"-";"51";"125";"-";"-"
"MU";"3160900";"São Brás do Suaçuí (MG)";"Total";"2783";"512";"4";"7";"-";"145";"112";"-";"-"
"MU";"3160959";"São Domingos das Dores (MG)";"Total";"4094";"631";"17";"-";"-";"-";"128";"-";"-"
"MU";"3161007";"São Domingos do Prata (MG)";"Total";"12165";"2611";"220";"36";"8";"201";"349";"-";"8"
"MU";"3161056";"São Félix de Minas (MG)";"Total";"1129";"1481";"-";"-";"-";"26";"204";"-";"-"
"MU";"3161106";"São Francisco (MG)";"Total";"36386";"7012";"58";"34";"-";"668";"649";"31";"21"
"MU";"3161205";"São Francisco de Paula (MG)";"Total";"4665";"789";"10";"-";"-";"56";"25";"6";"-"
"MU";"3161304";"São Francisco de Sales (MG)";"Total";"3875";"820";"106";"3";"-";"98";"115";"-";"13"
"MU";"3161403";"São Francisco do Glória (MG)";"Total";"3380";"758";"4";"13";"-";"24";"103";"-";"-"
"MU";"3161502";"São Geraldo (MG)";"Total";"6472";"2024";"49";"25";"-";"170";"331";"-";"4"
"MU";"3161601";"São Geraldo da Piedade (MG)";"Total";"2054";"703";"-";"13";"-";"43";"136";"-";"-"
"MU";"3161650";"São Geraldo do Baixio (MG)";"Total";"1312";"1092";"3";"-";"-";"12";"353";"-";"-"
"MU";"3161700";"São Gonçalo do Abaeté (MG)";"Total";"4331";"1716";"13";"-";"-";"23";"294";"-";"-"
"MU";"3161809";"São Gonçalo do Pará (MG)";"Total";"7951";"1762";"85";"34";"-";"169";"336";"-";"8"
"MU";"3161908";"São Gonçalo do Rio Abaixo (MG)";"Total";"7500";"2250";"39";"34";"-";"221";"261";"-";"18"
"MU";"3162005";"São Gonçalo do Sapucaí (MG)";"Total";"16500";"3579";"142";"45";"9";"281";"355";"-";"-"
"MU";"3162104";"São Gotardo (MG)";"Total";"25464";"6580";"323";"54";"-";"447";"2386";"22";"-"
"MU";"3162203";"São João Batista do Glória (MG)";"Total";"5130";"1245";"56";"-";"-";"173";"163";"-";"-"
"MU";"3162252";"São João da Lagoa (MG)";"Total";"3723";"374";"-";"-";"-";"27";"25";"-";"-"
"MU";"3162302";"São João da Mata (MG)";"Total";"1836";"691";"3";"-";"-";"25";"62";"-";"-"
"MU";"3162401";"São João da Ponte (MG)";"Total";"17435";"2981";"21";"37";"-";"236";"140";"-";"-"
"MU";"3162450";"São João das Missões (MG)";"Total";"7741";"2007";"-";"1";"2";"306";"456";"-";"45"
"MU";"3162500";"São João del Rei (MG)";"Total";"63836";"9342";"1810";"702";"-";"1543";"3627";"-";"321"
"MU";"3162559";"São João do Manhuaçu (MG)";"Total";"4272";"4284";"-";"3";"-";"263";"704";"-";"-"
"MU";"3162575";"São João do Manteninha (MG)";"Total";"2225";"1717";"-";"-";"-";"58";"682";"-";"-"
"MU";"3162609";"São João do Oriente (MG)";"Total";"3227";"2213";"5";"-";"31";"251";"534";"-";"-"
"MU";"3162658";"São João do Pacuí (MG)";"Total";"2546";"776";"-";"-";"-";"107";"46";"-";"-"
"MU";"3162708";"São João do Paraíso (MG)";"Total";"16425";"3511";"27";"-";"-";"212";"739";"10";"22"
"MU";"3162807";"São João Evangelista (MG)";"Total";"10695";"2029";"50";"16";"-";"218";"340";"9";"20"
"MU";"3162906";"São João Nepomuceno (MG)";"Total";"15184";"5328";"363";"149";"-";"571";"927";"30";"-"
"MU";"3162922";"São Joaquim de Bicas (MG)";"Total";"11299";"11696";"455";"136";"33";"1849";"3818";"-";"479"
"MU";"3162948";"São José da Barra (MG)";"Total";"4823";"1389";"71";"3";"-";"244";"219";"-";"-"
"MU";"3162955";"São José da Lapa (MG)";"Total";"11042";"7495";"386";"27";"-";"1255";"2293";"16";"53"
"MU";"3163003";"São José da Safira (MG)";"Total";"2009";"920";"-";"-";"-";"30";"320";"-";"-"
"MU";"3163102";"São José da Varginha (MG)";"Total";"3099";"752";"25";"2";"-";"34";"70";"-";"-"
"MU";"3163201";"São José do Alegre (MG)";"Total";"2817";"701";"13";"2";"-";"60";"43";"-";"-"
"MU";"3163300";"São José do Divino (MG)";"Total";"1872";"854";"-";"-";"-";"93";"207";"-";"-"
"MU";"3163409";"São José do Goiabal (MG)";"Total";"3561";"1072";"29";"-";"-";"115";"52";"-";"2"
"MU";"3163508";"São José do Jacuri (MG)";"Total";"4427";"849";"7";"3";"-";"55";"121";"-";"-"
"MU";"3163607";"São José do Mantimento (MG)";"Total";"1559";"735";"4";"-";"4";"35";"43";"-";"-"
"MU";"3163706";"São Lourenço (MG)";"Total";"25637";"8498";"1413";"200";"-";"2336";"1946";"-";"9"
"MU";"3163805";"São Miguel do Anta (MG)";"Total";"4891";"598";"42";"3";"-";"25";"140";"-";"-"
"MU";"3163904";"São Pedro da União (MG)";"Total";"3463";"661";"16";"3";"-";"132";"64";"-";"3"
"MU";"3164001";"São Pedro dos Ferros (MG)";"Total";"5098";"994";"41";"6";"-";"84";"116";"-";"29"
"MU";"3164100";"São Pedro do Suaçuí (MG)";"Total";"3031";"1257";"3";"-";"-";"59";"172";"-";"-"
"MU";"3164209";"São Romão (MG)";"Total";"7531";"1224";"17";"-";"-";"86";"62";"-";"-"
"MU";"3164308";"São Roque de Minas (MG)";"Total";"4820";"949";"239";"10";"-";"123";"252";"-";"-"
"MU";"3164407";"São Sebastião da Bela Vista (MG)";"Total";"3256";"1867";"36";"6";"-";"67";"258";"-";"9"
"MU";"3164431";"São Sebastião da Vargem Alegre (MG)";"Total";"1845";"819";"11";"2";"-";"27";"69";"-";"-"
"MU";"3164472";"São Sebastião do Anta (MG)";"Total";"3894";"1178";"-";"-";"-";"179";"114";"-";"-"
"MU";"3164506";"São Sebastião do Maranhão (MG)";"Total";"6709";"2099";"-";"-";"-";"48";"78";"-";"-"
"MU";"3164605";"São Sebastião do Oeste (MG)";"Total";"5907";"1181";"34";"4";"-";"111";"276";"-";"-"
"MU";"3164704";"São Sebastião do Paraíso (MG)";"Total";"42610";"13565";"2229";"531";"-";"1647";"2599";"-";"53"
"MU";"3164803";"São Sebastião do Rio Preto (MG)";"Total";"945";"154";"-";"3";"-";"4";"24";"-";"-"
"MU";"3164902";"São Sebastião do Rio Verde (MG)";"Total";"1729";"244";"18";"-";"-";"23";"37";"-";"-"
"MU";"3165008";"São Tiago (MG)";"Total";"8687";"894";"27";"-";"-";"155";"158";"-";"-"
"MU";"3165107";"São Tomás de Aquino (MG)";"Total";"4994";"703";"63";"10";"-";"59";"113";"-";"3"
"MU";"3165206";"São Tomé das Letras (MG)";"Total";"4437";"476";"54";"58";"2";"304";"717";"-";"25"
"MU";"3165305";"São Vicente de Minas (MG)";"Total";"4835";"619";"45";"27";"-";"350";"156";"-";"-"
"MU";"3165404";"Sapucaí-Mirim (MG)";"Total";"4188";"964";"11";"4";"-";"149";"218";"-";"-"
"MU";"3165503";"Sardoá (MG)";"Total";"2591";"969";"-";"3";"-";"758";"158";"-";"10"
"MU";"3165537";"Sarzedo (MG)";"Total";"13218";"12962";"219";"132";"-";"2235";"2959";"-";"6"
"MU";"3165552";"Setubinha (MG)";"Total";"6326";"1852";"-";"5";"-";"35";"174";"-";"-"
"MU";"3165560";"Sem-Peixe (MG)";"Total";"1901";"316";"2";"-";"-";"3";"19";"-";"-"
"MU";"3165578";"Senador Amaral (MG)";"Total";"4106";"835";"11";"9";"-";"120";"225";"-";"6"
"MU";"3165602";"Senador Cortes (MG)";"Total";"1267";"477";"23";"12";"3";"15";"137";"-";"-"
"MU";"3165701";"Senador Firmino (MG)";"Total";"6168";"458";"7";"5";"-";"83";"143";"-";"-"
"MU";"3165800";"Senador José Bento (MG)";"Total";"1514";"316";"8";"-";"-";"5";"64";"-";"-"
"MU";"3165909";"Senador Modestino Gonçalves (MG)";"Total";"3110";"368";"2";"3";"-";"41";"75";"-";"-"
"MU";"3166006";"Senhora de Oliveira (MG)";"Total";"4485";"421";"4";"-";"-";"24";"61";"-";"-"
"MU";"3166105";"Senhora do Porto (MG)";"Total";"2054";"525";"-";"-";"-";"17";"100";"-";"-"
"MU";"3166204";"Senhora dos Remédios (MG)";"Total";"8540";"585";"36";"16";"-";"47";"105";"-";"-"
"MU";"3166303";"Sericita (MG)";"Total";"4453";"1737";"6";"-";"-";"43";"185";"-";"-"
"MU";"3166402";"Seritinga (MG)";"Total";"1253";"254";"4";"-";"-";"80";"25";"-";"3"
"MU";"3166501";"Serra Azul de Minas (MG)";"Total";"2511";"592";"-";"17";"-";"132";"50";"-";"3"
"MU";"3166600";"Serra da Saudade (MG)";"Total";"671";"79";"-";"-";"-";"-";"1";"-";"-"
"MU";"3166709";"Serra dos Aimorés (MG)";"Total";"3457";"1634";"65";"11";"-";"459";"428";"-";"-"
"MU";"3166808";"Serra do Salitre (MG)";"Total";"7264";"2219";"21";"16";"-";"109";"321";"-";"23"
"MU";"3166907";"Serrania (MG)";"Total";"4193";"2286";"44";"13";"-";"125";"83";"-";"-"
"MU";"3166956";"Serranópolis de Minas (MG)";"Total";"3409";"422";"4";"-";"-";"3";"53";"-";"-"
"MU";"3167004";"Serranos (MG)";"Total";"1576";"183";"2";"-";"-";"14";"2";"-";"-"
"MU";"3167103";"Serro (MG)";"Total";"16156";"2531";"58";"19";"-";"139";"549";"-";"-"
"MU";"3167202";"Sete Lagoas (MG)";"Total";"136379";"42295";"5476";"1147";"31";"5971";"10111";"53";"227"
"MU";"3167301";"Silveirânia (MG)";"Total";"1801";"137";"8";"-";"-";"25";"84";"-";"-"
"MU";"3167400";"Silvianópolis (MG)";"Total";"4408";"932";"39";"21";"-";"52";"61";"-";"-"
"MU";"3167509";"Simão Pereira (MG)";"Total";"1728";"687";"54";"22";"-";"100";"32";"-";"-"
"MU";"3167608";"Simonésia (MG)";"Total";"12261";"3745";"49";"9";"-";"219";"578";"-";"-"
"MU";"3167707";"Sobrália (MG)";"Total";"2805";"1344";"19";"3";"-";"101";"280";"-";"12"
"MU";"3167806";"Soledade de Minas (MG)";"Total";"3358";"1226";"31";"10";"-";"235";"133";"-";"-"
"MU";"3167905";"Tabuleiro (MG)";"Total";"3133";"344";"12";"-";"-";"38";"79";"-";"4"
"MU";"3168002";"Taiobeiras (MG)";"Total";"22128";"5028";"241";"57";"-";"499";"816";"-";"-"
"MU";"3168051";"Taparuba (MG)";"Total";"1562";"1105";"7";"6";"-";"73";"258";"-";"-"
"MU";"3168101";"Tapira (MG)";"Total";"2667";"707";"25";"3";"-";"52";"87";"-";"-"
"MU";"3168200";"Tapiraí (MG)";"Total";"1230";"214";"16";"-";"-";"33";"-";"-";"-"
"MU";"3168309";"Taquaraçu de Minas (MG)";"Total";"2642";"935";"18";"-";"-";"88";"75";"-";"-"
"MU";"3168408";"Tarumirim (MG)";"Total";"9488";"3008";"18";"13";"-";"120";"290";"-";"12"
"MU";"3168507";"Teixeiras (MG)";"Total";"8981";"1551";"101";"6";"-";"95";"251";"-";"-"
"MU";"3168606";"Teófilo Otoni (MG)";"Total";"66571";"39225";"1624";"287";"261";"4219";"8209";"182";"75"
"MU";"3168705";"Timóteo (MG)";"Total";"30791";"30896";"540";"159";"9";"3910";"5501";"55";"81"
"MU";"3168804";"Tiradentes (MG)";"Total";"4928";"956";"157";"53";"-";"237";"529";"-";"-"
"MU";"3168903";"Tiros (MG)";"Total";"6049";"785";"21";"13";"-";"59";"37";"-";"6"
"MU";"3169000";"Tocantins (MG)";"Total";"11825";"1869";"77";"48";"-";"251";"308";"-";"5"
"MU";"3169059";"Tocos do Moji (MG)";"Total";"3209";"206";"14";"10";"-";"32";"22";"-";"-"
"MU";"3169109";"Toledo (MG)";"Total";"4587";"1276";"49";"17";"-";"182";"194";"-";"-"
"MU";"3169208";"Tombos (MG)";"Total";"5399";"1579";"173";"31";"-";"147";"354";"-";"-"
"MU";"3169307";"Três Corações (MG)";"Total";"45279";"15536";"883";"363";"-";"1350";"2371";"-";"62"
"MU";"3169356";"Três Marias (MG)";"Total";"16950";"6451";"274";"39";"-";"675";"896";"-";"37"
"MU";"3169406";"Três Pontas (MG)";"Total";"38678";"8267";"352";"349";"-";"562";"775";"-";"42"
"MU";"3169505";"Tumiritinga (MG)";"Total";"2633";"1900";"2";"2";"-";"166";"454";"-";"-"
"MU";"3169604";"Tupaciguara (MG)";"Total";"12932";"5185";"1638";"269";"8";"357";"2005";"-";"169"
"MU";"3169703";"Turmalina (MG)";"Total";"11632";"3796";"78";"-";"-";"986";"1008";"-";"-"
"MU";"3169802";"Turvolândia (MG)";"Total";"2954";"1181";"7";"-";"-";"92";"68";"-";"5"
"MU";"3169901";"Ubá (MG)";"Total";"63393";"18899";"2551";"589";"-";"2197";"3384";"42";"13"
"MU";"3170008";"Ubaí (MG)";"Total";"8670";"1306";"-";"-";"-";"38";"167";"-";"-"
"MU";"3170057";"Ubaporanga (MG)";"Total";"8407";"2353";"49";"5";"-";"154";"358";"-";"-"
"MU";"3170107";"Uberaba (MG)";"Total";"155145";"50555";"43323";"8595";"119";"14467";"24319";"184";"425"
"MU";"3170206";"Uberlândia (MG)";"Total";"303325";"178518";"37420";"6518";"46";"37055";"61593";"130";"934"
"MU";"3170305";"Umburatiba (MG)";"Total";"1231";"793";"-";"4";"-";"28";"296";"-";"-"
"MU";"3170404";"Unaí (MG)";"Total";"53653";"16863";"616";"153";"-";"1216";"2534";"13";"178"
"MU";"3170438";"União de Minas (MG)";"Total";"2502";"693";"21";"9";"-";"17";"132";"-";"-"
"MU";"3170479";"Uruana de Minas (MG)";"Total";"1994";"635";"8";"4";"-";"82";"146";"-";"-"
"MU";"3170503";"Urucânia (MG)";"Total";"6088";"2830";"18";"5";"-";"141";"157";"-";"-"
"MU";"3170529";"Urucuia (MG)";"Total";"11649";"2677";"19";"-";"-";"146";"92";"6";"9"
"MU";"3170578";"Vargem Alegre (MG)";"Total";"2703";"1833";"10";"3";"-";"212";"348";"-";"-"
"MU";"3170602";"Vargem Bonita (MG)";"Total";"1176";"554";"87";"-";"-";"12";"83";"-";"-"
"MU";"3170651";"Vargem Grande do Rio Pardo (MG)";"Total";"3470";"493";"-";"-";"-";"12";"21";"-";"7"
"MU";"3170701";"Varginha (MG)";"Total";"86216";"23033";"2032";"593";"-";"3728";"4342";"174";"108"
"MU";"3170750";"Varjão de Minas (MG)";"Total";"4734";"1195";"3";"-";"-";"14";"45";"-";"-"
"MU";"3170800";"Várzea da Palma (MG)";"Total";"23275";"4834";"235";"87";"-";"661";"422";"56";"22"
"MU";"3170909";"Varzelândia (MG)";"Total";"12206";"3277";"18";"-";"-";"313";"364";"-";"5"
"MU";"3171006";"Vazante (MG)";"Total";"13252";"3201";"221";"21";"-";"274";"245";"10";"60"
"MU";"3171030";"Verdelândia (MG)";"Total";"5177";"1040";"-";"-";"-";"42";"182";"-";"-"
"MU";"3171071";"Veredinha (MG)";"Total";"3923";"510";"6";"-";"-";"66";"41";"-";"-"
"MU";"3171105";"Veríssimo (MG)";"Total";"1813";"529";"461";"56";"-";"125";"25";"-";"-"
"MU";"3171154";"Vermelho Novo (MG)";"Total";"3863";"360";"3";"3";"-";"41";"53";"-";"-"
"MU";"3171204";"Vespasiano (MG)";"Total";"49262";"41820";"1439";"749";"18";"7304";"10574";"11";"60"
"MU";"3171303";"Viçosa (MG)";"Total";"50517";"9726";"1244";"346";"-";"1688";"4578";"18";"57"
"MU";"3171402";"Vieiras (MG)";"Total";"2734";"435";"20";"-";"-";"66";"54";"-";"-"
"MU";"3171501";"Mathias Lobato (MG)";"Total";"1404";"800";"-";"-";"-";"79";"359";"-";"-"
"MU";"3171600";"Virgem da Lapa (MG)";"Total";"8241";"1820";"7";"19";"-";"232";"199";"-";"-"
"MU";"3171709";"Virgínia (MG)";"Total";"7036";"732";"21";"6";"-";"61";"118";"-";"-"
"MU";"3171808";"Virginópolis (MG)";"Total";"7206";"1518";"14";"-";"-";"135";"187";"-";"-"
"MU";"3171907";"Virgolândia (MG)";"Total";"3196";"694";"-";"-";"-";"41";"116";"-";"-"
"MU";"3172004";"Visconde do Rio Branco (MG)";"Total";"23767";"7113";"640";"268";"-";"981";"1503";"-";"9"
"MU";"3172103";"Volta Grande (MG)";"Total";"2434";"1093";"80";"49";"-";"82";"186";"-";"2"
"MU";"3172202";"Wenceslau Braz (MG)";"Total";"1643";"404";"6";"4";"-";"21";"43";"-";"-"
"MU";"3200102";"Afonso Cláudio (ES)";"Total";"14345";"10540";"67";"-";"10";"246";"1656";"-";"2"
"MU";"3200136";"Águia Branca (ES)";"Total";"6384";"1557";"-";"16";"-";"87";"394";"4";"5"
"MU";"3200169";"Água Doce do Norte (ES)";"Total";"4181";"4931";"-";"-";"-";"235";"1137";"4";"1"
"MU";"3200201";"Alegre (ES)";"Total";"13018";"7957";"1406";"251";"-";"1021";"2108";"-";"1"
"MU";"3200300";"Alfredo Chaves (ES)";"Total";"10071";"1964";"43";"17";"-";"56";"166";"-";"20"
"MU";"3200359";"Alto Rio Novo (ES)";"Total";"2374";"3023";"1";"-";"-";"53";"1014";"-";"17"
"MU";"3200409";"Anchieta (ES)";"Total";"14583";"7717";"192";"69";"-";"851";"2177";"172";"138"
"MU";"3200508";"Apiacá (ES)";"Total";"3849";"1872";"15";"20";"-";"171";"459";"-";"3"
"MU";"3200607";"Aracruz (ES)";"Total";"37670";"28526";"411";"232";"283";"3452";"10126";"34";"215"
"MU";"3200706";"Atílio Vivácqua (ES)";"Total";"5133";"3314";"6";"14";"-";"54";"551";"-";"6"
"MU";"3200805";"Baixo Guandu (ES)";"Total";"12569";"10877";"74";"56";"-";"335";"2684";"-";"31"
"MU";"3200904";"Barra de São Francisco (ES)";"Total";"13933";"17605";"88";"-";"-";"505";"4483";"-";"109"
"MU";"3201001";"Boa Esperança (ES)";"Total";"7310";"3411";"-";"5";"-";"180";"884";"-";"-"
"MU";"3201100";"Bom Jesus do Norte (ES)";"Total";"5127";"2768";"77";"44";"-";"296";"712";"-";"9"
"MU";"3201159";"Brejetuba (ES)";"Total";"4795";"3908";"44";"-";"-";"226";"2033";"-";"29"
"MU";"3201209";"Cachoeiro de Itapemirim (ES)";"Total";"90087";"55424";"1272";"541";"11";"2837";"12612";"11";"151"
"MU";"3201308";"Cariacica (ES)";"Total";"113727";"126255";"1004";"1153";"-";"14268";"48249";"103";"273"
"MU";"3201407";"Castelo (ES)";"Total";"26086";"4589";"362";"219";"9";"191";"1122";"-";"86"
"MU";"3201506";"Colatina (ES)";"Total";"66952";"29374";"479";"235";"21";"1864";"6333";"4";"113"
"MU";"3201605";"Conceição da Barra (ES)";"Total";"10069";"8772";"99";"65";"-";"1096";"3415";"-";"14"
"MU";"3201704";"Conceição do Castelo (ES)";"Total";"7856";"1975";"6";"17";"-";"191";"340";"-";"20"
"MU";"3201803";"Divino de São Lourenço (ES)";"Total";"1857";"1670";"97";"10";"4";"245";"533";"-";"6"
"MU";"3201902";"Domingos Martins (ES)";"Total";"16531";"12872";"72";"53";"-";"353";"1343";"-";"-"
"MU";"3202009";"Dores do Rio Preto (ES)";"Total";"3228";"1629";"220";"10";"-";"120";"589";"-";"-"
"MU";"3202108";"Ecoporanga (ES)";"Total";"11389";"6582";"5";"11";"-";"309";"926";"-";"-"
"MU";"3202207";"Fundão (ES)";"Total";"9119";"4665";"70";"42";"12";"507";"1320";"-";"49"
"MU";"3202256";"Governador Lindenberg (ES)";"Total";"8261";"1294";"9";"-";"-";"35";"34";"-";"-"
"MU";"3202306";"Guaçuí (ES)";"Total";"12228";"9170";"1017";"245";"-";"344";"2291";"-";"37"
"MU";"3202405";"Guarapari (ES)";"Total";"51060";"37119";"1297";"629";"19";"4417";"14262";"-";"82"
"MU";"3202454";"Ibatiba (ES)";"Total";"8730";"8918";"149";"33";"-";"316";"3542";"-";"74"
"MU";"3202504";"Ibiraçu (ES)";"Total";"6398";"2406";"26";"10";"-";"290";"1057";"5";"11"
"MU";"3202553";"Ibitirama (ES)";"Total";"3148";"4132";"133";"30";"-";"232";"397";"-";"7"
"MU";"3202603";"Iconha (ES)";"Total";"8630";"1890";"-";"5";"-";"178";"310";"-";"2"
"MU";"3202652";"Irupi (ES)";"Total";"4526";"5136";"242";"-";"-";"203";"1648";"-";"11"
"MU";"3202702";"Itaguaçu (ES)";"Total";"7040";"4566";"4";"2";"-";"132";"405";"-";"12"
"MU";"3202801";"Itapemirim (ES)";"Total";"10123";"17801";"424";"55";"5";"865";"5202";"-";"-"
"MU";"3202900";"Itarana (ES)";"Total";"5447";"3619";"18";"4";"-";"121";"255";"-";"-"
"MU";"3203007";"Iúna (ES)";"Total";"9897";"9534";"405";"60";"-";"399";"4184";"-";"12"
"MU";"3203056";"Jaguaré (ES)";"Total";"15703";"6331";"3";"64";"1";"196";"2105";"-";"61"
"MU";"3203106";"Jerônimo Monteiro (ES)";"Total";"5423";"3186";"238";"57";"-";"135";"1086";"-";"15"
"MU";"3203130";"João Neiva (ES)";"Total";"8416";"3096";"22";"16";"-";"166";"733";"-";"-"
"MU";"3203163";"Laranja da Terra (ES)";"Total";"2475";"7264";"-";"-";"-";"40";"188";"-";"-"
"MU";"3203205";"Linhares (ES)";"Total";"72588";"46641";"494";"434";"299";"4495";"17797";"79";"95"
"MU";"3203304";"Mantenópolis (ES)";"Total";"4606";"4689";"-";"-";"-";"249";"1568";"6";"-"
"MU";"3203320";"Marataízes (ES)";"Total";"9557";"19586";"406";"118";"-";"849";"5820";"4";"-"
"MU";"3203346";"Marechal Floriano (ES)";"Total";"9422";"4698";"39";"15";"-";"278";"847";"-";"22"
"MU";"3203353";"Marilândia (ES)";"Total";"8793";"1830";"-";"50";"-";"37";"268";"-";"-"
"MU";"3203403";"Mimoso do Sul (ES)";"Total";"15468";"4319";"114";"11";"-";"320";"1461";"-";"8"
"MU";"3203502";"Montanha (ES)";"Total";"10088";"4485";"5";"12";"-";"684";"1068";"-";"18"
"MU";"3203601";"Mucurici (ES)";"Total";"3104";"1119";"13";"-";"-";"80";"435";"-";"14"
"MU";"3203700";"Muniz Freire (ES)";"Total";"10594";"4024";"129";"37";"-";"208";"741";"-";"18"
"MU";"3203809";"Muqui (ES)";"Total";"8465";"2673";"74";"17";"-";"252";"603";"-";"2"
"MU";"3203908";"Nova Venécia (ES)";"Total";"27708";"11369";"146";"18";"-";"1019";"2509";"28";"68"
"MU";"3204005";"Pancas (ES)";"Total";"6740";"8116";"30";"-";"-";"293";"1406";"-";"-"
"MU";"3204054";"Pedro Canário (ES)";"Total";"8080";"6953";"2";"64";"-";"583";"2553";"-";"30"
"MU";"3204104";"Pinheiros (ES)";"Total";"11953";"5629";"10";"3";"-";"852";"1993";"-";"26"
"MU";"3204203";"Piúma (ES)";"Total";"9627";"7106";"218";"16";"-";"397";"1997";"5";"23"
"MU";"3204252";"Ponto Belo (ES)";"Total";"3534";"1646";"10";"6";"-";"58";"373";"-";"15"
"MU";"3204302";"Presidente Kennedy (ES)";"Total";"3451";"5408";"21";"18";"-";"325";"2424";"-";"9"
"MU";"3204351";"Rio Bananal (ES)";"Total";"12927";"2749";"6";"35";"-";"146";"832";"-";"-"
"MU";"3204401";"Rio Novo do Sul (ES)";"Total";"5751";"3332";"2";"5";"-";"143";"459";"-";"2"
"MU";"3204500";"Santa Leopoldina (ES)";"Total";"6415";"4146";"25";"56";"-";"263";"619";"-";"-"
"MU";"3204559";"Santa Maria de Jetibá (ES)";"Total";"7674";"26428";"24";"33";"-";"522";"1262";"-";"-"
"MU";"3204609";"Santa Teresa (ES)";"Total";"14182";"4313";"228";"90";"-";"231";"1244";"-";"17"
"MU";"3204658";"São Domingos do Norte (ES)";"Total";"4885";"1821";"-";"-";"-";"49";"797";"-";"11"
"MU";"3204708";"São Gabriel da Palha (ES)";"Total";"18384";"7923";"30";"23";"-";"289";"1588";"-";"10"
"MU";"3204807";"São José do Calçado (ES)";"Total";"5009";"3572";"37";"27";"-";"119";"738";"-";"55"
"MU";"3204906";"São Mateus (ES)";"Total";"52886";"35385";"601";"366";"-";"5330";"11941";"93";"150"
"MU";"3204955";"São Roque do Canaã (ES)";"Total";"7619";"1841";"24";"-";"-";"85";"179";"-";"70"
"MU";"3205002";"Serra (ES)";"Total";"159547";"179396";"3261";"2593";"82";"31350";"70510";"242";"329"
"MU";"3205010";"Sooretama (ES)";"Total";"9865";"7811";"-";"39";"-";"950";"3553";"-";"-"
"MU";"3205036";"Vargem Alta (ES)";"Total";"12093";"3940";"95";"87";"-";"162";"512";"-";"-"
"MU";"3205069";"Venda Nova do Imigrante (ES)";"Total";"15387";"4480";"156";"113";"-";"98";"677";"-";"14"
"MU";"3205101";"Viana (ES)";"Total";"23432";"25907";"213";"139";"36";"1831";"11541";"-";"42"
"MU";"3205150";"Vila Pavão (ES)";"Total";"3360";"3871";"3";"-";"-";"85";"464";"-";"-"
"MU";"3205176";"Vila Valério (ES)";"Total";"7131";"4097";"5";"15";"-";"65";"546";"-";"28"
"MU";"3205200";"Vila Velha (ES)";"Total";"185477";"150881";"6257";"3162";"220";"20829";"46448";"257";"262"
"MU";"3205309";"Vitória (ES)";"Total";"141066";"80564";"7415";"2223";"23";"13611";"42581";"44";"294"
"MU";"3300100";"Angra dos Reis (RJ)";"Total";"50813";"56085";"1783";"1299";"277";"8510";"25634";"105";"210"
"MU";"3300159";"Aperibé (RJ)";"Total";"4090";"4183";"112";"27";"-";"125";"1201";"-";"10"
"MU";"3300209";"Araruama (RJ)";"Total";"37571";"43393";"3637";"2042";"4";"5218";"21113";"96";"144"
"MU";"3300225";"Areal (RJ)";"Total";"5900";"2672";"598";"79";"-";"197";"855";"-";"-"
"MU";"3300233";"Armação dos Búzios (RJ)";"Total";"8887";"11568";"653";"330";"-";"5624";"7588";"36";"92"
"MU";"3300258";"Arraial do Cabo (RJ)";"Total";"9786";"9637";"522";"435";"-";"1953";"4992";"38";"82"
"MU";"3300308";"Barra do Piraí (RJ)";"Total";"36473";"28055";"4068";"3024";"-";"2965";"7041";"5";"171"
"MU";"3300407";"Barra Mansa (RJ)";"Total";"72849";"53585";"3680";"1450";"10";"5918";"12485";"11";"141"
"MU";"3300456";"Belford Roxo (RJ)";"Total";"111500";"151409";"6263";"9824";"60";"24777";"112817";"38";"891"
"MU";"3300506";"Bom Jardim (RJ)";"Total";"15269";"6617";"239";"101";"-";"500";"2014";"-";"-"
"MU";"3300605";"Bom Jesus do Itabapoana (RJ)";"Total";"19150";"9193";"262";"87";"-";"658";"1521";"-";"-"
"MU";"3300704";"Cabo Frio (RJ)";"Total";"56275";"81063";"5224";"2913";"5";"16078";"31713";"118";"534"
"MU";"3300803";"Cachoeiras de Macacu (RJ)";"Total";"12360";"22483";"601";"534";"16";"2332";"11501";"10";"57"
"MU";"3300902";"Cambuci (RJ)";"Total";"6902";"4419";"131";"23";"-";"217";"1421";"-";"8"
"MU";"3300936";"Carapebus (RJ)";"Total";"4744";"5067";"48";"35";"-";"605";"1540";"-";"13"
"MU";"3300951";"Comendador Levy Gasparian (RJ)";"Total";"4049";"2370";"234";"60";"3";"229";"678";"-";"9"
"MU";"3301009";"Campos dos Goytacazes (RJ)";"Total";"182485";"153797";"8356";"3045";"-";"14746";"56625";"206";"665"
"MU";"3301108";"Cantagalo (RJ)";"Total";"9918";"5476";"225";"28";"-";"493";"926";"-";"-"
"MU";"3301157";"Cardoso Moreira (RJ)";"Total";"4278";"5005";"111";"17";"-";"243";"1780";"-";"5"
"MU";"3301207";"Carmo (RJ)";"Total";"8734";"4292";"678";"123";"11";"512";"912";"-";"12"
"MU";"3301306";"Casimiro de Abreu (RJ)";"Total";"10419";"17940";"769";"503";"67";"2973";"7143";"-";"14"
"MU";"3301405";"Conceição de Macabu (RJ)";"Total";"6572";"8502";"110";"53";"-";"698";"2307";"-";"59"
"MU";"3301504";"Cordeiro (RJ)";"Total";"9670";"5666";"200";"66";"-";"400";"2191";"50";"22"
"MU";"3301603";"Duas Barras (RJ)";"Total";"6175";"2620";"57";"10";"-";"293";"486";"-";"15"
"MU";"3301702";"Duque de Caxias (RJ)";"Total";"207242";"283344";"12701";"15506";"114";"44796";"134643";"140";"2149"
"MU";"3301801";"Engenheiro Paulo de Frontin (RJ)";"Total";"4024";"4356";"394";"259";"-";"423";"1465";"-";"5"
"MU";"3301850";"Guapimirim (RJ)";"Total";"14395";"16465";"1135";"790";"-";"2403";"9314";"97";"231"
"MU";"3301876";"Iguaba Grande (RJ)";"Total";"9200";"9363";"1146";"516";"-";"1778";"2919";"-";"70"
"MU";"3301900";"Itaboraí (RJ)";"Total";"52371";"86572";"2902";"3293";"48";"11293";"38989";"20";"191"
"MU";"3302007";"Itaguaí (RJ)";"Total";"24618";"42453";"2194";"1871";"-";"8676";"20220";"210";"91"
"MU";"3302056";"Italva (RJ)";"Total";"5808";"4716";"20";"15";"-";"251";"1735";"-";"-"
"MU";"3302106";"Itaocara (RJ)";"Total";"10740";"7663";"108";"53";"-";"425";"1464";"-";"-"
"MU";"3302205";"Itaperuna (RJ)";"Total";"46639";"34860";"725";"381";"-";"2043";"4488";"481";"127"
"MU";"3302254";"Itatiaia (RJ)";"Total";"13221";"8711";"684";"325";"-";"1164";"2806";"6";"79"
"MU";"3302270";"Japeri (RJ)";"Total";"15776";"34530";"1053";"1125";"19";"4729";"25798";"-";"139"
"MU";"3302304";"Laje do Muriaé (RJ)";"Total";"4690";"1540";"36";"2";"-";"43";"172";"-";"-"
"MU";"3302403";"Macaé (RJ)";"Total";"64022";"82176";"5336";"3543";"-";"13380";"42757";"40";"233"
"MU";"3302452";"Macuco (RJ)";"Total";"2905";"1575";"17";"6";"-";"48";"223";"-";"-"
"MU";"3302502";"Magé (RJ)";"Total";"58765";"77134";"4597";"4584";"31";"12023";"39948";"156";"246"
"MU";"3302601";"Mangaratiba (RJ)";"Total";"15131";"12167";"1231";"847";"-";"2294";"4559";"123";"97"
"MU";"3302700";"Maricá (RJ)";"Total";"62084";"55598";"7461";"5674";"24";"11626";"31546";"107";"79"
"MU";"3302809";"Mendes (RJ)";"Total";"7351";"4809";"462";"258";"-";"657";"1850";"52";"33"
"MU";"3302858";"Mesquita (RJ)";"Total";"43770";"55574";"3837";"5218";"13";"9253";"27139";"61";"235"
"MU";"3302908";"Miguel Pereira (RJ)";"Total";"8077";"8916";"1308";"584";"27";"1297";"3548";"19";"15"
"MU";"3303005";"Miracema (RJ)";"Total";"15679";"6219";"179";"180";"-";"438";"969";"29";"-"
"MU";"3303104";"Natividade (RJ)";"Total";"8284";"4084";"280";"47";"-";"266";"352";"-";"11"
"MU";"3303203";"Nilópolis (RJ)";"Total";"41174";"42223";"3885";"4768";"12";"7594";"28525";"30";"219"
"MU";"3303302";"Niterói (RJ)";"Total";"195018";"96171";"25815";"13296";"43";"28912";"73617";"735";"358"
"MU";"3303401";"Nova Friburgo (RJ)";"Total";"77917";"50085";"4999";"2933";"22";"9357";"24510";"323";"99"
"MU";"3303500";"Nova Iguaçu (RJ)";"Total";"186279";"275095";"15643";"18470";"108";"50979";"135491";"198";"1392"
"MU";"3303609";"Paracambi (RJ)";"Total";"10121";"17219";"508";"693";"-";"1570";"6699";"-";"10"
"MU";"3303708";"Paraíba do Sul (RJ)";"Total";"19437";"11245";"1014";"500";"-";"1154";"3364";"-";"151"
"MU";"3303807";"Paraty (RJ)";"Total";"13323";"13693";"598";"608";"131";"2641";"8049";"23";"76"
"MU";"3303856";"Paty do Alferes (RJ)";"Total";"7358";"12355";"565";"257";"-";"648";"4488";"-";"76"
"MU";"3303906";"Petrópolis (RJ)";"Total";"119340";"72362";"9517";"3651";"72";"11349";"31473";"358";"181"
"MU";"3303955";"Pinheiral (RJ)";"Total";"8782";"7539";"933";"554";"-";"904";"2636";"14";"7"
"MU";"3304003";"Piraí (RJ)";"Total";"10394";"8399";"635";"540";"-";"954";"2968";"-";"152"
"MU";"3304102";"Porciúncula (RJ)";"Total";"8926";"4195";"224";"95";"-";"321";"1334";"-";"33"
"MU";"3304110";"Porto Real (RJ)";"Total";"8785";"6814";"267";"108";"-";"639";"1026";"-";"9"
"MU";"3304128";"Quatis (RJ)";"Total";"6940";"3325";"286";"229";"4";"433";"729";"5";"5"
"MU";"3304144";"Queimados (RJ)";"Total";"27961";"53978";"1571";"1719";"42";"9980";"25540";"-";"191"
"MU";"3304151";"Quissamã (RJ)";"Total";"8793";"6582";"216";"295";"-";"897";"2428";"38";"56"
"MU";"3304201";"Resende (RJ)";"Total";"63519";"32868";"2720";"853";"11";"5762";"8447";"70";"91"
"MU";"3304300";"Rio Bonito (RJ)";"Total";"15775";"21802";"599";"198";"-";"2032";"9100";"11";"104"
"MU";"3304409";"Rio Claro (RJ)";"Total";"9697";"4595";"172";"41";"-";"314";"578";"-";"38"
"MU";"3304508";"Rio das Flores (RJ)";"Total";"4861";"1729";"156";"126";"-";"469";"486";"-";"-"
"MU";"3304524";"Rio das Ostras (RJ)";"Total";"41061";"54202";"4350";"2901";"-";"9901";"22988";"41";"223"
"MU";"3304557";"Rio de Janeiro (RJ)";"Total";"2409363";"1407380";"282471";"196313";"1058";"329419";"889009";"2886";"5458"
"MU";"3304607";"Santa Maria Madalena (RJ)";"Total";"5434";"2334";"197";"29";"-";"216";"872";"-";"-"
"MU";"3304706";"Santo Antônio de Pádua (RJ)";"Total";"17849";"13821";"242";"90";"-";"722";"3852";"-";"52"
"MU";"3304755";"São Francisco de Itabapoana (RJ)";"Total";"13522";"16606";"55";"78";"-";"1194";"7441";"-";"54"
"MU";"3304805";"São Fidélis (RJ)";"Total";"12722";"13124";"255";"103";"-";"1166";"6871";"-";"93"
"MU";"3304904";"São Gonçalo (RJ)";"Total";"278798";"281789";"18520";"22367";"197";"42720";"145101";"338";"1913"
"MU";"3305000";"São João da Barra (RJ)";"Total";"21579";"7169";"370";"195";"-";"721";"2051";"11";"7"
"MU";"3305109";"São João de Meriti (RJ)";"Total";"107084";"128629";"8848";"8822";"89";"33163";"96768";"440";"952"
"MU";"3305133";"São José de Ubá (RJ)";"Total";"3493";"2070";"-";"8";"-";"46";"643";"-";"7"
"MU";"3305158";"São José do Vale do Rio Preto (RJ)";"Total";"7493";"9004";"233";"-";"6";"658";"1739";"-";"-"
"MU";"3305208";"São Pedro da Aldeia (RJ)";"Total";"26084";"38420";"1917";"1225";"-";"5625";"16954";"6";"183"
"MU";"3305307";"São Sebastião do Alto (RJ)";"Total";"4437";"1973";"26";"9";"-";"142";"235";"-";"-"
"MU";"3305406";"Sapucaia (RJ)";"Total";"8318";"5735";"227";"53";"-";"203";"1159";"-";"24"
"MU";"3305505";"Saquarema (RJ)";"Total";"27443";"26051";"3029";"2124";"25";"5502";"14475";"75";"99"
"MU";"3305554";"Seropédica (RJ)";"Total";"13665";"32177";"758";"1185";"-";"6045";"15590";"21";"74"
"MU";"3305604";"Silva Jardim (RJ)";"Total";"3804";"8630";"176";"111";"-";"1138";"4591";"-";"33"
"MU";"3305703";"Sumidouro (RJ)";"Total";"5624";"6035";"47";"5";"-";"180";"1370";"-";"7"
"MU";"3305752";"Tanguá (RJ)";"Total";"6978";"11694";"54";"73";"-";"952";"7155";"9";"13"
"MU";"3305802";"Teresópolis (RJ)";"Total";"56969";"49568";"3592";"1793";"-";"7636";"26032";"-";"275"
"MU";"3305901";"Trajano de Moraes (RJ)";"Total";"4365";"2971";"70";"52";"-";"295";"1335";"-";"66"
"MU";"3306008";"Três Rios (RJ)";"Total";"34904";"23035";"2553";"907";"11";"2106";"4923";"7";"168"
"MU";"3306107";"Valença (RJ)";"Total";"35822";"12484";"2972";"2011";"-";"2106";"5150";"-";"19"
"MU";"3306156";"Varre-Sai (RJ)";"Total";"6644";"1791";"37";"32";"-";"122";"188";"-";"7"
"MU";"3306206";"Vassouras (RJ)";"Total";"15156";"8444";"1019";"776";"2";"1606";"2850";"-";"30"
"MU";"3306305";"Volta Redonda (RJ)";"Total";"101207";"80836";"10480";"3072";"15";"12039";"24682";"569";"286"
"MU";"3500105";"Adamantina (SP)";"Total";"21621";"5436";"476";"1506";"-";"1036";"1059";"-";"51"
"MU";"3500204";"Adolfo (SP)";"Total";"2109";"1385";"46";"4";"-";"135";"135";"-";"4"
"MU";"3500303";"Aguaí (SP)";"Total";"17599";"7240";"418";"204";"11";"983";"1558";"19";"8"
"MU";"3500402";"Águas da Prata (SP)";"Total";"4323";"1326";"315";"10";"-";"176";"432";"-";"-"
"MU";"3500501";"Águas de Lindóia (SP)";"Total";"10374";"3593";"349";"101";"7";"527";"1191";"-";"42"
"MU";"3500550";"Águas de Santa Bárbara (SP)";"Total";"3841";"1508";"183";"53";"3";"260";"491";"-";"-"
"MU";"3500600";"Águas de São Pedro (SP)";"Total";"1333";"437";"143";"63";"-";"277";"310";"-";"-"
"MU";"3500709";"Agudos (SP)";"Total";"13828";"13716";"414";"172";"-";"1780";"2783";"12";"112"
"MU";"3500758";"Alambari (SP)";"Total";"2935";"1967";"42";"12";"-";"271";"180";"-";"-"
"MU";"3500808";"Alfredo Marcondes (SP)";"Total";"2957";"814";"11";"7";"-";"50";"109";"-";"3"
"MU";"3500907";"Altair (SP)";"Total";"2083";"779";"17";"12";"-";"52";"73";"-";"-"
"MU";"3501004";"Altinópolis (SP)";"Total";"9971";"3434";"151";"87";"-";"471";"641";"-";"8"
"MU";"3501103";"Alto Alegre (SP)";"Total";"2412";"904";"45";"6";"-";"85";"32";"-";"-"
"MU";"3501152";"Alumínio (SP)";"Total";"8915";"4553";"67";"34";"4";"548";"869";"-";"56"
"MU";"3501202";"Álvares Florence (SP)";"Total";"2489";"835";"23";"14";"-";"86";"112";"-";"-"
"MU";"3501301";"Álvares Machado (SP)";"Total";"14622";"6790";"161";"76";"-";"594";"1356";"-";"11"
"MU";"3501400";"Álvaro de Carvalho (SP)";"Total";"2066";"1162";"13";"41";"-";"223";"909";"-";"-"
"MU";"3501509";"Alvinlândia (SP)";"Total";"1120";"1152";"-";"2";"4";"144";"102";"4";"-"
"MU";"3501608";"Americana (SP)";"Total";"114348";"62324";"6259";"2010";"11";"11687";"14798";"-";"223"
"MU";"3501707";"Américo Brasiliense (SP)";"Total";"16739";"7667";"460";"267";"10";"1187";"2515";"-";"13"
"MU";"3501806";"Américo de Campos (SP)";"Total";"3717";"1262";"49";"-";"-";"114";"153";"-";"3"
"MU";"3501905";"Amparo (SP)";"Total";"41018";"10441";"1842";"1084";"-";"2032";"4331";"16";"20"
"MU";"3502002";"Analândia (SP)";"Total";"2031";"1340";"73";"16";"-";"110";"427";"-";"-"
"MU";"3502101";"Andradina (SP)";"Total";"27472";"17414";"1891";"195";"-";"2637";"3466";"-";"41"
"MU";"3502200";"Angatuba (SP)";"Total";"14296";"5045";"-";"-";"-";"759";"742";"-";"8"
"MU";"3502309";"Anhembi (SP)";"Total";"3086";"1496";"12";"22";"-";"163";"151";"3";"3"
"MU";"3502408";"Anhumas (SP)";"Total";"2680";"696";"10";"8";"3";"63";"60";"-";"-"
"MU";"3502507";"Aparecida (SP)";"Total";"22180";"5175";"155";"233";"-";"462";"585";"10";"-"
"MU";"3502606";"Aparecida d'Oeste (SP)";"Total";"2319";"928";"194";"-";"-";"71";"164";"-";"-"
"MU";"3502705";"Apiaí (SP)";"Total";"11395";"7657";"200";"58";"-";"462";"1609";"-";"-"
"MU";"3502754";"Araçariguama (SP)";"Total";"8373";"6605";"162";"52";"-";"1004";"2125";"-";"-"
"MU";"3502804";"Araçatuba (SP)";"Total";"84083";"62922";"6052";"1547";"55";"9669";"12949";"29";"298"
"MU";"3502903";"Araçoiaba da Serra (SP)";"Total";"15468";"9019";"973";"173";"10";"1459";"1883";"-";"63"
"MU";"3503000";"Aramina (SP)";"Total";"3068";"1018";"397";"48";"-";"127";"137";"-";"4"
"MU";"3503109";"Arandu (SP)";"Total";"3544";"1849";"43";"16";"-";"295";"254";"-";"-"
"MU";"3503158";"Arapeí (SP)";"Total";"1266";"612";"8";"4";"-";"59";"134";"-";"-"
"MU";"3503208";"Araraquara (SP)";"Total";"118897";"50446";"12145";"4872";"116";"10167";"18487";"101";"113"
"MU";"3503307";"Araras (SP)";"Total";"62698";"35259";"2604";"778";"-";"5306";"9128";"53";"80"
"MU";"3503356";"Arco-Íris (SP)";"Total";"1012";"697";"4";"2";"3";"20";"35";"-";"-"
"MU";"3503406";"Arealva (SP)";"Total";"4513";"2128";"86";"35";"-";"115";"377";"-";"16"
"MU";"3503505";"Areias (SP)";"Total";"2273";"665";"21";"-";"-";"116";"46";"-";"-"
"MU";"3503604";"Areiópolis (SP)";"Total";"4432";"3433";"9";"4";"-";"197";"731";"-";"5"
"MU";"3503703";"Ariranha (SP)";"Total";"4561";"1648";"160";"46";"-";"126";"264";"-";"15"
"MU";"3503802";"Artur Nogueira (SP)";"Total";"24053";"13746";"372";"299";"-";"2410";"4000";"-";"78"
"MU";"3503901";"Arujá (SP)";"Total";"34250";"23415";"1968";"1098";"-";"6976";"7633";"17";"150"
"MU";"3503950";"Aspásia (SP)";"Total";"1098";"459";"16";"5";"-";"4";"34";"-";"7"
"MU";"3504008";"Assis (SP)";"Total";"51818";"29065";"1016";"506";"-";"2533";"4931";"42";"42"
"MU";"3504107";"Atibaia (SP)";"Total";"72468";"34004";"5977";"2508";"-";"10723";"13452";"80";"134"
"MU";"3504206";"Auriflama (SP)";"Total";"6428";"4648";"468";"13";"-";"242";"404";"-";"10"
"MU";"3504305";"Avaí (SP)";"Total";"1681";"1801";"17";"11";"68";"43";"248";"-";"9"
"MU";"3504404";"Avanhandava (SP)";"Total";"5309";"3461";"154";"55";"-";"299";"654";"-";"10"
"MU";"3504503";"Avaré (SP)";"Total";"47939";"22124";"1767";"565";"7";"3483";"5272";"-";"57"
"MU";"3504602";"Bady Bassitt (SP)";"Total";"12654";"7293";"877";"229";"-";"1149";"1410";"51";"-"
"MU";"3504701";"Balbinos (SP)";"Total";"1485";"1009";"38";"77";"-";"21";"1103";"-";"-"
"MU";"3504800";"Bálsamo (SP)";"Total";"5224";"2665";"220";"28";"-";"190";"273";"-";"-"
"MU";"3504909";"Bananal (SP)";"Total";"5123";"2401";"129";"42";"-";"178";"937";"-";"7"
"MU";"3505005";"Barão de Antonina (SP)";"Total";"2156";"788";"4";"5";"19";"41";"52";"2";"-"
"MU";"3505104";"Barbosa (SP)";"Total";"2174";"2007";"26";"50";"-";"138";"513";"-";"3"
"MU";"3505203";"Bariri (SP)";"Total";"19563";"6676";"340";"53";"-";"319";"909";"-";"-"
"MU";"3505302";"Barra Bonita (SP)";"Total";"20292";"6423";"1301";"215";"-";"1182";"1627";"-";"26"
"MU";"3505351";"Barra do Chapéu (SP)";"Total";"1620";"2139";"9";"-";"-";"238";"460";"-";"12"
"MU";"3505401";"Barra do Turvo (SP)";"Total";"2714";"2430";"11";"9";"-";"138";"661";"4";"4"
"MU";"3505500";"Barretos (SP)";"Total";"65566";"27467";"3360";"1307";"27";"3991";"6132";"36";"57"
"MU";"3505609";"Barrinha (SP)";"Total";"12850";"9743";"175";"100";"8";"961";"3798";"-";"10"
"MU";"3505708";"Barueri (SP)";"Total";"125961";"88847";"4939";"3390";"11";"17378";"31067";"69";"217"
"MU";"3505807";"Bastos (SP)";"Total";"10888";"6114";"28";"12";"-";"628";"1259";"-";"41"
"MU";"3505906";"Batatais (SP)";"Total";"33488";"11146";"1398";"363";"-";"2658";"2719";"-";"11"
"MU";"3506003";"Bauru (SP)";"Total";"147403";"120533";"12642";"4957";"128";"22114";"27516";"10";"157"
"MU";"3506102";"Bebedouro (SP)";"Total";"38401";"20400";"2151";"492";"-";"1891";"4235";"-";"8"
"MU";"3506201";"Bento de Abreu (SP)";"Total";"1289";"796";"17";"-";"-";"16";"140";"-";"-"
"MU";"3506300";"Bernardino de Campos (SP)";"Total";"6656";"2692";"238";"37";"5";"184";"517";"-";"-"
"MU";"3506359";"Bertioga (SP)";"Total";"24956";"15884";"1283";"898";"122";"4208";"7733";"25";"101"
"MU";"3506409";"Bilac (SP)";"Total";"4213";"1632";"86";"12";"-";"265";"297";"-";"10"
"MU";"3506508";"Birigui (SP)";"Total";"53688";"34555";"2823";"611";"8";"5970";"7590";"71";"72"
"MU";"3506607";"Biritiba Mirim (SP)";"Total";"12707";"8322";"333";"674";"-";"1085";"2743";"24";"57"
"MU";"3506706";"Boa Esperança do Sul (SP)";"Total";"6506";"2758";"209";"133";"28";"274";"1295";"-";"-"
"MU";"3506805";"Bocaina (SP)";"Total";"6555";"2722";"194";"44";"-";"205";"185";"-";"8"
"MU";"3506904";"Bofete (SP)";"Total";"5114";"2966";"66";"12";"-";"204";"763";"-";"79"
"MU";"3507001";"Boituva (SP)";"Total";"28943";"15653";"982";"402";"-";"2864";"4481";"37";"59"
"MU";"3507100";"Bom Jesus dos Perdões (SP)";"Total";"11030";"4754";"341";"468";"13";"789";"1861";"-";"-"
"MU";"3507159";"Bom Sucesso de Itararé (SP)";"Total";"1903";"868";"13";"-";"-";"21";"182";"-";"12"
"MU";"3507209";"Borá (SP)";"Total";"478";"257";"2";"4";"-";"11";"25";"-";"9"
"MU";"3507308";"Boracéia (SP)";"Total";"2539";"1207";"-";"30";"-";"142";"153";"-";"7"
"MU";"3507407";"Borborema (SP)";"Total";"9349";"2663";"114";"41";"-";"146";"416";"-";"-"
"MU";"3507456";"Borebi (SP)";"Total";"879";"1116";"27";"-";"-";"184";"105";"-";"-"
"MU";"3507506";"Botucatu (SP)";"Total";"64694";"41563";"2893";"1529";"11";"6961";"10288";"22";"269"
"MU";"3507605";"Bragança Paulista (SP)";"Total";"86223";"42553";"3846";"1817";"64";"9461";"11677";"423";"302"
"MU";"3507704";"Braúna (SP)";"Total";"2713";"1193";"41";"5";"-";"334";"379";"-";"-"
"MU";"3507753";"Brejo Alegre (SP)";"Total";"1013";"861";"3";"4";"-";"124";"273";"-";"-"
"MU";"3507803";"Brodowski (SP)";"Total";"13896";"4999";"587";"169";"-";"692";"1735";"-";"-"
"MU";"3507902";"Brotas (SP)";"Total";"13332";"5734";"373";"112";"9";"629";"813";"-";"20"
"MU";"3508009";"Buri (SP)";"Total";"8474";"6503";"83";"90";"-";"702";"1362";"-";"-"
"MU";"3508108";"Buritama (SP)";"Total";"8222";"4572";"519";"46";"-";"582";"1355";"-";"5"
"MU";"3508207";"Buritizal (SP)";"Total";"2171";"996";"220";"16";"-";"129";"322";"-";"-"
"MU";"3508306";"Cabrália Paulista (SP)";"Total";"1754";"1169";"76";"14";"-";"248";"501";"-";"-"
"MU";"3508405";"Cabreúva (SP)";"Total";"19016";"14081";"306";"116";"-";"1518";"5532";"12";"21"
"MU";"3508504";"Caçapava (SP)";"Total";"52103";"21905";"1456";"890";"14";"2850";"4874";"17";"159"
"MU";"3508603";"Cachoeira Paulista (SP)";"Total";"19625";"5799";"613";"114";"-";"439";"1003";"-";"31"
"MU";"3508702";"Caconde (SP)";"Total";"11946";"2266";"375";"20";"-";"202";"309";"-";"26"
"MU";"3508801";"Cafelândia (SP)";"Total";"8336";"4624";"365";"51";"-";"358";"834";"-";"62"
"MU";"3508900";"Caiabu (SP)";"Total";"2500";"683";"11";"3";"-";"18";"95";"-";"-"
"MU";"3509007";"Caieiras (SP)";"Total";"39966";"27062";"1549";"751";"12";"5208";"8984";"34";"51"
"MU";"3509106";"Caiuá (SP)";"Total";"2905";"1569";"15";"48";"-";"223";"264";"-";"4"
"MU";"3509205";"Cajamar (SP)";"Total";"35657";"26166";"1007";"911";"-";"5215";"10551";"21";"32"
"MU";"3509254";"Cajati (SP)";"Total";"4855";"12998";"253";"29";"-";"1714";"4384";"-";"164"
"MU";"3509304";"Cajobi (SP)";"Total";"5497";"1999";"85";"46";"-";"181";"337";"-";"-"
"MU";"3509403";"Cajuru (SP)";"Total";"13816";"5518";"157";"97";"-";"513";"832";"-";"-"
"MU";"3509452";"Campina do Monte Alegre (SP)";"Total";"3182";"1497";"75";"9";"-";"157";"308";"-";"3"
"MU";"3509502";"Campinas (SP)";"Total";"510812";"281130";"34000";"13708";"114";"57684";"113190";"301";"2029"
"MU";"3509601";"Campo Limpo Paulista (SP)";"Total";"30888";"23281";"1124";"1238";"-";"3916";"7061";"122";"174"
"MU";"3509700";"Campos do Jordão (SP)";"Total";"25572";"11229";"577";"244";"32";"1449";"2016";"-";"10"
"MU";"3509809";"Campos Novos Paulista (SP)";"Total";"2603";"1289";"20";"-";"-";"116";"192";"-";"-"
"MU";"3509908";"Cananéia (SP)";"Total";"3614";"3876";"247";"81";"106";"493";"2275";"-";"75"
"MU";"3509957";"Canas (SP)";"Total";"2505";"1438";"14";"7";"-";"105";"129";"-";"18"
"MU";"3510005";"Cândido Mota (SP)";"Total";"16912";"7412";"195";"98";"-";"776";"711";"-";"-"
"MU";"3510104";"Cândido Rodrigues (SP)";"Total";"1850";"586";"31";"2";"-";"65";"67";"-";"20"
"MU";"3510153";"Canitar (SP)";"Total";"2283";"2441";"42";"-";"-";"167";"395";"-";"-"
"MU";"3510203";"Capão Bonito (SP)";"Total";"21859";"14834";"464";"171";"10";"1290";"1958";"-";"37"
"MU";"3510302";"Capela do Alto (SP)";"Total";"12200";"5953";"103";"124";"31";"426";"1060";"-";"-"
"MU";"3510401";"Capivari (SP)";"Total";"25594";"13512";"544";"313";"-";"1169";"2538";"-";"235"
"MU";"3510500";"Caraguatatuba (SP)";"Total";"48918";"36992";"3512";"2503";"10";"7710";"16977";"67";"134"
"MU";"3510609";"Carapicuíba (SP)";"Total";"157412";"106144";"4073";"4447";"175";"15685";"47397";"44";"587"
"MU";"3510708";"Cardoso (SP)";"Total";"6217";"3051";"132";"7";"-";"311";"477";"-";"4"
"MU";"3510807";"Casa Branca (SP)";"Total";"15530";"6828";"597";"254";"-";"494";"1292";"-";"-"
"MU";"3510906";"Cássia dos Coqueiros (SP)";"Total";"1859";"430";"33";"48";"-";"25";"126";"-";"-"
"MU";"3511003";"Castilho (SP)";"Total";"10643";"5162";"133";"33";"-";"428";"1091";"-";"-"
"MU";"3511102";"Catanduva (SP)";"Total";"57173";"30495";"6361";"597";"-";"3893";"4720";"54";"47"
"MU";"3511201";"Catiguá (SP)";"Total";"3607";"2014";"65";"27";"-";"252";"254";"-";"-"
"MU";"3511300";"Cedral (SP)";"Total";"6392";"3121";"302";"94";"19";"454";"758";"-";"-"
"MU";"3511409";"Cerqueira César (SP)";"Total";"11270";"5009";"340";"173";"-";"550";"1406";"-";"34"
"MU";"3511508";"Cerquilho (SP)";"Total";"24978";"9149";"692";"135";"-";"1946";"2618";"-";"43"
"MU";"3511607";"Cesário Lange (SP)";"Total";"9048";"4745";"34";"34";"-";"2124";"680";"-";"-"
"MU";"3511706";"Charqueada (SP)";"Total";"7597";"4523";"101";"20";"-";"287";"989";"-";"22"
"MU";"3511904";"Clementina (SP)";"Total";"3660";"1847";"77";"57";"-";"164";"250";"-";"9"
"MU";"3512001";"Colina (SP)";"Total";"9791";"3311";"654";"122";"-";"686";"1480";"18";"-"
"MU";"3512100";"Colômbia (SP)";"Total";"3226";"1732";"60";"8";"2";"164";"543";"-";"-"
"MU";"3512209";"Conchal (SP)";"Total";"12955";"7373";"187";"8";"-";"773";"2927";"-";"48"
"MU";"3512308";"Conchas (SP)";"Total";"8939";"3217";"92";"37";"-";"554";"638";"-";"-"
"MU";"3512407";"Cordeirópolis (SP)";"Total";"13429";"5706";"118";"62";"54";"438";"1260";"-";"2"
"MU";"3512506";"Coroados (SP)";"Total";"2704";"1767";"49";"-";"-";"115";"89";"-";"17"
"MU";"3512605";"Coronel Macedo (SP)";"Total";"2863";"766";"4";"-";"-";"65";"114";"-";"-"
"MU";"3512704";"Corumbataí (SP)";"Total";"2115";"1024";"11";"21";"-";"236";"248";"-";"-"
"MU";"3512803";"Cosmópolis (SP)";"Total";"21694";"20467";"645";"216";"-";"3365";"6173";"-";"24"
"MU";"3512902";"Cosmorama (SP)";"Total";"5404";"1607";"145";"19";"-";"130";"389";"-";"-"
"MU";"3513009";"Cotia (SP)";"Total";"115483";"67597";"6632";"3103";"38";"14719";"28379";"222";"229"
"MU";"3513108";"Cravinhos (SP)";"Total";"18189";"6765";"497";"264";"13";"1421";"2340";"-";"-"
"MU";"3513207";"Cristais Paulista (SP)";"Total";"5086";"1488";"542";"18";"-";"444";"459";"-";"5"
"MU";"3513306";"Cruzália (SP)";"Total";"1315";"561";"3";"-";"-";"15";"4";"-";"1"
"MU";"3513405";"Cruzeiro (SP)";"Total";"41877";"17644";"1252";"251";"-";"1971";"3191";"9";"58"
"MU";"3513504";"Cubatão (SP)";"Total";"44967";"33072";"849";"718";"-";"4735";"12877";"22";"19"
"MU";"3513603";"Cunha (SP)";"Total";"13220";"5022";"78";"31";"-";"389";"870";"-";"33"
"MU";"3513702";"Descalvado (SP)";"Total";"19804";"5334";"574";"143";"-";"895";"1569";"-";"19"
"MU";"3513801";"Diadema (SP)";"Total";"169606";"100773";"5854";"6423";"92";"22600";"41080";"153";"315"
"MU";"3513850";"Dirce Reis (SP)";"Total";"917";"411";"10";"-";"-";"39";"79";"-";"2"
"MU";"3513900";"Divinolândia (SP)";"Total";"8174";"1204";"165";"30";"-";"161";"290";"-";"6"
"MU";"3514007";"Dobrada (SP)";"Total";"4416";"2313";"87";"23";"-";"125";"663";"-";"-"
"MU";"3514106";"Dois Córregos (SP)";"Total";"15415";"4467";"209";"78";"-";"514";"904";"-";"55"
"MU";"3514205";"Dolcinópolis (SP)";"Total";"1490";"413";"28";"3";"-";"17";"34";"-";"-"
"MU";"3514304";"Dourado (SP)";"Total";"5353";"1166";"84";"60";"-";"255";"379";"-";"-"
"MU";"3514403";"Dracena (SP)";"Total";"27162";"9929";"926";"36";"-";"1044";"1674";"-";"21"
"MU";"3514502";"Duartina (SP)";"Total";"6394";"3350";"166";"9";"-";"420";"673";"-";"20"
"MU";"3514601";"Dumont (SP)";"Total";"5412";"2006";"57";"4";"-";"317";"549";"-";"-"
"MU";"3514700";"Echaporã (SP)";"Total";"3532";"1484";"37";"-";"-";"142";"206";"-";"7"
"MU";"3514809";"Eldorado (SP)";"Total";"3578";"4855";"152";"16";"63";"499";"1955";"-";"6"
"MU";"3514908";"Elias Fausto (SP)";"Total";"8012";"4594";"82";"44";"-";"513";"2122";"-";"-"
"MU";"3514924";"Elisiário (SP)";"Total";"1721";"877";"34";"13";"-";"47";"87";"-";"-"
"MU";"3514957";"Embaúba (SP)";"Total";"1384";"536";"45";"-";"-";"24";"100";"-";"2"
"MU";"3515004";"Embu das Artes (SP)";"Total";"106370";"60861";"2475";"3114";"95";"11824";"31463";"11";"182"
"MU";"3515103";"Embu-Guaçu (SP)";"Total";"26233";"18815";"1138";"745";"12";"2749";"8308";"30";"80"
"MU";"3515129";"Emilianópolis (SP)";"Total";"1980";"653";"-";"-";"-";"16";"40";"-";"-"
"MU";"3515152";"Engenheiro Coelho (SP)";"Total";"7179";"7974";"16";"30";"-";"301";"1334";"10";"-"
"MU";"3515186";"Espírito Santo do Pinhal (SP)";"Total";"24090";"7746";"1022";"282";"-";"1349";"1338";"-";"29"
"MU";"3515194";"Espírito Santo do Turvo (SP)";"Total";"2120";"1125";"-";"-";"-";"54";"254";"5";"-"
"MU";"3515202";"Estrela d'Oeste (SP)";"Total";"5007";"2300";"197";"16";"-";"115";"726";"49";"-"
"MU";"3515301";"Estrela do Norte (SP)";"Total";"1867";"454";"-";"-";"-";"23";"38";"-";"-"
"MU";"3515350";"Euclides da Cunha Paulista (SP)";"Total";"4275";"1969";"-";"16";"-";"123";"572";"-";"4"
"MU";"3515400";"Fartura (SP)";"Total";"11283";"2531";"139";"5";"11";"340";"370";"15";"-"
"MU";"3515509";"Fernandópolis (SP)";"Total";"34762";"19382";"2999";"477";"-";"2113";"3607";"20";"-"
"MU";"3515608";"Fernando Prestes (SP)";"Total";"3672";"1232";"105";"14";"-";"88";"227";"-";"-"
"MU";"3515657";"Fernão (SP)";"Total";"788";"484";"17";"-";"-";"20";"131";"-";"-"
"MU";"3515707";"Ferraz de Vasconcelos (SP)";"Total";"55818";"59643";"1653";"2509";"23";"13736";"20864";"124";"144"
"MU";"3515806";"Flora Rica (SP)";"Total";"830";"410";"3";"-";"-";"15";"81";"-";"-"
"MU";"3515905";"Floreal (SP)";"Total";"1722";"557";"53";"-";"-";"48";"124";"-";"-"
"MU";"3516002";"Flórida Paulista (SP)";"Total";"7384";"3463";"87";"162";"-";"121";"446";"-";"9"
"MU";"3516101";"Florínea (SP)";"Total";"1824";"1254";"28";"60";"-";"231";"119";"-";"-"
"MU";"3516200";"Franca (SP)";"Total";"185623";"68586";"20047";"2426";"43";"12139";"20570";"122";"221"
"MU";"3516309";"Francisco Morato (SP)";"Total";"58405";"47973";"1281";"2264";"55";"7548";"23058";"10";"45"
"MU";"3516408";"Franco da Rocha (SP)";"Total";"54891";"38391";"1544";"1838";"8";"8325";"20068";"32";"528"
"MU";"3516507";"Gabriel Monteiro (SP)";"Total";"1974";"280";"9";"3";"-";"79";"122";"-";"-"
"MU";"3516606";"Gália (SP)";"Total";"3034";"1853";"148";"21";"-";"160";"482";"-";"8"
"MU";"3516705";"Garça (SP)";"Total";"20904";"11612";"635";"203";"-";"1206";"2668";"20";"26"
"MU";"3516804";"Gastão Vidigal (SP)";"Total";"2183";"537";"23";"26";"-";"58";"66";"-";"-"
"MU";"3516853";"Gavião Peixoto (SP)";"Total";"2361";"1411";"77";"16";"-";"59";"110";"-";"13"
"MU";"3516903";"General Salgado (SP)";"Total";"5414";"2846";"307";"18";"-";"150";"461";"-";"-"
"MU";"3517000";"Getulina (SP)";"Total";"6038";"2388";"65";"22";"4";"212";"535";"-";"-"
"MU";"3517109";"Glicério (SP)";"Total";"2171";"1002";"43";"18";"-";"84";"326";"-";"-"
"MU";"3517208";"Guaiçara (SP)";"Total";"4827";"4120";"99";"34";"5";"289";"377";"-";"5"
"MU";"3517307";"Guaimbê (SP)";"Total";"2408";"1962";"55";"3";"-";"233";"151";"-";"17"
"MU";"3517406";"Guaíra (SP)";"Total";"24932";"6274";"541";"390";"-";"789";"1932";"-";"5"
"MU";"3517505";"Guapiaçu (SP)";"Total";"11374";"5527";"483";"77";"-";"602";"932";"-";"-"
"MU";"3517604";"Guapiara (SP)";"Total";"9748";"3767";"208";"-";"-";"162";"1035";"-";"9"
"MU";"3517703";"Guará (SP)";"Total";"8613";"4861";"473";"115";"-";"496";"1747";"-";"26"
"MU";"3517802";"Guaraçaí (SP)";"Total";"4958";"1334";"76";"5";"4";"90";"293";"-";"-"
"MU";"3517901";"Guaraci (SP)";"Total";"5879";"1705";"263";"65";"-";"293";"981";"8";"8"
"MU";"3518008";"Guarani d'Oeste (SP)";"Total";"1205";"399";"42";"4";"-";"60";"49";"-";"-"
"MU";"3518107";"Guarantã (SP)";"Total";"2898";"2189";"27";"3";"-";"129";"346";"-";"27"
"MU";"3518206";"Guararapes (SP)";"Total";"14555";"9057";"551";"41";"-";"1352";"1912";"-";"53"
"MU";"3518305";"Guararema (SP)";"Total";"12384";"8979";"957";"519";"-";"2162";"2269";"-";"88"
"MU";"3518404";"Guaratinguetá (SP)";"Total";"68654";"24149";"2402";"816";"-";"4005";"4510";"-";"60"
"MU";"3518503";"Guareí (SP)";"Total";"6543";"4680";"54";"92";"-";"646";"1147";"-";"296"
"MU";"3518602";"Guariba (SP)";"Total";"17088";"10350";"304";"322";"-";"873";"3848";"-";"88"
"MU";"3518701";"Guarujá (SP)";"Total";"117898";"71742";"6317";"3427";"84";"16726";"33212";"700";"241"
"MU";"3518800";"Guarulhos (SP)";"Total";"487155";"337892";"27804";"21223";"493";"73893";"172421";"551";"1944"
"MU";"3518859";"Guatapará (SP)";"Total";"3193";"1851";"6";"26";"-";"412";"889";"-";"-"
"MU";"3518909";"Guzolândia (SP)";"Total";"1822";"1374";"71";"6";"-";"190";"292";"-";"-"
"MU";"3519006";"Herculândia (SP)";"Total";"4000";"3340";"18";"21";"-";"243";"377";"-";"-"
"MU";"3519055";"Holambra (SP)";"Total";"8453";"2560";"275";"88";"5";"258";"1586";"-";"-"
"MU";"3519071";"Hortolândia (SP)";"Total";"83854";"81706";"2131";"2097";"10";"12158";"24008";"42";"353"
"MU";"3519105";"Iacanga (SP)";"Total";"5361";"3280";"30";"67";"-";"160";"271";"-";"11"
"MU";"3519204";"Iacri (SP)";"Total";"3486";"1681";"28";"15";"-";"50";"179";"-";"11"
"MU";"3519253";"Iaras (SP)";"Total";"3703";"2877";"102";"-";"-";"97";"443";"-";"-"
"MU";"3519303";"Ibaté (SP)";"Total";"14013";"9826";"115";"120";"36";"678";"3043";"-";"54"
"MU";"3519402";"Ibirá (SP)";"Total";"6671";"2307";"344";"26";"-";"354";"633";"-";"4"
"MU";"3519501";"Ibirarema (SP)";"Total";"3447";"1545";"7";"3";"-";"208";"387";"-";"19"
"MU";"3519600";"Ibitinga (SP)";"Total";"31441";"15372";"827";"529";"-";"1850";"2588";"-";"22"
"MU";"3519709";"Ibiúna (SP)";"Total";"34196";"20153";"904";"215";"-";"3423";"6383";"-";"106"
"MU";"3519808";"Icém (SP)";"Total";"4811";"1395";"260";"23";"-";"164";"317";"4";"27"
"MU";"3519907";"Iepê (SP)";"Total";"4470";"1982";"22";"-";"-";"135";"121";"4";"-"
"MU";"3520004";"Igaraçu do Tietê (SP)";"Total";"12737";"5689";"179";"33";"-";"585";"935";"226";"42"
"MU";"3520103";"Igarapava (SP)";"Total";"14204";"4601";"1536";"303";"-";"341";"2193";"-";"-"
"MU";"3520202";"Igaratá (SP)";"Total";"6006";"2438";"100";"81";"-";"214";"424";"-";"-"
"MU";"3520301";"Iguape (SP)";"Total";"10583";"9754";"359";"120";"151";"1282";"3426";"10";"-"
"MU";"3520400";"Ilhabela (SP)";"Total";"14486";"8255";"822";"444";"8";"2510";"3977";"10";"5"
"MU";"3520426";"Ilha Comprida (SP)";"Total";"5800";"3204";"436";"132";"9";"1353";"968";"-";"5"
"MU";"3520442";"Ilha Solteira (SP)";"Total";"11067";"7461";"976";"30";"18";"1001";"2404";"-";"28"
"MU";"3520509";"Indaiatuba (SP)";"Total";"123451";"52252";"8659";"3253";"34";"12526";"24721";"-";"161"
"MU";"3520608";"Indiana (SP)";"Total";"3042";"1202";"47";"-";"-";"62";"142";"-";"-"
"MU";"3520707";"Indiaporã (SP)";"Total";"2287";"961";"40";"-";"-";"74";"265";"-";"-"
"MU";"3520806";"Inúbia Paulista (SP)";"Total";"2105";"847";"31";"3";"-";"84";"163";"-";"4"
"MU";"3520905";"Ipaussu (SP)";"Total";"7576";"3465";"182";"29";"-";"245";"496";"-";"5"
"MU";"3521002";"Iperó (SP)";"Total";"12748";"13712";"283";"618";"-";"1142";"3007";"-";"8"
"MU";"3521101";"Ipeúna (SP)";"Total";"3167";"2114";"62";"-";"-";"317";"288";"-";"-"
"MU";"3521150";"Ipiguá (SP)";"Total";"3229";"1755";"180";"97";"-";"233";"406";"-";"-"
"MU";"3521200";"Iporanga (SP)";"Total";"1509";"1490";"15";"5";"-";"91";"372";"-";"8"
"MU";"3521309";"Ipuã (SP)";"Total";"8567";"2095";"452";"80";"-";"439";"1049";"-";"-"
"MU";"3521408";"Iracemápolis (SP)";"Total";"11920";"5465";"130";"25";"-";"612";"1146";"-";"47"
"MU";"3521507";"Irapuã (SP)";"Total";"4103";"1410";"9";"-";"-";"122";"409";"-";"-"
"MU";"3521606";"Irapuru (SP)";"Total";"3967";"1935";"46";"41";"-";"233";"239";"-";"21"
"MU";"3521705";"Itaberá (SP)";"Total";"10105";"4097";"347";"19";"-";"232";"920";"-";"5"
"MU";"3521804";"Itaí (SP)";"Total";"13598";"5671";"178";"69";"-";"806";"1448";"-";"28"
"MU";"3521903";"Itajobi (SP)";"Total";"10862";"3344";"136";"22";"-";"311";"374";"11";"5"
"MU";"3522000";"Itaju (SP)";"Total";"1761";"748";"27";"20";"-";"454";"125";"-";"-"
"MU";"3522109";"Itanhaém (SP)";"Total";"42021";"27198";"4106";"3339";"162";"5481";"16226";"125";"249"
"MU";"3522158";"Itaoca (SP)";"Total";"1451";"972";"352";"4";"-";"116";"64";"-";"-"
"MU";"3522208";"Itapecerica da Serra (SP)";"Total";"66440";"41521";"1499";"1233";"63";"7304";"18246";"111";"377"
"MU";"3522307";"Itapetininga (SP)";"Total";"73441";"48274";"1847";"1004";"-";"4272";"8559";"41";"488"
"MU";"3522406";"Itapeva (SP)";"Total";"34722";"31567";"1701";"693";"21";"2891";"6188";"8";"256"
"MU";"3522505";"Itapevi (SP)";"Total";"78113";"68531";"1650";"2438";"78";"15285";"31400";"247";"106"
"MU";"3522604";"Itapira (SP)";"Total";"40984";"14032";"1345";"290";"13";"2313";"5262";"-";"37"
"MU";"3522653";"Itapirapuã Paulista (SP)";"Total";"1789";"1588";"10";"-";"-";"11";"278";"-";"-"
"MU";"3522703";"Itápolis (SP)";"Total";"26423";"5878";"649";"185";"15";"341";"1518";"-";"-"
"MU";"3522802";"Itaporanga (SP)";"Total";"9473";"2171";"63";"8";"20";"366";"222";"-";"65"
"MU";"3522901";"Itapuí (SP)";"Total";"7958";"2957";"30";"109";"-";"311";"422";"-";"-"
"MU";"3523008";"Itapura (SP)";"Total";"1772";"1034";"43";"-";"-";"74";"582";"-";"-"
"MU";"3523107";"Itaquaquecetuba (SP)";"Total";"114220";"117913";"2688";"3878";"23";"23975";"50906";"159";"868"
"MU";"3523206";"Itararé (SP)";"Total";"18990";"15356";"748";"308";"-";"743";"2488";"-";"56"
"MU";"3523305";"Itariri (SP)";"Total";"4596";"5782";"177";"171";"24";"626";"1955";"-";"-"
"MU";"3523404";"Itatiba (SP)";"Total";"63007";"23766";"2848";"2609";"-";"5390";"9468";"1";"107"
"MU";"3523503";"Itatinga (SP)";"Total";"9367";"6099";"87";"11";"-";"483";"605";"-";"-"
"MU";"3523602";"Itirapina (SP)";"Total";"7194";"4486";"175";"131";"-";"395";"1588";"446";"40"
"MU";"3523701";"Itirapuã (SP)";"Total";"3546";"1129";"54";"10";"-";"157";"107";"-";"-"
"MU";"3523800";"Itobi (SP)";"Total";"5034";"1605";"83";"53";"-";"89";"235";"-";"-"
"MU";"3523909";"Itu (SP)";"Total";"85510";"39031";"2460";"1515";"12";"5310";"13270";"-";"252"
"MU";"3524006";"Itupeva (SP)";"Total";"31630";"16780";"1446";"523";"-";"6010";"4220";"36";"37"
"MU";"3524105";"Ituverava (SP)";"Total";"19613";"9774";"1214";"118";"-";"962";"1767";"-";"32"
"MU";"3524204";"Jaborandi (SP)";"Total";"3711";"1336";"57";"14";"-";"182";"259";"-";"-"
"MU";"3524303";"Jaboticabal (SP)";"Total";"35495";"16480";"3461";"1172";"-";"2213";"5481";"-";"34"
"MU";"3524402";"Jacareí (SP)";"Total";"113471";"63724";"5141";"3104";"13";"10162";"15513";"31";"183"
"MU";"3524501";"Jaci (SP)";"Total";"4425";"1374";"102";"21";"-";"209";"442";"-";"5"
"MU";"3524600";"Jacupiranga (SP)";"Total";"4030";"6588";"230";"33";"-";"573";"2384";"-";"46"
"MU";"3524709";"Jaguariúna (SP)";"Total";"29927";"14055";"967";"491";"-";"2266";"4171";"-";"100"
"MU";"3524808";"Jales (SP)";"Total";"24318";"14005";"1758";"38";"-";"1690";"1838";"11";"40"
"MU";"3524907";"Jambeiro (SP)";"Total";"3487";"1463";"44";"26";"-";"209";"338";"-";"-"
"MU";"3525003";"Jandira (SP)";"Total";"41723";"37713";"738";"1395";"24";"7166";"13191";"-";"7"
"MU";"3525102";"Jardinópolis (SP)";"Total";"21836";"11590";"806";"360";"-";"1892";"3005";"-";"-"
"MU";"3525201";"Jarinu (SP)";"Total";"19751";"8149";"460";"373";"-";"1863";"1622";"46";"84"
"MU";"3525300";"Jaú (SP)";"Total";"77664";"30385";"2085";"798";"54";"2939";"4436";"11";"281"
"MU";"3525409";"Jeriquara (SP)";"Total";"1543";"972";"325";"14";"-";"167";"244";"-";"32"
"MU";"3525508";"Joanópolis (SP)";"Total";"7392";"2751";"122";"205";"-";"308";"518";"-";"11"
"MU";"3525607";"João Ramalho (SP)";"Total";"2225";"1286";"12";"-";"-";"173";"80";"-";"-"
"MU";"3525706";"José Bonifácio (SP)";"Total";"21753";"8661";"402";"144";"-";"483";"712";"-";"58"
"MU";"3525805";"Júlio Mesquita (SP)";"Total";"2025";"1261";"27";"3";"-";"100";"265";"-";"4"
"MU";"3525854";"Jumirim (SP)";"Total";"1744";"794";"9";"26";"-";"26";"14";"-";"-"
"MU";"3525904";"Jundiaí (SP)";"Total";"233018";"87227";"13000";"5044";"59";"22688";"32834";"71";"423"
"MU";"3526001";"Junqueirópolis (SP)";"Total";"11535";"5273";"255";"128";"33";"391";"597";"-";"50"
"MU";"3526100";"Juquiá (SP)";"Total";"4921";"7317";"110";"6";"-";"781";"1734";"-";"42"
"MU";"3526209";"Juquitiba (SP)";"Total";"11438";"8041";"379";"291";"-";"849";"2646";"-";"32"
"MU";"3526308";"Lagoinha (SP)";"Total";"3932";"512";"18";"4";"-";"52";"74";"3";"-"
"MU";"3526407";"Laranjal Paulista (SP)";"Total";"15996";"4774";"147";"59";"-";"606";"1532";"-";"17"
"MU";"3526506";"Lavínia (SP)";"Total";"4408";"2907";"148";"94";"-";"537";"1047";"-";"49"
"MU";"3526605";"Lavrinhas (SP)";"Total";"4345";"1440";"23";"22";"-";"125";"202";"-";"-"
"MU";"3526704";"Leme (SP)";"Total";"51596";"22532";"1246";"678";"20";"3357";"6649";"-";"29"
"MU";"3526803";"Lençóis Paulista (SP)";"Total";"31614";"20766";"657";"71";"-";"2273";"3063";"-";"31"
"MU";"3526902";"Limeira (SP)";"Total";"137756";"87493";"4243";"1292";"40";"9279";"18158";"142";"115"
"MU";"3527009";"Lindóia (SP)";"Total";"4133";"1231";"101";"92";"-";"222";"423";"-";"-"
"MU";"3527108";"Lins (SP)";"Total";"33513";"23440";"1818";"351";"-";"3750";"3115";"13";"109"
"MU";"3527207";"Lorena (SP)";"Total";"48099";"20252";"1064";"889";"-";"1683";"2684";"23";"12"
"MU";"3527256";"Lourdes (SP)";"Total";"1021";"458";"127";"9";"-";"20";"87";"-";"12"
"MU";"3527306";"Louveira (SP)";"Total";"25701";"11804";"895";"120";"-";"1779";"4153";"-";"95"
"MU";"3527405";"Lucélia (SP)";"Total";"11199";"5323";"306";"46";"-";"384";"860";"-";"-"
"MU";"3527504";"Lucianópolis (SP)";"Total";"1118";"793";"15";"2";"-";"48";"137";"-";"4"
"MU";"3527603";"Luís Antônio (SP)";"Total";"5619";"3542";"37";"52";"-";"451";"917";"5";"25"
"MU";"3527702";"Luiziânia (SP)";"Total";"2723";"1037";"3";"49";"-";"97";"151";"-";"-"
"MU";"3527801";"Lupércio (SP)";"Total";"2139";"988";"24";"8";"-";"53";"258";"-";"-"
"MU";"3527900";"Lutécia (SP)";"Total";"1582";"552";"19";"4";"-";"33";"132";"-";"10"
"MU";"3528007";"Macatuba (SP)";"Total";"8601";"4687";"63";"19";"-";"369";"982";"-";"30"
"MU";"3528106";"Macaubal (SP)";"Total";"5084";"1265";"78";"9";"-";"94";"186";"-";"-"
"MU";"3528205";"Macedônia (SP)";"Total";"2193";"1097";"62";"-";"-";"78";"130";"-";"-"
"MU";"3528304";"Magda (SP)";"Total";"1875";"794";"11";"-";"-";"60";"121";"-";"-"
"MU";"3528403";"Mairinque (SP)";"Total";"23172";"14004";"576";"516";"-";"2050";"3488";"9";"19"
"MU";"3528502";"Mairiporã (SP)";"Total";"41374";"22215";"1904";"1680";"23";"4960";"9407";"17";"197"
"MU";"3528601";"Manduri (SP)";"Total";"6152";"1980";"52";"21";"-";"132";"462";"-";"5"
"MU";"3528700";"Marabá Paulista (SP)";"Total";"2586";"1084";"36";"48";"-";"53";"359";"-";"-"
"MU";"3528809";"Maracaí (SP)";"Total";"7051";"3453";"25";"-";"-";"260";"296";"-";"62"
"MU";"3528858";"Marapoama (SP)";"Total";"1511";"1180";"42";"7";"-";"86";"69";"-";"10"
"MU";"3528908";"Mariápolis (SP)";"Total";"2266";"650";"7";"-";"-";"34";"166";"-";"-"
"MU";"3529005";"Marília (SP)";"Total";"111733";"65543";"6631";"1126";"71";"10465";"13586";"114";"187"
"MU";"3529104";"Marinópolis (SP)";"Total";"1115";"395";"117";"5";"-";"19";"46";"-";"-"
"MU";"3529203";"Martinópolis (SP)";"Total";"13889";"6350";"105";"44";"-";"661";"990";"-";"63"
"MU";"3529302";"Matão (SP)";"Total";"44864";"15785";"2052";"691";"-";"2590";"4542";"11";"70"
"MU";"3529401";"Mauá (SP)";"Total";"168485";"123000";"5810";"4122";"20";"25771";"39887";"11";"415"
"MU";"3529500";"Mendonça (SP)";"Total";"3543";"1391";"58";"24";"-";"172";"222";"-";"20"
"MU";"3529609";"Meridiano (SP)";"Total";"2564";"1049";"65";"-";"-";"39";"358";"-";"-"
"MU";"3529658";"Mesópolis (SP)";"Total";"1091";"453";"4";"4";"-";"10";"166";"-";"-"
"MU";"3529708";"Miguelópolis (SP)";"Total";"11610";"4038";"231";"62";"-";"495";"686";"-";"69"
"MU";"3529807";"Mineiros do Tietê (SP)";"Total";"6317";"2746";"157";"54";"-";"146";"493";"-";"10"
"MU";"3529906";"Miracatu (SP)";"Total";"6424";"7016";"92";"76";"90";"864";"1349";"7";"44"
"MU";"3530003";"Mira Estrela (SP)";"Total";"1847";"693";"79";"4";"-";"104";"58";"-";"-"
"MU";"3530102";"Mirandópolis (SP)";"Total";"14217";"7751";"325";"219";"-";"1558";"1385";"-";"63"
"MU";"3530201";"Mirante do Paranapanema (SP)";"Total";"9431";"3798";"41";"69";"-";"287";"435";"-";"4"
"MU";"3530300";"Mirassol (SP)";"Total";"33368";"13758";"2801";"933";"17";"2486";"2328";"-";"-"
"MU";"3530409";"Mirassolândia (SP)";"Total";"2441";"1383";"77";"30";"-";"17";"154";"-";"5"
"MU";"3530508";"Mococa (SP)";"Total";"42248";"13709";"933";"57";"-";"1388";"1926";"-";"11"
"MU";"3530607";"Mogi das Cruzes (SP)";"Total";"168480";"127136";"13238";"8777";"91";"32765";"43022";"92";"331"
"MU";"3530706";"Mogi Guaçu (SP)";"Total";"77352";"42878";"1747";"1018";"-";"5046";"7459";"10";"106"
"MU";"3530805";"Mogi Mirim (SP)";"Total";"50336";"20409";"2112";"739";"-";"3655";"5029";"21";"116"
"MU";"3530904";"Mombuca (SP)";"Total";"1804";"1015";"-";"21";"-";"44";"252";"-";"-"
"MU";"3531001";"Monções (SP)";"Total";"1196";"358";"12";"-";"-";"20";"148";"-";"-"
"MU";"3531100";"Mongaguá (SP)";"Total";"22493";"13801";"2655";"4827";"214";"3033";"7313";"189";"35"
"MU";"3531209";"Monte Alegre do Sul (SP)";"Total";"5488";"1215";"184";"202";"-";"281";"358";"-";"6"
"MU";"3531308";"Monte Alto (SP)";"Total";"26883";"10754";"1417";"261";"-";"1116";"2246";"-";"8"
"MU";"3531407";"Monte Aprazível (SP)";"Total";"12915";"5135";"257";"222";"-";"671";"621";"-";"73"
"MU";"3531506";"Monte Azul Paulista (SP)";"Total";"9822";"4596";"378";"23";"-";"395";"1045";"-";"4"
"MU";"3531605";"Monte Castelo (SP)";"Total";"2315";"1170";"30";"-";"-";"35";"162";"-";"-"
"MU";"3531704";"Monteiro Lobato (SP)";"Total";"2488";"562";"39";"20";"7";"115";"390";"-";"-"
"MU";"3531803";"Monte Mor (SP)";"Total";"24134";"22130";"373";"349";"3";"3218";"5380";"20";"109"
"MU";"3531902";"Morro Agudo (SP)";"Total";"14837";"7591";"182";"38";"-";"830";"989";"-";"31"
"MU";"3532009";"Morungaba (SP)";"Total";"7690";"2831";"111";"86";"5";"369";"843";"35";"-"
"MU";"3532058";"Motuca (SP)";"Total";"1929";"1028";"58";"77";"-";"31";"425";"-";"-"
"MU";"3532108";"Murutinga do Sul (SP)";"Total";"2260";"698";"59";"28";"-";"75";"241";"-";"7"
"MU";"3532157";"Nantes (SP)";"Total";"1545";"699";"-";"-";"-";"20";"36";"-";"3"
"MU";"3532207";"Narandiba (SP)";"Total";"3372";"1212";"-";"15";"-";"109";"140";"-";"-"
"MU";"3532306";"Natividade da Serra (SP)";"Total";"3999";"1688";"16";"4";"-";"158";"307";"-";"-"
"MU";"3532405";"Nazaré Paulista (SP)";"Total";"9341";"4217";"219";"213";"-";"664";"1365";"-";"-"
"MU";"3532504";"Neves Paulista (SP)";"Total";"6015";"1614";"280";"112";"-";"264";"391";"-";"4"
"MU";"3532603";"Nhandeara (SP)";"Total";"6141";"1836";"412";"39";"-";"184";"311";"-";"-"
"MU";"3532702";"Nipoã (SP)";"Total";"2684";"1204";"47";"19";"-";"54";"70";"3";"-"
"MU";"3532801";"Nova Aliança (SP)";"Total";"3775";"1482";"88";"9";"-";"163";"370";"-";"5"
"MU";"3532827";"Nova Campina (SP)";"Total";"2372";"4067";"-";"14";"-";"324";"447";"-";"5"
"MU";"3532843";"Nova Canaã Paulista (SP)";"Total";"1372";"386";"7";"2";"-";"38";"61";"-";"3"
"MU";"3532868";"Nova Castilho (SP)";"Total";"626";"266";"16";"-";"-";"7";"10";"-";"-"
"MU";"3532900";"Nova Europa (SP)";"Total";"5076";"2394";"110";"89";"-";"164";"307";"-";"10"
"MU";"3533007";"Nova Granada (SP)";"Total";"10881";"4145";"458";"162";"-";"563";"694";"-";"10"
"MU";"3533106";"Nova Guataporanga (SP)";"Total";"1315";"414";"17";"-";"-";"89";"65";"-";"-"
"MU";"3533205";"Nova Independência (SP)";"Total";"1968";"1409";"19";"27";"3";"99";"538";"-";"-"
"MU";"3533254";"Novais (SP)";"Total";"2080";"1275";"8";"7";"-";"115";"299";"-";"-"
"MU";"3533304";"Nova Luzitânia (SP)";"Total";"1638";"568";"17";"13";"-";"95";"196";"-";"-"
"MU";"3533403";"Nova Odessa (SP)";"Total";"27663";"19761";"775";"407";"-";"2593";"3326";"13";"30"
"MU";"3533502";"Novo Horizonte (SP)";"Total";"22111";"9298";"685";"144";"-";"782";"901";"-";"38"
"MU";"3533601";"Nuporanga (SP)";"Total";"4608";"1326";"69";"-";"-";"159";"306";"-";"5"
"MU";"3533700";"Ocauçu (SP)";"Total";"3037";"576";"22";"-";"-";"34";"94";"-";"-"
"MU";"3533809";"Óleo (SP)";"Total";"1637";"516";"8";"5";"-";"36";"42";"-";"2"
"MU";"3533908";"Olímpia (SP)";"Total";"28861";"12076";"1253";"240";"-";"1363";"4621";"-";"84"
"MU";"3534005";"Onda Verde (SP)";"Total";"2281";"1397";"51";"20";"-";"136";"259";"7";"-"
"MU";"3534104";"Oriente (SP)";"Total";"3718";"1220";"86";"24";"-";"224";"128";"-";"3"
"MU";"3534203";"Orindiúva (SP)";"Total";"3626";"1193";"45";"8";"-";"221";"121";"-";"8"
"MU";"3534302";"Orlândia (SP)";"Total";"23271";"6568";"846";"122";"-";"1252";"1943";"-";"98"
"MU";"3534401";"Osasco (SP)";"Total";"315693";"185153";"14253";"8555";"75";"30816";"83153";"69";"1407"
"MU";"3534500";"Oscar Bressane (SP)";"Total";"1794";"395";"17";"-";"-";"17";"25";"-";"-"
"MU";"3534609";"Osvaldo Cruz (SP)";"Total";"18684";"7203";"214";"69";"-";"680";"1342";"-";"24"
"MU";"3534708";"Ourinhos (SP)";"Total";"52742";"28821";"1398";"484";"-";"3066";"5143";"-";"67"
"MU";"3534757";"Ouroeste (SP)";"Total";"5511";"2702";"179";"47";"-";"236";"433";"-";"-"
"MU";"3534807";"Ouro Verde (SP)";"Total";"4259";"1922";"42";"21";"-";"112";"375";"-";"-"
"MU";"3534906";"Pacaembu (SP)";"Total";"7651";"3721";"162";"117";"-";"543";"1641";"5";"5"
"MU";"3535002";"Palestina (SP)";"Total";"6669";"2481";"146";"77";"-";"266";"496";"-";"-"
"MU";"3535101";"Palmares Paulista (SP)";"Total";"5076";"2521";"91";"19";"-";"250";"475";"-";"5"
"MU";"3535200";"Palmeira d'Oeste (SP)";"Total";"5497";"1667";"309";"5";"-";"145";"467";"-";"9"
"MU";"3535309";"Palmital (SP)";"Total";"12611";"3409";"166";"28";"-";"387";"945";"-";"-"
"MU";"3535408";"Panorama (SP)";"Total";"6408";"4800";"125";"17";"-";"247";"1320";"-";"9"
"MU";"3535507";"Paraguaçu Paulista (SP)";"Total";"19192";"13134";"272";"76";"-";"1908";"1491";"-";"29"
"MU";"3535606";"Paraibuna (SP)";"Total";"11584";"2770";"64";"66";"-";"352";"665";"-";"13"
"MU";"3535705";"Paraíso (SP)";"Total";"3567";"1253";"167";"56";"-";"179";"225";"-";"3"
"MU";"3535804";"Paranapanema (SP)";"Total";"9723";"5551";"127";"-";"-";"458";"802";"-";"10"
"MU";"3535903";"Paranapuã (SP)";"Total";"1981";"1152";"33";"-";"-";"52";"282";"-";"26"
"MU";"3536000";"Parapuã (SP)";"Total";"6242";"2122";"82";"47";"-";"292";"691";"-";"-"
"MU";"3536109";"Pardinho (SP)";"Total";"3271";"2043";"114";"33";"-";"269";"504";"-";"-"
"MU";"3536208";"Pariquera-Açu (SP)";"Total";"5726";"7078";"207";"71";"94";"624";"2931";"-";"28"
"MU";"3536257";"Parisi (SP)";"Total";"1651";"559";"61";"-";"-";"90";"194";"-";"-"
"MU";"3536307";"Patrocínio Paulista (SP)";"Total";"8822";"2670";"131";"115";"-";"235";"651";"-";"6"
"MU";"3536406";"Paulicéia (SP)";"Total";"3415";"2518";"27";"65";"-";"215";"600";"-";"2"
"MU";"3536505";"Paulínia (SP)";"Total";"52238";"26211";"3555";"555";"27";"5273";"8989";"-";"87"
"MU";"3536570";"Paulistânia (SP)";"Total";"1087";"551";"-";"3";"-";"1";"175";"-";"-"
"MU";"3536604";"Paulo de Faria (SP)";"Total";"4152";"1499";"203";"65";"-";"290";"422";"-";"6"
"MU";"3536703";"Pederneiras (SP)";"Total";"21056";"13793";"344";"98";"-";"1435";"2477";"-";"155"
"MU";"3536802";"Pedra Bela (SP)";"Total";"4203";"1223";"34";"2";"-";"79";"279";"-";"15"
"MU";"3536901";"Pedranópolis (SP)";"Total";"1573";"700";"72";"15";"-";"49";"116";"-";"-"
"MU";"3537008";"Pedregulho (SP)";"Total";"7746";"2402";"1532";"33";"-";"548";"1347";"-";"9"
"MU";"3537107";"Pedreira (SP)";"Total";"26298";"7764";"485";"254";"-";"977";"2707";"-";"-"
"MU";"3537156";"Pedrinhas Paulista (SP)";"Total";"1796";"558";"6";"-";"-";"37";"117";"-";"-"
"MU";"3537206";"Pedro de Toledo (SP)";"Total";"4368";"3475";"127";"89";"-";"322";"1355";"-";"35"
"MU";"3537305";"Penápolis (SP)";"Total";"31880";"14717";"1250";"325";"-";"2902";"3372";"64";"25"
"MU";"3537404";"Pereira Barreto (SP)";"Total";"11205";"7589";"419";"90";"-";"525";"1384";"-";"-"
"MU";"3537503";"Pereiras (SP)";"Total";"4988";"1955";"75";"36";"23";"366";"154";"-";"5"
"MU";"3537602";"Peruíbe (SP)";"Total";"25579";"18671";"2565";"1529";"141";"5511";"5644";"60";"443"
"MU";"3537701";"Piacatu (SP)";"Total";"3190";"1382";"15";"18";"-";"88";"224";"-";"6"
"MU";"3537800";"Piedade (SP)";"Total";"26237";"14695";"481";"222";"-";"1330";"3739";"-";"46"
"MU";"3537909";"Pilar do Sul (SP)";"Total";"13404";"7494";"140";"74";"-";"1237";"1745";"-";"-"
"MU";"3538006";"Pindamonhangaba (SP)";"Total";"83249";"41307";"3224";"1449";"25";"5651";"8947";"9";"314"
"MU";"3538105";"Pindorama (SP)";"Total";"8393";"3277";"585";"53";"-";"284";"437";"5";"20"
"MU";"3538204";"Pinhalzinho (SP)";"Total";"9316";"3004";"270";"119";"-";"490";"363";"-";"5"
"MU";"3538303";"Piquerobi (SP)";"Total";"2014";"659";"3";"2";"-";"66";"179";"-";"4"
"MU";"3538501";"Piquete (SP)";"Total";"8403";"2230";"79";"49";"-";"249";"161";"-";"7"
"MU";"3538600";"Piracaia (SP)";"Total";"15440";"5162";"242";"234";"-";"624";"1529";"-";"-"
"MU";"3538709";"Piracicaba (SP)";"Total";"195234";"115556";"8690";"3028";"48";"16057";"35097";"324";"253"
"MU";"3538808";"Piraju (SP)";"Total";"19384";"4540";"257";"49";"-";"964";"861";"-";"18"
"MU";"3538907";"Pirajuí (SP)";"Total";"11057";"6085";"381";"155";"-";"470";"2083";"-";"56"
"MU";"3539004";"Pirangi (SP)";"Total";"6827";"2103";"206";"9";"-";"163";"381";"-";"21"
"MU";"3539103";"Pirapora do Bom Jesus (SP)";"Total";"6228";"5870";"110";"182";"-";"556";"2590";"5";"3"
"MU";"3539202";"Pirapozinho (SP)";"Total";"13983";"6953";"120";"27";"-";"552";"759";"-";"8"
"MU";"3539301";"Pirassununga (SP)";"Total";"38805";"15269";"2161";"1100";"-";"3390";"4527";"-";"19"
"MU";"3539400";"Piratininga (SP)";"Total";"6289";"4807";"385";"103";"-";"578";"1018";"-";"-"
"MU";"3539509";"Pitangueiras (SP)";"Total";"15676";"8639";"845";"84";"-";"752";"3386";"-";"-"
"MU";"3539608";"Planalto (SP)";"Total";"2293";"1084";"32";"8";"-";"64";"369";"-";"18"
"MU";"3539707";"Platina (SP)";"Total";"1315";"1065";"2";"-";"-";"170";"80";"-";"-"
"MU";"3539806";"Poá (SP)";"Total";"34915";"34702";"2613";"1281";"29";"5591";"11344";"118";"381"
"MU";"3539905";"Poloni (SP)";"Total";"3321";"1110";"173";"26";"-";"106";"222";"-";"-"
"MU";"3540002";"Pompéia (SP)";"Total";"10913";"4584";"259";"22";"-";"846";"1226";"-";"14"
"MU";"3540101";"Pongaí (SP)";"Total";"1954";"764";"94";"3";"-";"61";"147";"-";"33"
"MU";"3540200";"Pontal (SP)";"Total";"18052";"9294";"387";"344";"13";"1347";"3212";"-";"20"
"MU";"3540259";"Pontalinda (SP)";"Total";"2505";"880";"15";"11";"-";"79";"106";"-";"-"
"MU";"3540309";"Pontes Gestal (SP)";"Total";"1152";"720";"12";"5";"-";"73";"144";"-";"-"
"MU";"3540408";"Populina (SP)";"Total";"1908";"1084";"248";"17";"-";"78";"370";"-";"-"
"MU";"3540507";"Porangaba (SP)";"Total";"5341";"2839";"124";"66";"-";"436";"481";"4";"20"
"MU";"3540606";"Porto Feliz (SP)";"Total";"24552";"18079";"499";"267";"-";"2418";"3870";"17";"23"
"MU";"3540705";"Porto Ferreira (SP)";"Total";"26809";"12594";"807";"226";"-";"2294";"4074";"-";"22"
"MU";"3540754";"Potim (SP)";"Total";"11187";"4746";"138";"283";"-";"568";"522";"-";"402"
"MU";"3540804";"Potirendaba (SP)";"Total";"10422";"4332";"301";"53";"-";"364";"708";"-";"35"
"MU";"3540853";"Pracinha (SP)";"Total";"1507";"685";"8";"81";"3";"54";"79";"-";"-"
"MU";"3540903";"Pradópolis (SP)";"Total";"8918";"3775";"23";"50";"-";"350";"1954";"-";"-"
"MU";"3541000";"Praia Grande (SP)";"Total";"142076";"81769";"12883";"9685";"143";"20395";"39220";"72";"126"
"MU";"3541059";"Pratânia (SP)";"Total";"1949";"1622";"13";"7";"-";"342";"466";"2";"-"
"MU";"3541109";"Presidente Alves (SP)";"Total";"1513";"1546";"19";"6";"-";"69";"184";"-";"30"
"MU";"3541208";"Presidente Bernardes (SP)";"Total";"9461";"2691";"57";"42";"-";"165";"734";"95";"18"
"MU";"3541307";"Presidente Epitácio (SP)";"Total";"20148";"10714";"535";"93";"-";"1076";"2315";"-";"34"
"MU";"3541406";"Presidente Prudente (SP)";"Total";"121298";"57467";"2948";"1073";"30";"7337";"9928";"169";"120"
"MU";"3541505";"Presidente Venceslau (SP)";"Total";"20574";"8550";"459";"147";"-";"876";"1258";"-";"13"
"MU";"3541604";"Promissão (SP)";"Total";"15180";"12626";"624";"163";"15";"601";"1710";"14";"19"
"MU";"3541653";"Quadra (SP)";"Total";"1851";"916";"31";"8";"-";"81";"108";"-";"-"
"MU";"3541703";"Quatá (SP)";"Total";"6425";"3794";"28";"4";"-";"186";"955";"-";"75"
"MU";"3541802";"Queiroz (SP)";"Total";"1662";"918";"-";"6";"-";"69";"151";"4";"-"
"MU";"3541901";"Queluz (SP)";"Total";"5520";"1825";"21";"12";"-";"293";"277";"6";"5"
"MU";"3542008";"Quintana (SP)";"Total";"3746";"1789";"23";"4";"-";"178";"362";"-";"-"
"MU";"3542107";"Rafard (SP)";"Total";"3967";"2577";"133";"15";"-";"481";"679";"-";"7"
"MU";"3542206";"Rancharia (SP)";"Total";"14308";"8635";"339";"146";"-";"418";"1282";"-";"-"
"MU";"3542305";"Redenção da Serra (SP)";"Total";"3193";"623";"9";"31";"-";"56";"83";"-";"3"
"MU";"3542404";"Regente Feijó (SP)";"Total";"12839";"3718";"223";"57";"-";"154";"813";"-";"12"
"MU";"3542503";"Reginópolis (SP)";"Total";"3867";"2068";"15";"40";"-";"307";"595";"110";"15"
"MU";"3542602";"Registro (SP)";"Total";"17739";"20503";"1453";"302";"32";"2818";"9299";"63";"167"
"MU";"3542701";"Restinga (SP)";"Total";"3157";"1694";"104";"5";"-";"214";"353";"-";"5"
"MU";"3542800";"Ribeira (SP)";"Total";"1217";"1133";"37";"6";"-";"3";"345";"-";"-"
"MU";"3542909";"Ribeirão Bonito (SP)";"Total";"5602";"2746";"106";"28";"-";"119";"1066";"-";"-"
"MU";"3543006";"Ribeirão Branco (SP)";"Total";"8605";"5770";"61";"-";"-";"353";"1058";"-";"-"
"MU";"3543105";"Ribeirão Corrente (SP)";"Total";"2638";"959";"36";"23";"-";"102";"188";"-";"10"
"MU";"3543204";"Ribeirão do Sul (SP)";"Total";"3426";"602";"3";"-";"-";"37";"74";"-";"3"
"MU";"3543238";"Ribeirão dos Índios (SP)";"Total";"1426";"346";"4";"-";"-";"37";"21";"-";"-"
"MU";"3543253";"Ribeirão Grande (SP)";"Total";"5137";"1250";"28";"-";"-";"28";"133";"-";"-"
"MU";"3543303";"Ribeirão Pires (SP)";"Total";"49724";"30498";"2294";"1647";"-";"7291";"11212";"54";"73"
"MU";"3543402";"Ribeirão Preto (SP)";"Total";"329646";"142386";"37521";"9033";"123";"32862";"68511";"284";"725"
"MU";"3543501";"Riversul (SP)";"Total";"3605";"947";"8";"6";"-";"90";"215";"-";"7"
"MU";"3543600";"Rifaina (SP)";"Total";"1768";"970";"215";"18";"-";"148";"452";"-";"-"
"MU";"3543709";"Rincão (SP)";"Total";"5081";"1843";"253";"98";"13";"435";"290";"-";"-"
"MU";"3543808";"Rinópolis (SP)";"Total";"5709";"1738";"32";"15";"-";"137";"621";"-";"25"
"MU";"3543907";"Rio Claro (SP)";"Total";"90103";"57250";"3696";"1808";"38";"10823";"14591";"113";"151"
"MU";"3544004";"Rio das Pedras (SP)";"Total";"13869";"10938";"258";"48";"-";"1013";"1148";"-";"21"
"MU";"3544103";"Rio Grande da Serra (SP)";"Total";"17410";"13097";"359";"657";"-";"2665";"4271";"42";"13"
"MU";"3544202";"Riolândia (SP)";"Total";"6798";"1921";"97";"52";"12";"221";"195";"-";"15"
"MU";"3544251";"Rosana (SP)";"Total";"8454";"4689";"324";"19";"-";"652";"1293";"6";"4"
"MU";"3544301";"Roseira (SP)";"Total";"6778";"1622";"39";"11";"-";"595";"312";"-";"16"
"MU";"3544400";"Rubiácea (SP)";"Total";"1155";"1018";"16";"4";"-";"41";"84";"-";"-"
"MU";"3544509";"Rubinéia (SP)";"Total";"2004";"1102";"60";"-";"-";"119";"151";"-";"3"
"MU";"3544608";"Sabino (SP)";"Total";"2851";"1401";"50";"16";"-";"145";"124";"-";"-"
"MU";"3544707";"Sagres (SP)";"Total";"1366";"652";"16";"-";"-";"7";"123";"-";"3"
"MU";"3544806";"Sales (SP)";"Total";"3545";"1771";"26";"20";"-";"196";"184";"-";"-"
"MU";"3544905";"Sales Oliveira (SP)";"Total";"7156";"1754";"325";"25";"-";"299";"557";"-";"-"
"MU";"3545001";"Salesópolis (SP)";"Total";"9670";"2136";"424";"116";"11";"342";"647";"-";"-"
"MU";"3545100";"Salmourão (SP)";"Total";"3166";"833";"36";"17";"-";"33";"113";"-";"-"
"MU";"3545159";"Saltinho (SP)";"Total";"4924";"1825";"72";"19";"-";"183";"234";"-";"26"
"MU";"3545209";"Salto (SP)";"Total";"68660";"29078";"2146";"1220";"-";"5416";"10705";"20";"39"
"MU";"3545308";"Salto de Pirapora (SP)";"Total";"13971";"16649";"540";"320";"22";"2108";"4799";"-";"4"
"MU";"3545407";"Salto Grande (SP)";"Total";"4851";"2334";"95";"10";"-";"265";"313";"-";"5"
"MU";"3545506";"Sandovalina (SP)";"Total";"2234";"759";"-";"-";"-";"26";"125";"-";"-"
"MU";"3545605";"Santa Adélia (SP)";"Total";"8630";"2908";"281";"14";"-";"219";"382";"-";"23"
"MU";"3545704";"Santa Albertina (SP)";"Total";"3488";"1393";"81";"-";"-";"183";"462";"2";"17"
"MU";"3545803";"Santa Bárbara d'Oeste (SP)";"Total";"91304";"52201";"1872";"1209";"11";"7696";"8666";"41";"91"
"MU";"3546009";"Santa Branca (SP)";"Total";"7927";"3453";"174";"136";"-";"220";"546";"6";"-"
"MU";"3546108";"Santa Clara d'Oeste (SP)";"Total";"1424";"594";"36";"4";"-";"44";"149";"-";"15"
"MU";"3546207";"Santa Cruz da Conceição (SP)";"Total";"2550";"801";"125";"90";"-";"87";"220";"-";"-"
"MU";"3546256";"Santa Cruz da Esperança (SP)";"Total";"1155";"542";"17";"17";"-";"80";"46";"-";"-"
"MU";"3546306";"Santa Cruz das Palmeiras (SP)";"Total";"17890";"5664";"62";"98";"-";"422";"1256";"-";"18"
"MU";"3546405";"Santa Cruz do Rio Pardo (SP)";"Total";"29963";"8659";"335";"207";"-";"749";"890";"-";"40"
"MU";"3546504";"Santa Ernestina (SP)";"Total";"3243";"1505";"16";"13";"-";"158";"432";"-";"12"
"MU";"3546603";"Santa Fé do Sul (SP)";"Total";"16594";"9396";"1232";"126";"-";"1498";"1959";"19";"11"
"MU";"3546702";"Santa Gertrudes (SP)";"Total";"11211";"7140";"144";"83";"-";"710";"1161";"-";"18"
"MU";"3546801";"Santa Isabel (SP)";"Total";"23077";"15958";"897";"851";"-";"2346";"3446";"-";"93"
"MU";"3546900";"Santa Lúcia (SP)";"Total";"3843";"1651";"41";"36";"-";"106";"514";"-";"-"
"MU";"3547007";"Santa Maria da Serra (SP)";"Total";"2720";"1316";"11";"18";"-";"68";"415";"-";"-"
"MU";"3547106";"Santa Mercedes (SP)";"Total";"1480";"856";"5";"-";"-";"21";"214";"-";"-"
"MU";"3547205";"Santana da Ponte Pensa (SP)";"Total";"909";"416";"32";"2";"-";"49";"115";"-";"9"
"MU";"3547304";"Santana de Parnaíba (SP)";"Total";"61240";"40292";"4189";"1082";"-";"7986";"18106";"13";"53"
"MU";"3547403";"Santa Rita d'Oeste (SP)";"Total";"1857";"421";"73";"6";"-";"42";"62";"-";"-"
"MU";"3547502";"Santa Rita do Passa Quatro (SP)";"Total";"13771";"5769";"852";"268";"-";"871";"905";"-";"-"
"MU";"3547601";"Santa Rosa de Viterbo (SP)";"Total";"12793";"5390";"354";"91";"-";"574";"1662";"-";"10"
"MU";"3547650";"Santa Salete (SP)";"Total";"917";"473";"10";"5";"-";"42";"33";"-";"-"
"MU";"3547700";"Santo Anastácio (SP)";"Total";"10354";"4268";"154";"47";"-";"723";"556";"-";"-"
"MU";"3547809";"Santo André (SP)";"Total";"342958";"175427";"26079";"12820";"75";"41472";"68539";"1234";"1387"
"MU";"3547908";"Santo Antônio da Alegria (SP)";"Total";"4389";"1097";"121";"1";"-";"97";"234";"-";"2"
"MU";"3548005";"Santo Antônio de Posse (SP)";"Total";"11403";"4584";"148";"101";"-";"507";"3535";"-";"19"
"MU";"3548054";"Santo Antônio do Aracanguá (SP)";"Total";"4202";"2644";"41";"34";"-";"242";"210";"-";"6"
"MU";"3548104";"Santo Antônio do Jardim (SP)";"Total";"4105";"884";"112";"42";"-";"148";"175";"-";"-"
"MU";"3548203";"Santo Antônio do Pinhal (SP)";"Total";"4427";"991";"98";"22";"13";"213";"539";"6";"-"
"MU";"3548302";"Santo Expedito (SP)";"Total";"1776";"667";"14";"6";"-";"80";"116";"-";"-"
"MU";"3548401";"Santópolis do Aguapeí (SP)";"Total";"2078";"1040";"20";"11";"-";"84";"153";"-";"10"
"MU";"3548500";"Santos (SP)";"Total";"224520";"54777";"29196";"8115";"120";"23726";"39781";"239";"188"
"MU";"3548609";"São Bento do Sapucaí (SP)";"Total";"8347";"1289";"122";"83";"-";"243";"328";"-";"-"
"MU";"3548708";"São Bernardo do Campo (SP)";"Total";"368804";"188777";"26402";"12998";"137";"43573";"78967";"547";"669"
"MU";"3548807";"São Caetano do Sul (SP)";"Total";"85118";"27840";"9538";"3541";"8";"9172";"13759";"142";"158"
"MU";"3548906";"São Carlos (SP)";"Total";"124071";"53714";"8308";"2942";"63";"12163";"24466";"86";"109"
"MU";"3549003";"São Francisco (SP)";"Total";"1575";"535";"105";"13";"-";"24";"106";"3";"-"
"MU";"3549102";"São João da Boa Vista (SP)";"Total";"50997";"18639";"2746";"986";"77";"4466";"4584";"22";"29"
"MU";"3549201";"São João das Duas Pontes (SP)";"Total";"1776";"438";"15";"-";"-";"12";"66";"-";"-"
"MU";"3549250";"São João de Iracema (SP)";"Total";"908";"533";"24";"6";"-";"84";"69";"-";"-"
"MU";"3549300";"São João do Pau d'Alho (SP)";"Total";"1565";"334";"36";"-";"-";"43";"32";"-";"7"
"MU";"3549409";"São Joaquim da Barra (SP)";"Total";"27353";"10071";"1199";"395";"-";"1380";"2563";"10";"85"
"MU";"3549508";"São José da Bela Vista (SP)";"Total";"4198";"1646";"32";"-";"-";"265";"480";"-";"-"
"MU";"3549607";"São José do Barreiro (SP)";"Total";"2578";"537";"34";"-";"-";"63";"160";"-";"-"
"MU";"3549706";"São José do Rio Pardo (SP)";"Total";"36509";"6571";"734";"309";"-";"744";"1233";"-";"32"
"MU";"3549805";"São José do Rio Preto (SP)";"Total";"218015";"121953";"25347";"5435";"152";"21754";"33712";"79";"683"
"MU";"3549904";"São José dos Campos (SP)";"Total";"358805";"155723";"15005";"4737";"85";"29852";"47592";"22";"198"
"MU";"3549953";"São Lourenço da Serra (SP)";"Total";"7708";"3782";"182";"185";"57";"647";"1454";"-";"5"
"MU";"3550001";"São Luiz do Paraitinga (SP)";"Total";"7199";"1453";"110";"26";"-";"127";"311";"-";"11"
"MU";"3550100";"São Manuel (SP)";"Total";"20484";"9236";"490";"396";"19";"663";"1599";"11";"23"
"MU";"3550209";"São Miguel Arcanjo (SP)";"Total";"16659";"8041";"82";"35";"-";"1378";"1633";"25";"78"
"MU";"3550308";"São Paulo (SP)";"Total";"5156315";"2355647";"383816";"233027";"3705";"641113";"1371590";"6775";"13262"
"MU";"3550407";"São Pedro (SP)";"Total";"16341";"11032";"1381";"208";"-";"1788";"3136";"-";"70"
"MU";"3550506";"São Pedro do Turvo (SP)";"Total";"4068";"1738";"18";"17";"-";"136";"275";"-";"-"
"MU";"3550605";"São Roque (SP)";"Total";"38670";"18354";"1979";"1197";"-";"3490";"6395";"-";"127"
"MU";"3550704";"São Sebastião (SP)";"Total";"31968";"20336";"1544";"880";"221";"5312";"10180";"28";"98"
"MU";"3550803";"São Sebastião da Grama (SP)";"Total";"6884";"1866";"128";"17";"-";"92";"342";"-";"5"
"MU";"3550902";"São Simão (SP)";"Total";"7622";"2859";"308";"154";"-";"244";"889";"-";"-"
"MU";"3551009";"São Vicente (SP)";"Total";"133031";"81233";"9964";"6964";"33";"19124";"40163";"182";"283"
"MU";"3551108";"Sarapuí (SP)";"Total";"5586";"2382";"63";"28";"-";"487";"345";"-";"137"
"MU";"3551207";"Sarutaiá (SP)";"Total";"1957";"1080";"4";"3";"-";"84";"141";"-";"-"
"MU";"3551306";"Sebastianópolis do Sul (SP)";"Total";"2067";"546";"14";"-";"-";"54";"74";"-";"-"
"MU";"3551405";"Serra Azul (SP)";"Total";"6200";"3467";"208";"83";"-";"512";"965";"122";"12"
"MU";"3551504";"Serrana (SP)";"Total";"23825";"8591";"495";"148";"-";"1343";"3769";"-";"63"
"MU";"3551603";"Serra Negra (SP)";"Total";"16861";"5849";"990";"578";"-";"1049";"1451";"-";"17"
"MU";"3551702";"Sertãozinho (SP)";"Total";"56395";"32897";"2479";"1493";"38";"6663";"10800";"-";"50"
"MU";"3551801";"Sete Barras (SP)";"Total";"4217";"4676";"184";"18";"40";"241";"1552";"-";"35"
"MU";"3551900";"Severínia (SP)";"Total";"7963";"3331";"48";"20";"-";"365";"947";"-";"68"
"MU";"3552007";"Silveiras (SP)";"Total";"4383";"827";"21";"20";"-";"54";"93";"-";"23"
"MU";"3552106";"Socorro (SP)";"Total";"23457";"7802";"618";"547";"-";"1109";"2374";"8";"102"
"MU";"3552205";"Sorocaba (SP)";"Total";"305441";"207690";"20618";"6359";"186";"34570";"61833";"95";"1099"
"MU";"3552304";"Sud Mennucci (SP)";"Total";"4175";"1835";"51";"12";"-";"126";"258";"-";"15"
"MU";"3552403";"Sumaré (SP)";"Total";"108237";"83365";"2518";"2709";"12";"17217";"29556";"12";"195"
"MU";"3552502";"Suzano (SP)";"Total";"104789";"96118";"5344";"4748";"88";"21073";"33536";"145";"243"
"MU";"3552551";"Suzanápolis (SP)";"Total";"1662";"1011";"6";"-";"-";"116";"237";"-";"-"
"MU";"3552601";"Tabapuã (SP)";"Total";"6926";"2074";"398";"12";"-";"220";"418";"-";"36"
"MU";"3552700";"Tabatinga (SP)";"Total";"8229";"3054";"151";"123";"15";"394";"851";"-";"13"
"MU";"3552809";"Taboão da Serra (SP)";"Total";"125826";"58838";"5137";"5382";"34";"14911";"28909";"196";"578"
"MU";"3552908";"Taciba (SP)";"Total";"3902";"1346";"3";"-";"-";"31";"134";"-";"-"
"MU";"3553005";"Taguaí (SP)";"Total";"7272";"2591";"41";"52";"-";"565";"405";"-";"21"
"MU";"3553104";"Taiaçu (SP)";"Total";"3341";"1231";"18";"12";"-";"73";"333";"-";"-"
"MU";"3553203";"Taiúva (SP)";"Total";"4191";"1277";"69";"42";"-";"118";"226";"-";"-"
"MU";"3553302";"Tambaú (SP)";"Total";"12286";"3908";"390";"186";"-";"1076";"1035";"-";"-"
"MU";"3553401";"Tanabi (SP)";"Total";"14290";"6009";"372";"137";"-";"685";"837";"-";"26"
"MU";"3553500";"Tapiraí (SP)";"Total";"2240";"3066";"92";"30";"43";"308";"1116";"12";"-"
"MU";"3553609";"Tapiratiba (SP)";"Total";"7943";"1867";"293";"24";"-";"138";"315";"-";"-"
"MU";"3553658";"Taquaral (SP)";"Total";"1700";"462";"15";"-";"-";"2";"176";"-";"-"
"MU";"3553708";"Taquaritinga (SP)";"Total";"28342";"11586";"1156";"474";"-";"1420";"3441";"9";"11"
"MU";"3553807";"Taquarituba (SP)";"Total";"14295";"5302";"248";"55";"-";"487";"1102";"35";"-"
"MU";"3553856";"Taquarivaí (SP)";"Total";"3879";"1568";"28";"5";"-";"78";"313";"-";"-"
"MU";"3553906";"Tarabai (SP)";"Total";"3863";"1441";"27";"3";"-";"118";"240";"-";"16"
"MU";"3553955";"Tarumã (SP)";"Total";"7110";"4995";"28";"6";"-";"436";"255";"-";"17"
"MU";"3554003";"Tatuí (SP)";"Total";"47242";"44257";"1231";"758";"-";"6830";"8123";"11";"60"
"MU";"3554102";"Taubaté (SP)";"Total";"165785";"66825";"6483";"3223";"107";"13686";"17260";"69";"398"
"MU";"3554201";"Tejupá (SP)";"Total";"2608";"765";"5";"-";"-";"51";"152";"-";"4"
"MU";"3554300";"Teodoro Sampaio (SP)";"Total";"11668";"6323";"139";"35";"-";"393";"501";"-";"8"
"MU";"3554409";"Terra Roxa (SP)";"Total";"4682";"1773";"17";"4";"-";"255";"261";"-";"18"
"MU";"3554508";"Tietê (SP)";"Total";"23097";"7052";"301";"124";"-";"965";"1925";"-";"-"
"MU";"3554607";"Timburi (SP)";"Total";"1560";"459";"6";"-";"-";"68";"118";"-";"-"
"MU";"3554656";"Torre de Pedra (SP)";"Total";"455";"1081";"10";"5";"-";"76";"192";"-";"-"
"MU";"3554706";"Torrinha (SP)";"Total";"6416";"1390";"42";"19";"-";"98";"235";"9";"40"
"MU";"3554755";"Trabiju (SP)";"Total";"958";"326";"7";"28";"-";"49";"104";"-";"12"
"MU";"3554805";"Tremembé (SP)";"Total";"25097";"11156";"927";"692";"-";"2367";"3517";"-";"1764"
"MU";"3554904";"Três Fronteiras (SP)";"Total";"3387";"1979";"111";"36";"-";"180";"313";"-";"-"
"MU";"3554953";"Tuiuti (SP)";"Total";"4129";"1454";"35";"69";"-";"319";"46";"-";"-"
"MU";"3555000";"Tupã (SP)";"Total";"31593";"18342";"1946";"107";"-";"1409";"3568";"-";"161"
"MU";"3555109";"Tupi Paulista (SP)";"Total";"9360";"3305";"312";"174";"-";"197";"1083";"7";"-"
"MU";"3555208";"Turiúba (SP)";"Total";"1179";"309";"47";"5";"-";"20";"54";"-";"11"
"MU";"3555307";"Turmalina (SP)";"Total";"1161";"262";"28";"5";"7";"27";"60";"-";"-"
"MU";"3555356";"Ubarana (SP)";"Total";"2804";"1367";"11";"5";"-";"116";"325";"-";"20"
"MU";"3555406";"Ubatuba (SP)";"Total";"33076";"26289";"1981";"1286";"185";"5977";"11948";"21";"214"
"MU";"3555505";"Ubirajara (SP)";"Total";"2445";"1735";"3";"3";"-";"61";"136";"-";"12"
"MU";"3555604";"Uchoa (SP)";"Total";"6213";"1958";"330";"102";"-";"327";"361";"-";"-"
"MU";"3555703";"União Paulista (SP)";"Total";"1037";"288";"11";"3";"-";"8";"24";"-";"-"
"MU";"3555802";"Urânia (SP)";"Total";"5426";"1947";"121";"22";"-";"156";"257";"-";"-"
"MU";"3555901";"Uru (SP)";"Total";"682";"413";"7";"2";"-";"6";"110";"-";"-"
"MU";"3556008";"Urupês (SP)";"Total";"8663";"2801";"178";"37";"-";"208";"441";"-";"-"
"MU";"3556107";"Valentim Gentil (SP)";"Total";"7472";"3189";"524";"29";"-";"511";"553";"-";"10"
"MU";"3556206";"Valinhos (SP)";"Total";"63271";"26971";"3956";"1341";"-";"7474";"9740";"43";"119"
"MU";"3556305";"Valparaíso (SP)";"Total";"10499";"8769";"196";"62";"-";"396";"1388";"-";"8"
"MU";"3556354";"Vargem (SP)";"Total";"5630";"2513";"60";"28";"-";"387";"460";"19";"17"
"MU";"3556404";"Vargem Grande do Sul (SP)";"Total";"22549";"9643";"632";"177";"-";"976";"1270";"-";"135"
"MU";"3556453";"Vargem Grande Paulista (SP)";"Total";"22267";"11295";"797";"571";"-";"2704";"6106";"33";"12"
"MU";"3556503";"Várzea Paulista (SP)";"Total";"53043";"31495";"603";"907";"44";"3604";"11001";"29";"126"
"MU";"3556602";"Vera Cruz (SP)";"Total";"6469";"1834";"75";"22";"-";"272";"355";"-";"25"
"MU";"3556701";"Vinhedo (SP)";"Total";"39287";"16378";"2419";"466";"23";"4146";"4976";"-";"42"
"MU";"3556800";"Viradouro (SP)";"Total";"8387";"5257";"69";"53";"6";"723";"782";"-";"11"
"MU";"3556909";"Vista Alegre do Alto (SP)";"Total";"4375";"1923";"24";"12";"-";"129";"523";"-";"-"
"MU";"3556958";"Vitória Brasil (SP)";"Total";"1112";"466";"1";"5";"-";"21";"15";"-";"-"
"MU";"3557006";"Votorantim (SP)";"Total";"50006";"43309";"1338";"1050";"28";"5725";"10088";"-";"135"
"MU";"3557105";"Votuporanga (SP)";"Total";"46798";"24717";"4730";"469";"-";"3846";"5032";"63";"40"
"MU";"3557154";"Zacarias (SP)";"Total";"1563";"607";"6";"4";"-";"69";"114";"-";"19"
"MU";"3557204";"Chavantes (SP)";"Total";"5952";"3793";"61";"6";"-";"294";"538";"-";"21"
"MU";"3557303";"Estiva Gerbi (SP)";"Total";"5901";"2997";"110";"8";"-";"395";"440";"10";"-"
"MU";"4100103";"Abatiá (PR)";"Total";"5158";"901";"15";"2";"53";"50";"117";"-";"-"
"MU";"4100202";"Adrianópolis (PR)";"Total";"2111";"2582";"12";"5";"-";"170";"509";"-";"41"
"MU";"4100301";"Agudos do Sul (PR)";"Total";"5846";"2315";"34";"26";"-";"177";"375";"-";"-"
"MU";"4100400";"Almirante Tamandaré (PR)";"Total";"53861";"33612";"991";"1004";"3";"4519";"7502";"37";"107"
"MU";"4100459";"Altamira do Paraná (PR)";"Total";"2560";"514";"-";"3";"-";"4";"53";"2";"-"
"MU";"4100509";"Altônia (PR)";"Total";"12293";"3598";"89";"-";"-";"96";"439";"-";"20"
"MU";"4100608";"Alto Paraná (PR)";"Total";"9184";"2161";"38";"5";"-";"292";"332";"-";"-"
"MU";"4100707";"Alto Piquiri (PR)";"Total";"6707";"1321";"9";"7";"-";"94";"308";"-";"17"
"MU";"4100806";"Alvorada do Sul (PR)";"Total";"7185";"1580";"40";"29";"-";"65";"232";"6";"-"
"MU";"4100905";"Amaporã (PR)";"Total";"3055";"824";"4";"18";"-";"163";"72";"-";"11"
"MU";"4101002";"Ampére (PR)";"Total";"14339";"2184";"6";"41";"-";"217";"166";"-";"5"
"MU";"4101051";"Anahy (PR)";"Total";"2148";"316";"-";"3";"-";"20";"89";"-";"-"
"MU";"4101101";"Andirá (PR)";"Total";"12436";"3851";"51";"32";"-";"398";"842";"-";"6"
"MU";"4101150";"Ângulo (PR)";"Total";"1900";"730";"12";"-";"-";"55";"93";"-";"-"
"MU";"4101200";"Antonina (PR)";"Total";"6502";"6559";"139";"241";"-";"681";"1598";"3";"19"
"MU";"4101309";"Antônio Olinto (PR)";"Total";"5327";"684";"7";"26";"-";"87";"63";"-";"-"
"MU";"4101408";"Apucarana (PR)";"Total";"72040";"31337";"817";"182";"19";"3554";"5360";"327";"44"
"MU";"4101507";"Arapongas (PR)";"Total";"67667";"27994";"692";"379";"9";"3031";"4200";"-";"112"
"MU";"4101606";"Arapoti (PR)";"Total";"14727";"6430";"-";"-";"-";"226";"676";"-";"20"
"MU";"4101655";"Arapuã (PR)";"Total";"2612";"446";"-";"-";"-";"12";"60";"-";"-"
"MU";"4101705";"Araruna (PR)";"Total";"9792";"2550";"-";"9";"-";"126";"153";"-";"12"
"MU";"4101804";"Araucária (PR)";"Total";"71607";"41178";"1238";"1346";"-";"5375";"9154";"82";"139"
"MU";"4101853";"Ariranha do Ivaí (PR)";"Total";"1714";"333";"-";"-";"-";"4";"29";"-";"-"
"MU";"4101903";"Assaí (PR)";"Total";"7933";"3070";"72";"23";"-";"556";"608";"-";"9"
"MU";"4102000";"Assis Chateaubriand (PR)";"Total";"25225";"5502";"87";"71";"31";"438";"970";"-";"-"
"MU";"4102109";"Astorga (PR)";"Total";"15055";"6070";"116";"13";"-";"590";"526";"-";"16"
"MU";"4102208";"Atalaia (PR)";"Total";"2820";"554";"-";"-";"-";"129";"63";"-";"9"
"MU";"4102307";"Balsa Nova (PR)";"Total";"7831";"3113";"72";"30";"3";"212";"309";"-";"4"
"MU";"4102406";"Bandeirantes (PR)";"Total";"19481";"6613";"80";"66";"-";"514";"701";"-";"38"
"MU";"4102505";"Barbosa Ferraz (PR)";"Total";"7226";"1991";"19";"10";"5";"50";"291";"-";"-"
"MU";"4102604";"Barracão (PR)";"Total";"6002";"1916";"27";"10";"-";"146";"297";"-";"-"
"MU";"4102703";"Barra do Jacaré (PR)";"Total";"2038";"400";"-";"-";"-";"19";"24";"-";"-"
"MU";"4102752";"Bela Vista da Caroba (PR)";"Total";"2676";"834";"-";"-";"-";"-";"44";"-";"-"
"MU";"4102802";"Bela Vista do Paraíso (PR)";"Total";"9761";"2716";"100";"5";"-";"160";"341";"-";"-"
"MU";"4102901";"Bituruna (PR)";"Total";"10205";"2556";"-";"11";"6";"160";"249";"-";"-"
"MU";"4103008";"Boa Esperança (PR)";"Total";"3334";"600";"2";"4";"-";"44";"42";"-";"-"
"MU";"4103024";"Boa Esperança do Iguaçu (PR)";"Total";"1913";"212";"-";"-";"-";"4";"8";"-";"-"
"MU";"4103040";"Boa Ventura de São Roque (PR)";"Total";"4701";"704";"6";"-";"-";"20";"57";"-";"3"
"MU";"4103057";"Boa Vista da Aparecida (PR)";"Total";"5584";"1085";"13";"2";"-";"55";"89";"-";"3"
"MU";"4103107";"Bocaiúva do Sul (PR)";"Total";"6454";"4135";"21";"55";"-";"200";"371";"-";"66"
"MU";"4103156";"Bom Jesus do Sul (PR)";"Total";"2683";"680";"6";"5";"-";"18";"57";"-";"4"
"MU";"4103206";"Bom Sucesso (PR)";"Total";"4184";"1062";"17";"8";"-";"78";"308";"-";"-"
"MU";"4103222";"Bom Sucesso do Sul (PR)";"Total";"2532";"227";"-";"-";"-";"15";"8";"-";"-"
"MU";"4103305";"Borrazópolis (PR)";"Total";"5669";"1040";"7";"3";"-";"48";"148";"-";"3"
"MU";"4103354";"Braganey (PR)";"Total";"3737";"525";"-";"-";"-";"-";"23";"-";"-"
"MU";"4103370";"Brasilândia do Sul (PR)";"Total";"2592";"515";"-";"4";"-";"8";"83";"-";"-"
"MU";"4103404";"Cafeara (PR)";"Total";"1918";"408";"-";"-";"-";"-";"5";"-";"-"
"MU";"4103453";"Cafelândia (PR)";"Total";"13233";"2261";"24";"8";"4";"239";"414";"-";"12"
"MU";"4103479";"Cafezal do Sul (PR)";"Total";"2914";"844";"-";"1";"-";"11";"178";"-";"-"
"MU";"4103503";"Califórnia (PR)";"Total";"6029";"1254";"12";"-";"-";"67";"167";"-";"-"
"MU";"4103602";"Cambará (PR)";"Total";"15354";"3854";"175";"11";"-";"263";"623";"-";"31"
"MU";"4103701";"Cambé (PR)";"Total";"58043";"27304";"868";"373";"-";"2737";"4782";"32";"37"
"MU";"4103800";"Cambira (PR)";"Total";"5925";"1610";"20";"3";"-";"194";"469";"-";"-"
"MU";"4103909";"Campina da Lagoa (PR)";"Total";"10276";"2943";"13";"5";"-";"42";"376";"5";"-"
"MU";"4103958";"Campina do Simão (PR)";"Total";"2932";"310";"105";"2";"-";"14";"11";"-";"-"
"MU";"4104006";"Campina Grande do Sul (PR)";"Total";"20579";"14796";"209";"200";"-";"1754";"3531";"-";"-"
"MU";"4104055";"Campo Bonito (PR)";"Total";"2893";"534";"-";"3";"-";"22";"49";"-";"-"
"MU";"4104105";"Campo do Tenente (PR)";"Total";"4504";"1672";"-";"4";"-";"36";"110";"-";"-"
"MU";"4104204";"Campo Largo (PR)";"Total";"81034";"25549";"961";"927";"13";"3618";"6483";"-";"19"
"MU";"4104253";"Campo Magro (PR)";"Total";"16137";"6995";"212";"399";"10";"714";"1670";"4";"-"
"MU";"4104303";"Campo Mourão (PR)";"Total";"54503";"24442";"544";"79";"4";"1625";"4878";"511";"182"
"MU";"4104402";"Cândido de Abreu (PR)";"Total";"10391";"2510";"-";"-";"-";"130";"231";"-";"-"
"MU";"4104428";"Candói (PR)";"Total";"10579";"1910";"21";"7";"-";"97";"94";"12";"3"
"MU";"4104451";"Cantagalo (PR)";"Total";"7534";"1487";"-";"6";"37";"84";"201";"-";"6"
"MU";"4104501";"Capanema (PR)";"Total";"13771";"3535";"56";"25";"-";"99";"445";"-";"7"
"MU";"4104600";"Capitão Leônidas Marques (PR)";"Total";"10309";"2040";"19";"-";"-";"193";"131";"-";"-"
"MU";"4104659";"Carambeí (PR)";"Total";"11748";"6705";"67";"11";"-";"725";"327";"-";"-"
"MU";"4104709";"Carlópolis (PR)";"Total";"10766";"2901";"-";"6";"-";"392";"583";"-";"10"
"MU";"4104808";"Cascavel (PR)";"Total";"193650";"74989";"3548";"992";"56";"7997";"18440";"12";"1841"
"MU";"4104907";"Castro (PR)";"Total";"37843";"19731";"626";"179";"-";"1048";"2701";"18";"83"
"MU";"4105003";"Catanduvas (PR)";"Total";"7594";"1285";"10";"-";"-";"37";"84";"-";"10"
"MU";"4105102";"Centenário do Sul (PR)";"Total";"6675";"2175";"21";"17";"-";"141";"429";"-";"9"
"MU";"4105201";"Cerro Azul (PR)";"Total";"6777";"6086";"-";"16";"-";"176";"753";"-";"56"
"MU";"4105300";"Céu Azul (PR)";"Total";"6970";"2476";"11";"-";"-";"123";"171";"-";"-"
"MU";"4105409";"Chopinzinho (PR)";"Total";"15074";"2574";"28";"12";"3";"154";"373";"-";"42"
"MU";"4105508";"Cianorte (PR)";"Total";"45239";"18064";"456";"70";"-";"2004";"3483";"-";"10"
"MU";"4105607";"Cidade Gaúcha (PR)";"Total";"7412";"1979";"5";"17";"-";"134";"348";"-";"-"
"MU";"4105706";"Clevelândia (PR)";"Total";"9291";"2784";"76";"63";"16";"265";"360";"-";"10"
"MU";"4105805";"Colombo (PR)";"Total";"100428";"67629";"1092";"2287";"105";"8083";"20632";"34";"112"
"MU";"4105904";"Colorado (PR)";"Total";"14316";"4746";"126";"5";"-";"339";"765";"-";"9"
"MU";"4106001";"Congonhinhas (PR)";"Total";"5349";"1542";"-";"18";"-";"148";"143";"-";"5"
"MU";"4106100";"Conselheiro Mairinck (PR)";"Total";"1722";"749";"5";"4";"-";"61";"479";"-";"-"
"MU";"4106209";"Contenda (PR)";"Total";"11976";"3539";"117";"68";"-";"147";"572";"-";"85"
"MU";"4106308";"Corbélia (PR)";"Total";"12062";"2470";"27";"51";"5";"184";"360";"-";"-"
"MU";"4106407";"Cornélio Procópio (PR)";"Total";"27348";"10372";"394";"144";"-";"1243";"955";"-";"22"
"MU";"4106456";"Coronel Domingos Soares (PR)";"Total";"3389";"1113";"3";"-";"-";"136";"105";"-";"-"
"MU";"4106506";"Coronel Vivida (PR)";"Total";"14767";"4424";"19";"-";"-";"372";"672";"-";"-"
"MU";"4106555";"Corumbataí do Sul (PR)";"Total";"2409";"720";"5";"-";"-";"25";"157";"-";"11"
"MU";"4106571";"Cruzeiro do Iguaçu (PR)";"Total";"3056";"433";"3";"3";"-";"44";"54";"-";"-"
"MU";"4106605";"Cruzeiro do Oeste (PR)";"Total";"12701";"7145";"19";"28";"-";"413";"667";"-";"-"
"MU";"4106704";"Cruzeiro do Sul (PR)";"Total";"2926";"834";"47";"-";"-";"37";"116";"-";"3"
"MU";"4106803";"Cruz Machado (PR)";"Total";"11929";"1706";"62";"-";"-";"164";"201";"-";"-"
"MU";"4106852";"Cruzmaltina (PR)";"Total";"2008";"473";"13";"-";"-";"4";"42";"-";"-"
"MU";"4106902";"Curitiba (PR)";"Total";"880484";"405066";"42986";"21242";"105";"75998";"158164";"1458";"1973"
"MU";"4107009";"Curiúva (PR)";"Total";"8115";"3054";"-";"1";"-";"173";"491";"-";"9"
"MU";"4107108";"Diamante do Norte (PR)";"Total";"2904";"1526";"12";"12";"-";"66";"110";"-";"-"
"MU";"4107124";"Diamante do Sul (PR)";"Total";"2026";"607";"32";"-";"-";"26";"67";"-";"-"
"MU";"4107157";"Diamante D'Oeste (PR)";"Total";"2564";"863";"4";"-";"209";"34";"263";"-";"-"
"MU";"4107207";"Dois Vizinhos (PR)";"Total";"30977";"5827";"139";"78";"33";"290";"1407";"-";"-"
"MU";"4107256";"Douradina (PR)";"Total";"6342";"1409";"18";"-";"-";"144";"50";"-";"-"
"MU";"4107306";"Doutor Camargo (PR)";"Total";"4156";"1224";"3";"7";"-";"93";"138";"-";"-"
"MU";"4107405";"Enéas Marques (PR)";"Total";"4780";"391";"3";"-";"-";"18";"52";"-";"3"
"MU";"4107504";"Engenheiro Beltrão (PR)";"Total";"8292";"2355";"24";"15";"-";"204";"116";"-";"51"
"MU";"4107520";"Esperança Nova (PR)";"Total";"1290";"272";"-";"-";"-";"5";"72";"-";"-"
"MU";"4107538";"Entre Rios do Oeste (PR)";"Total";"2848";"1034";"-";"-";"-";"28";"73";"-";"-"
"MU";"4107546";"Espigão Alto do Iguaçu (PR)";"Total";"3081";"669";"-";"-";"221";"-";"83";"-";"7"
"MU";"4107553";"Farol (PR)";"Total";"2275";"358";"-";"-";"-";"-";"34";"-";"-"
"MU";"4107603";"Faxinal (PR)";"Total";"8717";"4263";"121";"6";"13";"201";"695";"-";"-"
"MU";"4107652";"Fazenda Rio Grande (PR)";"Total";"60557";"44499";"750";"1619";"61";"5352";"12332";"12";"104"
"MU";"4107702";"Fênix (PR)";"Total";"2799";"842";"5";"-";"-";"106";"197";"-";"-"
"MU";"4107736";"Fernandes Pinheiro (PR)";"Total";"4243";"989";"15";"-";"-";"40";"108";"-";"12"
"MU";"4107751";"Figueira (PR)";"Total";"4509";"2058";"15";"5";"-";"68";"439";"-";"41"
"MU";"4107801";"Floraí (PR)";"Total";"3572";"616";"-";"2";"-";"57";"26";"-";"3"
"MU";"4107850";"Flor da Serra do Sul (PR)";"Total";"2820";"891";"-";"10";"-";"15";"50";"-";"-"
"MU";"4107900";"Floresta (PR)";"Total";"5441";"2731";"5";"7";"4";"300";"436";"-";"-"
"MU";"4108007";"Florestópolis (PR)";"Total";"7230";"2503";"5";"21";"-";"102";"99";"-";"11"
"MU";"4108106";"Flórida (PR)";"Total";"1677";"599";"-";"-";"-";"17";"25";"-";"-"
"MU";"4108205";"Formosa do Oeste (PR)";"Total";"5755";"816";"49";"3";"-";"57";"67";"-";"-"
"MU";"4108304";"Foz do Iguaçu (PR)";"Total";"127834";"72735";"3603";"2255";"87";"17102";"21377";"47";"2185"
"MU";"4108320";"Francisco Alves (PR)";"Total";"4746";"1751";"8";"15";"-";"160";"259";"-";"26"
"MU";"4108403";"Francisco Beltrão (PR)";"Total";"61280";"15973";"432";"258";"-";"1560";"4143";"54";"17"
"MU";"4108452";"Foz do Jordão (PR)";"Total";"2835";"1188";"-";"6";"-";"80";"85";"2";"-"
"MU";"4108502";"General Carneiro (PR)";"Total";"7274";"1742";"-";"20";"-";"49";"219";"-";"5"
"MU";"4108551";"Godoy Moreira (PR)";"Total";"2150";"460";"6";"-";"-";"3";"54";"-";"-"
"MU";"4108601";"Goioerê (PR)";"Total";"17746";"6034";"77";"97";"-";"228";"680";"-";"50"
"MU";"4108650";"Goioxim (PR)";"Total";"4811";"693";"3";"3";"-";"36";"73";"-";"-"
"MU";"4108700";"Grandes Rios (PR)";"Total";"3742";"1094";"-";"2";"-";"12";"60";"-";"-"
"MU";"4108809";"Guaíra (PR)";"Total";"13791";"10295";"123";"63";"591";"964";"1707";"-";"27"
"MU";"4108908";"Guairaçá (PR)";"Total";"4005";"1405";"8";"5";"-";"88";"169";"-";"-"
"MU";"4108957";"Guamiranga (PR)";"Total";"5223";"1481";"-";"11";"-";"71";"26";"-";"-"
"MU";"4109005";"Guapirama (PR)";"Total";"2803";"813";"-";"-";"-";"64";"298";"4";"-"
"MU";"4109104";"Guaporema (PR)";"Total";"1398";"361";"-";"-";"-";"5";"183";"-";"-"
"MU";"4109203";"Guaraci (PR)";"Total";"2834";"1161";"3";"-";"-";"54";"102";"-";"-"
"MU";"4109302";"Guaraniaçu (PR)";"Total";"9615";"1802";"51";"8";"-";"149";"301";"-";"-"
"MU";"4109401";"Guarapuava (PR)";"Total";"113326";"32460";"883";"642";"-";"3488";"5287";"-";"29"
"MU";"4109500";"Guaraqueçaba (PR)";"Total";"2127";"3379";"30";"2";"35";"38";"784";"1";"4"
"MU";"4109609";"Guaratuba (PR)";"Total";"18089";"12044";"677";"438";"-";"2570";"2512";"-";"-"
"MU";"4109658";"Honório Serpa (PR)";"Total";"3631";"499";"-";"-";"-";"60";"25";"-";"-"
"MU";"4109708";"Ibaiti (PR)";"Total";"15324";"7973";"55";"38";"-";"693";"1052";"-";"10"
"MU";"4109757";"Ibema (PR)";"Total";"4163";"1014";"34";"-";"-";"32";"65";"-";"-"
"MU";"4109807";"Ibiporã (PR)";"Total";"27954";"13880";"175";"53";"-";"1168";"1965";"-";"-"
"MU";"4109906";"Icaraíma (PR)";"Total";"5830";"1612";"10";"4";"-";"203";"195";"-";"15"
"MU";"4110003";"Iguaraçu (PR)";"Total";"2485";"1782";"20";"11";"3";"83";"220";"-";"-"
"MU";"4110052";"Iguatu (PR)";"Total";"1593";"279";"11";"-";"2";"8";"30";"-";"-"
"MU";"4110078";"Imbaú (PR)";"Total";"7263";"3736";"19";"106";"12";"342";"406";"-";"10"
"MU";"4110102";"Imbituva (PR)";"Total";"16228";"8676";"16";"130";"-";"151";"313";"-";"9"
"MU";"4110201";"Inácio Martins (PR)";"Total";"5991";"1839";"11";"5";"58";"91";"231";"8";"8"
"MU";"4110300";"Inajá (PR)";"Total";"1383";"646";"15";"-";"-";"21";"158";"-";"-"
"MU";"4110409";"Indianópolis (PR)";"Total";"3124";"672";"5";"-";"-";"60";"40";"-";"-"
"MU";"4110508";"Ipiranga (PR)";"Total";"10455";"1448";"38";"-";"-";"150";"58";"-";"-"
"MU";"4110607";"Iporã (PR)";"Total";"9755";"3314";"17";"-";"-";"178";"385";"-";"16"
"MU";"4110656";"Iracema do Oeste (PR)";"Total";"1755";"302";"7";"-";"-";"7";"7";"-";"-"
"MU";"4110706";"Irati (PR)";"Total";"41430";"7310";"347";"345";"-";"1118";"1333";"-";"26"
"MU";"4110805";"Iretama (PR)";"Total";"7525";"1452";"29";"38";"-";"95";"177";"-";"-"
"MU";"4110904";"Itaguajé (PR)";"Total";"2954";"789";"-";"-";"-";"67";"55";"-";"-"
"MU";"4110953";"Itaipulândia (PR)";"Total";"6672";"2570";"5";"-";"39";"90";"442";"-";"6"
"MU";"4111001";"Itambaracá (PR)";"Total";"3690";"1215";"3";"-";"-";"100";"237";"-";"-"
"MU";"4111100";"Itambé (PR)";"Total";"4265";"939";"13";"2";"-";"105";"125";"-";"-"
"MU";"4111209";"Itapejara d'Oeste (PR)";"Total";"9025";"1328";"15";"25";"-";"151";"111";"-";"-"
"MU";"4111258";"Itaperuçu (PR)";"Total";"14392";"8771";"7";"55";"2";"846";"2132";"-";"71"
"MU";"4111308";"Itaúna do Sul (PR)";"Total";"2131";"718";"14";"6";"-";"85";"169";"-";"-"
"MU";"4111407";"Ivaí (PR)";"Total";"9345";"1595";"16";"-";"-";"279";"99";"-";"13"
"MU";"4111506";"Ivaiporã (PR)";"Total";"19948";"7063";"119";"29";"-";"585";"1266";"-";"9"
"MU";"4111555";"Ivaté (PR)";"Total";"4744";"1037";"-";"5";"-";"66";"137";"-";"-"
"MU";"4111605";"Ivatuba (PR)";"Total";"1411";"927";"-";"14";"3";"10";"60";"-";"-"
"MU";"4111704";"Jaboti (PR)";"Total";"3418";"1141";"16";"9";"-";"31";"177";"-";"-"
"MU";"4111803";"Jacarezinho (PR)";"Total";"23586";"8722";"240";"48";"14";"653";"1689";"-";"-"
"MU";"4111902";"Jaguapitã (PR)";"Total";"7914";"4026";"82";"35";"-";"438";"530";"-";"5"
"MU";"4112009";"Jaguariaíva (PR)";"Total";"14811";"12089";"142";"5";"-";"668";"2211";"-";"23"
"MU";"4112108";"Jandaia do Sul (PR)";"Total";"14521";"3683";"150";"39";"-";"382";"182";"8";"-"
"MU";"4112207";"Janiópolis (PR)";"Total";"4403";"604";"-";"-";"-";"61";"158";"-";"-"
"MU";"4112306";"Japira (PR)";"Total";"3115";"971";"6";"-";"-";"44";"188";"-";"-"
"MU";"4112405";"Japurá (PR)";"Total";"6624";"1184";"22";"-";"-";"39";"319";"-";"-"
"MU";"4112504";"Jardim Alegre (PR)";"Total";"8252";"2070";"11";"-";"-";"84";"206";"-";"-"
"MU";"4112603";"Jardim Olinda (PR)";"Total";"818";"310";"-";"2";"2";"8";"38";"-";"-"
"MU";"4112702";"Jataizinho (PR)";"Total";"6351";"2781";"2";"45";"-";"295";"733";"-";"28"
"MU";"4112751";"Jesuítas (PR)";"Total";"7532";"1384";"38";"-";"-";"178";"174";"-";"-"
"MU";"4112801";"Joaquim Távora (PR)";"Total";"7738";"2000";"9";"3";"-";"164";"362";"-";"-"
"MU";"4112900";"Jundiaí do Sul (PR)";"Total";"2270";"553";"13";"-";"-";"-";"50";"-";"-"
"MU";"4112959";"Juranda (PR)";"Total";"5198";"1341";"-";"-";"-";"56";"174";"-";"-"
"MU";"4113007";"Jussara (PR)";"Total";"3762";"1562";"3";"-";"-";"110";"436";"-";"-"
"MU";"4113106";"Kaloré (PR)";"Total";"3667";"343";"-";"8";"-";"39";"15";"-";"-"
"MU";"4113205";"Lapa (PR)";"Total";"31817";"5391";"287";"441";"-";"591";"1048";"-";"-"
"MU";"4113254";"Laranjal (PR)";"Total";"3968";"682";"36";"9";"-";"12";"26";"-";"8"
"MU";"4113304";"Laranjeiras do Sul (PR)";"Total";"21988";"3942";"19";"28";"80";"652";"952";"-";"18"
"MU";"4113403";"Leópolis (PR)";"Total";"2653";"516";"17";"-";"-";"45";"85";"-";"-"
"MU";"4113429";"Lidianópolis (PR)";"Total";"2633";"705";"31";"3";"-";"68";"41";"-";"-"
"MU";"4113452";"Lindoeste (PR)";"Total";"3402";"917";"-";"3";"-";"43";"80";"-";"-"
"MU";"4113502";"Loanda (PR)";"Total";"13375";"5570";"186";"21";"-";"402";"488";"-";"114"
"MU";"4113601";"Lobato (PR)";"Total";"2763";"1036";"9";"-";"-";"78";"185";"-";"-"
"MU";"4113700";"Londrina (PR)";"Total";"266622";"159533";"6062";"2847";"114";"22778";"33647";"-";"640"
"MU";"4113734";"Luiziana (PR)";"Total";"4189";"1346";"14";"-";"-";"78";"134";"-";"9"
"MU";"4113759";"Lunardelli (PR)";"Total";"3228";"939";"-";"-";"-";"35";"148";"-";"-"
"MU";"4113809";"Lupionópolis (PR)";"Total";"2816";"1164";"8";"-";"-";"77";"182";"-";"-"
"MU";"4113908";"Mallet (PR)";"Total";"10793";"867";"-";"5";"-";"59";"59";"-";"-"
"MU";"4114005";"Mamborê (PR)";"Total";"8553";"2706";"25";"17";"-";"113";"434";"-";"-"
"MU";"4114104";"Mandaguaçu (PR)";"Total";"15753";"8686";"76";"10";"8";"829";"1533";"-";"23"
"MU";"4114203";"Mandaguari (PR)";"Total";"20115";"9650";"105";"121";"-";"872";"1273";"-";"-"
"MU";"4114302";"Mandirituba (PR)";"Total";"16483";"5633";"131";"82";"1";"563";"753";"10";"52"
"MU";"4114351";"Manfrinópolis (PR)";"Total";"2101";"281";"-";"-";"-";"11";"21";"-";"-"
"MU";"4114401";"Mangueirinha (PR)";"Total";"10300";"3321";"12";"60";"-";"242";"240";"-";"6"
"MU";"4114500";"Manoel Ribas (PR)";"Total";"10306";"1431";"9";"5";"146";"159";"99";"-";"1"
"MU";"4114609";"Marechal Cândido Rondon (PR)";"Total";"25831";"19441";"298";"29";"10";"659";"2089";"-";"35"
"MU";"4114708";"Maria Helena (PR)";"Total";"3822";"1141";"10";"6";"-";"80";"117";"-";"-"
"MU";"4114807";"Marialva (PR)";"Total";"25210";"8894";"290";"106";"-";"690";"1115";"11";"-"
"MU";"4114906";"Marilândia do Sul (PR)";"Total";"5574";"1507";"4";"14";"-";"122";"283";"-";"11"
"MU";"4115002";"Marilena (PR)";"Total";"4344";"1529";"9";"3";"6";"139";"298";"-";"-"
"MU";"4115101";"Mariluz (PR)";"Total";"5938";"2191";"13";"-";"-";"64";"278";"-";"14"
"MU";"4115200";"Maringá (PR)";"Total";"216316";"101801";"5611";"1388";"10";"14688";"25027";"89";"34"
"MU";"4115309";"Mariópolis (PR)";"Total";"4516";"894";"15";"-";"-";"52";"34";"-";"-"
"MU";"4115358";"Maripá (PR)";"Total";"3349";"2238";"4";"2";"-";"33";"99";"4";"-"
"MU";"4115408";"Marmeleiro (PR)";"Total";"11170";"2074";"24";"44";"4";"126";"250";"10";"-"
"MU";"4115457";"Marquinho (PR)";"Total";"3541";"257";"-";"-";"6";"3";"70";"-";"-"
"MU";"4115507";"Marumbi (PR)";"Total";"3351";"587";"8";"6";"-";"59";"110";"-";"-"
"MU";"4115606";"Matelândia (PR)";"Total";"11213";"3955";"20";"11";"-";"161";"406";"-";"4"
"MU";"4115705";"Matinhos (PR)";"Total";"17276";"10268";"750";"673";"-";"1505";"3835";"-";"55"
"MU";"4115739";"Mato Rico (PR)";"Total";"2530";"318";"-";"-";"-";"23";"7";"-";"-"
"MU";"4115754";"Mauá da Serra (PR)";"Total";"4412";"2795";"-";"5";"-";"184";"484";"-";"-"
"MU";"4115804";"Medianeira (PR)";"Total";"32493";"11087";"217";"76";"-";"699";"2722";"15";"5"
"MU";"4115853";"Mercedes (PR)";"Total";"2781";"2259";"-";"-";"-";"46";"119";"-";"-"
"MU";"4115903";"Mirador (PR)";"Total";"1327";"492";"-";"-";"-";"4";"75";"-";"2"
"MU";"4116000";"Miraselva (PR)";"Total";"1394";"337";"6";"-";"-";"6";"-";"-";"3"
"MU";"4116059";"Missal (PR)";"Total";"8108";"1370";"-";"5";"-";"131";"289";"-";"-"
"MU";"4116109";"Moreira Sales (PR)";"Total";"7424";"2356";"13";"10";"-";"68";"92";"-";"16"
"MU";"4116208";"Morretes (PR)";"Total";"6780";"6403";"137";"76";"8";"436";"2008";"-";"43"
"MU";"4116307";"Munhoz de Melo (PR)";"Total";"2627";"677";"6";"-";"-";"80";"50";"-";"-"
"MU";"4116406";"Nossa Senhora das Graças (PR)";"Total";"2234";"760";"7";"7";"-";"37";"161";"-";"-"
"MU";"4116505";"Nova Aliança do Ivaí (PR)";"Total";"904";"202";"-";"-";"-";"16";"37";"-";"-"
"MU";"4116604";"Nova América da Colina (PR)";"Total";"1944";"773";"-";"-";"-";"123";"67";"-";"4"
"MU";"4116703";"Nova Aurora (PR)";"Total";"9719";"1844";"24";"7";"-";"141";"168";"-";"-"
"MU";"4116802";"Nova Cantu (PR)";"Total";"5029";"727";"5";"5";"-";"50";"116";"-";"-"
"MU";"4116901";"Nova Esperança (PR)";"Total";"15024";"7132";"75";"-";"-";"484";"747";"-";"-"
"MU";"4116950";"Nova Esperança do Sudoeste (PR)";"Total";"4332";"472";"-";"-";"-";"41";"13";"-";"11"
"MU";"4117008";"Nova Fátima (PR)";"Total";"4433";"1722";"-";"-";"-";"78";"191";"-";"-"
"MU";"4117057";"Nova Laranjeiras (PR)";"Total";"8278";"1163";"48";"-";"122";"404";"84";"-";"-"
"MU";"4117107";"Nova Londrina (PR)";"Total";"8004";"2781";"34";"23";"-";"109";"233";"-";"33"
"MU";"4117206";"Nova Olímpia (PR)";"Total";"3683";"1207";"-";"-";"-";"27";"229";"-";"-"
"MU";"4117214";"Nova Santa Bárbara (PR)";"Total";"2417";"1098";"-";"3";"-";"66";"40";"-";"-"
"MU";"4117222";"Nova Santa Rosa (PR)";"Total";"2799";"4240";"-";"-";"-";"104";"126";"5";"-"
"MU";"4117255";"Nova Prata do Iguaçu (PR)";"Total";"9945";"859";"-";"-";"-";"54";"92";"-";"3"
"MU";"4117271";"Nova Tebas (PR)";"Total";"4833";"1116";"-";"3";"-";"18";"61";"-";"4"
"MU";"4117297";"Novo Itacolomi (PR)";"Total";"2330";"286";"-";"-";"-";"51";"101";"-";"-"
"MU";"4117305";"Ortigueira (PR)";"Total";"12130";"6910";"10";"11";"2";"363";"1166";"19";"33"
"MU";"4117404";"Ourizona (PR)";"Total";"2016";"598";"-";"27";"-";"39";"158";"-";"-"
"MU";"4117453";"Ouro Verde do Oeste (PR)";"Total";"4601";"879";"22";"6";"-";"21";"307";"17";"-"
"MU";"4117503";"Paiçandu (PR)";"Total";"24562";"12114";"54";"52";"-";"1208";"1249";"-";"16"
"MU";"4117602";"Palmas (PR)";"Total";"30438";"8229";"116";"97";"1";"533";"656";"11";"474"
"MU";"4117701";"Palmeira (PR)";"Total";"18416";"8721";"372";"36";"-";"422";"1437";"-";"14"
"MU";"4117800";"Palmital (PR)";"Total";"8779";"2029";"-";"-";"-";"203";"159";"-";"31"
"MU";"4117909";"Palotina (PR)";"Total";"21603";"6799";"81";"54";"-";"751";"678";"-";"34"
"MU";"4118006";"Paraíso do Norte (PR)";"Total";"8658";"2435";"3";"5";"8";"137";"197";"-";"5"
"MU";"4118105";"Paranacity (PR)";"Total";"5933";"1880";"99";"-";"-";"144";"272";"-";"10"
"MU";"4118204";"Paranaguá (PR)";"Total";"47552";"50219";"1090";"919";"9";"8828";"16114";"34";"262"
"MU";"4118303";"Paranapoema (PR)";"Total";"1287";"718";"-";"-";"-";"41";"39";"-";"-"
"MU";"4118402";"Paranavaí (PR)";"Total";"51706";"20946";"832";"163";"-";"2179";"4233";"-";"133"
"MU";"4118451";"Pato Bragado (PR)";"Total";"3346";"1513";"-";"4";"-";"33";"43";"16";"-"
"MU";"4118501";"Pato Branco (PR)";"Total";"57951";"15788";"901";"194";"29";"1278";"3504";"-";"179"
"MU";"4118600";"Paula Freitas (PR)";"Total";"4091";"736";"6";"4";"9";"47";"68";"-";"-"
"MU";"4118709";"Paulo Frontin (PR)";"Total";"4920";"663";"-";"5";"-";"9";"57";"-";"-"
"MU";"4118808";"Peabiru (PR)";"Total";"8360";"2493";"78";"3";"-";"241";"399";"7";"-"
"MU";"4118857";"Perobal (PR)";"Total";"4322";"1599";"-";"-";"-";"78";"245";"-";"-"
"MU";"4118907";"Pérola (PR)";"Total";"7384";"2324";"52";"13";"-";"252";"359";"-";"-"
"MU";"4119004";"Pérola d'Oeste (PR)";"Total";"4434";"996";"-";"-";"-";"-";"88";"-";"-"
"MU";"4119103";"Piên (PR)";"Total";"9316";"1964";"9";"45";"-";"81";"216";"-";"-"
"MU";"4119152";"Pinhais (PR)";"Total";"56061";"33003";"1615";"1514";"9";"5955";"12947";"-";"496"
"MU";"4119202";"Pinhalão (PR)";"Total";"4366";"1243";"21";"3";"-";"37";"99";"-";"3"
"MU";"4119251";"Pinhal de São Bento (PR)";"Total";"2149";"233";"3";"-";"-";"-";"38";"-";"-"
"MU";"4119301";"Pinhão (PR)";"Total";"19230";"4720";"21";"89";"-";"490";"506";"-";"16"
"MU";"4119400";"Piraí do Sul (PR)";"Total";"14757";"4593";"28";"37";"-";"276";"603";"-";"12"
"MU";"4119509";"Piraquara (PR)";"Total";"39786";"36731";"754";"1550";"75";"5515";"13499";"3635";"41"
"MU";"4119608";"Pitanga (PR)";"Total";"25012";"3074";"79";"15";"-";"407";"474";"-";"34"
"MU";"4119657";"Pitangueiras (PR)";"Total";"1876";"741";"-";"-";"-";"27";"25";"-";"-"
"MU";"4119707";"Planaltina do Paraná (PR)";"Total";"2800";"662";"3";"-";"-";"20";"42";"-";"-"
"MU";"4119806";"Planalto (PR)";"Total";"9796";"2546";"-";"-";"5";"114";"217";"-";"-"
"MU";"4119905";"Ponta Grossa (PR)";"Total";"185772";"86837";"6332";"2132";"9";"11087";"17156";"424";"273"
"MU";"4119954";"Pontal do Paraná (PR)";"Total";"14102";"7687";"412";"499";"44";"1392";"2655";"-";"17"
"MU";"4120002";"Porecatu (PR)";"Total";"6606";"3207";"31";"-";"-";"198";"321";"-";"-"
"MU";"4120101";"Porto Amazonas (PR)";"Total";"2256";"1156";"4";"-";"-";"62";"117";"-";"-"
"MU";"4120150";"Porto Barreiro (PR)";"Total";"2345";"317";"-";"-";"6";"14";"10";"-";"-"
"MU";"4120200";"Porto Rico (PR)";"Total";"1784";"810";"7";"9";"-";"29";"149";"-";"-"
"MU";"4120309";"Porto Vitória (PR)";"Total";"2287";"715";"20";"14";"-";"21";"29";"-";"3"
"MU";"4120333";"Prado Ferreira (PR)";"Total";"1716";"883";"-";"22";"3";"353";"233";"-";"-"
"MU";"4120358";"Pranchita (PR)";"Total";"3945";"814";"-";"4";"-";"154";"104";"-";"-"
"MU";"4120408";"Presidente Castelo Branco (PR)";"Total";"2591";"1015";"-";"-";"-";"77";"118";"-";"-"
"MU";"4120507";"Primeiro de Maio (PR)";"Total";"6554";"2014";"63";"12";"-";"63";"331";"-";"-"
"MU";"4120606";"Prudentópolis (PR)";"Total";"37991";"4050";"138";"-";"-";"351";"509";"-";"20"
"MU";"4120655";"Quarto Centenário (PR)";"Total";"3088";"506";"7";"-";"-";"34";"24";"-";"-"
"MU";"4120705";"Quatiguá (PR)";"Total";"5551";"1343";"11";"-";"-";"95";"102";"-";"24"
"MU";"4120804";"Quatro Barras (PR)";"Total";"9380";"7612";"379";"301";"-";"1339";"1957";"3";"32"
"MU";"4120853";"Quatro Pontes (PR)";"Total";"2985";"839";"14";"-";"-";"-";"74";"5";"-"
"MU";"4120903";"Quedas do Iguaçu (PR)";"Total";"21529";"3687";"110";"-";"-";"365";"573";"-";"-"
"MU";"4121000";"Querência do Norte (PR)";"Total";"6761";"2092";"-";"-";"-";"138";"164";"-";"-"
"MU";"4121109";"Quinta do Sol (PR)";"Total";"2922";"1290";"10";"3";"-";"51";"102";"-";"-"
"MU";"4121208";"Quitandinha (PR)";"Total";"11917";"3390";"31";"26";"-";"215";"446";"-";"17"
"MU";"4121257";"Ramilândia (PR)";"Total";"2539";"832";"2";"-";"-";"40";"171";"-";"-"
"MU";"4121307";"Rancho Alegre (PR)";"Total";"2075";"963";"3";"-";"-";"68";"56";"-";"2"
"MU";"4121356";"Rancho Alegre D'Oeste (PR)";"Total";"1877";"368";"-";"-";"-";"42";"6";"-";"3"
"MU";"4121406";"Realeza (PR)";"Total";"14077";"2086";"67";"64";"-";"142";"457";"-";"-"
"MU";"4121505";"Rebouças (PR)";"Total";"10139";"2173";"27";"26";"-";"86";"127";"-";"4"
"MU";"4121604";"Renascença (PR)";"Total";"4843";"902";"3";"9";"-";"64";"112";"-";"-"
"MU";"4121703";"Reserva (PR)";"Total";"16829";"3701";"28";"-";"-";"215";"386";"-";"-"
"MU";"4121752";"Reserva do Iguaçu (PR)";"Total";"3500";"1709";"4";"5";"-";"19";"188";"5";"-"
"MU";"4121802";"Ribeirão Claro (PR)";"Total";"7806";"2323";"33";"5";"-";"231";"406";"3";"5"
"MU";"4121901";"Ribeirão do Pinhal (PR)";"Total";"8632";"2161";"15";"31";"-";"304";"256";"-";"-"
"MU";"4122008";"Rio Azul (PR)";"Total";"10914";"1026";"6";"59";"-";"73";"99";"-";"-"
"MU";"4122107";"Rio Bom (PR)";"Total";"2109";"616";"-";"-";"-";"63";"58";"-";"2"
"MU";"4122156";"Rio Bonito do Iguaçu (PR)";"Total";"9699";"2007";"-";"47";"47";"40";"19";"-";"-"
"MU";"4122172";"Rio Branco do Ivaí (PR)";"Total";"2344";"860";"-";"-";"-";"25";"33";"-";"-"
"MU";"4122206";"Rio Branco do Sul (PR)";"Total";"15889";"10425";"27";"-";"-";"3228";"2521";"-";"4"
"MU";"4122305";"Rio Negro (PR)";"Total";"21111";"4414";"361";"99";"-";"336";"973";"-";"-"
"MU";"4122404";"Rolândia (PR)";"Total";"36460";"18829";"585";"224";"11";"1995";"3691";"-";"22"
"MU";"4122503";"Roncador (PR)";"Total";"8232";"1385";"-";"-";"-";"96";"54";"-";"-"
"MU";"4122602";"Rondon (PR)";"Total";"6260";"1185";"-";"-";"-";"90";"418";"-";"-"
"MU";"4122651";"Rosário do Ivaí (PR)";"Total";"3701";"900";"-";"4";"-";"52";"159";"-";"-"
"MU";"4122701";"Sabáudia (PR)";"Total";"4790";"2292";"28";"24";"-";"196";"291";"-";"-"
"MU";"4122800";"Salgado Filho (PR)";"Total";"2730";"791";"-";"-";"-";"11";"17";"-";"-"
"MU";"4122909";"Salto do Itararé (PR)";"Total";"3590";"738";"-";"4";"-";"62";"153";"-";"-"
"MU";"4123006";"Salto do Lontra (PR)";"Total";"11983";"1022";"5";"-";"-";"103";"90";"-";"-"
"MU";"4123105";"Santa Amélia (PR)";"Total";"2229";"667";"9";"-";"18";"23";"32";"-";"-"
"MU";"4123204";"Santa Cecília do Pavão (PR)";"Total";"1682";"950";"19";"-";"-";"73";"209";"3";"-"
"MU";"4123303";"Santa Cruz de Monte Castelo (PR)";"Total";"5462";"1645";"23";"9";"-";"164";"208";"5";"3"
"MU";"4123402";"Santa Fé (PR)";"Total";"7226";"2368";"5";"3";"-";"128";"278";"-";"27"
"MU";"4123501";"Santa Helena (PR)";"Total";"15822";"5276";"173";"24";"90";"74";"636";"-";"-"
"MU";"4123600";"Santa Inês (PR)";"Total";"1294";"173";"-";"-";"-";"64";"6";"-";"-"
"MU";"4123709";"Santa Isabel do Ivaí (PR)";"Total";"6076";"1432";"10";"-";"-";"135";"182";"-";"-"
"MU";"4123808";"Santa Izabel do Oeste (PR)";"Total";"10846";"1174";"1";"30";"-";"87";"111";"-";"-"
"MU";"4123824";"Santa Lúcia (PR)";"Total";"2551";"601";"-";"-";"-";"6";"39";"-";"-"
"MU";"4123857";"Santa Maria do Oeste (PR)";"Total";"7125";"1336";"6";"5";"-";"59";"30";"-";"29"
"MU";"4123907";"Santa Mariana (PR)";"Total";"7278";"1998";"52";"29";"-";"125";"286";"-";"-"
"MU";"4123956";"Santa Mônica (PR)";"Total";"2105";"607";"6";"4";"-";"23";"123";"-";"-"
"MU";"4124004";"Santana do Itararé (PR)";"Total";"4096";"636";"-";"2";"-";"41";"41";"-";"4"
"MU";"4124020";"Santa Tereza do Oeste (PR)";"Total";"8288";"2117";"56";"-";"-";"203";"330";"-";"116"
"MU";"4124053";"Santa Terezinha de Itaipu (PR)";"Total";"13892";"5817";"174";"42";"-";"417";"773";"-";"21"
"MU";"4124103";"Santo Antônio da Platina (PR)";"Total";"25397";"10490";"308";"-";"-";"791";"1638";"-";"55"
"MU";"4124202";"Santo Antônio do Caiuá (PR)";"Total";"1897";"208";"5";"-";"-";"42";"40";"-";"-"
"MU";"4124301";"Santo Antônio do Paraíso (PR)";"Total";"1441";"406";"-";"7";"-";"24";"20";"-";"9"
"MU";"4124400";"Santo Antônio do Sudoeste (PR)";"Total";"13762";"4050";"12";"-";"-";"1750";"774";"-";"-"
"MU";"4124509";"Santo Inácio (PR)";"Total";"3837";"1325";"-";"2";"-";"89";"48";"-";"-"
"MU";"4124608";"São Carlos do Ivaí (PR)";"Total";"4212";"1206";"30";"9";"-";"45";"203";"-";"3"
"MU";"4124707";"São Jerônimo da Serra (PR)";"Total";"5285";"3159";"5";"15";"2";"304";"569";"-";"7"
"MU";"4124806";"São João (PR)";"Total";"8562";"1578";"6";"-";"-";"33";"141";"-";"-"
"MU";"4124905";"São João do Caiuá (PR)";"Total";"3436";"1068";"8";"-";"-";"125";"203";"-";"-"
"MU";"4125001";"São João do Ivaí (PR)";"Total";"6660";"2221";"8";"-";"-";"186";"416";"-";"-"
"MU";"4125100";"São João do Triunfo (PR)";"Total";"9567";"1845";"120";"13";"-";"67";"301";"-";"-"
"MU";"4125209";"São Jorge d'Oeste (PR)";"Total";"6801";"1191";"12";"5";"-";"86";"133";"-";"-"
"MU";"4125308";"São Jorge do Ivaí (PR)";"Total";"3731";"764";"3";"4";"-";"33";"114";"-";"-"
"MU";"4125357";"São Jorge do Patrocínio (PR)";"Total";"4508";"991";"47";"-";"-";"20";"122";"-";"15"
"MU";"4125407";"São José da Boa Vista (PR)";"Total";"4120";"985";"-";"3";"-";"30";"115";"-";"-"
"MU";"4125456";"São José das Palmeiras (PR)";"Total";"2453";"815";"9";"11";"-";"39";"76";"-";"-"
"MU";"4125506";"São José dos Pinhais (PR)";"Total";"151128";"86050";"3211";"3605";"59";"13640";"26568";"38";"230"
"MU";"4125555";"São Manoel do Paraná (PR)";"Total";"1530";"329";"-";"5";"-";"19";"19";"-";"2"
"MU";"4125605";"São Mateus do Sul (PR)";"Total";"29757";"5544";"249";"113";"-";"372";"737";"-";"16"
"MU";"4125704";"São Miguel do Iguaçu (PR)";"Total";"18266";"5104";"60";"103";"280";"432";"754";"-";"14"
"MU";"4125753";"São Pedro do Iguaçu (PR)";"Total";"3891";"920";"-";"-";"-";"41";"157";"21";"-"
"MU";"4125803";"São Pedro do Ivaí (PR)";"Total";"6282";"1140";"-";"24";"-";"102";"138";"-";"-"
"MU";"4125902";"São Pedro do Paraná (PR)";"Total";"1669";"591";"4";"-";"-";"40";"33";"-";"-"
"MU";"4126009";"São Sebastião da Amoreira (PR)";"Total";"4698";"1788";"22";"-";"-";"164";"406";"-";"-"
"MU";"4126108";"São Tomé (PR)";"Total";"3235";"1109";"7";"-";"1";"52";"169";"-";"-"
"MU";"4126207";"Sapopema (PR)";"Total";"4441";"1146";"7";"2";"-";"52";"211";"-";"-"
"MU";"4126256";"Sarandi (PR)";"Total";"53515";"36426";"513";"363";"24";"3459";"6716";"42";"-"
"MU";"4126272";"Saudade do Iguaçu (PR)";"Total";"4086";"908";"22";"-";"3";"46";"141";"-";"-"
"MU";"4126306";"Sengés (PR)";"Total";"6778";"6185";"23";"15";"-";"447";"1275";"-";"31"
"MU";"4126355";"Serranópolis do Iguaçu (PR)";"Total";"3546";"693";"-";"-";"-";"7";"40";"-";"150"
"MU";"4126405";"Sertaneja (PR)";"Total";"3257";"1341";"19";"-";"-";"153";"256";"-";"-"
"MU";"4126504";"Sertanópolis (PR)";"Total";"9407";"3868";"70";"45";"-";"297";"378";"-";"-"
"MU";"4126603";"Siqueira Campos (PR)";"Total";"15072";"3366";"22";"55";"-";"568";"756";"12";"-"
"MU";"4126652";"Sulina (PR)";"Total";"2555";"437";"-";"-";"-";"16";"21";"-";"-"
"MU";"4126678";"Tamarana (PR)";"Total";"4601";"3335";"9";"18";"269";"374";"529";"6";"4"
"MU";"4126702";"Tamboara (PR)";"Total";"3145";"914";"9";"3";"-";"105";"88";"-";"-"
"MU";"4126801";"Tapejara (PR)";"Total";"8331";"4713";"24";"9";"-";"199";"438";"-";"5"
"MU";"4126900";"Tapira (PR)";"Total";"3797";"871";"-";"3";"-";"36";"344";"-";"7"
"MU";"4127007";"Teixeira Soares (PR)";"Total";"5575";"2217";"5";"38";"-";"91";"320";"-";"-"
"MU";"4127106";"Telêmaco Borba (PR)";"Total";"32233";"25191";"261";"198";"-";"1473";"5078";"10";"29"
"MU";"4127205";"Terra Boa (PR)";"Total";"11431";"3074";"23";"30";"-";"128";"609";"5";"-"
"MU";"4127304";"Terra Rica (PR)";"Total";"8577";"3416";"20";"-";"-";"341";"623";"-";"-"
"MU";"4127403";"Terra Roxa (PR)";"Total";"11086";"3341";"50";"4";"118";"303";"762";"-";"20"
"MU";"4127502";"Tibagi (PR)";"Total";"12310";"3778";"30";"-";"-";"172";"725";"-";"-"
"MU";"4127601";"Tijucas do Sul (PR)";"Total";"10954";"3112";"37";"89";"-";"324";"593";"-";"18"
"MU";"4127700";"Toledo (PR)";"Total";"87943";"32230";"1154";"198";"-";"3035";"6132";"11";"95"
"MU";"4127809";"Tomazina (PR)";"Total";"6304";"886";"33";"12";"37";"27";"123";"-";"-"
"MU";"4127858";"Três Barras do Paraná (PR)";"Total";"8134";"1260";"6";"10";"-";"120";"94";"-";"-"
"MU";"4127882";"Tunas do Paraná (PR)";"Total";"1605";"2707";"4";"27";"-";"79";"713";"-";"4"
"MU";"4127908";"Tuneiras do Oeste (PR)";"Total";"4626";"2257";"-";"-";"-";"59";"96";"-";"4"
"MU";"4127957";"Tupãssi (PR)";"Total";"5508";"1402";"19";"18";"-";"30";"176";"-";"-"
"MU";"4127965";"Turvo (PR)";"Total";"9816";"2156";"-";"-";"30";"92";"105";"-";"2"
"MU";"4128005";"Ubiratã (PR)";"Total";"17026";"3871";"42";"20";"-";"212";"532";"-";"20"
"MU";"4128104";"Umuarama (PR)";"Total";"68417";"25856";"696";"539";"-";"2434";"3933";"-";"99"
"MU";"4128203";"União da Vitória (PR)";"Total";"34795";"9351";"348";"394";"-";"978";"1942";"12";"26"
"MU";"4128302";"Uniflor (PR)";"Total";"1530";"329";"6";"-";"-";"2";"25";"-";"-"
"MU";"4128401";"Uraí (PR)";"Total";"6844";"1949";"71";"12";"-";"157";"273";"-";"-"
"MU";"4128500";"Wenceslau Braz (PR)";"Total";"12047";"3503";"6";"30";"-";"244";"763";"-";"-"
"MU";"4128534";"Ventania (PR)";"Total";"6023";"1888";"48";"15";"-";"178";"146";"-";"19"
"MU";"4128559";"Vera Cruz do Oeste (PR)";"Total";"5420";"1634";"-";"8";"5";"87";"36";"-";"6"
"MU";"4128609";"Verê (PR)";"Total";"6337";"542";"-";"8";"-";"15";"81";"-";"-"
"MU";"4128625";"Alto Paraíso (PR)";"Total";"2030";"515";"-";"-";"-";"31";"40";"-";"-"
"MU";"4128633";"Doutor Ulysses (PR)";"Total";"1872";"2762";"-";"1";"-";"14";"269";"-";"-"
"MU";"4128658";"Virmond (PR)";"Total";"2950";"311";"3";"-";"-";"26";"13";"-";"-"
"MU";"4128708";"Vitorino (PR)";"Total";"6217";"1505";"21";"46";"-";"35";"173";"-";"-"
"MU";"4128807";"Xambrê (PR)";"Total";"4047";"817";"7";"-";"7";"61";"129";"-";"-"
"MU";"4200051";"Abdon Batista (SC)";"Total";"2139";"147";"-";"-";"-";"5";"17";"-";"-"
"MU";"4200101";"Abelardo Luz (SC)";"Total";"10271";"3720";"53";"23";"-";"108";"446";"7";"17"
"MU";"4200200";"Agrolândia (SC)";"Total";"5777";"3503";"-";"22";"-";"147";"53";"-";"-"
"MU";"4200309";"Agronômica (SC)";"Total";"4285";"788";"45";"23";"-";"70";"69";"-";"-"
"MU";"4200408";"Água Doce (SC)";"Total";"4683";"908";"9";"14";"-";"27";"48";"-";"-"
"MU";"4200507";"Águas de Chapecó (SC)";"Total";"3822";"1279";"-";"4";"-";"39";"97";"-";"-"
"MU";"4200556";"Águas Frias (SC)";"Total";"2274";"199";"-";"2";"-";"-";"5";"-";"-"
"MU";"4200606";"Águas Mornas (SC)";"Total";"4524";"1100";"42";"53";"10";"83";"149";"-";"8"
"MU";"4200705";"Alfredo Wagner (SC)";"Total";"6596";"2259";"25";"51";"-";"142";"96";"-";"-"
"MU";"4200754";"Alto Bela Vista (SC)";"Total";"742";"917";"2";"-";"-";"4";"2";"-";"-"
"MU";"4200804";"Anchieta (SC)";"Total";"4360";"667";"17";"-";"-";"53";"180";"-";"3"
"MU";"4200903";"Angelina (SC)";"Total";"3147";"1568";"10";"5";"-";"17";"17";"-";"2"
"MU";"4201000";"Anita Garibaldi (SC)";"Total";"6211";"853";"27";"3";"-";"65";"79";"-";"11"
"MU";"4201109";"Anitápolis (SC)";"Total";"2579";"425";"26";"-";"-";"55";"87";"-";"4"
"MU";"4201208";"Antônio Carlos (SC)";"Total";"8077";"1067";"80";"-";"-";"196";"306";"-";"-"
"MU";"4201257";"Apiúna (SC)";"Total";"7012";"1202";"42";"43";"5";"100";"137";"-";"-"
"MU";"4201273";"Arabutã (SC)";"Total";"876";"2938";"-";"-";"-";"-";"28";"-";"-"
"MU";"4201307";"Araquari (SC)";"Total";"17060";"15348";"219";"148";"236";"1785";"2657";"-";"45"
"MU";"4201406";"Araranguá (SC)";"Total";"39262";"16614";"901";"631";"13";"1823";"3305";"-";"42"
"MU";"4201505";"Armazém (SC)";"Total";"6471";"967";"24";"3";"-";"22";"192";"-";"-"
"MU";"4201604";"Arroio Trinta (SC)";"Total";"2752";"393";"8";"3";"-";"10";"16";"-";"-"
"MU";"4201653";"Arvoredo (SC)";"Total";"1834";"356";"4";"-";"-";"22";"8";"-";"3"
"MU";"4201703";"Ascurra (SC)";"Total";"5506";"1345";"44";"22";"-";"181";"129";"26";"-"
"MU";"4201802";"Atalanta (SC)";"Total";"2062";"682";"2";"-";"-";"81";"2";"-";"-"
"MU";"4201901";"Aurora (SC)";"Total";"4113";"1569";"-";"-";"-";"62";"131";"-";"-"
"MU";"4201950";"Balneário Arroio do Silva (SC)";"Total";"8051";"3743";"307";"274";"5";"692";"843";"10";"-"
"MU";"4202008";"Balneário Camboriú (SC)";"Total";"68355";"29616";"4612";"1690";"57";"6120";"15206";"19";"53"
"MU";"4202057";"Balneário Barra do Sul (SC)";"Total";"6424";"5056";"179";"104";"-";"612";"763";"-";"11"
"MU";"4202073";"Balneário Gaivota (SC)";"Total";"8538";"3031";"315";"289";"6";"541";"928";"-";"-"
"MU";"4202081";"Bandeirante (SC)";"Total";"2167";"435";"-";"-";"-";"107";"32";"-";"-"
"MU";"4202099";"Barra Bonita (SC)";"Total";"1268";"210";"-";"-";"-";"6";"1";"-";"-"
"MU";"4202107";"Barra Velha (SC)";"Total";"22666";"11805";"385";"718";"12";"1475";"2017";"-";"10"
"MU";"4202131";"Bela Vista do Toldo (SC)";"Total";"4391";"636";"10";"-";"-";"33";"21";"-";"3"
"MU";"4202156";"Belmonte (SC)";"Total";"1961";"309";"4";"3";"-";"14";"28";"-";"-"
"MU";"4202206";"Benedito Novo (SC)";"Total";"3813";"5121";"6";"10";"-";"110";"257";"-";"6"
"MU";"4202305";"Biguaçu (SC)";"Total";"40160";"15250";"1111";"1021";"241";"2156";"6835";"82";"117"
"MU";"4202404";"Blumenau (SC)";"Total";"195174";"84263";"4911";"2000";"88";"11786";"21814";"236";"81"
"MU";"4202438";"Bocaina do Sul (SC)";"Total";"2650";"299";"33";"14";"-";"25";"36";"-";"-"
"MU";"4202453";"Bombinhas (SC)";"Total";"10611";"6161";"498";"213";"-";"1729";"2558";"36";"-"
"MU";"4202503";"Bom Jardim da Serra (SC)";"Total";"2838";"574";"7";"11";"-";"44";"25";"-";"-"
"MU";"4202537";"Bom Jesus (SC)";"Total";"1684";"644";"7";"-";"-";"20";"40";"2";"-"
"MU";"4202578";"Bom Jesus do Oeste (SC)";"Total";"1379";"524";"-";"-";"-";"18";"4";"-";"-"
"MU";"4202602";"Bom Retiro (SC)";"Total";"5900";"971";"90";"16";"-";"65";"189";"-";"-"
"MU";"4202701";"Botuverá (SC)";"Total";"4076";"425";"9";"-";"-";"119";"59";"4";"-"
"MU";"4202800";"Braço do Norte (SC)";"Total";"24836";"2803";"264";"130";"-";"753";"587";"-";"3"
"MU";"4202859";"Braço do Trombudo (SC)";"Total";"1707";"1717";"3";"-";"-";"49";"34";"-";"-"
"MU";"4202875";"Brunópolis (SC)";"Total";"1768";"386";"-";"-";"2";"14";"41";"-";"-"
"MU";"4202909";"Brusque (SC)";"Total";"82314";"30647";"1103";"513";"11";"3238";"5421";"263";"66"
"MU";"4203006";"Caçador (SC)";"Total";"45190";"13471";"499";"208";"-";"1081";"2853";"-";"15"
"MU";"4203105";"Caibi (SC)";"Total";"4559";"823";"13";"4";"-";"13";"122";"-";"-"
"MU";"4203154";"Calmon (SC)";"Total";"1248";"916";"3";"-";"-";"439";"196";"-";"3"
"MU";"4203204";"Camboriú (SC)";"Total";"42923";"29010";"1052";"635";"-";"3956";"10161";"96";"1"
"MU";"4203253";"Capão Alto (SC)";"Total";"1880";"372";"4";"4";"-";"11";"37";"-";"-"
"MU";"4203303";"Campo Alegre (SC)";"Total";"8735";"1825";"43";"25";"-";"158";"141";"-";"-"
"MU";"4203402";"Campo Belo do Sul (SC)";"Total";"5599";"636";"15";"14";"-";"49";"26";"-";"3"
"MU";"4203501";"Campo Erê (SC)";"Total";"6099";"1734";"45";"5";"-";"144";"162";"-";"15"
"MU";"4203600";"Campos Novos (SC)";"Total";"26319";"4722";"218";"162";"-";"247";"420";"-";"-"
"MU";"4203709";"Canelinha (SC)";"Total";"7541";"2622";"17";"21";"-";"143";"740";"-";"-"
"MU";"4203808";"Canoinhas (SC)";"Total";"35254";"9638";"751";"151";"-";"684";"1101";"13";"155"
"MU";"4203907";"Capinzal (SC)";"Total";"15553";"3578";"119";"35";"-";"530";"458";"-";"63"
"MU";"4203956";"Capivari de Baixo (SC)";"Total";"13665";"5510";"134";"355";"-";"544";"670";"-";"-"
"MU";"4204004";"Catanduvas (SC)";"Total";"6850";"1874";"21";"5";"-";"46";"260";"15";"-"
"MU";"4204103";"Caxambu do Sul (SC)";"Total";"2973";"1021";"8";"-";"-";"12";"9";"-";"-"
"MU";"4204152";"Celso Ramos (SC)";"Total";"2263";"207";"-";"-";"-";"4";"4";"-";"-"
"MU";"4204178";"Cerro Negro (SC)";"Total";"2612";"256";"9";"-";"-";"15";"5";"-";"-"
"MU";"4204194";"Chapadão do Lageado (SC)";"Total";"2318";"212";"-";"-";"-";"11";"18";"-";"-"
"MU";"4204202";"Chapecó (SC)";"Total";"136621";"54331";"3261";"1244";"198";"8023";"15738";"41";"129"
"MU";"4204251";"Cocal do Sul (SC)";"Total";"11364";"3047";"98";"47";"4";"386";"347";"-";"-"
"MU";"4204301";"Concórdia (SC)";"Total";"52878";"14287";"401";"216";"68";"1550";"1773";"-";"37"
"MU";"4204350";"Cordilheira Alta (SC)";"Total";"3472";"610";"8";"5";"-";"32";"6";"-";"-"
"MU";"4204400";"Coronel Freitas (SC)";"Total";"7609";"1174";"11";"11";"11";"30";"286";"-";"13"
"MU";"4204459";"Coronel Martins (SC)";"Total";"1554";"239";"-";"-";"-";"11";"28";"-";"3"
"MU";"4204509";"Corupá (SC)";"Total";"9007";"3657";"68";"33";"13";"333";"263";"-";"-"
"MU";"4204558";"Correia Pinto (SC)";"Total";"9292";"3686";"78";"22";"-";"154";"260";"-";"-"
"MU";"4204608";"Criciúma (SC)";"Total";"114273";"52148";"2040";"1378";"10";"7200";"10885";"140";"43"
"MU";"4204707";"Cunha Porã (SC)";"Total";"5075";"4210";"45";"-";"-";"128";"138";"-";"15"
"MU";"4204756";"Cunhataí (SC)";"Total";"1582";"160";"-";"-";"-";"6";"-";"-";"-"
"MU";"4204806";"Curitibanos (SC)";"Total";"26240";"5908";"430";"56";"-";"573";"1158";"-";"-"
"MU";"4204905";"Descanso (SC)";"Total";"6693";"755";"7";"5";"-";"65";"91";"-";"-"
"MU";"4205001";"Dionísio Cerqueira (SC)";"Total";"8228";"3950";"24";"5";"-";"218";"452";"-";"-"
"MU";"4205100";"Dona Emma (SC)";"Total";"2574";"958";"-";"-";"-";"41";"84";"-";"-"
"MU";"4205159";"Doutor Pedrinho (SC)";"Total";"2114";"997";"-";"1";"-";"56";"81";"-";"7"
"MU";"4205175";"Entre Rios (SC)";"Total";"1674";"1047";"-";"-";"-";"35";"76";"-";"-"
"MU";"4205191";"Ermo (SC)";"Total";"1448";"413";"-";"13";"-";"29";"60";"-";"4"
"MU";"4205209";"Erval Velho (SC)";"Total";"3605";"628";"3";"-";"-";"25";"34";"-";"-"
"MU";"4205308";"Faxinal dos Guedes (SC)";"Total";"6969";"2485";"33";"31";"-";"60";"138";"-";"16"
"MU";"4205357";"Flor do Sertão (SC)";"Total";"1196";"288";"17";"-";"-";"18";"45";"-";"-"
"MU";"4205407";"Florianópolis (SC)";"Total";"256522";"69727";"27872";"10062";"174";"27890";"88800";"676";"424"
"MU";"4205431";"Formosa do Sul (SC)";"Total";"1835";"422";"2";"-";"-";"16";"75";"-";"-"
"MU";"4205456";"Forquilhinha (SC)";"Total";"15342";"8855";"46";"66";"-";"844";"1577";"-";"-"
"MU";"4205506";"Fraiburgo (SC)";"Total";"19665";"7064";"56";"274";"-";"503";"1128";"-";"-"
"MU";"4205555";"Frei Rogério (SC)";"Total";"1727";"332";"-";"-";"-";"31";"34";"-";"-"
"MU";"4205605";"Galvão (SC)";"Total";"2316";"357";"-";"-";"-";"105";"21";"-";"-"
"MU";"4205704";"Garopaba (SC)";"Total";"16600";"3396";"964";"308";"-";"1801";"3036";"10";"10"
"MU";"4205803";"Garuva (SC)";"Total";"8662";"5788";"120";"53";"7";"411";"581";"6";"5"
"MU";"4205902";"Gaspar (SC)";"Total";"43777";"14442";"394";"270";"59";"2246";"2002";"-";"-"
"MU";"4206009";"Governador Celso Ramos (SC)";"Total";"9396";"3767";"107";"67";"-";"745";"933";"-";"3"
"MU";"4206108";"Grão-Pará (SC)";"Total";"4855";"345";"3";"24";"-";"52";"163";"-";"-"
"MU";"4206207";"Gravatal (SC)";"Total";"8413";"1771";"69";"67";"-";"240";"343";"-";"-"
"MU";"4206306";"Guabiruba (SC)";"Total";"16181";"4127";"60";"73";"10";"108";"650";"-";"-"
"MU";"4206405";"Guaraciaba (SC)";"Total";"8588";"955";"9";"5";"-";"17";"74";"-";"-"
"MU";"4206504";"Guaramirim (SC)";"Total";"26544";"10530";"99";"141";"22";"899";"1750";"11";"66"
"MU";"4206603";"Guarujá do Sul (SC)";"Total";"3578";"605";"10";"11";"-";"-";"68";"-";"-"
"MU";"4206652";"Guatambú (SC)";"Total";"4740";"1937";"12";"9";"-";"169";"213";"2";"-"
"MU";"4206702";"Herval d'Oeste (SC)";"Total";"14937";"3354";"141";"38";"-";"91";"538";"-";"-"
"MU";"4206751";"Ibiam (SC)";"Total";"1590";"122";"-";"-";"-";"11";"35";"-";"-"
"MU";"4206801";"Ibicaré (SC)";"Total";"2391";"501";"-";"-";"-";"12";"21";"-";"-"
"MU";"4206900";"Ibirama (SC)";"Total";"11315";"5258";"119";"18";"-";"370";"412";"-";"5"
"MU";"4207007";"Içara (SC)";"Total";"33538";"13668";"274";"287";"-";"1185";"2159";"-";"115"
"MU";"4207106";"Ilhota (SC)";"Total";"8452";"4559";"39";"61";"-";"606";"822";"33";"-"
"MU";"4207205";"Imaruí (SC)";"Total";"7957";"1825";"36";"22";"132";"145";"425";"-";"-"
"MU";"4207304";"Imbituba (SC)";"Total";"29112";"8644";"1052";"425";"-";"2140";"4935";"14";"44"
"MU";"4207403";"Imbuia (SC)";"Total";"4131";"990";"2";"-";"-";"72";"18";"-";"-"
"MU";"4207502";"Indaial (SC)";"Total";"39866";"17192";"391";"185";"9";"2066";"2293";"104";"25"
"MU";"4207577";"Iomerê (SC)";"Total";"2338";"221";"3";"3";"-";"11";"-";"-";"-"
"MU";"4207601";"Ipira (SC)";"Total";"2329";"1675";"3";"5";"-";"32";"7";"-";"-"
"MU";"4207650";"Iporã do Oeste (SC)";"Total";"6846";"1309";"-";"5";"-";"46";"82";"-";"-"
"MU";"4207684";"Ipuaçu (SC)";"Total";"4058";"1920";"-";"-";"-";"153";"221";"-";"2"
"MU";"4207700";"Ipumirim (SC)";"Total";"5296";"1373";"20";"19";"-";"57";"67";"-";"-"
"MU";"4207759";"Iraceminha (SC)";"Total";"2942";"573";"-";"-";"-";"3";"35";"-";"-"
"MU";"4207809";"Irani (SC)";"Total";"6380";"1963";"12";"4";"-";"92";"373";"7";"-"
"MU";"4207858";"Irati (SC)";"Total";"1571";"220";"-";"-";"-";"25";"-";"-";"-"
"MU";"4207908";"Irineópolis (SC)";"Total";"6885";"1595";"85";"44";"-";"106";"138";"-";"43"
"MU";"4208005";"Itá (SC)";"Total";"4682";"1310";"48";"6";"-";"62";"131";"-";"4"
"MU";"4208104";"Itaiópolis (SC)";"Total";"15895";"2261";"409";"75";"-";"117";"243";"-";"17"
"MU";"4208203";"Itajaí (SC)";"Total";"118994";"70714";"3394";"1632";"37";"13448";"19817";"54";"158"
"MU";"4208302";"Itapema (SC)";"Total";"38331";"17205";"1721";"768";"3";"3345";"4944";"-";"103"
"MU";"4208401";"Itapiranga (SC)";"Total";"12664";"1243";"54";"6";"-";"297";"257";"-";"-"
"MU";"4208450";"Itapoá (SC)";"Total";"15507";"7103";"766";"161";"-";"1267";"1831";"10";"52"
"MU";"4208500";"Ituporanga (SC)";"Total";"17908";"4506";"67";"-";"-";"205";"238";"-";"8"
"MU";"4208609";"Jaborá (SC)";"Total";"3195";"464";"11";"-";"-";"58";"14";"-";"-"
"MU";"4208708";"Jacinto Machado (SC)";"Total";"7543";"1418";"22";"14";"-";"122";"209";"-";"5"
"MU";"4208807";"Jaguaruna (SC)";"Total";"12426";"3866";"266";"84";"-";"307";"842";"-";"60"
"MU";"4208906";"Jaraguá do Sul (SC)";"Total";"98413";"46305";"1636";"740";"22";"4432";"7504";"175";"100"
"MU";"4208955";"Jardinópolis (SC)";"Total";"1295";"240";"4";"3";"-";"7";"7";"-";"-"
"MU";"4209003";"Joaçaba (SC)";"Total";"20155";"4550";"312";"70";"10";"388";"1299";"-";"-"
"MU";"4209102";"Joinville (SC)";"Total";"303210";"171073";"7620";"3212";"42";"21569";"33307";"249";"496"
"MU";"4209151";"José Boiteux (SC)";"Total";"2836";"2027";"-";"-";"13";"38";"34";"-";"10"
"MU";"4209177";"Jupiá (SC)";"Total";"1981";"215";"3";"-";"-";"7";"37";"-";"-"
"MU";"4209201";"Lacerdópolis (SC)";"Total";"1794";"184";"21";"4";"-";"5";"13";"-";"-"
"MU";"4209300";"Lages (SC)";"Total";"97536";"31141";"2938";"1198";"-";"4105";"7000";"42";"113"
"MU";"4209409";"Laguna (SC)";"Total";"27273";"6101";"920";"612";"-";"1113";"2335";"-";"36"
"MU";"4209458";"Lajeado Grande (SC)";"Total";"1274";"175";"-";"2";"-";"24";"-";"-";"-"
"MU";"4209508";"Laurentino (SC)";"Total";"5663";"923";"40";"12";"-";"181";"128";"-";"-"
"MU";"4209607";"Lauro Müller (SC)";"Total";"10145";"2053";"16";"20";"-";"141";"183";"-";"-"
"MU";"4209706";"Lebon Régis (SC)";"Total";"6630";"2633";"4";"11";"-";"74";"272";"-";"4"
"MU";"4209805";"Leoberto Leal (SC)";"Total";"2463";"445";"-";"5";"-";"36";"3";"-";"-"
"MU";"4209854";"Lindóia do Sul (SC)";"Total";"3545";"342";"-";"3";"-";"22";"88";"-";"-"
"MU";"4209904";"Lontras (SC)";"Total";"7975";"2511";"85";"21";"-";"152";"284";"-";"7"
"MU";"4210001";"Luiz Alves (SC)";"Total";"8267";"1284";"4";"52";"-";"205";"281";"-";"-"
"MU";"4210035";"Luzerna (SC)";"Total";"3672";"1310";"39";"-";"-";"72";"73";"-";"-"
"MU";"4210050";"Macieira (SC)";"Total";"1422";"117";"-";"2";"-";"-";"6";"-";"-"
"MU";"4210100";"Mafra (SC)";"Total";"37990";"7303";"922";"191";"-";"867";"1197";"-";"19"
"MU";"4210209";"Major Gercino (SC)";"Total";"2113";"508";"-";"7";"90";"48";"33";"-";"-"
"MU";"4210308";"Major Vieira (SC)";"Total";"5643";"758";"7";"25";"-";"29";"43";"-";"4"
"MU";"4210407";"Maracajá (SC)";"Total";"4926";"1404";"51";"31";"-";"123";"194";"-";"-"
"MU";"4210506";"Maravilha (SC)";"Total";"17430";"5848";"79";"84";"-";"478";"577";"-";"48"
"MU";"4210555";"Marema (SC)";"Total";"1755";"195";"-";"-";"-";"-";"4";"-";"-"
"MU";"4210605";"Massaranduba (SC)";"Total";"6712";"3799";"52";"52";"-";"3611";"865";"10";"-"
"MU";"4210704";"Matos Costa (SC)";"Total";"1624";"608";"4";"-";"-";"59";"87";"-";"-"
"MU";"4210803";"Meleiro (SC)";"Total";"4970";"1003";"15";"29";"3";"70";"140";"-";"-"
"MU";"4210852";"Mirim Doce (SC)";"Total";"1729";"444";"15";"-";"-";"-";"13";"-";"-"
"MU";"4210902";"Modelo (SC)";"Total";"2861";"702";"-";"3";"-";"23";"16";"-";"-"
"MU";"4211009";"Mondaí (SC)";"Total";"4508";"4055";"-";"-";"-";"108";"132";"-";"5"
"MU";"4211058";"Monte Carlo (SC)";"Total";"5731";"1807";"21";"38";"15";"36";"54";"-";"12"
"MU";"4211108";"Monte Castelo (SC)";"Total";"4849";"1554";"30";"10";"-";"40";"191";"-";"16"
"MU";"4211207";"Morro da Fumaça (SC)";"Total";"10818";"4093";"64";"27";"13";"304";"623";"16";"11"
"MU";"4211256";"Morro Grande (SC)";"Total";"2159";"387";"-";"-";"-";"52";"32";"-";"-"
"MU";"4211306";"Navegantes (SC)";"Total";"37695";"22981";"994";"733";"84";"4919";"6570";"19";"156"
"MU";"4211405";"Nova Erechim (SC)";"Total";"2858";"873";"20";"15";"-";"618";"100";"-";"-"
"MU";"4211454";"Nova Itaberaba (SC)";"Total";"3202";"742";"-";"2";"-";"6";"40";"-";"-"
"MU";"4211504";"Nova Trento (SC)";"Total";"9749";"1568";"110";"29";"-";"218";"428";"-";"17"
"MU";"4211603";"Nova Veneza (SC)";"Total";"10570";"1244";"40";"53";"-";"93";"170";"-";"5"
"MU";"4211652";"Novo Horizonte (SC)";"Total";"2091";"251";"-";"-";"-";"3";"16";"-";"-"
"MU";"4211702";"Orleans (SC)";"Total";"17428";"2812";"164";"30";"-";"212";"199";"-";"-"
"MU";"4211751";"Otacílio Costa (SC)";"Total";"11309";"3033";"72";"38";"-";"187";"251";"-";"-"
"MU";"4211801";"Ouro (SC)";"Total";"5427";"566";"31";"-";"-";"99";"129";"-";"-"
"MU";"4211850";"Ouro Verde (SC)";"Total";"1323";"403";"7";"-";"2";"109";"41";"-";"-"
"MU";"4211876";"Paial (SC)";"Total";"999";"632";"2";"-";"-";"19";"12";"-";"2"
"MU";"4211892";"Painel (SC)";"Total";"1586";"301";"7";"-";"-";"2";"48";"-";"-"
"MU";"4211900";"Palhoça (SC)";"Total";"110648";"39755";"5873";"4111";"96";"10209";"21905";"399";"133"
"MU";"4212007";"Palma Sola (SC)";"Total";"5039";"1264";"6";"6";"-";"34";"120";"3";"10"
"MU";"4212056";"Palmeira (SC)";"Total";"1698";"481";"2";"14";"-";"25";"38";"-";"-"
"MU";"4212106";"Palmitos (SC)";"Total";"9643";"3798";"53";"6";"-";"124";"185";"-";"5"
"MU";"4212205";"Papanduva (SC)";"Total";"13627";"2626";"126";"11";"-";"122";"73";"-";"-"
"MU";"4212239";"Paraíso (SC)";"Total";"2964";"695";"-";"-";"-";"31";"65";"-";"-"
"MU";"4212254";"Passo de Torres (SC)";"Total";"7119";"2217";"307";"226";"-";"404";"800";"-";"5"
"MU";"4212270";"Passos Maia (SC)";"Total";"2959";"407";"3";"-";"-";"21";"26";"-";"-"
"MU";"4212304";"Paulo Lopes (SC)";"Total";"4883";"2096";"48";"41";"2";"258";"548";"-";"-"
"MU";"4212403";"Pedras Grandes (SC)";"Total";"3016";"588";"-";"12";"-";"91";"83";"-";"-"
"MU";"4212502";"Penha (SC)";"Total";"16185";"8882";"569";"332";"-";"2064";"1356";"-";"-"
"MU";"4212601";"Peritiba (SC)";"Total";"2086";"570";"2";"6";"-";"11";"-";"-";"-"
"MU";"4212650";"Pescaria Brava (SC)";"Total";"6832";"1885";"7";"5";"5";"110";"145";"-";"-"
"MU";"4212700";"Petrolândia (SC)";"Total";"3671";"2140";"-";"-";"-";"66";"6";"-";"3"
"MU";"4212809";"Balneário Piçarras (SC)";"Total";"12278";"6832";"607";"313";"-";"1564";"1774";"11";"14"
"MU";"4212908";"Pinhalzinho (SC)";"Total";"14957";"2831";"43";"84";"29";"315";"746";"-";"13"
"MU";"4213005";"Pinheiro Preto (SC)";"Total";"2619";"295";"26";"6";"-";"-";"43";"-";"-"
"MU";"4213104";"Piratuba (SC)";"Total";"3505";"1265";"27";"16";"6";"87";"138";"-";"-"
"MU";"4213153";"Planalto Alegre (SC)";"Total";"1906";"638";"-";"-";"-";"14";"25";"-";"-"
"MU";"4213203";"Pomerode (SC)";"Total";"11051";"17306";"248";"154";"4";"650";"893";"8";"12"
"MU";"4213302";"Ponte Alta (SC)";"Total";"2845";"854";"7";"3";"-";"72";"87";"-";"-"
"MU";"4213351";"Ponte Alta do Norte (SC)";"Total";"2016";"613";"9";"3";"-";"41";"2";"-";"-"
"MU";"4213401";"Ponte Serrada (SC)";"Total";"6522";"2179";"14";"29";"32";"98";"186";"-";"-"
"MU";"4213500";"Porto Belo (SC)";"Total";"13393";"6064";"598";"664";"-";"1306";"2126";"-";"-"
"MU";"4213609";"Porto União (SC)";"Total";"21481";"5286";"499";"99";"-";"386";"1305";"-";"5"
"MU";"4213708";"Pouso Redondo (SC)";"Total";"10907";"3297";"16";"9";"-";"237";"170";"-";"28"
"MU";"4213807";"Praia Grande (SC)";"Total";"5402";"1209";"80";"26";"-";"233";"292";"1";"-"
"MU";"4213906";"Presidente Castello Branco (SC)";"Total";"1184";"294";"4";"1";"4";"-";"-";"-";"-"
"MU";"4214003";"Presidente Getúlio (SC)";"Total";"12584";"4146";"52";"5";"-";"276";"320";"3";"-"
"MU";"4214102";"Presidente Nereu (SC)";"Total";"1811";"166";"2";"2";"-";"8";"29";"-";"-"
"MU";"4214151";"Princesa (SC)";"Total";"2133";"450";"4";"-";"-";"13";"4";"-";"-"
"MU";"4214201";"Quilombo (SC)";"Total";"7412";"1891";"-";"-";"-";"127";"166";"-";"-"
"MU";"4214300";"Rancho Queimado (SC)";"Total";"1383";"1309";"16";"17";"-";"63";"119";"-";"-"
"MU";"4214409";"Rio das Antas (SC)";"Total";"3948";"1234";"9";"2";"-";"68";"154";"-";"-"
"MU";"4214508";"Rio do Campo (SC)";"Total";"4796";"689";"2";"2";"-";"22";"129";"-";"-"
"MU";"4214607";"Rio do Oeste (SC)";"Total";"5771";"890";"5";"4";"-";"72";"64";"-";"-"
"MU";"4214706";"Rio dos Cedros (SC)";"Total";"6634";"2615";"46";"-";"-";"114";"185";"-";"5"
"MU";"4214805";"Rio do Sul (SC)";"Total";"44479";"13746";"1141";"360";"9";"1519";"2464";"-";"44"
"MU";"4214904";"Rio Fortuna (SC)";"Total";"4056";"147";"3";"3";"-";"17";"19";"-";"-"
"MU";"4215000";"Rio Negrinho (SC)";"Total";"25840";"6676";"78";"315";"26";"735";"519";"-";"-"
"MU";"4215059";"Rio Rufino (SC)";"Total";"1834";"207";"11";"6";"-";"3";"16";"-";"-"
"MU";"4215075";"Riqueza (SC)";"Total";"3175";"976";"4";"-";"-";"20";"30";"-";"-"
"MU";"4215109";"Rodeio (SC)";"Total";"8240";"2366";"90";"25";"-";"339";"269";"-";"5"
"MU";"4215208";"Romelândia (SC)";"Total";"3467";"753";"7";"11";"-";"17";"71";"-";"-"
"MU";"4215307";"Salete (SC)";"Total";"5462";"840";"58";"-";"-";"72";"105";"3";"-"
"MU";"4215356";"Saltinho (SC)";"Total";"2533";"540";"6";"-";"-";"20";"76";"-";"-"
"MU";"4215406";"Salto Veloso (SC)";"Total";"3347";"347";"-";"-";"-";"55";"59";"-";"-"
"MU";"4215455";"Sangão (SC)";"Total";"7726";"2593";"17";"54";"-";"188";"232";"-";"-"
"MU";"4215505";"Santa Cecília (SC)";"Total";"9614";"2672";"53";"20";"8";"584";"176";"-";"-"
"MU";"4215554";"Santa Helena (SC)";"Total";"2047";"78";"-";"-";"-";"8";"9";"-";"-"
"MU";"4215604";"Santa Rosa de Lima (SC)";"Total";"1611";"215";"2";"-";"-";"12";"28";"-";"-"
"MU";"4215653";"Santa Rosa do Sul (SC)";"Total";"5816";"1884";"14";"45";"6";"451";"230";"-";"-"
"MU";"4215679";"Santa Terezinha (SC)";"Total";"6326";"596";"17";"6";"-";"110";"10";"-";"-"
"MU";"4215687";"Santa Terezinha do Progresso (SC)";"Total";"1780";"459";"-";"-";"-";"11";"16";"-";"-"
"MU";"4215695";"Santiago do Sul (SC)";"Total";"1206";"203";"-";"-";"-";"28";"7";"-";"2"
"MU";"4215703";"Santo Amaro da Imperatriz (SC)";"Total";"18953";"2517";"389";"280";"-";"697";"1025";"19";"24"
"MU";"4215752";"São Bernardino (SC)";"Total";"1962";"310";"-";"-";"-";"7";"28";"-";"-"
"MU";"4215802";"São Bento do Sul (SC)";"Total";"53104";"15160";"564";"203";"11";"1481";"2287";"43";"12"
"MU";"4215901";"São Bonifácio (SC)";"Total";"1986";"613";"2";"-";"-";"31";"49";"-";"-"
"MU";"4216008";"São Carlos (SC)";"Total";"7481";"1210";"24";"5";"-";"83";"193";"-";"-"
"MU";"4216057";"São Cristóvão do Sul (SC)";"Total";"3367";"1432";"9";"11";"-";"174";"314";"80";"-"
"MU";"4216107";"São Domingos (SC)";"Total";"6753";"1052";"36";"-";"-";"197";"57";"5";"-"
"MU";"4216206";"São Francisco do Sul (SC)";"Total";"24150";"14681";"793";"662";"24";"1981";"3785";"32";"77"
"MU";"4216255";"São João do Oeste (SC)";"Total";"5375";"170";"-";"3";"-";"11";"27";"-";"-"
"MU";"4216305";"São João Batista (SC)";"Total";"18330";"6847";"44";"129";"20";"1023";"1626";"-";"-"
"MU";"4216354";"São João do Itaperiú (SC)";"Total";"2896";"720";"-";"5";"-";"100";"95";"-";"-"
"MU";"4216404";"São João do Sul (SC)";"Total";"5712";"1300";"32";"77";"-";"204";"182";"-";"-"
"MU";"4216503";"São Joaquim (SC)";"Total";"19077";"2492";"220";"137";"-";"221";"274";"-";"10"
"MU";"4216602";"São José (SC)";"Total";"136822";"47732";"10167";"5492";"53";"12850";"26889";"74";"82"
"MU";"4216701";"São José do Cedro (SC)";"Total";"10799";"1315";"59";"7";"-";"136";"166";"-";"23"
"MU";"4216800";"São José do Cerrito (SC)";"Total";"6782";"729";"26";"-";"-";"98";"95";"-";"-"
"MU";"4216909";"São Lourenço do Oeste (SC)";"Total";"17393";"3130";"125";"28";"-";"431";"429";"11";"26"
"MU";"4217006";"São Ludgero (SC)";"Total";"9586";"1333";"7";"13";"-";"234";"419";"6";"-"
"MU";"4217105";"São Martinho (SC)";"Total";"2548";"429";"-";"-";"-";"-";"14";"-";"-"
"MU";"4217154";"São Miguel da Boa Vista (SC)";"Total";"1260";"273";"3";"-";"-";"31";"5";"-";"-"
"MU";"4217204";"São Miguel do Oeste (SC)";"Total";"29232";"6768";"403";"73";"-";"858";"1427";"-";"29"
"MU";"4217253";"São Pedro de Alcântara (SC)";"Total";"3704";"629";"106";"38";"-";"65";"740";"-";"-"
"MU";"4217303";"Saudades (SC)";"Total";"7475";"1136";"15";"-";"-";"120";"138";"-";"-"
"MU";"4217402";"Schroeder (SC)";"Total";"9155";"7071";"44";"34";"-";"258";"596";"-";"23"
"MU";"4217501";"Seara (SC)";"Total";"12048";"3548";"16";"27";"12";"277";"273";"-";"7"
"MU";"4217550";"Serra Alta (SC)";"Total";"2531";"353";"-";"6";"-";"6";"10";"-";"-"
"MU";"4217600";"Siderópolis (SC)";"Total";"9342";"2199";"60";"73";"-";"287";"162";"-";"-"
"MU";"4217709";"Sombrio (SC)";"Total";"15307";"6394";"212";"319";"-";"2054";"1489";"19";"13"
"MU";"4217758";"Sul Brasil (SC)";"Total";"2164";"312";"-";"-";"-";"9";"12";"-";"-"
"MU";"4217808";"Taió (SC)";"Total";"10869";"4593";"42";"-";"-";"261";"204";"-";"-"
"MU";"4217907";"Tangará (SC)";"Total";"6243";"720";"-";"19";"-";"48";"118";"-";"-"
"MU";"4217956";"Tigrinhos (SC)";"Total";"1457";"545";"-";"-";"-";"8";"-";"-";"-"
"MU";"4218004";"Tijucas (SC)";"Total";"25841";"11435";"733";"522";"73";"2043";"3561";"11";"-"
"MU";"4218103";"Timbé do Sul (SC)";"Total";"3578";"737";"-";"3";"-";"77";"347";"-";"-"
"MU";"4218202";"Timbó (SC)";"Total";"21901";"15306";"104";"248";"11";"1264";"2043";"21";"34"
"MU";"4218251";"Timbó Grande (SC)";"Total";"3489";"2383";"18";"13";"-";"133";"120";"-";"-"
"MU";"4218301";"Três Barras (SC)";"Total";"10928";"4843";"157";"11";"-";"238";"340";"-";"29"
"MU";"4218350";"Treviso (SC)";"Total";"2852";"480";"-";"-";"-";"40";"6";"-";"-"
"MU";"4218400";"Treze de Maio (SC)";"Total";"5037";"1191";"15";"3";"-";"76";"90";"-";"-"
"MU";"4218509";"Treze Tílias (SC)";"Total";"6030";"1053";"66";"24";"-";"117";"174";"-";"34"
"MU";"4218608";"Trombudo Central (SC)";"Total";"4055";"2010";"23";"-";"-";"115";"164";"-";"-"
"MU";"4218707";"Tubarão (SC)";"Total";"69911";"18695";"1236";"419";"-";"2934";"4164";"-";"46"
"MU";"4218756";"Tunápolis (SC)";"Total";"4036";"216";"3";"5";"6";"26";"34";"-";"-"
"MU";"4218806";"Turvo (SC)";"Total";"9112";"1818";"44";"30";"-";"160";"287";"-";"26"
"MU";"4218855";"União do Oeste (SC)";"Total";"2100";"307";"-";"-";"-";"7";"20";"-";"-"
"MU";"4218905";"Urubici (SC)";"Total";"7309";"1507";"122";"5";"20";"157";"299";"-";"-"
"MU";"4218954";"Urupema (SC)";"Total";"1970";"261";"17";"2";"2";"44";"28";"-";"-"
"MU";"4219002";"Urussanga (SC)";"Total";"14981";"2860";"76";"89";"-";"215";"544";"-";"-"
"MU";"4219101";"Vargeão (SC)";"Total";"2427";"639";"14";"-";"-";"44";"49";"-";"-"
"MU";"4219150";"Vargem (SC)";"Total";"2104";"170";"-";"-";"-";"3";"14";"-";"-"
"MU";"4219176";"Vargem Bonita (SC)";"Total";"2770";"972";"-";"-";"-";"103";"69";"-";"-"
"MU";"4219200";"Vidal Ramos (SC)";"Total";"4870";"425";"-";"33";"-";"-";"73";"-";"-"
"MU";"4219309";"Videira (SC)";"Total";"36526";"9060";"358";"316";"10";"1028";"906";"-";"-"
"MU";"4219358";"Vitor Meireles (SC)";"Total";"3470";"1034";"-";"-";"-";"20";"77";"-";"-"
"MU";"4219408";"Witmarsum (SC)";"Total";"2759";"819";"2";"-";"-";"64";"53";"9";"-"
"MU";"4219507";"Xanxerê (SC)";"Total";"30332";"11311";"443";"225";"-";"996";"1150";"-";"-"
"MU";"4219606";"Xavantina (SC)";"Total";"2555";"282";"-";"-";"-";"482";"-";"-";"9"
"MU";"4219705";"Xaxim (SC)";"Total";"20268";"6177";"55";"160";"9";"497";"454";"-";"-"
"MU";"4219853";"Zortéa (SC)";"Total";"2610";"525";"-";"3";"-";"86";"97";"-";"-"
"MU";"4220000";"Balneário Rincão (SC)";"Total";"7650";"4327";"280";"100";"-";"751";"714";"-";"-"
"MU";"4300034";"Aceguá (RS)";"Total";"1812";"1304";"40";"52";"-";"40";"381";"13";"-"
"MU";"4300059";"Água Santa (RS)";"Total";"2797";"510";"17";"-";"-";"8";"66";"-";"19"
"MU";"4300109";"Agudo (RS)";"Total";"7459";"6416";"57";"135";"-";"58";"211";"-";"-"
"MU";"4300208";"Ajuricaba (RS)";"Total";"3260";"2433";"79";"-";"-";"188";"89";"-";"-"
"MU";"4300307";"Alecrim (RS)";"Total";"4710";"782";"11";"-";"-";"36";"21";"-";"-"
"MU";"4300406";"Alegrete (RS)";"Total";"35678";"16156";"2305";"1745";"-";"2054";"6198";"41";"20"
"MU";"4300455";"Alegria (RS)";"Total";"2486";"751";"-";"-";"-";"5";"43";"-";"-"
"MU";"4300471";"Almirante Tamandaré do Sul (RS)";"Total";"1487";"236";"-";"-";"-";"13";"16";"-";"-"
"MU";"4300505";"Alpestre (RS)";"Total";"5717";"611";"-";"12";"-";"38";"24";"-";"-"
"MU";"4300554";"Alto Alegre (RS)";"Total";"1489";"118";"-";"-";"-";"6";"2";"-";"-"
"MU";"4300570";"Alto Feliz (RS)";"Total";"2272";"447";"-";"-";"-";"32";"24";"-";"-"
"MU";"4300604";"Alvorada (RS)";"Total";"79225";"33664";"4206";"14471";"69";"6304";"23025";"57";"-"
"MU";"4300638";"Amaral Ferrador (RS)";"Total";"3990";"635";"13";"15";"-";"16";"38";"-";"-"
"MU";"4300646";"Ametista do Sul (RS)";"Total";"5645";"897";"-";"-";"-";"83";"94";"-";"-"
"MU";"4300661";"André da Rocha (RS)";"Total";"847";"148";"3";"-";"-";"7";"5";"-";"2"
"MU";"4300703";"Anta Gorda (RS)";"Total";"4971";"347";"2";"3";"-";"45";"21";"-";"3"
"MU";"4300802";"Antônio Prado (RS)";"Total";"10321";"995";"78";"47";"-";"132";"190";"-";"-"
"MU";"4300851";"Arambaré (RS)";"Total";"2537";"637";"77";"47";"-";"72";"330";"-";"-"
"MU";"4300877";"Araricá (RS)";"Total";"4224";"2743";"24";"49";"-";"135";"166";"-";"-"
"MU";"4300901";"Aratiba (RS)";"Total";"5383";"395";"26";"6";"-";"47";"7";"-";"-"
"MU";"4301008";"Arroio do Meio (RS)";"Total";"14073";"4481";"160";"144";"-";"229";"228";"13";"10"
"MU";"4301057";"Arroio do Sal (RS)";"Total";"6388";"1789";"269";"285";"-";"334";"724";"6";"15"
"MU";"4301073";"Arroio do Padre (RS)";"Total";"66";"2088";"14";"-";"-";"15";"170";"-";"-"
"MU";"4301107";"Arroio dos Ratos (RS)";"Total";"7784";"3162";"388";"405";"-";"157";"949";"-";"-"
"MU";"4301206";"Arroio do Tigre (RS)";"Total";"8801";"1923";"31";"5";"-";"8";"13";"-";"-"
"MU";"4301305";"Arroio Grande (RS)";"Total";"7559";"2343";"480";"706";"-";"299";"4196";"-";"-"
"MU";"4301404";"Arvorezinha (RS)";"Total";"8484";"575";"4";"6";"-";"56";"34";"-";"5"
"MU";"4301503";"Augusto Pestana (RS)";"Total";"4163";"2117";"13";"3";"-";"31";"70";"-";"-"
"MU";"4301552";"Áurea (RS)";"Total";"2881";"196";"-";"-";"-";"19";"-";"-";"-"
"MU";"4301602";"Bagé (RS)";"Total";"42808";"23581";"7097";"7526";"-";"3447";"18853";"35";"46"
"MU";"4301636";"Balneário Pinhal (RS)";"Total";"7098";"2536";"508";"910";"-";"752";"1432";"-";"5"
"MU";"4301651";"Barão (RS)";"Total";"4395";"1059";"5";"3";"-";"114";"125";"-";"-"
"MU";"4301701";"Barão de Cotegipe (RS)";"Total";"5584";"617";"18";"-";"-";"78";"49";"-";"3"
"MU";"4301750";"Barão do Triunfo (RS)";"Total";"4154";"1006";"11";"23";"-";"33";"88";"-";"5"
"MU";"4301800";"Barracão (RS)";"Total";"3392";"833";"6";"-";"-";"56";"28";"-";"-"
"MU";"4301859";"Barra do Guarita (RS)";"Total";"1923";"580";"22";"-";"-";"14";"140";"-";"5"
"MU";"4301875";"Barra do Quaraí (RS)";"Total";"1431";"1171";"16";"130";"-";"96";"711";"-";"24"
"MU";"4301909";"Barra do Ribeiro (RS)";"Total";"6025";"2358";"362";"452";"15";"495";"1070";"-";"12"
"MU";"4301925";"Barra do Rio Azul (RS)";"Total";"1515";"54";"-";"3";"-";"-";"-";"-";"-"
"MU";"4301958";"Barra Funda (RS)";"Total";"1920";"232";"-";"-";"-";"32";"23";"-";"-"
"MU";"4302006";"Barros Cassal (RS)";"Total";"6656";"1137";"27";"13";"-";"352";"29";"-";"-"
"MU";"4302055";"Benjamin Constant do Sul (RS)";"Total";"1298";"434";"-";"-";"-";"10";"18";"-";"-"
"MU";"4302105";"Bento Gonçalves (RS)";"Total";"79772";"18125";"1687";"1322";"-";"2325";"5353";"-";"-"
"MU";"4302154";"Boa Vista das Missões (RS)";"Total";"1318";"364";"4";"3";"-";"4";"9";"-";"-"
"MU";"4302204";"Boa Vista do Buricá (RS)";"Total";"5475";"589";"22";"-";"3";"17";"56";"-";"-"
"MU";"4302220";"Boa Vista do Cadeado (RS)";"Total";"1568";"415";"8";"-";"-";"2";"9";"-";"-"
"MU";"4302238";"Boa Vista do Incra (RS)";"Total";"1252";"715";"2";"8";"-";"-";"10";"-";"-"
"MU";"4302253";"Boa Vista do Sul (RS)";"Total";"2397";"116";"1";"-";"-";"12";"18";"-";"-"
"MU";"4302303";"Bom Jesus (RS)";"Total";"7077";"2020";"61";"111";"-";"155";"206";"-";"10"
"MU";"4302352";"Bom Princípio (RS)";"Total";"10113";"1004";"60";"18";"-";"141";"227";"-";"-"
"MU";"4302378";"Bom Progresso (RS)";"Total";"872";"776";"115";"-";"-";"-";"81";"-";"-"
"MU";"4302402";"Bom Retiro do Sul (RS)";"Total";"7001";"3239";"59";"41";"-";"199";"243";"-";"-"
"MU";"4302451";"Boqueirão do Leão (RS)";"Total";"5186";"309";"7";"-";"-";"-";"40";"-";"-"
"MU";"4302501";"Bossoroca (RS)";"Total";"3179";"1484";"225";"21";"-";"275";"86";"-";"-"
"MU";"4302584";"Bozano (RS)";"Total";"1558";"324";"5";"6";"-";"4";"34";"-";"2"
"MU";"4302600";"Braga (RS)";"Total";"1994";"767";"29";"-";"-";"3";"81";"-";"-"
"MU";"4302659";"Brochier (RS)";"Total";"2758";"1552";"17";"17";"-";"15";"108";"-";"-"
"MU";"4302709";"Butiá (RS)";"Total";"9623";"4437";"120";"438";"-";"316";"1744";"-";"19"
"MU";"4302808";"Caçapava do Sul (RS)";"Total";"19258";"4995";"966";"449";"-";"607";"2657";"-";"-"
"MU";"4302907";"Cacequi (RS)";"Total";"5995";"2254";"415";"436";"-";"187";"603";"-";"-"
"MU";"4303004";"Cachoeira do Sul (RS)";"Total";"50507";"12770";"1711";"1883";"12";"1275";"2859";"-";"42"
"MU";"4303103";"Cachoeirinha (RS)";"Total";"59041";"28577";"3895";"5869";"35";"4800";"16625";"-";"-"
"MU";"4303202";"Cacique Doble (RS)";"Total";"3261";"466";"-";"-";"1";"15";"338";"-";"-"
"MU";"4303301";"Caibaté (RS)";"Total";"3297";"718";"26";"-";"-";"13";"158";"-";"-"
"MU";"4303400";"Caiçara (RS)";"Total";"3887";"409";"-";"3";"-";"4";"38";"-";"-"
"MU";"4303509";"Camaquã (RS)";"Total";"30525";"18398";"846";"802";"28";"1527";"2602";"7";"16"
"MU";"4303558";"Camargo (RS)";"Total";"2378";"173";"3";"7";"-";"11";"43";"-";"-"
"MU";"4303608";"Cambará do Sul (RS)";"Total";"3422";"1482";"56";"16";"-";"87";"481";"-";"-"
"MU";"4303673";"Campestre da Serra (RS)";"Total";"2516";"306";"5";"-";"-";"65";"36";"-";"-"
"MU";"4303707";"Campina das Missões (RS)";"Total";"4864";"296";"8";"5";"-";"66";"63";"-";"-"
"MU";"4303806";"Campinas do Sul (RS)";"Total";"3962";"718";"10";"-";"-";"14";"37";"-";"-"
"MU";"4303905";"Campo Bom (RS)";"Total";"34287";"15993";"713";"312";"-";"1344";"2664";"-";"-"
"MU";"4304002";"Campo Novo (RS)";"Total";"2728";"1246";"39";"21";"-";"120";"170";"-";"-"
"MU";"4304101";"Campos Borges (RS)";"Total";"2777";"368";"10";"8";"-";"19";"17";"-";"-"
"MU";"4304200";"Candelária (RS)";"Total";"14914";"9482";"196";"159";"-";"640";"378";"-";"-"
"MU";"4304309";"Cândido Godói (RS)";"Total";"4067";"1502";"-";"4";"-";"73";"44";"-";"-"
"MU";"4304358";"Candiota (RS)";"Total";"4558";"2331";"236";"361";"-";"192";"1475";"-";"4"
"MU";"4304408";"Canela (RS)";"Total";"27106";"8690";"900";"709";"69";"1278";"3592";"-";"-"
"MU";"4304507";"Canguçu (RS)";"Total";"17513";"21277";"971";"724";"-";"574";"3399";"-";"10"
"MU";"4304606";"Canoas (RS)";"Total";"166720";"61547";"10763";"16744";"86";"13165";"36344";"115";"21"
"MU";"4304614";"Canudos do Vale (RS)";"Total";"1286";"233";"-";"-";"-";"5";"-";"-";"-"
"MU";"4304622";"Capão Bonito do Sul (RS)";"Total";"1257";"186";"12";"-";"-";"12";"56";"-";"-"
"MU";"4304630";"Capão da Canoa (RS)";"Total";"32104";"10889";"1829";"2142";"-";"3051";"4606";"23";"73"
"MU";"4304655";"Capão do Cipó (RS)";"Total";"2038";"650";"3";"-";"2";"14";"64";"-";"-"
"MU";"4304663";"Capão do Leão (RS)";"Total";"5504";"8306";"1051";"1592";"45";"655";"5721";"3";"6"
"MU";"4304671";"Capivari do Sul (RS)";"Total";"2325";"682";"27";"64";"7";"277";"115";"-";"-"
"MU";"4304689";"Capela de Santana (RS)";"Total";"6164";"2428";"87";"149";"14";"256";"623";"-";"-"
"MU";"4304697";"Capitão (RS)";"Total";"2247";"269";"3";"13";"-";"7";"12";"-";"-"
"MU";"4304705";"Carazinho (RS)";"Total";"36470";"14063";"513";"592";"30";"1144";"1368";"24";"-"
"MU";"4304713";"Caraá (RS)";"Total";"4807";"1282";"114";"51";"17";"142";"196";"-";"6"
"MU";"4304804";"Carlos Barbosa (RS)";"Total";"22904";"3156";"148";"107";"-";"215";"533";"-";"-"
"MU";"4304853";"Carlos Gomes (RS)";"Total";"1201";"46";"-";"-";"-";"4";"2";"-";"-"
"MU";"4304903";"Casca (RS)";"Total";"7784";"498";"36";"-";"-";"60";"86";"-";"-"
"MU";"4304952";"Caseiros (RS)";"Total";"2248";"358";"-";"16";"-";"14";"6";"-";"-"
"MU";"4305009";"Catuípe (RS)";"Total";"5803";"1638";"24";"15";"-";"71";"192";"-";"16"
"MU";"4305108";"Caxias do Sul (RS)";"Total";"280905";"70126";"11228";"9571";"39";"14362";"24379";"86";"171"
"MU";"4305116";"Centenário (RS)";"Total";"2407";"55";"-";"-";"-";"-";"-";"-";"-"
"MU";"4305124";"Cerrito (RS)";"Total";"1680";"1541";"139";"258";"-";"120";"1457";"1";"6"
"MU";"4305132";"Cerro Branco (RS)";"Total";"1802";"1648";"17";"3";"-";"-";"35";"4";"-"
"MU";"4305157";"Cerro Grande (RS)";"Total";"1529";"515";"-";"2";"-";"-";"54";"-";"-"
"MU";"4305173";"Cerro Grande do Sul (RS)";"Total";"5593";"2188";"69";"17";"-";"61";"149";"-";"-"
"MU";"4305207";"Cerro Largo (RS)";"Total";"9616";"1811";"142";"4";"-";"180";"503";"-";"-"
"MU";"4305306";"Chapada (RS)";"Total";"6767";"1620";"24";"-";"-";"58";"89";"-";"-"
"MU";"4305355";"Charqueadas (RS)";"Total";"14970";"7389";"1348";"1824";"-";"940";"4881";"43";"-"
"MU";"4305371";"Charrua (RS)";"Total";"1751";"731";"-";"-";"-";"10";"4";"-";"-"
"MU";"4305405";"Chiapetta (RS)";"Total";"2318";"1056";"-";"-";"-";"10";"54";"-";"-"
"MU";"4305439";"Chuí (RS)";"Total";"1950";"407";"177";"248";"-";"624";"2068";"-";"3"
"MU";"4305447";"Chuvisca (RS)";"Total";"1783";"2171";"-";"-";"-";"46";"71";"-";"-"
"MU";"4305454";"Cidreira (RS)";"Total";"8137";"2814";"690";"1402";"5";"1056";"954";"-";"11"
"MU";"4305504";"Ciríaco (RS)";"Total";"3225";"452";"2";"-";"-";"30";"22";"-";"-"
"MU";"4305587";"Colinas (RS)";"Total";"887";"1179";"14";"5";"-";"17";"80";"-";"-"
"MU";"4305603";"Colorado (RS)";"Total";"2632";"234";"-";"30";"-";"15";"33";"-";"-"
"MU";"4305702";"Condor (RS)";"Total";"2492";"2839";"-";"-";"10";"83";"204";"-";"-"
"MU";"4305801";"Constantina (RS)";"Total";"7237";"1593";"34";"6";"-";"29";"185";"-";"-"
"MU";"4305835";"Coqueiro Baixo (RS)";"Total";"1159";"35";"-";"4";"-";"-";"4";"-";"-"
"MU";"4305850";"Coqueiros do Sul (RS)";"Total";"1068";"870";"14";"2";"-";"12";"21";"-";"-"
"MU";"4305871";"Coronel Barros (RS)";"Total";"781";"1655";"4";"8";"-";"26";"56";"-";"-"
"MU";"4305900";"Coronel Bicaco (RS)";"Total";"4000";"1177";"9";"5";"-";"114";"54";"-";"15"
"MU";"4305934";"Coronel Pilar (RS)";"Total";"1372";"102";"5";"4";"-";"3";"8";"-";"-"
"MU";"4305959";"Cotiporã (RS)";"Total";"3254";"209";"3";"12";"-";"16";"24";"-";"-"
"MU";"4305975";"Coxilha (RS)";"Total";"1816";"482";"6";"9";"2";"3";"3";"-";"-"
"MU";"4306007";"Crissiumal (RS)";"Total";"7198";"4183";"32";"-";"-";"71";"117";"-";"-"
"MU";"4306056";"Cristal (RS)";"Total";"3234";"2492";"15";"41";"16";"103";"478";"-";"4"
"MU";"4306072";"Cristal do Sul (RS)";"Total";"1849";"524";"-";"3";"-";"-";"10";"-";"-"
"MU";"4306106";"Cruz Alta (RS)";"Total";"31451";"11018";"1830";"1040";"12";"3114";"2824";"-";"52"
"MU";"4306130";"Cruzaltense (RS)";"Total";"1335";"147";"-";"-";"-";"-";"5";"-";"-"
"MU";"4306205";"Cruzeiro do Sul (RS)";"Total";"8329";"1756";"50";"101";"-";"72";"89";"-";"-"
"MU";"4306304";"David Canabarro (RS)";"Total";"3637";"208";"8";"-";"-";"36";"8";"-";"-"
"MU";"4306320";"Derrubadas (RS)";"Total";"1644";"734";"-";"-";"-";"-";"68";"-";"4"
"MU";"4306353";"Dezesseis de Novembro (RS)";"Total";"1393";"561";"138";"8";"-";"138";"37";"-";"-"
"MU";"4306379";"Dilermando de Aguiar (RS)";"Total";"1765";"472";"66";"58";"-";"49";"100";"-";"-"
"MU";"4306403";"Dois Irmãos (RS)";"Total";"19948";"4771";"383";"26";"5";"657";"1192";"-";"22"
"MU";"4306429";"Dois Irmãos das Missões (RS)";"Total";"1006";"662";"-";"-";"-";"6";"136";"-";"-"
"MU";"4306452";"Dois Lajeados (RS)";"Total";"2605";"133";"7";"3";"-";"25";"29";"-";"-"
"MU";"4306502";"Dom Feliciano (RS)";"Total";"9418";"1670";"99";"39";"-";"20";"376";"-";"-"
"MU";"4306551";"Dom Pedro de Alcântara (RS)";"Total";"1935";"283";"6";"-";"-";"14";"43";"-";"-"
"MU";"4306601";"Dom Pedrito (RS)";"Total";"18049";"8346";"1343";"1239";"-";"470";"3333";"-";"29"
"MU";"4306700";"Dona Francisca (RS)";"Total";"2152";"571";"8";"10";"-";"14";"14";"-";"-"
"MU";"4306734";"Doutor Maurício Cardoso (RS)";"Total";"2515";"1461";"9";"-";"-";"17";"32";"-";"-"
"MU";"4306759";"Doutor Ricardo (RS)";"Total";"1595";"115";"-";"-";"-";"5";"17";"-";"-"
"MU";"4306767";"Eldorado do Sul (RS)";"Total";"16213";"8979";"1104";"1291";"11";"1960";"4308";"11";"46"
"MU";"4306809";"Encantado (RS)";"Total";"15977";"3583";"74";"139";"-";"122";"424";"-";"-"
"MU";"4306908";"Encruzilhada do Sul (RS)";"Total";"15380";"2262";"350";"772";"-";"508";"1831";"-";"-"
"MU";"4306924";"Engenho Velho (RS)";"Total";"886";"181";"4";"-";"-";"-";"22";"-";"-"
"MU";"4306932";"Entre-Ijuís (RS)";"Total";"4749";"2925";"157";"20";"-";"146";"93";"-";"9"
"MU";"4306957";"Entre Rios do Sul (RS)";"Total";"2037";"303";"12";"-";"-";"18";"25";"-";"-"
"MU";"4306973";"Erebango (RS)";"Total";"1793";"682";"-";"10";"16";"46";"77";"-";"-"
"MU";"4307005";"Erechim (RS)";"Total";"68596";"17497";"1349";"657";"22";"1942";"3203";"-";"67"
"MU";"4307054";"Ernestina (RS)";"Total";"2011";"656";"23";"6";"-";"14";"7";"-";"-"
"MU";"4307104";"Herval (RS)";"Total";"2848";"1172";"158";"172";"-";"114";"1038";"-";"-"
"MU";"4307203";"Erval Grande (RS)";"Total";"3695";"676";"2";"2";"-";"9";"-";"-";"-"
"MU";"4307302";"Erval Seco (RS)";"Total";"3459";"2245";"6";"-";"33";"7";"187";"-";"-"
"MU";"4307401";"Esmeralda (RS)";"Total";"2109";"591";"40";"4";"-";"35";"29";"-";"-"
"MU";"4307450";"Esperança do Sul (RS)";"Total";"1307";"1481";"7";"2";"-";"17";"24";"-";"-"
"MU";"4307500";"Espumoso (RS)";"Total";"11917";"1260";"76";"14";"-";"70";"156";"-";"-"
"MU";"4307559";"Estação (RS)";"Total";"4179";"719";"10";"-";"-";"43";"63";"-";"-"
"MU";"4307609";"Estância Velha (RS)";"Total";"25583";"11912";"744";"624";"14";"1210";"1878";"-";"-"
"MU";"4307708";"Esteio (RS)";"Total";"38766";"13662";"2222";"3201";"35";"2567";"6537";"28";"86"
"MU";"4307807";"Estrela (RS)";"Total";"18521";"7421";"190";"331";"-";"622";"1167";"-";"-"
"MU";"4307815";"Estrela Velha (RS)";"Total";"2174";"504";"-";"-";"26";"3";"3";"-";"-"
"MU";"4307831";"Eugênio de Castro (RS)";"Total";"1394";"858";"61";"15";"-";"14";"31";"-";"-"
"MU";"4307864";"Fagundes Varela (RS)";"Total";"2214";"108";"6";"2";"-";"13";"3";"-";"-"
"MU";"4307906";"Farroupilha (RS)";"Total";"48130";"8952";"703";"661";"-";"1344";"2652";"-";"33"
"MU";"4308003";"Faxinal do Soturno (RS)";"Total";"4586";"1146";"39";"8";"-";"87";"142";"-";"-"
"MU";"4308052";"Faxinalzinho (RS)";"Total";"1728";"473";"-";"-";"-";"4";"28";"-";"-"
"MU";"4308078";"Fazenda Vilanova (RS)";"Total";"2571";"1005";"-";"7";"-";"60";"82";"-";"-"
"MU";"4308102";"Feliz (RS)";"Total";"9296";"2273";"89";"57";"-";"192";"356";"-";"-"
"MU";"4308201";"Flores da Cunha (RS)";"Total";"22442";"3451";"190";"223";"-";"512";"641";"-";"-"
"MU";"4308250";"Floriano Peixoto (RS)";"Total";"1321";"215";"-";"-";"-";"-";"-";"-";"-"
"MU";"4308300";"Fontoura Xavier (RS)";"Total";"7460";"672";"125";"6";"-";"156";"61";"-";"-"
"MU";"4308409";"Formigueiro (RS)";"Total";"4265";"1202";"82";"42";"-";"30";"102";"4";"4"
"MU";"4308433";"Forquetinha (RS)";"Total";"968";"1200";"-";"-";"-";"18";"-";"-";"-"
"MU";"4308458";"Fortaleza dos Valos (RS)";"Total";"2865";"988";"39";"7";"-";"18";"22";"-";"-"
"MU";"4308508";"Frederico Westphalen (RS)";"Total";"23824";"3532";"100";"248";"-";"322";"373";"-";"20"
"MU";"4308607";"Garibaldi (RS)";"Total";"25790";"3344";"235";"168";"-";"473";"604";"-";"11"
"MU";"4308656";"Garruchos (RS)";"Total";"1534";"699";"47";"19";"-";"26";"111";"-";"-"
"MU";"4308706";"Gaurama (RS)";"Total";"4603";"475";"15";"10";"-";"31";"24";"-";"-"
"MU";"4308805";"General Câmara (RS)";"Total";"4834";"1359";"205";"210";"-";"76";"88";"-";"-"
"MU";"4308854";"Gentil (RS)";"Total";"1252";"242";"5";"-";"-";"-";"5";"3";"-"
"MU";"4308904";"Getúlio Vargas (RS)";"Total";"11442";"2792";"253";"5";"1";"186";"153";"-";"-"
"MU";"4309001";"Giruá (RS)";"Total";"9137";"4676";"101";"-";"-";"121";"110";"-";"3"
"MU";"4309050";"Glorinha (RS)";"Total";"4573";"1234";"302";"128";"-";"114";"358";"-";"-"
"MU";"4309100";"Gramado (RS)";"Total";"22302";"6949";"797";"267";"15";"1606";"3237";"-";"42"
"MU";"4309126";"Gramado dos Loureiros (RS)";"Total";"1491";"247";"-";"2";"1";"16";"36";"-";"4"
"MU";"4309159";"Gramado Xavier (RS)";"Total";"2679";"207";"-";"-";"-";"-";"10";"-";"6"
"MU";"4309209";"Gravataí (RS)";"Total";"131449";"49547";"5955";"11070";"87";"9389";"25709";"43";"10"
"MU";"4309258";"Guabiju (RS)";"Total";"1218";"69";"10";"-";"-";"-";"-";"-";"-"
"MU";"4309308";"Guaíba (RS)";"Total";"42929";"18255";"2847";"5218";"21";"3060";"9358";"-";"103"
"MU";"4309407";"Guaporé (RS)";"Total";"18440";"2590";"166";"178";"-";"200";"791";"-";"-"
"MU";"4309506";"Guarani das Missões (RS)";"Total";"5665";"890";"11";"-";"-";"28";"129";"-";"-"
"MU";"4309555";"Harmonia (RS)";"Total";"4276";"357";"24";"3";"-";"85";"39";"-";"-"
"MU";"4309571";"Herveiras (RS)";"Total";"1643";"563";"-";"2";"-";"9";"20";"-";"-"
"MU";"4309605";"Horizontina (RS)";"Total";"9820";"6021";"95";"29";"-";"116";"534";"-";"-"
"MU";"4309654";"Hulha Negra (RS)";"Total";"2519";"1977";"72";"49";"-";"77";"463";"-";"3"
"MU";"4309704";"Humaitá (RS)";"Total";"3381";"764";"27";"2";"-";"7";"38";"-";"-"
"MU";"4309753";"Ibarama (RS)";"Total";"3056";"271";"35";"2";"-";"-";"2";"-";"-"
"MU";"4309803";"Ibiaçá (RS)";"Total";"2996";"352";"6";"9";"-";"5";"709";"-";"-"
"MU";"4309902";"Ibiraiaras (RS)";"Total";"5094";"667";"28";"-";"-";"23";"210";"-";"-"
"MU";"4309951";"Ibirapuitã (RS)";"Total";"2433";"793";"5";"3";"-";"28";"35";"-";"-"
"MU";"4310009";"Ibirubá (RS)";"Total";"10701";"6893";"279";"192";"-";"518";"481";"-";"-"
"MU";"4310108";"Igrejinha (RS)";"Total";"15580";"9832";"251";"250";"-";"488";"2168";"-";"39"
"MU";"4310207";"Ijuí (RS)";"Total";"41760";"27307";"675";"275";"-";"1190";"3305";"-";"20"
"MU";"4310306";"Ilópolis (RS)";"Total";"3350";"327";"-";"4";"-";"3";"31";"-";"-"
"MU";"4310330";"Imbé (RS)";"Total";"12443";"3881";"974";"896";"-";"1063";"4304";"19";"56"
"MU";"4310363";"Imigrante (RS)";"Total";"1587";"1155";"26";"-";"-";"5";"38";"-";"-"
"MU";"4310405";"Independência (RS)";"Total";"4205";"1401";"2";"-";"-";"10";"65";"-";"2"
"MU";"4310413";"Inhacorá (RS)";"Total";"1093";"645";"-";"-";"-";"12";"14";"-";"-"
"MU";"4310439";"Ipê (RS)";"Total";"4313";"379";"21";"9";"-";"58";"63";"-";"-"
"MU";"4310462";"Ipiranga do Sul (RS)";"Total";"1455";"83";"4";"2";"-";"3";"12";"-";"2"
"MU";"4310504";"Iraí (RS)";"Total";"4924";"1288";"52";"4";"-";"88";"118";"-";"58"
"MU";"4310538";"Itaara (RS)";"Total";"3241";"1001";"182";"123";"-";"179";"219";"-";"-"
"MU";"4310553";"Itacurubi (RS)";"Total";"1320";"1138";"58";"-";"-";"25";"144";"-";"-"
"MU";"4310579";"Itapuca (RS)";"Total";"1664";"63";"-";"-";"-";"2";"1";"-";"-"
"MU";"4310603";"Itaqui (RS)";"Total";"15308";"9502";"1220";"666";"-";"954";"3288";"-";"-"
"MU";"4310652";"Itati (RS)";"Total";"1469";"760";"6";"15";"-";"49";"24";"-";"-"
"MU";"4310702";"Itatiba do Sul (RS)";"Total";"2550";"305";"-";"4";"-";"17";"34";"-";"-"
"MU";"4310751";"Ivorá (RS)";"Total";"1636";"130";"-";"2";"-";"7";"12";"-";"-"
"MU";"4310801";"Ivoti (RS)";"Total";"13310";"5388";"240";"82";"-";"473";"883";"12";"12"
"MU";"4310850";"Jaboticaba (RS)";"Total";"2382";"933";"10";"6";"-";"41";"15";"-";"-"
"MU";"4310876";"Jacuizinho (RS)";"Total";"1420";"365";"10";"-";"-";"14";"19";"-";"-"
"MU";"4310900";"Jacutinga (RS)";"Total";"2754";"231";"13";"-";"-";"7";"4";"-";"-"
"MU";"4311007";"Jaguarão (RS)";"Total";"12002";"1981";"2034";"1448";"-";"775";"5409";"30";"-"
"MU";"4311106";"Jaguari (RS)";"Total";"8256";"865";"143";"50";"-";"94";"245";"-";"-"
"MU";"4311122";"Jaquirana (RS)";"Total";"2453";"656";"13";"3";"-";"22";"65";"-";"-"
"MU";"4311130";"Jari (RS)";"Total";"2365";"497";"42";"13";"-";"17";"51";"-";"-"
"MU";"4311155";"Jóia (RS)";"Total";"4287";"1761";"173";"26";"-";"46";"128";"-";"7"
"MU";"4311205";"Júlio de Castilhos (RS)";"Total";"12862";"2104";"217";"220";"-";"213";"464";"9";"11"
"MU";"4311239";"Lagoa Bonita do Sul (RS)";"Total";"1817";"210";"2";"2";"-";"-";"8";"-";"-"
"MU";"4311254";"Lagoão (RS)";"Total";"4258";"348";"9";"2";"-";"54";"28";"-";"-"
"MU";"4311270";"Lagoa dos Três Cantos (RS)";"Total";"849";"654";"-";"-";"-";"17";"19";"-";"-"
"MU";"4311304";"Lagoa Vermelha (RS)";"Total";"18236";"4756";"265";"224";"-";"383";"271";"-";"17"
"MU";"4311403";"Lajeado (RS)";"Total";"54003";"20202";"1365";"777";"-";"1303";"3927";"234";"-"
"MU";"4311429";"Lajeado do Bugre (RS)";"Total";"682";"1196";"2";"-";"-";"8";"356";"-";"5"
"MU";"4311502";"Lavras do Sul (RS)";"Total";"4340";"1101";"348";"77";"-";"97";"398";"27";"-"
"MU";"4311601";"Liberato Salzano (RS)";"Total";"3761";"450";"-";"2";"-";"5";"5";"-";"-"
"MU";"4311627";"Lindolfo Collor (RS)";"Total";"2813";"2252";"11";"8";"-";"120";"180";"-";"-"
"MU";"4311643";"Linha Nova (RS)";"Total";"396";"914";"-";"2";"-";"199";"34";"-";"-"
"MU";"4311700";"Machadinho (RS)";"Total";"4379";"606";"8";"-";"-";"28";"48";"-";"-"
"MU";"4311718";"Maçambará (RS)";"Total";"2251";"1360";"101";"8";"-";"16";"133";"-";"-"
"MU";"4311734";"Mampituba (RS)";"Total";"2276";"303";"3";"14";"-";"9";"137";"-";"-"
"MU";"4311759";"Manoel Viana (RS)";"Total";"3967";"1192";"196";"60";"-";"170";"449";"3";"3"
"MU";"4311775";"Maquiné (RS)";"Total";"4946";"924";"60";"47";"64";"184";"351";"-";"-"
"MU";"4311791";"Maratá (RS)";"Total";"1666";"524";"6";"-";"-";"14";"17";"-";"-"
"MU";"4311809";"Marau (RS)";"Total";"30709";"5800";"129";"204";"-";"1416";"975";"-";"95"
"MU";"4311908";"Marcelino Ramos (RS)";"Total";"3024";"838";"12";"3";"-";"4";"39";"-";"-"
"MU";"4311981";"Mariana Pimentel (RS)";"Total";"2622";"633";"18";"40";"-";"109";"95";"-";"-"
"MU";"4312005";"Mariano Moro (RS)";"Total";"1593";"81";"-";"-";"-";"3";"18";"-";"-"
"MU";"4312054";"Marques de Souza (RS)";"Total";"1465";"2022";"13";"-";"-";"51";"31";"-";"-"
"MU";"4312104";"Mata (RS)";"Total";"3229";"776";"39";"12";"-";"12";"184";"-";"-"
"MU";"4312138";"Mato Castelhano (RS)";"Total";"1855";"305";"2";"6";"-";"8";"37";"-";"-"
"MU";"4312153";"Mato Leitão (RS)";"Total";"3317";"870";"-";"84";"-";"40";"10";"-";"-"
"MU";"4312179";"Mato Queimado (RS)";"Total";"1449";"129";"-";"-";"-";"-";"33";"-";"-"
"MU";"4312203";"Maximiliano de Almeida (RS)";"Total";"3275";"437";"-";"-";"-";"12";"33";"-";"-"
"MU";"4312252";"Minas do Leão (RS)";"Total";"3770";"1830";"146";"65";"-";"244";"514";"-";"-"
"MU";"4312302";"Miraguaí (RS)";"Total";"2073";"1688";"11";"4";"-";"9";"97";"-";"-"
"MU";"4312351";"Montauri (RS)";"Total";"1343";"18";"-";"-";"-";"-";"5";"-";"-"
"MU";"4312377";"Monte Alegre dos Campos (RS)";"Total";"2371";"382";"7";"5";"-";"-";"20";"-";"-"
"MU";"4312385";"Monte Belo do Sul (RS)";"Total";"2219";"90";"13";"-";"-";"8";"9";"-";"-"
"MU";"4312401";"Montenegro (RS)";"Total";"37309";"12501";"1125";"1126";"-";"1674";"2761";"10";"3"
"MU";"4312427";"Mormaço (RS)";"Total";"2100";"347";"-";"4";"-";"-";"4";"-";"-"
"MU";"4312443";"Morrinhos do Sul (RS)";"Total";"2500";"193";"-";"12";"-";"15";"22";"-";"-"
"MU";"4312450";"Morro Redondo (RS)";"Total";"1735";"2600";"129";"88";"-";"116";"773";"-";"2"
"MU";"4312476";"Morro Reuter (RS)";"Total";"4358";"779";"19";"7";"-";"130";"136";"-";"-"
"MU";"4312500";"Mostardas (RS)";"Total";"7085";"2510";"58";"137";"-";"240";"474";"-";"25"
"MU";"4312609";"Muçum (RS)";"Total";"3386";"605";"19";"22";"-";"23";"49";"-";"-"
"MU";"4312617";"Muitos Capões (RS)";"Total";"1857";"224";"19";"5";"-";"361";"23";"-";"-"
"MU";"4312625";"Muliterno (RS)";"Total";"1234";"217";"17";"-";"-";"1";"51";"-";"-"
"MU";"4312658";"Não-Me-Toque (RS)";"Total";"11135";"4164";"40";"40";"25";"62";"193";"-";"-"
"MU";"4312674";"Nicolau Vergueiro (RS)";"Total";"1448";"252";"-";"-";"-";"10";"8";"-";"-"
"MU";"4312708";"Nonoai (RS)";"Total";"7702";"3666";"59";"24";"3";"167";"122";"25";"-"
"MU";"4312757";"Nova Alvorada (RS)";"Total";"2703";"88";"-";"5";"-";"-";"2";"-";"-"
"MU";"4312807";"Nova Araçá (RS)";"Total";"3536";"328";"6";"40";"-";"93";"363";"-";"-"
"MU";"4312906";"Nova Bassano (RS)";"Total";"7848";"626";"-";"31";"-";"26";"108";"-";"5"
"MU";"4312955";"Nova Boa Vista (RS)";"Total";"1556";"270";"1";"-";"-";"2";"10";"-";"-"
"MU";"4313003";"Nova Bréscia (RS)";"Total";"2565";"173";"-";"-";"-";"8";"23";"-";"-"
"MU";"4313011";"Nova Candelária (RS)";"Total";"2342";"360";"-";"-";"-";"4";"7";"-";"-"
"MU";"4313037";"Nova Esperança do Sul (RS)";"Total";"3517";"668";"11";"25";"-";"37";"103";"-";"-"
"MU";"4313060";"Nova Hartz (RS)";"Total";"9335";"6496";"42";"94";"-";"330";"759";"-";"-"
"MU";"4313086";"Nova Pádua (RS)";"Total";"2011";"79";"8";"6";"-";"30";"4";"-";"-"
"MU";"4313102";"Nova Palma (RS)";"Total";"4570";"381";"4";"-";"-";"49";"50";"-";"-"
"MU";"4313201";"Nova Petrópolis (RS)";"Total";"10885";"7857";"249";"79";"-";"517";"1058";"-";"-"
"MU";"4313300";"Nova Prata (RS)";"Total";"18211";"3461";"238";"92";"-";"256";"437";"-";"-"
"MU";"4313334";"Nova Ramada (RS)";"Total";"1144";"775";"3";"-";"-";"3";"19";"-";"-"
"MU";"4313359";"Nova Roma do Sul (RS)";"Total";"2987";"154";"-";"-";"-";"6";"14";"-";"-"
"MU";"4313375";"Nova Santa Rita (RS)";"Total";"12240";"6585";"474";"1091";"-";"2285";"2132";"-";"-"
"MU";"4313391";"Novo Cabrais (RS)";"Total";"1997";"1173";"6";"-";"-";"8";"23";"-";"-"
"MU";"4313409";"Novo Hamburgo (RS)";"Total";"111127";"65683";"3666";"2019";"115";"5620";"13350";"11";"140"
"MU";"4313425";"Novo Machado (RS)";"Total";"958";"1931";"-";"-";"-";"5";"28";"-";"-"
"MU";"4313441";"Novo Tiradentes (RS)";"Total";"1555";"308";"7";"-";"-";"14";"22";"-";"-"
"MU";"4313466";"Novo Xingu (RS)";"Total";"659";"789";"-";"-";"-";"8";"9";"-";"-"
"MU";"4313490";"Novo Barreiro (RS)";"Total";"2374";"1313";"-";"-";"-";"34";"34";"-";"-"
"MU";"4313508";"Osório (RS)";"Total";"22982";"6880";"1209";"909";"62";"3779";"5592";"-";"185"
"MU";"4313607";"Paim Filho (RS)";"Total";"2913";"380";"4";"4";"-";"2";"22";"-";"-"
"MU";"4313656";"Palmares do Sul (RS)";"Total";"7373";"2085";"132";"596";"15";"498";"707";"-";"-"
"MU";"4313706";"Palmeira das Missões (RS)";"Total";"17379";"9363";"307";"97";"-";"458";"1240";"-";"52"
"MU";"4313805";"Palmitinho (RS)";"Total";"5484";"1137";"19";"-";"-";"184";"37";"-";"3"
"MU";"4313904";"Panambi (RS)";"Total";"14939";"20540";"181";"20";"-";"837";"1198";"17";"14"
"MU";"4313953";"Pantano Grande (RS)";"Total";"6228";"1426";"149";"318";"-";"118";"696";"-";"-"
"MU";"4314001";"Paraí (RS)";"Total";"5779";"543";"25";"23";"-";"24";"27";"-";"-"
"MU";"4314027";"Paraíso do Sul (RS)";"Total";"2476";"3253";"4";"5";"-";"104";"36";"-";"-"
"MU";"4314035";"Pareci Novo (RS)";"Total";"3090";"545";"23";"12";"-";"31";"90";"-";"-"
"MU";"4314050";"Parobé (RS)";"Total";"27421";"13487";"274";"321";"-";"1115";"2400";"24";"16"
"MU";"4314068";"Passa Sete (RS)";"Total";"3233";"184";"7";"8";"-";"125";"5";"-";"-"
"MU";"4314076";"Passo do Sobrado (RS)";"Total";"4675";"559";"20";"41";"-";"19";"52";"-";"-"
"MU";"4314100";"Passo Fundo (RS)";"Total";"125378";"34634";"3547";"3574";"11";"5452";"7406";"37";"87"
"MU";"4314134";"Paulo Bento (RS)";"Total";"1475";"437";"11";"-";"-";"11";"16";"-";"-"
"MU";"4314159";"Paverama (RS)";"Total";"4768";"1981";"49";"5";"-";"154";"82";"-";"-"
"MU";"4314175";"Pedras Altas (RS)";"Total";"1059";"360";"25";"30";"-";"19";"328";"3";"-"
"MU";"4314209";"Pedro Osório (RS)";"Total";"1991";"1691";"400";"379";"-";"111";"2030";"3";"43"
"MU";"4314308";"Pejuçara (RS)";"Total";"2511";"689";"-";"-";"-";"63";"64";"-";"-"
"MU";"4314407";"Pelotas (RS)";"Total";"97024";"65605";"22938";"20207";"31";"13055";"68643";"934";"184"
"MU";"4314423";"Picada Café (RS)";"Total";"3069";"1558";"26";"5";"3";"56";"81";"3";"-"
"MU";"4314456";"Pinhal (RS)";"Total";"2132";"425";"6";"-";"-";"-";"7";"-";"4"
"MU";"4314464";"Pinhal da Serra (RS)";"Total";"1395";"531";"12";"2";"-";"30";"30";"-";"-"
"MU";"4314472";"Pinhal Grande (RS)";"Total";"3124";"300";"-";"-";"-";"3";"22";"-";"-"
"MU";"4314498";"Pinheirinho do Vale (RS)";"Total";"3146";"647";"-";"-";"-";"77";"80";"-";"-"
"MU";"4314506";"Pinheiro Machado (RS)";"Total";"5545";"1925";"231";"502";"6";"194";"1652";"50";"-"
"MU";"4314548";"Pinto Bandeira (RS)";"Total";"2208";"176";"13";"-";"2";"38";"14";"-";"-"
"MU";"4314555";"Pirapó (RS)";"Total";"1726";"310";"14";"2";"-";"6";"20";"-";"-"
"MU";"4314605";"Piratini (RS)";"Total";"8268";"3002";"607";"1064";"-";"298";"2504";"-";"-"
"MU";"4314704";"Planalto (RS)";"Total";"7695";"1093";"-";"12";"3";"57";"235";"-";"1"
"MU";"4314753";"Poço das Antas (RS)";"Total";"1528";"386";"2";"-";"-";"25";"4";"-";"-"
"MU";"4314779";"Pontão (RS)";"Total";"2360";"510";"-";"12";"-";"12";"18";"-";"-"
"MU";"4314787";"Ponte Preta (RS)";"Total";"1319";"89";"-";"-";"-";"10";"4";"-";"-"
"MU";"4314803";"Portão (RS)";"Total";"18823";"7386";"613";"352";"55";"621";"1816";"-";"13"
"MU";"4314902";"Porto Alegre (RS)";"Total";"648995";"157867";"65330";"75744";"844";"56693";"185353";"606";"249"
"MU";"4315008";"Porto Lucena (RS)";"Total";"3063";"864";"5";"10";"5";"14";"23";"-";"-"
"MU";"4315057";"Porto Mauá (RS)";"Total";"1572";"341";"7";"-";"-";"13";"17";"-";"-"
"MU";"4315073";"Porto Vera Cruz (RS)";"Total";"1202";"167";"2";"-";"-";"21";"11";"-";"4"
"MU";"4315107";"Porto Xavier (RS)";"Total";"5747";"2704";"51";"34";"-";"12";"243";"-";"-"
"MU";"4315131";"Pouso Novo (RS)";"Total";"1476";"73";"6";"-";"-";"-";"3";"-";"-"
"MU";"4315149";"Presidente Lucena (RS)";"Total";"2037";"557";"7";"33";"-";"43";"19";"-";"-"
"MU";"4315156";"Progresso (RS)";"Total";"4677";"136";"11";"7";"-";"14";"10";"-";"-"
"MU";"4315172";"Protásio Alves (RS)";"Total";"1676";"133";"2";"-";"-";"7";"5";"-";"-"
"MU";"4315206";"Putinga (RS)";"Total";"3237";"150";"3";"-";"-";"-";"7";"-";"-"
"MU";"4315305";"Quaraí (RS)";"Total";"9920";"6581";"585";"472";"-";"801";"1884";"21";"-"
"MU";"4315313";"Quatro Irmãos (RS)";"Total";"904";"445";"-";"-";"-";"10";"12";"-";"-"
"MU";"4315321";"Quevedos (RS)";"Total";"1673";"524";"3";"7";"-";"30";"26";"-";"-"
"MU";"4315354";"Quinze de Novembro (RS)";"Total";"1006";"2390";"14";"40";"5";"15";"22";"-";"-"
"MU";"4315404";"Redentora (RS)";"Total";"3539";"3685";"4";"-";"64";"123";"546";"-";"4"
"MU";"4315453";"Relvado (RS)";"Total";"1589";"56";"2";"2";"-";"-";"7";"-";"-"
"MU";"4315503";"Restinga Sêca (RS)";"Total";"9399";"2972";"176";"268";"-";"120";"374";"-";"-"
"MU";"4315552";"Rio dos Índios (RS)";"Total";"2196";"322";"-";"-";"-";"9";"12";"-";"-"
"MU";"4315602";"Rio Grande (RS)";"Total";"59022";"28967";"13116";"15628";"30";"8360";"43155";"53";"92"
"MU";"4315701";"Rio Pardo (RS)";"Total";"23876";"3946";"393";"1082";"-";"492";"897";"-";"11"
"MU";"4315750";"Riozinho (RS)";"Total";"3350";"532";"6";"10";"13";"17";"33";"-";"3"
"MU";"4315800";"Roca Sales (RS)";"Total";"6836";"2166";"4";"19";"-";"72";"144";"-";"-"
"MU";"4315909";"Rodeio Bonito (RS)";"Total";"4654";"1046";"7";"2";"-";"28";"39";"-";"-"
"MU";"4315958";"Rolador (RS)";"Total";"1473";"535";"9";"7";"-";"12";"48";"-";"-"
"MU";"4316006";"Rolante (RS)";"Total";"12858";"5570";"77";"20";"-";"192";"272";"-";"-"
"MU";"4316105";"Ronda Alta (RS)";"Total";"6984";"1502";"10";"-";"19";"47";"88";"-";"-"
"MU";"4316204";"Rondinha (RS)";"Total";"4361";"160";"9";"-";"-";"6";"3";"-";"-"
"MU";"4316303";"Roque Gonzales (RS)";"Total";"3910";"1786";"84";"10";"-";"51";"59";"-";"-"
"MU";"4316402";"Rosário do Sul (RS)";"Total";"17460";"7488";"1659";"1701";"-";"862";"3170";"-";"77"
"MU";"4316428";"Sagrada Família (RS)";"Total";"1110";"1014";"-";"-";"-";"7";"77";"-";"-"
"MU";"4316436";"Saldanha Marinho (RS)";"Total";"1941";"322";"-";"-";"-";"12";"20";"-";"-"
"MU";"4316451";"Salto do Jacuí (RS)";"Total";"6525";"1985";"64";"45";"138";"137";"100";"-";"-"
"MU";"4316477";"Salvador das Missões (RS)";"Total";"2433";"140";"-";"1";"-";"5";"8";"-";"-"
"MU";"4316501";"Salvador do Sul (RS)";"Total";"4932";"991";"28";"33";"-";"21";"116";"-";"-"
"MU";"4316600";"Sananduva (RS)";"Total";"13112";"1374";"52";"29";"-";"84";"74";"-";"2"
"MU";"4316709";"Santa Bárbara do Sul (RS)";"Total";"4415";"2338";"137";"18";"-";"116";"160";"-";"-"
"MU";"4316733";"Santa Cecília do Sul (RS)";"Total";"1188";"230";"5";"9";"-";"5";"32";"-";"-"
"MU";"4316758";"Santa Clara do Sul (RS)";"Total";"4766";"1090";"23";"13";"-";"31";"172";"-";"-"
"MU";"4316808";"Santa Cruz do Sul (RS)";"Total";"80766";"25350";"3508";"1749";"-";"2180";"4565";"17";"52"
"MU";"4316907";"Santa Maria (RS)";"Total";"136416";"43657";"13982";"10249";"56";"8870";"28085";"116";"36"
"MU";"4316956";"Santa Maria do Herval (RS)";"Total";"4775";"804";"6";"3";"-";"101";"55";"-";"-"
"MU";"4316972";"Santa Margarida do Sul (RS)";"Total";"1600";"541";"63";"7";"3";"6";"82";"-";"-"
"MU";"4317004";"Santana da Boa Vista (RS)";"Total";"4955";"1111";"53";"11";"-";"24";"177";"-";"-"
"MU";"4317103";"Sant'Ana do Livramento (RS)";"Total";"29493";"19591";"4587";"3184";"91";"2857";"13748";"43";"22"
"MU";"4317202";"Santa Rosa (RS)";"Total";"40723";"22320";"757";"118";"-";"1108";"2333";"88";"9"
"MU";"4317251";"Santa Tereza (RS)";"Total";"1300";"77";"-";"-";"-";"2";"19";"-";"-"
"MU";"4317301";"Santa Vitória do Palmar (RS)";"Total";"13267";"3667";"714";"1857";"26";"1007";"6661";"10";"56"
"MU";"4317400";"Santiago (RS)";"Total";"26705";"10461";"1394";"546";"-";"915";"3573";"92";"102"
"MU";"4317509";"Santo Ângelo (RS)";"Total";"38243";"20815";"2349";"355";"148";"2307";"2790";"-";"44"
"MU";"4317558";"Santo Antônio do Palma (RS)";"Total";"1760";"63";"-";"4";"-";"4";"23";"-";"-"
"MU";"4317608";"Santo Antônio da Patrulha (RS)";"Total";"28309";"6613";"486";"373";"-";"725";"1484";"-";"-"
"MU";"4317707";"Santo Antônio das Missões (RS)";"Total";"5641";"2461";"152";"24";"-";"195";"667";"-";"-"
"MU";"4317756";"Santo Antônio do Planalto (RS)";"Total";"1294";"545";"6";"-";"2";"2";"5";"-";"-"
"MU";"4317806";"Santo Augusto (RS)";"Total";"7886";"3847";"91";"13";"-";"130";"308";"-";"-"
"MU";"4317905";"Santo Cristo (RS)";"Total";"12201";"1075";"42";"-";"-";"247";"166";"-";"-"
"MU";"4317954";"Santo Expedito do Sul (RS)";"Total";"1839";"263";"-";"-";"-";"6";"2";"-";"-"
"MU";"4318002";"São Borja (RS)";"Total";"29570";"12208";"1748";"721";"-";"3326";"5088";"-";"25"
"MU";"4318051";"São Domingos do Sul (RS)";"Total";"2307";"155";"2";"-";"-";"8";"34";"-";"7"
"MU";"4318101";"São Francisco de Assis (RS)";"Total";"11867";"2172";"152";"86";"4";"248";"1271";"-";"38"
"MU";"4318200";"São Francisco de Paula (RS)";"Total";"14155";"3427";"203";"202";"10";"292";"809";"-";"-"
"MU";"4318309";"São Gabriel (RS)";"Total";"28469";"12911";"2143";"1896";"8";"1195";"4567";"-";"34"
"MU";"4318408";"São Jerônimo (RS)";"Total";"11663";"3906";"423";"509";"-";"487";"1594";"11";"-"
"MU";"4318424";"São João da Urtiga (RS)";"Total";"3877";"153";"3";"-";"-";"4";"9";"-";"-"
"MU";"4318432";"São João do Polêsine (RS)";"Total";"2085";"242";"12";"10";"-";"6";"35";"-";"-"
"MU";"4318440";"São Jorge (RS)";"Total";"2452";"153";"14";"-";"-";"16";"4";"-";"-"
"MU";"4318457";"São José das Missões (RS)";"Total";"1322";"767";"-";"-";"-";"8";"9";"-";"2"
"MU";"4318465";"São José do Herval (RS)";"Total";"1493";"185";"2";"-";"-";"11";"-";"-";"-"
"MU";"4318481";"São José do Hortêncio (RS)";"Total";"3151";"800";"4";"6";"-";"33";"18";"-";"-"
"MU";"4318499";"São José do Inhacorá (RS)";"Total";"1718";"414";"10";"-";"-";"-";"23";"-";"-"
"MU";"4318507";"São José do Norte (RS)";"Total";"11118";"5527";"382";"538";"-";"490";"4612";"-";"-"
"MU";"4318606";"São José do Ouro (RS)";"Total";"5537";"515";"23";"9";"-";"30";"41";"-";"-"
"MU";"4318614";"São José do Sul (RS)";"Total";"1893";"194";"9";"-";"-";"13";"15";"-";"2"
"MU";"4318622";"São José dos Ausentes (RS)";"Total";"2777";"565";"7";"15";"3";"42";"69";"-";"-"
"MU";"4318705";"São Leopoldo (RS)";"Total";"108285";"48459";"4830";"5182";"10";"6855";"15992";"143";"9"
"MU";"4318804";"São Lourenço do Sul (RS)";"Total";"14537";"18491";"666";"563";"-";"712";"2807";"-";"12"
"MU";"4318903";"São Luiz Gonzaga (RS)";"Total";"19024";"8027";"521";"310";"-";"888";"1494";"-";"9"
"MU";"4319000";"São Marcos (RS)";"Total";"15776";"2334";"270";"207";"-";"195";"198";"-";"11"
"MU";"4319109";"São Martinho (RS)";"Total";"4250";"575";"26";"3";"-";"24";"24";"-";"-"
"MU";"4319125";"São Martinho da Serra (RS)";"Total";"2075";"322";"21";"47";"-";"26";"81";"-";"-"
"MU";"4319158";"São Miguel das Missões (RS)";"Total";"4118";"1710";"159";"11";"59";"39";"136";"2";"-"
"MU";"4319208";"São Nicolau (RS)";"Total";"2503";"1505";"9";"-";"-";"71";"432";"-";"-"
"MU";"4319307";"São Paulo das Missões (RS)";"Total";"3718";"1470";"19";"-";"-";"13";"72";"-";"-"
"MU";"4319356";"São Pedro da Serra (RS)";"Total";"2593";"412";"15";"-";"-";"38";"64";"-";"-"
"MU";"4319364";"São Pedro das Missões (RS)";"Total";"781";"676";"-";"-";"-";"6";"81";"-";"-"
"MU";"4319372";"São Pedro do Butiá (RS)";"Total";"2375";"320";"8";"2";"-";"13";"46";"-";"-"
"MU";"4319406";"São Pedro do Sul (RS)";"Total";"9209";"3346";"414";"331";"-";"175";"473";"-";"-"
"MU";"4319505";"São Sebastião do Caí (RS)";"Total";"15019";"4508";"209";"411";"16";"397";"863";"10";"-"
"MU";"4319604";"São Sepé (RS)";"Total";"14982";"2082";"305";"668";"-";"259";"632";"-";"-"
"MU";"4319703";"São Valentim (RS)";"Total";"2716";"197";"-";"-";"-";"4";"15";"-";"-"
"MU";"4319711";"São Valentim do Sul (RS)";"Total";"1905";"93";"1";"-";"-";"2";"7";"-";"-"
"MU";"4319737";"São Valério do Sul (RS)";"Total";"1511";"552";"-";"2";"-";"38";"78";"-";"-"
"MU";"4319752";"São Vendelino (RS)";"Total";"1371";"545";"13";"15";"2";"4";"49";"-";"2"
"MU";"4319802";"São Vicente do Sul (RS)";"Total";"5004";"1626";"117";"109";"-";"79";"238";"-";"-"
"MU";"4319901";"Sapiranga (RS)";"Total";"35794";"24972";"475";"304";"9";"1097";"3346";"-";"30"
"MU";"4320008";"Sapucaia do Sul (RS)";"Total";"68390";"24611";"3763";"5115";"12";"3570";"10236";"-";"46"
"MU";"4320107";"Sarandi (RS)";"Total";"14170";"4827";"119";"-";"11";"256";"460";"-";"-"
"MU";"4320206";"Seberi (RS)";"Total";"8479";"1706";"13";"43";"-";"58";"117";"-";"-"
"MU";"4320230";"Sede Nova (RS)";"Total";"1819";"433";"85";"-";"-";"23";"47";"-";"-"
"MU";"4320263";"Segredo (RS)";"Total";"4787";"508";"24";"3";"-";"23";"10";"-";"-"
"MU";"4320305";"Selbach (RS)";"Total";"3881";"662";"14";"2";"-";"6";"5";"-";"-"
"MU";"4320321";"Senador Salgado Filho (RS)";"Total";"581";"1732";"7";"-";"-";"10";"78";"-";"-"
"MU";"4320354";"Sentinela do Sul (RS)";"Total";"3862";"554";"7";"12";"-";"92";"237";"-";"-"
"MU";"4320404";"Serafina Corrêa (RS)";"Total";"12312";"1944";"92";"35";"-";"430";"228";"-";"-"
"MU";"4320453";"Sério (RS)";"Total";"1554";"211";"-";"-";"-";"3";"-";"-";"-"
"MU";"4320503";"Sertão (RS)";"Total";"4402";"482";"34";"-";"-";"45";"21";"-";"-"
"MU";"4320552";"Sertão Santana (RS)";"Total";"3379";"1626";"47";"34";"-";"40";"157";"-";"-"
"MU";"4320578";"Sete de Setembro (RS)";"Total";"1492";"167";"-";"-";"-";"8";"5";"-";"-"
"MU";"4320602";"Severiano de Almeida (RS)";"Total";"2805";"270";"3";"3";"-";"3";"12";"-";"-"
"MU";"4320651";"Silveira Martins (RS)";"Total";"1480";"262";"12";"2";"-";"19";"76";"-";"-"
"MU";"4320677";"Sinimbu (RS)";"Total";"4600";"3064";"-";"24";"-";"18";"50";"-";"-"
"MU";"4320701";"Sobradinho (RS)";"Total";"10264";"1495";"125";"52";"-";"185";"417";"-";"-"
"MU";"4320800";"Soledade (RS)";"Total";"19519";"4612";"314";"284";"-";"675";"902";"-";"-"
"MU";"4320859";"Tabaí (RS)";"Total";"2524";"990";"27";"16";"-";"191";"109";"7";"4"
"MU";"4320909";"Tapejara (RS)";"Total";"16393";"3349";"145";"168";"11";"289";"938";"-";"-"
"MU";"4321006";"Tapera (RS)";"Total";"7573";"1503";"67";"21";"-";"41";"148";"-";"10"
"MU";"4321105";"Tapes (RS)";"Total";"8144";"2645";"276";"374";"10";"347";"1252";"5";"8"
"MU";"4321204";"Taquara (RS)";"Total";"27416";"14256";"788";"665";"-";"1187";"2257";"214";"19"
"MU";"4321303";"Taquari (RS)";"Total";"13666";"6456";"657";"208";"-";"562";"688";"-";"21"
"MU";"4321329";"Taquaruçu do Sul (RS)";"Total";"2538";"147";"21";"-";"-";"31";"10";"-";"-"
"MU";"4321352";"Tavares (RS)";"Total";"2902";"1184";"19";"77";"-";"111";"333";"-";"-"
"MU";"4321402";"Tenente Portela (RS)";"Total";"8311";"3505";"62";"46";"-";"64";"479";"-";"-"
"MU";"4321436";"Terra de Areia (RS)";"Total";"6418";"2047";"38";"40";"-";"364";"97";"-";"-"
"MU";"4321451";"Teutônia (RS)";"Total";"14659";"12357";"136";"58";"7";"904";"640";"-";"29"
"MU";"4321469";"Tio Hugo (RS)";"Total";"1915";"892";"11";"-";"-";"-";"13";"-";"-"
"MU";"4321477";"Tiradentes do Sul (RS)";"Total";"3257";"1317";"9";"7";"-";"12";"13";"-";"-"
"MU";"4321493";"Toropi (RS)";"Total";"1402";"874";"24";"17";"-";"15";"13";"-";"-"
"MU";"4321501";"Torres (RS)";"Total";"22640";"6648";"1179";"1237";"79";"1751";"3371";"-";"-"
"MU";"4321600";"Tramandaí (RS)";"Total";"27342";"9634";"1456";"2241";"2";"2024";"4632";"-";"-"
"MU";"4321626";"Travesseiro (RS)";"Total";"1289";"651";"15";"-";"-";"6";"15";"-";"-"
"MU";"4321634";"Três Arroios (RS)";"Total";"2277";"133";"3";"3";"-";"4";"3";"-";"-"
"MU";"4321667";"Três Cachoeiras (RS)";"Total";"8298";"1110";"41";"11";"-";"49";"102";"-";"-"
"MU";"4321709";"Três Coroas (RS)";"Total";"11769";"7898";"134";"164";"-";"479";"949";"-";"-"
"MU";"4321808";"Três de Maio (RS)";"Total";"14639";"6752";"94";"29";"-";"192";"252";"-";"32"
"MU";"4321832";"Três Forquilhas (RS)";"Total";"1472";"949";"23";"2";"-";"19";"11";"-";"-"
"MU";"4321857";"Três Palmeiras (RS)";"Total";"2251";"1297";"-";"-";"-";"447";"40";"-";"-"
"MU";"4321907";"Três Passos (RS)";"Total";"11037";"9895";"227";"138";"-";"475";"623";"-";"-"
"MU";"4321956";"Trindade do Sul (RS)";"Total";"5197";"1134";"16";"-";"-";"74";"106";"-";"-"
"MU";"4322004";"Triunfo (RS)";"Total";"14247";"6497";"672";"464";"-";"708";"1373";"10";"-"
"MU";"4322103";"Tucunduva (RS)";"Total";"3953";"1022";"3";"-";"3";"36";"37";"-";"-"
"MU";"4322152";"Tunas (RS)";"Total";"2802";"398";"6";"-";"-";"-";"21";"-";"-"
"MU";"4322186";"Tupanci do Sul (RS)";"Total";"1117";"124";"2";"-";"-";"-";"1";"-";"-"
"MU";"4322202";"Tupanciretã (RS)";"Total";"11296";"3449";"465";"344";"-";"622";"1410";"-";"-"
"MU";"4322251";"Tupandi (RS)";"Total";"3878";"425";"4";"15";"-";"3";"53";"-";"-"
"MU";"4322301";"Tuparendi (RS)";"Total";"4937";"2412";"62";"4";"-";"47";"106";"-";"-"
"MU";"4322327";"Turuçu (RS)";"Total";"922";"1919";"14";"23";"-";"28";"166";"-";"-"
"MU";"4322343";"Ubiretama (RS)";"Total";"804";"975";"-";"-";"-";"6";"30";"-";"5"
"MU";"4322350";"União da Serra (RS)";"Total";"1034";"29";"-";"-";"-";"-";"5";"-";"-"
"MU";"4322376";"Unistalda (RS)";"Total";"1145";"470";"14";"16";"-";"41";"105";"-";"-"
"MU";"4322400";"Uruguaiana (RS)";"Total";"49681";"31715";"2971";"4605";"-";"3453";"8584";"10";"37"
"MU";"4322509";"Vacaria (RS)";"Total";"39151";"11842";"729";"625";"-";"1138";"1985";"-";"35"
"MU";"4322525";"Vale Verde (RS)";"Total";"2003";"736";"46";"10";"-";"21";"12";"-";"3"
"MU";"4322533";"Vale do Sol (RS)";"Total";"4091";"4650";"13";"17";"-";"41";"152";"-";"-"
"MU";"4322541";"Vale Real (RS)";"Total";"4398";"713";"16";"15";"-";"66";"107";"-";"-"
"MU";"4322558";"Vanini (RS)";"Total";"1679";"134";"3";"-";"-";"-";"3";"-";"-"
"MU";"4322608";"Venâncio Aires (RS)";"Total";"44213";"12667";"403";"739";"-";"587";"2574";"-";"-"
"MU";"4322707";"Vera Cruz (RS)";"Total";"14520";"7215";"193";"180";"34";"880";"603";"-";"7"
"MU";"4322806";"Veranópolis (RS)";"Total";"18424";"2221";"167";"90";"-";"353";"403";"-";"-"
"MU";"4322855";"Vespasiano Corrêa (RS)";"Total";"1611";"51";"-";"-";"-";"2";"2";"-";"-"
"MU";"4322905";"Viadutos (RS)";"Total";"3698";"570";"14";"-";"-";"32";"27";"-";"-"
"MU";"4323002";"Viamão (RS)";"Total";"98358";"31520";"7120";"18281";"243";"9489";"31047";"49";"110"
"MU";"4323101";"Vicente Dutra (RS)";"Total";"2934";"897";"2";"-";"37";"8";"171";"-";"36"
"MU";"4323200";"Victor Graeff (RS)";"Total";"1305";"1140";"4";"-";"-";"16";"10";"-";"-"
"MU";"4323309";"Vila Flores (RS)";"Total";"2726";"422";"3";"3";"-";"35";"45";"-";"-"
"MU";"4323358";"Vila Lângaro (RS)";"Total";"1757";"116";"-";"5";"-";"3";"-";"-";"-"
"MU";"4323408";"Vila Maria (RS)";"Total";"3588";"328";"25";"4";"-";"9";"10";"-";"-"
"MU";"4323457";"Vila Nova do Sul (RS)";"Total";"2426";"782";"15";"39";"-";"25";"212";"-";"-"
"MU";"4323507";"Vista Alegre (RS)";"Total";"2173";"171";"-";"-";"-";"3";"12";"-";"-"
"MU";"4323606";"Vista Alegre do Prata (RS)";"Total";"1259";"116";"-";"-";"-";"52";"13";"-";"-"
"MU";"4323705";"Vista Gaúcha (RS)";"Total";"2048";"384";"-";"-";"-";"34";"13";"-";"-"
"MU";"4323754";"Vitória das Missões (RS)";"Total";"1986";"752";"123";"-";"-";"27";"64";"-";"-"
"MU";"4323770";"Westfália (RS)";"Total";"725";"1917";"3";"-";"-";"55";"39";"-";"-"
"MU";"4323804";"Xangri-lá (RS)";"Total";"9143";"2997";"274";"299";"11";"439";"1010";"-";"6"
"MU";"5000203";"Água Clara (MS)";"Total";"6969";"5083";"63";"24";"-";"276";"1281";"-";"-"
"MU";"5000252";"Alcinópolis (MS)";"Total";"2809";"820";"26";"5";"-";"52";"146";"-";"3"
"MU";"5000609";"Amambai (MS)";"Total";"14584";"12256";"187";"145";"849";"850";"3983";"-";"54"
"MU";"5000708";"Anastácio (MS)";"Total";"8958";"8042";"75";"61";"-";"939";"2418";"-";"7"
"MU";"5000807";"Anaurilândia (MS)";"Total";"4942";"1438";"29";"-";"-";"64";"210";"-";"4"
"MU";"5000856";"Angélica (MS)";"Total";"5847";"2549";"54";"29";"5";"202";"423";"-";"-"
"MU";"5000906";"Antônio João (MS)";"Total";"3621";"2656";"64";"189";"5";"45";"1162";"-";"2"
"MU";"5001003";"Aparecida do Taboado (MS)";"Total";"13534";"7341";"262";"62";"-";"939";"1357";"-";"58"
"MU";"5001102";"Aquidauana (MS)";"Total";"15978";"18237";"582";"399";"6";"1852";"2720";"24";"75"
"MU";"5001243";"Aral Moreira (MS)";"Total";"5128";"2342";"9";"-";"-";"105";"1156";"-";"25"
"MU";"5001508";"Bandeirantes (MS)";"Total";"3836";"2086";"68";"18";"-";"285";"410";"-";"-"
"MU";"5001904";"Bataguassu (MS)";"Total";"11622";"6129";"103";"43";"-";"282";"1534";"-";"-"
"MU";"5002001";"Batayporã (MS)";"Total";"6042";"2636";"40";"15";"-";"207";"227";"-";"-"
"MU";"5002100";"Bela Vista (MS)";"Total";"12779";"3914";"159";"54";"20";"382";"1050";"-";"-"
"MU";"5002159";"Bodoquena (MS)";"Total";"3871";"2521";"32";"2";"-";"171";"637";"-";"-"
"MU";"5002209";"Bonito (MS)";"Total";"10774";"6196";"267";"98";"-";"551";"2051";"-";"-"
"MU";"5002308";"Brasilândia (MS)";"Total";"5151";"3766";"15";"-";"-";"192";"767";"-";"24"
"MU";"5002407";"Caarapó (MS)";"Total";"12589";"8142";"117";"87";"1";"875";"3940";"-";"14"
"MU";"5002605";"Camapuã (MS)";"Total";"8036";"2931";"19";"46";"-";"167";"533";"-";"5"
"MU";"5002704";"Campo Grande (MS)";"Total";"353182";"265616";"23188";"6730";"24";"45380";"79582";"598";"1063"
"MU";"5002803";"Caracol (MS)";"Total";"2958";"1077";"10";"7";"-";"42";"191";"-";"3"
"MU";"5002902";"Cassilândia (MS)";"Total";"9810";"5712";"491";"70";"-";"625";"1560";"9";"26"
"MU";"5002951";"Chapadão do Sul (MS)";"Total";"13470";"9067";"231";"19";"-";"1371";"1757";"-";"10"
"MU";"5003108";"Corguinho (MS)";"Total";"2200";"1244";"35";"2";"-";"192";"486";"-";"-"
"MU";"5003157";"Coronel Sapucaia (MS)";"Total";"4355";"3441";"-";"9";"30";"860";"2644";"-";"34"
"MU";"5003207";"Corumbá (MS)";"Total";"45056";"22233";"1903";"1552";"-";"3449";"6486";"10";"62"
"MU";"5003256";"Costa Rica (MS)";"Total";"11478";"6644";"364";"86";"-";"1006";"2132";"31";"76"
"MU";"5003306";"Coxim (MS)";"Total";"16732";"8173";"305";"70";"10";"639";"1741";"8";"25"
"MU";"5003454";"Deodápolis (MS)";"Total";"7556";"3528";"14";"-";"-";"238";"352";"-";"-"
"MU";"5003488";"Dois Irmãos do Buriti (MS)";"Total";"5444";"2991";"14";"26";"-";"297";"516";"-";"33"
"MU";"5003504";"Douradina (MS)";"Total";"2574";"1630";"26";"9";"134";"297";"115";"3";"-"
"MU";"5003702";"Dourados (MS)";"Total";"105508";"66758";"3237";"1086";"188";"8031";"22279";"157";"326"
"MU";"5003751";"Eldorado (MS)";"Total";"6644";"2349";"20";"12";"18";"166";"477";"-";"-"
"MU";"5003801";"Fátima do Sul (MS)";"Total";"11497";"4824";"127";"95";"-";"400";"1095";"-";"4"
"MU";"5003900";"Figueirão (MS)";"Total";"2101";"672";"39";"5";"-";"57";"107";"-";"-"
"MU";"5004007";"Glória de Dourados (MS)";"Total";"6349";"2107";"65";"58";"-";"292";"284";"-";"-"
"MU";"5004106";"Guia Lopes da Laguna (MS)";"Total";"5286";"2647";"66";"16";"-";"212";"322";"-";"-"
"MU";"5004304";"Iguatemi (MS)";"Total";"7427";"3271";"12";"14";"10";"158";"826";"3";"-"
"MU";"5004403";"Inocência (MS)";"Total";"4924";"1809";"62";"5";"-";"153";"271";"-";"-"
"MU";"5004502";"Itaporã (MS)";"Total";"12263";"5362";"103";"18";"59";"411";"1971";"-";"79"
"MU";"5004601";"Itaquiraí (MS)";"Total";"10609";"4760";"10";"20";"-";"214";"799";"-";"-"
"MU";"5004700";"Ivinhema (MS)";"Total";"17685";"5204";"47";"-";"-";"298";"681";"-";"-"
"MU";"5004809";"Japorã (MS)";"Total";"4094";"1696";"2";"-";"142";"103";"454";"-";"-"
"MU";"5004908";"Jaraguari (MS)";"Total";"3633";"1859";"77";"13";"-";"269";"351";"-";"-"
"MU";"5005004";"Jardim (MS)";"Total";"10870";"6968";"221";"110";"20";"855";"1452";"15";"-"
"MU";"5005103";"Jateí (MS)";"Total";"2046";"845";"6";"3";"-";"31";"142";"-";"-"
"MU";"5005152";"Juti (MS)";"Total";"2888";"2103";"14";"3";"12";"88";"463";"14";"-"
"MU";"5005202";"Ladário (MS)";"Total";"9847";"5122";"294";"272";"-";"770";"1339";"-";"-"
"MU";"5005251";"Laguna Carapã (MS)";"Total";"3056";"1553";"17";"16";"5";"86";"868";"-";"-"
"MU";"5005400";"Maracaju (MS)";"Total";"20688";"10161";"247";"138";"80";"3554";"3072";"53";"19"
"MU";"5005608";"Miranda (MS)";"Total";"9311";"7851";"172";"118";"2";"567";"3057";"28";"16"
"MU";"5005681";"Mundo Novo (MS)";"Total";"9266";"5550";"42";"11";"-";"275";"1293";"3";"-"
"MU";"5005707";"Naviraí (MS)";"Total";"25424";"13136";"195";"28";"120";"934";"3156";"-";"30"
"MU";"5005806";"Nioaque (MS)";"Total";"5972";"4207";"60";"10";"-";"164";"683";"1";"89"
"MU";"5006002";"Nova Alvorada do Sul (MS)";"Total";"10844";"5711";"52";"58";"-";"235";"1049";"-";"31"
"MU";"5006200";"Nova Andradina (MS)";"Total";"26104";"12040";"276";"33";"-";"1012";"2152";"-";"47"
"MU";"5006259";"Novo Horizonte do Sul (MS)";"Total";"2538";"1213";"1";"-";"-";"3";"236";"-";"4"
"MU";"5006275";"Paraíso das Águas (MS)";"Total";"3161";"1182";"44";"3";"-";"44";"160";"-";"-"
"MU";"5006309";"Paranaíba (MS)";"Total";"19194";"11000";"727";"232";"-";"1334";"3146";"-";"79"
"MU";"5006358";"Paranhos (MS)";"Total";"4288";"2862";"-";"-";"38";"90";"2696";"-";"2"
"MU";"5006408";"Pedro Gomes (MS)";"Total";"4436";"1330";"18";"-";"-";"35";"167";"9";"-"
"MU";"5006606";"Ponta Porã (MS)";"Total";"46113";"22572";"476";"764";"53";"2412";"4733";"38";"125"
"MU";"5006903";"Porto Murtinho (MS)";"Total";"6482";"2822";"21";"6";"-";"198";"1021";"-";"6"
"MU";"5007109";"Ribas do Rio Pardo (MS)";"Total";"9751";"6914";"78";"162";"-";"955";"1492";"9";"-"
"MU";"5007208";"Rio Brilhante (MS)";"Total";"16079";"11726";"78";"48";"135";"661";"2582";"18";"23"
"MU";"5007307";"Rio Negro (MS)";"Total";"2590";"1133";"48";"10";"-";"102";"260";"4";"18"
"MU";"5007406";"Rio Verde de Mato Grosso (MS)";"Total";"8970";"6032";"205";"51";"-";"275";"1230";"-";"71"
"MU";"5007505";"Rochedo (MS)";"Total";"2343";"1212";"42";"13";"7";"120";"713";"-";"-"
"MU";"5007554";"Santa Rita do Pardo (MS)";"Total";"3728";"1900";"12";"3";"-";"89";"244";"-";"-"
"MU";"5007695";"São Gabriel do Oeste (MS)";"Total";"15739";"6637";"244";"36";"-";"392";"1744";"11";"-"
"MU";"5007703";"Sete Quedas (MS)";"Total";"6262";"2443";"20";"16";"77";"135";"474";"-";"11"
"MU";"5007802";"Selvíria (MS)";"Total";"3414";"2698";"30";"7";"-";"301";"600";"-";"-"
"MU";"5007901";"Sidrolândia (MS)";"Total";"19242";"15139";"342";"160";"2";"1568";"3176";"-";"45"
"MU";"5007935";"Sonora (MS)";"Total";"6472";"4714";"101";"42";"-";"195";"677";"-";"-"
"MU";"5007950";"Tacuru (MS)";"Total";"4862";"2643";"9";"10";"5";"178";"990";"-";"-"
"MU";"5007976";"Taquarussu (MS)";"Total";"2426";"674";"-";"3";"-";"23";"53";"-";"-"
"MU";"5008008";"Terenos (MS)";"Total";"7970";"5500";"163";"35";"-";"388";"1114";"10";"64"
"MU";"5008305";"Três Lagoas (MS)";"Total";"53223";"40588";"2646";"809";"43";"5189";"10554";"84";"125"
"MU";"5008404";"Vicentina (MS)";"Total";"4172";"1157";"11";"-";"-";"39";"200";"-";"-"
"MU";"5100102";"Acorizal (MT)";"Total";"3000";"1242";"9";"21";"4";"19";"49";"-";"-"
"MU";"5100201";"Água Boa (MT)";"Total";"12216";"8672";"259";"46";"-";"606";"2931";"-";"51"
"MU";"5100250";"Alta Floresta (MT)";"Total";"30962";"13858";"189";"116";"11";"1166";"3769";"10";"-"
"MU";"5100300";"Alto Araguaia (MT)";"Total";"8795";"4474";"131";"21";"-";"480";"948";"-";"5"
"MU";"5100359";"Alto Boa Vista (MT)";"Total";"2148";"1551";"13";"-";"489";"136";"323";"-";"-"
"MU";"5100409";"Alto Garças (MT)";"Total";"7318";"2591";"20";"4";"-";"592";"584";"-";"7"
"MU";"5100508";"Alto Paraguai (MT)";"Total";"4307";"1800";"-";"5";"-";"128";"678";"-";"-"
"MU";"5100607";"Alto Taquari (MT)";"Total";"4671";"3266";"62";"13";"-";"230";"846";"-";"-"
"MU";"5100805";"Apiacás (MT)";"Total";"4188";"1626";"29";"6";"24";"174";"1116";"-";"-"
"MU";"5101001";"Araguaiana (MT)";"Total";"2191";"865";"62";"2";"6";"54";"69";"-";"-"
"MU";"5101209";"Araguainha (MT)";"Total";"580";"207";"3";"-";"-";"11";"76";"-";"2"
"MU";"5101258";"Araputanga (MT)";"Total";"7365";"3748";"8";"51";"-";"347";"1165";"-";"-"
"MU";"5101308";"Arenápolis (MT)";"Total";"5846";"2579";"33";"6";"-";"332";"238";"6";"-"
"MU";"5101407";"Aripuanã (MT)";"Total";"9522";"6996";"17";"20";"-";"204";"3538";"-";"-"
"MU";"5101605";"Barão de Melgaço (MT)";"Total";"4776";"1063";"290";"-";"5";"43";"105";"-";"5"
"MU";"5101704";"Barra do Bugres (MT)";"Total";"14603";"7125";"90";"42";"21";"397";"2717";"-";"40"
"MU";"5101803";"Barra do Garças (MT)";"Total";"30951";"18952";"1548";"319";"171";"2096";"5020";"-";"75"
"MU";"5101852";"Bom Jesus do Araguaia (MT)";"Total";"2944";"2354";"17";"11";"50";"137";"602";"-";"-"
"MU";"5101902";"Brasnorte (MT)";"Total";"9523";"3288";"25";"11";"133";"207";"759";"15";"19"
"MU";"5102504";"Cáceres (MT)";"Total";"48109";"19932";"834";"498";"-";"2731";"4378";"15";"14"
"MU";"5102603";"Campinápolis (MT)";"Total";"4848";"4410";"20";"5";"1002";"153";"1055";"12";"42"
"MU";"5102637";"Campo Novo do Parecis (MT)";"Total";"20999";"11201";"163";"150";"35";"1325";"3501";"-";"53"
"MU";"5102678";"Campo Verde (MT)";"Total";"20543";"11625";"320";"70";"-";"943";"3862";"-";"53"
"MU";"5102686";"Campos de Júlio (MT)";"Total";"3675";"3108";"22";"6";"6";"163";"246";"-";"4"
"MU";"5102694";"Canabrava do Norte (MT)";"Total";"2141";"1262";"12";"9";"-";"84";"224";"-";"6"
"MU";"5102702";"Canarana (MT)";"Total";"10547";"7180";"78";"35";"205";"524";"2623";"-";"55"
"MU";"5102793";"Carlinda (MT)";"Total";"5950";"2402";"10";"-";"-";"78";"510";"-";"-"
"MU";"5102850";"Castanheira (MT)";"Total";"3976";"1898";"26";"19";"-";"190";"400";"-";"5"
"MU";"5103007";"Chapada dos Guimarães (MT)";"Total";"10132";"4650";"174";"62";"-";"568";"699";"-";"-"
"MU";"5103056";"Cláudia (MT)";"Total";"5566";"2135";"44";"-";"-";"222";"191";"-";"-"
"MU";"5103106";"Cocalinho (MT)";"Total";"2496";"1913";"16";"-";"-";"373";"546";"-";"-"
"MU";"5103205";"Colíder (MT)";"Total";"18043";"6482";"247";"142";"4";"616";"1352";"-";"-"
"MU";"5103254";"Colniza (MT)";"Total";"8645";"9641";"53";"-";"-";"390";"2782";"-";"21"
"MU";"5103304";"Comodoro (MT)";"Total";"7631";"4949";"18";"-";"817";"260";"1516";"-";"12"
"MU";"5103353";"Confresa (MT)";"Total";"13309";"11674";"55";"71";"21";"947";"3035";"-";"-"
"MU";"5103361";"Conquista D'Oeste (MT)";"Total";"1523";"1053";"7";"-";"176";"81";"286";"-";"-"
"MU";"5103379";"Cotriguaçu (MT)";"Total";"4375";"3248";"40";"-";"-";"212";"1449";"-";"-"
"MU";"5103403";"Cuiabá (MT)";"Total";"294640";"175432";"15473";"5533";"155";"26146";"42732";"125";"313"
"MU";"5103437";"Curvelândia (MT)";"Total";"2644";"1388";"5";"-";"-";"50";"176";"4";"-"
"MU";"5103452";"Denise (MT)";"Total";"3652";"1682";"3";"16";"-";"166";"438";"-";"18"
"MU";"5103502";"Diamantino (MT)";"Total";"11296";"4999";"158";"98";"-";"372";"1462";"-";"28"
"MU";"5103601";"Dom Aquino (MT)";"Total";"4783";"1765";"40";"-";"-";"108";"133";"-";"-"
"MU";"5103700";"Feliz Natal (MT)";"Total";"4280";"2491";"9";"-";"75";"74";"1474";"-";"-"
"MU";"5103809";"Figueirópolis D'Oeste (MT)";"Total";"1889";"698";"-";"-";"-";"107";"79";"-";"-"
"MU";"5103858";"Gaúcha do Norte (MT)";"Total";"3320";"1482";"35";"6";"1157";"79";"848";"-";"-"
"MU";"5103908";"General Carneiro (MT)";"Total";"3595";"945";"45";"-";"95";"54";"142";"-";"-"
"MU";"5103957";"Glória D'Oeste (MT)";"Total";"1943";"446";"44";"-";"-";"25";"78";"-";"-"
"MU";"5104104";"Guarantã do Norte (MT)";"Total";"15752";"7719";"122";"32";"-";"462";"2254";"-";"41"
"MU";"5104203";"Guiratinga (MT)";"Total";"6755";"2305";"59";"15";"-";"291";"285";"-";"11"
"MU";"5104500";"Indiavaí (MT)";"Total";"1110";"638";"10";"-";"-";"8";"147";"-";"-"
"MU";"5104526";"Ipiranga do Norte (MT)";"Total";"4388";"1640";"51";"-";"-";"76";"292";"-";"-"
"MU";"5104542";"Itanhangá (MT)";"Total";"3926";"1880";"19";"2";"-";"113";"333";"-";"-"
"MU";"5104559";"Itaúba (MT)";"Total";"2809";"999";"11";"12";"-";"86";"256";"-";"-"
"MU";"5104609";"Itiquira (MT)";"Total";"6538";"2908";"42";"16";"-";"281";"476";"-";"-"
"MU";"5104807";"Jaciara (MT)";"Total";"14050";"8098";"307";"27";"-";"892";"933";"12";"-"
"MU";"5104906";"Jangada (MT)";"Total";"4211";"1647";"13";"-";"-";"25";"463";"-";"-"
"MU";"5105002";"Jauru (MT)";"Total";"4496";"2187";"11";"-";"-";"67";"461";"-";"8"
"MU";"5105101";"Juara (MT)";"Total";"19887";"7338";"92";"64";"29";"545";"1318";"-";"103"
"MU";"5105150";"Juína (MT)";"Total";"22871";"10879";"198";"31";"785";"1002";"3131";"-";"-"
"MU";"5105176";"Juruena (MT)";"Total";"4479";"2584";"32";"30";"-";"99";"1372";"-";"-"
"MU";"5105200";"Juscimeira (MT)";"Total";"6848";"2642";"38";"9";"-";"118";"265";"-";"-"
"MU";"5105234";"Lambari D'Oeste (MT)";"Total";"2189";"1053";"9";"3";"-";"72";"647";"-";"-"
"MU";"5105259";"Lucas do Rio Verde (MT)";"Total";"38237";"22116";"398";"92";"-";"2161";"6202";"44";"40"
"MU";"5105309";"Luciara (MT)";"Total";"1158";"632";"7";"3";"23";"35";"174";"-";"66"
"MU";"5105507";"Vila Bela da Santíssima Trindade (MT)";"Total";"8613";"3763";"4";"20";"6";"363";"1034";"-";"3"
"MU";"5105580";"Marcelândia (MT)";"Total";"5988";"2727";"28";"16";"97";"175";"453";"-";"-"
"MU";"5105606";"Matupá (MT)";"Total";"9377";"4486";"44";"16";"-";"245";"2512";"-";"-"
"MU";"5105622";"Mirassol d'Oeste (MT)";"Total";"14437";"6875";"137";"17";"8";"566";"998";"-";"-"
"MU";"5105903";"Nobres (MT)";"Total";"8102";"4143";"46";"-";"-";"232";"351";"-";"105"
"MU";"5106000";"Nortelândia (MT)";"Total";"3533";"1131";"35";"11";"-";"106";"304";"-";"-"
"MU";"5106109";"Nossa Senhora do Livramento (MT)";"Total";"8827";"2008";"34";"25";"-";"152";"106";"10";"21"
"MU";"5106158";"Nova Bandeirantes (MT)";"Total";"7349";"3302";"27";"9";"9";"149";"708";"6";"-"
"MU";"5106174";"Nova Nazaré (MT)";"Total";"1360";"1091";"-";"-";"-";"15";"765";"-";"-"
"MU";"5106182";"Nova Lacerda (MT)";"Total";"2459";"1856";"13";"3";"209";"99";"993";"-";"1"
"MU";"5106190";"Nova Santa Helena (MT)";"Total";"2197";"987";"-";"-";"6";"57";"269";"-";"2"
"MU";"5106208";"Nova Brasilândia (MT)";"Total";"1803";"1278";"-";"6";"-";"34";"311";"-";"-"
"MU";"5106216";"Nova Canaã do Norte (MT)";"Total";"7122";"2378";"28";"-";"-";"84";"383";"8";"-"
"MU";"5106224";"Nova Mutum (MT)";"Total";"27573";"12405";"278";"101";"-";"1324";"4393";"9";"-"
"MU";"5106232";"Nova Olímpia (MT)";"Total";"7570";"4590";"80";"9";"-";"347";"1152";"-";"28"
"MU";"5106240";"Nova Ubiratã (MT)";"Total";"5332";"2840";"19";"13";"-";"250";"925";"-";"-"
"MU";"5106257";"Nova Xavantina (MT)";"Total";"11675";"6736";"137";"48";"-";"192";"2161";"-";"131"
"MU";"5106265";"Novo Mundo (MT)";"Total";"3777";"1058";"27";"12";"-";"65";"467";"-";"-"
"MU";"5106273";"Novo Horizonte do Norte (MT)";"Total";"2301";"555";"-";"-";"-";"10";"67";"-";"-"
"MU";"5106281";"Novo São Joaquim (MT)";"Total";"3457";"1595";"113";"-";"73";"101";"497";"-";"9"
"MU";"5106299";"Paranaíta (MT)";"Total";"6503";"2603";"32";"-";"-";"123";"742";"-";"-"
"MU";"5106307";"Paranatinga (MT)";"Total";"13079";"5290";"54";"35";"310";"1208";"2091";"-";"-"
"MU";"5106315";"Novo Santo Antônio (MT)";"Total";"1048";"525";"9";"-";"-";"16";"123";"-";"-"
"MU";"5106372";"Pedra Preta (MT)";"Total";"9342";"4712";"80";"4";"-";"498";"812";"-";"-"
"MU";"5106422";"Peixoto de Azevedo (MT)";"Total";"16055";"6832";"46";"24";"165";"902";"2855";"75";"16"
"MU";"5106455";"Planalto da Serra (MT)";"Total";"1441";"867";"73";"-";"-";"50";"208";"-";"-"
"MU";"5106505";"Poconé (MT)";"Total";"22236";"3873";"52";"13";"-";"150";"312";"10";"18"
"MU";"5106653";"Pontal do Araguaia (MT)";"Total";"3215";"1923";"100";"13";"10";"164";"566";"-";"7"
"MU";"5106703";"Ponte Branca (MT)";"Total";"1304";"349";"28";"-";"-";"15";"39";"-";"5"
"MU";"5106752";"Pontes e Lacerda (MT)";"Total";"20402";"15947";"228";"50";"-";"1662";"5584";"-";"56"
"MU";"5106778";"Porto Alegre do Norte (MT)";"Total";"4917";"3152";"38";"6";"100";"119";"1707";"-";"-"
"MU";"5106802";"Porto dos Gaúchos (MT)";"Total";"2872";"1464";"12";"3";"3";"71";"328";"-";"-"
"MU";"5106828";"Porto Esperidião (MT)";"Total";"5894";"2144";"15";"21";"-";"84";"456";"7";"-"
"MU";"5106851";"Porto Estrela (MT)";"Total";"2043";"672";"-";"-";"-";"-";"75";"-";"-"
"MU";"5107008";"Poxoréu (MT)";"Total";"11717";"5383";"119";"74";"512";"365";"1422";"-";"2"
"MU";"5107040";"Primavera do Leste (MT)";"Total";"39595";"19106";"629";"184";"6";"1792";"9736";"-";"-"
"MU";"5107065";"Querência (MT)";"Total";"11060";"6950";"127";"63";"915";"721";"2178";"16";"10"
"MU";"5107107";"São José dos Quatro Marcos (MT)";"Total";"9651";"4595";"124";"3";"-";"520";"646";"-";"18"
"MU";"5107156";"Reserva do Cabaçal (MT)";"Total";"1022";"609";"-";"3";"-";"-";"195";"-";"-"
"MU";"5107180";"Ribeirão Cascalheira (MT)";"Total";"4696";"2533";"126";"4";"426";"147";"471";"5";"9"
"MU";"5107198";"Ribeirãozinho (MT)";"Total";"1487";"505";"11";"-";"-";"128";"58";"-";"13"
"MU";"5107206";"Rio Branco (MT)";"Total";"2169";"1058";"6";"3";"-";"67";"592";"-";"-"
"MU";"5107248";"Santa Carmem (MT)";"Total";"3047";"1194";"6";"-";"-";"53";"133";"-";"-"
"MU";"5107263";"Santo Afonso (MT)";"Total";"1429";"569";"-";"4";"-";"3";"127";"-";"-"
"MU";"5107297";"São José do Povo (MT)";"Total";"1736";"719";"14";"-";"-";"89";"22";"-";"-"
"MU";"5107305";"São José do Rio Claro (MT)";"Total";"7579";"3705";"93";"9";"-";"197";"1012";"-";"-"
"MU";"5107354";"São José do Xingu (MT)";"Total";"2467";"1555";"14";"6";"182";"142";"404";"-";"12"
"MU";"5107404";"São Pedro da Cipa (MT)";"Total";"1801";"1464";"5";"3";"-";"30";"227";"-";"-"
"MU";"5107578";"Rondolândia (MT)";"Total";"1193";"1295";"-";"-";"3";"65";"273";"-";"-"
"MU";"5107602";"Rondonópolis (MT)";"Total";"109949";"70057";"2787";"1163";"187";"7366";"16622";"64";"63"
"MU";"5107701";"Rosário Oeste (MT)";"Total";"10265";"2587";"93";"-";"-";"180";"204";"-";"-"
"MU";"5107743";"Santa Cruz do Xingu (MT)";"Total";"1127";"702";"-";"-";"-";"55";"303";"-";"6"
"MU";"5107750";"Salto do Céu (MT)";"Total";"1379";"1338";"-";"-";"-";"23";"456";"-";"-"
"MU";"5107768";"Santa Rita do Trivelato (MT)";"Total";"1386";"892";"13";"-";"-";"8";"330";"-";"-"
"MU";"5107776";"Santa Terezinha (MT)";"Total";"3651";"1292";"12";"7";"713";"121";"301";"10";"-"
"MU";"5107792";"Santo Antônio do Leste (MT)";"Total";"1743";"927";"-";"3";"388";"81";"102";"5";"-"
"MU";"5107800";"Santo Antônio de Leverger (MT)";"Total";"8949";"2559";"94";"98";"6";"144";"1031";"-";"6"
"MU";"5107859";"São Félix do Araguaia (MT)";"Total";"6498";"3853";"8";"12";"73";"348";"647";"80";"20"
"MU";"5107875";"Sapezal (MT)";"Total";"12210";"7474";"96";"42";"6";"1028";"2966";"-";"64"
"MU";"5107883";"Serra Nova Dourada (MT)";"Total";"839";"606";"17";"2";"-";"22";"27";"-";"-"
"MU";"5107909";"Sinop (MT)";"Total";"96031";"45924";"780";"261";"113";"3975";"18350";"53";"28"
"MU";"5107925";"Sorriso (MT)";"Total";"55738";"25144";"494";"289";"-";"3297";"6215";"120";"5"
"MU";"5107941";"Tabaporã (MT)";"Total";"4847";"2381";"-";"2";"-";"171";"641";"32";"14"
"MU";"5107958";"Tangará da Serra (MT)";"Total";"49480";"28016";"669";"333";"774";"2766";"8611";"-";"45"
"MU";"5108006";"Tapurah (MT)";"Total";"7927";"3482";"10";"18";"-";"195";"300";"-";"15"
"MU";"5108055";"Terra Nova do Norte (MT)";"Total";"6051";"2306";"56";"-";"-";"99";"361";"-";"142"
"MU";"5108105";"Tesouro (MT)";"Total";"1827";"638";"4";"4";"-";"100";"22";"-";"-"
"MU";"5108204";"Torixoréu (MT)";"Total";"2405";"836";"53";"-";"-";"50";"359";"-";"16"
"MU";"5108303";"União do Sul (MT)";"Total";"1950";"839";"-";"2";"-";"262";"121";"-";"-"
"MU";"5108352";"Vale de São Domingos (MT)";"Total";"1597";"899";"-";"-";"-";"13";"6";"-";"-"
"MU";"5108402";"Várzea Grande (MT)";"Total";"138053";"79999";"3116";"2246";"19";"11459";"17857";"43";"284"
"MU";"5108501";"Vera (MT)";"Total";"6932";"2447";"41";"19";"-";"330";"813";"-";"-"
"MU";"5108600";"Vila Rica (MT)";"Total";"7987";"6887";"24";"-";"-";"943";"891";"-";"-"
"MU";"5108808";"Nova Guarita (MT)";"Total";"3206";"590";"-";"6";"-";"27";"134";"-";"-"
"MU";"5108857";"Nova Marilândia (MT)";"Total";"1751";"942";"23";"-";"-";"37";"194";"-";"-"
"MU";"5108907";"Nova Maringá (MT)";"Total";"2603";"1358";"16";"-";"6";"368";"456";"-";"-"
"MU";"5108956";"Nova Monte Verde (MT)";"Total";"4646";"1730";"18";"4";"10";"36";"590";"-";"-"
"MU";"5200050";"Abadia de Goiás (GO)";"Total";"7286";"6677";"134";"59";"-";"494";"1263";"-";"5"
"MU";"5200100";"Abadiânia (GO)";"Total";"10443";"3612";"70";"10";"-";"253";"521";"-";"-"
"MU";"5200134";"Acreúna (GO)";"Total";"10287";"6312";"273";"22";"-";"445";"1340";"-";"8"
"MU";"5200159";"Adelândia (GO)";"Total";"854";"958";"-";"-";"-";"12";"224";"-";"-"
"MU";"5200175";"Água Fria de Goiás (GO)";"Total";"3299";"826";"5";"4";"-";"58";"60";"-";"14"
"MU";"5200209";"Água Limpa (GO)";"Total";"672";"379";"259";"6";"-";"95";"222";"-";"-"
"MU";"5200258";"Águas Lindas de Goiás (GO)";"Total";"83722";"67210";"1077";"1233";"-";"10177";"23305";"47";"353"
"MU";"5200308";"Alexânia (GO)";"Total";"13940";"7145";"122";"40";"-";"406";"1452";"-";"-"
"MU";"5200506";"Aloândia (GO)";"Total";"811";"581";"13";"-";"-";"26";"335";"-";"-"
"MU";"5200555";"Alto Horizonte (GO)";"Total";"3058";"1669";"21";"15";"-";"112";"274";"-";"6"
"MU";"5200605";"Alto Paraíso de Goiás (GO)";"Total";"3396";"2108";"398";"96";"26";"781";"1862";"-";"-"
"MU";"5200803";"Alvorada do Norte (GO)";"Total";"4924";"1727";"83";"40";"-";"59";"383";"-";"21"
"MU";"5200829";"Amaralina (GO)";"Total";"1942";"897";"3";"-";"-";"4";"53";"-";"2"
"MU";"5200852";"Americano do Brasil (GO)";"Total";"3314";"1275";"21";"-";"-";"56";"56";"-";"-"
"MU";"5200902";"Amorinópolis (GO)";"Total";"1392";"1082";"26";"-";"-";"65";"165";"-";"-"
"MU";"5201108";"Anápolis (GO)";"Total";"173433";"133479";"4022";"1379";"56";"12014";"19528";"907";"313"
"MU";"5201207";"Anhanguera (GO)";"Total";"442";"256";"28";"-";"-";"27";"78";"-";"-"
"MU";"5201306";"Anicuns (GO)";"Total";"9366";"4715";"86";"19";"-";"1677";"464";"-";"68"
"MU";"5201405";"Aparecida de Goiânia (GO)";"Total";"193715";"174795";"8445";"4092";"-";"31279";"41385";"104";"300"
"MU";"5201454";"Aparecida do Rio Doce (GO)";"Total";"1286";"696";"107";"-";"-";"227";"222";"3";"-"
"MU";"5201504";"Aporé (GO)";"Total";"1938";"1372";"24";"-";"-";"97";"243";"-";"-"
"MU";"5201603";"Araçu (GO)";"Total";"2162";"992";"73";"6";"-";"123";"49";"-";"-"
"MU";"5201702";"Aragarças (GO)";"Total";"7088";"6104";"164";"28";"-";"390";"2246";"-";"30"
"MU";"5201801";"Aragoiânia (GO)";"Total";"4510";"4108";"83";"41";"-";"902";"674";"11";"-"
"MU";"5202155";"Araguapaz (GO)";"Total";"3805";"2188";"18";"4";"-";"116";"150";"7";"3"
"MU";"5202353";"Arenópolis (GO)";"Total";"1585";"884";"21";"5";"-";"24";"91";"-";"-"
"MU";"5202502";"Aruanã (GO)";"Total";"3886";"2456";"38";"11";"-";"324";"442";"4";"-"
"MU";"5202601";"Aurilândia (GO)";"Total";"2192";"449";"9";"-";"-";"89";"238";"-";"-"
"MU";"5202809";"Avelinópolis (GO)";"Total";"1831";"535";"7";"1";"2";"181";"17";"-";"-"
"MU";"5203104";"Baliza (GO)";"Total";"2069";"729";"33";"4";"-";"47";"75";"-";"-"
"MU";"5203203";"Barro Alto (GO)";"Total";"4875";"3112";"19";"6";"-";"276";"571";"11";"-"
"MU";"5203302";"Bela Vista de Goiás (GO)";"Total";"16140";"8219";"491";"120";"-";"2685";"2521";"-";"-"
"MU";"5203401";"Bom Jardim de Goiás (GO)";"Total";"4535";"2100";"24";"4";"-";"161";"88";"-";"74"
"MU";"5203500";"Bom Jesus de Goiás (GO)";"Total";"13624";"4435";"202";"32";"-";"288";"2055";"9";"7"
"MU";"5203559";"Bonfinópolis (GO)";"Total";"4465";"3312";"81";"-";"-";"233";"854";"-";"-"
"MU";"5203575";"Bonópolis (GO)";"Total";"1672";"1032";"6";"7";"-";"68";"89";"-";"-"
"MU";"5203609";"Brazabrantes (GO)";"Total";"1796";"1415";"22";"7";"-";"73";"194";"-";"2"
"MU";"5203807";"Britânia (GO)";"Total";"3010";"1557";"41";"9";"3";"110";"221";"-";"-"
"MU";"5203906";"Buriti Alegre (GO)";"Total";"6188";"1989";"360";"-";"-";"200";"500";"-";"-"
"MU";"5203939";"Buriti de Goiás (GO)";"Total";"913";"1219";"4";"2";"-";"75";"210";"-";"-"
"MU";"5203962";"Buritinópolis (GO)";"Total";"1956";"677";"-";"-";"-";"34";"44";"2";"-"
"MU";"5204003";"Cabeceiras (GO)";"Total";"5029";"1078";"69";"-";"-";"61";"265";"5";"-"
"MU";"5204102";"Cachoeira Alta (GO)";"Total";"5715";"2585";"269";"21";"-";"312";"1080";"5";"7"
"MU";"5204201";"Cachoeira de Goiás (GO)";"Total";"689";"401";"8";"-";"-";"14";"154";"-";"-"
"MU";"5204250";"Cachoeira Dourada (GO)";"Total";"4580";"1160";"358";"38";"-";"198";"514";"-";"-"
"MU";"5204300";"Caçu (GO)";"Total";"7130";"3188";"478";"15";"-";"280";"1017";"-";"5"
"MU";"5204409";"Caiapônia (GO)";"Total";"7756";"4837";"110";"10";"-";"608";"1255";"-";"21"
"MU";"5204508";"Caldas Novas (GO)";"Total";"36766";"30144";"2687";"805";"58";"5171";"9643";"-";"39"
"MU";"5204557";"Caldazinha (GO)";"Total";"2490";"1017";"26";"2";"-";"134";"269";"-";"6"
"MU";"5204607";"Campestre de Goiás (GO)";"Total";"1549";"1307";"5";"-";"-";"56";"315";"-";"-"
"MU";"5204656";"Campinaçu (GO)";"Total";"1899";"1186";"13";"-";"-";"104";"36";"-";"-"
"MU";"5204706";"Campinorte (GO)";"Total";"7027";"3321";"54";"13";"-";"104";"206";"-";"6"
"MU";"5204805";"Campo Alegre de Goiás (GO)";"Total";"3432";"1286";"85";"-";"3";"1248";"331";"9";"-"
"MU";"5204854";"Campo Limpo de Goiás (GO)";"Total";"4052";"2498";"5";"-";"-";"74";"180";"-";"-"
"MU";"5204904";"Campos Belos (GO)";"Total";"9726";"4756";"117";"37";"-";"303";"488";"20";"25"
"MU";"5204953";"Campos Verdes (GO)";"Total";"2292";"1036";"2";"-";"-";"39";"134";"-";"-"
"MU";"5205000";"Carmo do Rio Verde (GO)";"Total";"4614";"3489";"66";"5";"-";"41";"315";"4";"27"
"MU";"5205059";"Castelândia (GO)";"Total";"2037";"561";"9";"13";"-";"23";"1";"-";"-"
"MU";"5205109";"Catalão (GO)";"Total";"53975";"28986";"3205";"576";"-";"4897";"8073";"-";"268"
"MU";"5205208";"Caturaí (GO)";"Total";"2531";"1290";"322";"75";"-";"104";"250";"-";"-"
"MU";"5205307";"Cavalcante (GO)";"Total";"5453";"1481";"154";"53";"4";"333";"561";"-";"-"
"MU";"5205406";"Ceres (GO)";"Total";"11105";"6821";"200";"-";"-";"442";"864";"-";"24"
"MU";"5205455";"Cezarina (GO)";"Total";"3624";"2775";"65";"126";"-";"208";"278";"-";"11"
"MU";"5205471";"Chapadão do Céu (GO)";"Total";"5362";"3918";"39";"21";"-";"423";"854";"-";"11"
"MU";"5205497";"Cidade Ocidental (GO)";"Total";"36249";"24761";"880";"833";"-";"4070";"9839";"17";"81"
"MU";"5205513";"Cocalzinho de Goiás (GO)";"Total";"12617";"6075";"268";"90";"-";"583";"1743";"8";"57"
"MU";"5205521";"Colinas do Sul (GO)";"Total";"2233";"886";"30";"11";"-";"13";"250";"-";"-"
"MU";"5205703";"Córrego do Ouro (GO)";"Total";"1033";"975";"5";"-";"-";"24";"156";"-";"5"
"MU";"5205802";"Corumbá de Goiás (GO)";"Total";"7037";"1749";"82";"-";"-";"128";"245";"-";"44"
"MU";"5205901";"Corumbaíba (GO)";"Total";"5038";"1944";"353";"46";"-";"417";"211";"18";"-"
"MU";"5206206";"Cristalina (GO)";"Total";"31992";"13427";"641";"353";"39";"956";"4589";"-";"32"
"MU";"5206305";"Cristianópolis (GO)";"Total";"1049";"1487";"21";"76";"-";"253";"238";"-";"-"
"MU";"5206404";"Crixás (GO)";"Total";"9164";"4752";"27";"-";"-";"117";"749";"-";"-"
"MU";"5206503";"Cromínia (GO)";"Total";"1925";"998";"31";"17";"-";"69";"399";"-";"14"
"MU";"5206602";"Cumari (GO)";"Total";"1552";"618";"49";"6";"-";"111";"256";"-";"-"
"MU";"5206701";"Damianópolis (GO)";"Total";"2331";"539";"6";"-";"-";"298";"91";"-";"10"
"MU";"5206800";"Damolândia (GO)";"Total";"1999";"373";"5";"3";"-";"32";"51";"-";"-"
"MU";"5206909";"Davinópolis (GO)";"Total";"1158";"273";"121";"-";"-";"23";"123";"-";"-"
"MU";"5207105";"Diorama (GO)";"Total";"1190";"507";"4";"-";"-";"44";"92";"-";"-"
"MU";"5207253";"Doverlândia (GO)";"Total";"3765";"1649";"32";"7";"-";"105";"528";"-";"5"
"MU";"5207352";"Edealina (GO)";"Total";"2230";"1054";"5";"-";"-";"128";"133";"-";"-"
"MU";"5207402";"Edéia (GO)";"Total";"6215";"2898";"126";"9";"-";"192";"671";"-";"5"
"MU";"5207501";"Estrela do Norte (GO)";"Total";"1967";"637";"3";"-";"-";"2";"191";"-";"3"
"MU";"5207535";"Faina (GO)";"Total";"3975";"1819";"46";"15";"-";"48";"376";"-";"10"
"MU";"5207600";"Fazenda Nova (GO)";"Total";"2947";"1830";"40";"-";"-";"110";"353";"-";"-"
"MU";"5207808";"Firminópolis (GO)";"Total";"6065";"2851";"16";"4";"-";"113";"179";"-";"5"
"MU";"5207907";"Flores de Goiás (GO)";"Total";"7169";"3916";"62";"55";"14";"191";"333";"-";"-"
"MU";"5208004";"Formosa (GO)";"Total";"65554";"23680";"1660";"440";"-";"3130";"4563";"13";"78"
"MU";"5208103";"Formoso (GO)";"Total";"2699";"1191";"4";"3";"-";"41";"184";"-";"-"
"MU";"5208152";"Gameleira de Goiás (GO)";"Total";"2046";"836";"6";"2";"-";"55";"77";"-";"-"
"MU";"5208301";"Divinópolis de Goiás (GO)";"Total";"2752";"956";"-";"-";"-";"105";"79";"-";"-"
"MU";"5208400";"Goianápolis (GO)";"Total";"5964";"4580";"84";"23";"-";"587";"736";"-";"-"
"MU";"5208509";"Goiandira (GO)";"Total";"2266";"1037";"251";"12";"-";"731";"173";"-";"6"
"MU";"5208608";"Goianésia (GO)";"Total";"38495";"20769";"232";"40";"-";"1033";"3511";"22";"52"
"MU";"5208707";"Goiânia (GO)";"Total";"591911";"429165";"46311";"9080";"232";"70683";"116651";"400";"833"
"MU";"5208806";"Goianira (GO)";"Total";"24293";"23972";"483";"288";"19";"3567";"7673";"76";"115"
"MU";"5208905";"Goiás (GO)";"Total";"13278";"5494";"601";"147";"-";"1010";"1077";"-";"-"
"MU";"5209101";"Goiatuba (GO)";"Total";"18246";"7783";"897";"49";"-";"927";"3343";"-";"65"
"MU";"5209150";"Gouvelândia (GO)";"Total";"2397";"782";"35";"-";"-";"60";"531";"-";"-"
"MU";"5209200";"Guapó (GO)";"Total";"7664";"5102";"130";"59";"12";"884";"2802";"-";"5"
"MU";"5209291";"Guaraíta (GO)";"Total";"649";"1195";"-";"-";"-";"50";"88";"-";"3"
"MU";"5209408";"Guarani de Goiás (GO)";"Total";"2817";"675";"-";"-";"-";"6";"54";"-";"-"
"MU";"5209457";"Guarinos (GO)";"Total";"1537";"298";"-";"-";"-";"15";"83";"-";"2"
"MU";"5209606";"Heitoraí (GO)";"Total";"1493";"1221";"38";"-";"-";"34";"215";"-";"-"
"MU";"5209705";"Hidrolândia (GO)";"Total";"12546";"7847";"762";"109";"-";"863";"1709";"-";"-"
"MU";"5209804";"Hidrolina (GO)";"Total";"2745";"392";"-";"-";"-";"16";"14";"-";"-"
"MU";"5209903";"Iaciara (GO)";"Total";"6980";"1688";"28";"-";"-";"101";"231";"-";"8"
"MU";"5209937";"Inaciolândia (GO)";"Total";"3306";"966";"67";"17";"-";"180";"680";"-";"-"
"MU";"5209952";"Indiara (GO)";"Total";"7795";"5119";"60";"-";"-";"477";"1393";"15";"-"
"MU";"5210000";"Inhumas (GO)";"Total";"26448";"14117";"1558";"151";"-";"1434";"2215";"-";"27"
"MU";"5210109";"Ipameri (GO)";"Total";"13990";"5582";"586";"31";"-";"586";"1632";"13";"40"
"MU";"5210158";"Ipiranga de Goiás (GO)";"Total";"1593";"899";"-";"-";"-";"31";"101";"-";"-"
"MU";"5210208";"Iporá (GO)";"Total";"17025";"11049";"271";"36";"-";"858";"2165";"-";"28"
"MU";"5210307";"Israelândia (GO)";"Total";"1430";"628";"-";"-";"-";"69";"185";"-";"6"
"MU";"5210406";"Itaberaí (GO)";"Total";"20758";"12623";"440";"216";"-";"2031";"2396";"-";"100"
"MU";"5210562";"Itaguari (GO)";"Total";"2650";"1471";"38";"16";"-";"33";"213";"-";"5"
"MU";"5210604";"Itaguaru (GO)";"Total";"2526";"1614";"8";"9";"-";"79";"180";"-";"-"
"MU";"5210802";"Itajá (GO)";"Total";"2042";"1163";"126";"19";"-";"70";"454";"-";"-"
"MU";"5210901";"Itapaci (GO)";"Total";"12248";"4843";"81";"36";"-";"246";"826";"-";"9"
"MU";"5211008";"Itapirapuã (GO)";"Total";"4004";"2408";"88";"15";"-";"131";"403";"-";"16"
"MU";"5211206";"Itapuranga (GO)";"Total";"10174";"10812";"65";"12";"-";"544";"1664";"-";"31"
"MU";"5211305";"Itarumã (GO)";"Total";"3562";"1222";"87";"16";"-";"190";"189";"19";"-"
"MU";"5211404";"Itauçu (GO)";"Total";"4557";"1942";"103";"31";"-";"57";"230";"-";"-"
"MU";"5211503";"Itumbiara (GO)";"Total";"50667";"18906";"7387";"679";"12";"3266";"13017";"22";"83"
"MU";"5211602";"Ivolândia (GO)";"Total";"1710";"626";"1";"-";"-";"27";"36";"-";"-"
"MU";"5211701";"Jandaia (GO)";"Total";"2808";"1946";"12";"2";"-";"170";"655";"4";"-"
"MU";"5211800";"Jaraguá (GO)";"Total";"25805";"11934";"165";"10";"-";"373";"967";"-";"31"
"MU";"5211909";"Jataí (GO)";"Total";"39856";"28031";"6768";"341";"-";"3628";"12875";"24";"74"
"MU";"5212006";"Jaupaci (GO)";"Total";"1311";"924";"-";"-";"-";"30";"362";"-";"-"
"MU";"5212055";"Jesúpolis (GO)";"Total";"1521";"261";"-";"-";"-";"36";"34";"-";"2"
"MU";"5212105";"Joviânia (GO)";"Total";"3642";"1793";"51";"19";"-";"188";"575";"-";"-"
"MU";"5212204";"Jussara (GO)";"Total";"9442";"5608";"235";"15";"-";"527";"1416";"-";"-"
"MU";"5212253";"Lagoa Santa (GO)";"Total";"489";"443";"2";"-";"-";"34";"207";"-";"-"
"MU";"5212303";"Leopoldo de Bulhões (GO)";"Total";"4666";"2091";"116";"36";"-";"254";"431";"-";"39"
"MU";"5212501";"Luziânia (GO)";"Total";"94939";"57310";"1914";"1311";"23";"5236";"15754";"20";"229"
"MU";"5212600";"Mairipotaba (GO)";"Total";"1411";"532";"72";"7";"-";"42";"239";"-";"-"
"MU";"5212709";"Mambaí (GO)";"Total";"3917";"2459";"-";"5";"-";"59";"289";"-";"11"
"MU";"5212808";"Mara Rosa (GO)";"Total";"6126";"2597";"53";"23";"-";"106";"459";"-";"-"
"MU";"5212907";"Marzagão (GO)";"Total";"1110";"830";"14";"2";"-";"87";"334";"-";"-"
"MU";"5212956";"Matrinchã (GO)";"Total";"2159";"1123";"5";"-";"-";"71";"207";"-";"-"
"MU";"5213004";"Maurilândia (GO)";"Total";"5045";"2401";"26";"-";"-";"191";"1164";"-";"-"
"MU";"5213053";"Mimoso de Goiás (GO)";"Total";"1078";"788";"-";"-";"-";"50";"219";"2";"124"
"MU";"5213087";"Minaçu (GO)";"Total";"13100";"8754";"207";"-";"-";"338";"1086";"50";"82"
"MU";"5213103";"Mineiros (GO)";"Total";"36904";"14651";"646";"401";"-";"1854";"4869";"24";"62"
"MU";"5213400";"Moiporá (GO)";"Total";"904";"538";"-";"-";"-";"12";"51";"-";"4"
"MU";"5213509";"Monte Alegre de Goiás (GO)";"Total";"4060";"1270";"-";"3";"-";"111";"128";"-";"-"
"MU";"5213707";"Montes Claros de Goiás (GO)";"Total";"4567";"2454";"38";"-";"-";"190";"433";"-";"-"
"MU";"5213756";"Montividiu (GO)";"Total";"5840";"3369";"69";"-";"-";"229";"1213";"-";"-"
"MU";"5213772";"Montividiu do Norte (GO)";"Total";"2127";"1136";"-";"-";"-";"3";"11";"-";"9"
"MU";"5213806";"Morrinhos (GO)";"Total";"26010";"11752";"1882";"125";"-";"1793";"3298";"-";"19"
"MU";"5213855";"Morro Agudo de Goiás (GO)";"Total";"1302";"740";"-";"4";"-";"22";"101";"-";"-"
"MU";"5213905";"Mossâmedes (GO)";"Total";"2821";"1115";"44";"-";"-";"77";"117";"-";"-"
"MU";"5214002";"Mozarlândia (GO)";"Total";"7102";"4142";"60";"-";"-";"472";"762";"-";"11"
"MU";"5214051";"Mundo Novo (GO)";"Total";"3210";"1674";"2";"5";"-";"38";"517";"-";"-"
"MU";"5214101";"Mutunópolis (GO)";"Total";"1868";"1019";"12";"-";"-";"43";"196";"-";"-"
"MU";"5214408";"Nazário (GO)";"Total";"4058";"2489";"32";"34";"-";"140";"356";"-";"-"
"MU";"5214507";"Nerópolis (GO)";"Total";"15582";"8096";"676";"58";"-";"916";"1951";"10";"-"
"MU";"5214606";"Niquelândia (GO)";"Total";"18318";"10469";"171";"84";"-";"531";"1338";"9";"65"
"MU";"5214705";"Nova América (GO)";"Total";"1469";"548";"-";"-";"-";"24";"18";"-";"-"
"MU";"5214804";"Nova Aurora (GO)";"Total";"1208";"294";"157";"11";"-";"21";"187";"-";"-"
"MU";"5214838";"Nova Crixás (GO)";"Total";"5997";"3779";"34";"-";"-";"162";"1011";"6";"-"
"MU";"5214861";"Nova Glória (GO)";"Total";"3695";"3105";"-";"5";"-";"254";"332";"-";"33"
"MU";"5214879";"Nova Iguaçu de Goiás (GO)";"Total";"1650";"823";"-";"-";"-";"29";"91";"-";"-"
"MU";"5214903";"Nova Roma (GO)";"Total";"2119";"438";"-";"-";"-";"67";"47";"-";"-"
"MU";"5215009";"Nova Veneza (GO)";"Total";"6217";"1686";"95";"11";"-";"119";"200";"6";"-"
"MU";"5215207";"Novo Brasil (GO)";"Total";"1848";"997";"-";"-";"-";"165";"137";"-";"-"
"MU";"5215231";"Novo Gama (GO)";"Total";"38146";"32869";"941";"743";"-";"3964";"10354";"21";"43"
"MU";"5215256";"Novo Planalto (GO)";"Total";"1538";"814";"-";"8";"-";"432";"454";"-";"-"
"MU";"5215306";"Orizona (GO)";"Total";"11203";"2442";"59";"11";"-";"132";"588";"-";"3"
"MU";"5215405";"Ouro Verde de Goiás (GO)";"Total";"2829";"592";"28";"-";"-";"52";"65";"-";"-"
"MU";"5215504";"Ouvidor (GO)";"Total";"3892";"1635";"118";"-";"-";"423";"305";"-";"13"
"MU";"5215603";"Padre Bernardo (GO)";"Total";"16012";"10619";"188";"65";"-";"554";"2032";"158";"43"
"MU";"5215652";"Palestina de Goiás (GO)";"Total";"960";"1534";"-";"4";"-";"51";"201";"-";"-"
"MU";"5215702";"Palmeiras de Goiás (GO)";"Total";"11501";"11515";"193";"108";"-";"1230";"2693";"19";"-"
"MU";"5215801";"Palmelo (GO)";"Total";"434";"543";"858";"40";"-";"39";"100";"-";"-"
"MU";"5215900";"Palminópolis (GO)";"Total";"1361";"1675";"-";"-";"-";"144";"223";"-";"-"
"MU";"5216007";"Panamá (GO)";"Total";"1611";"332";"62";"3";"-";"55";"129";"-";"-"
"MU";"5216304";"Paranaiguara (GO)";"Total";"4316";"1387";"162";"6";"4";"448";"455";"-";"23"
"MU";"5216403";"Paraúna (GO)";"Total";"5079";"2954";"71";"23";"-";"209";"1006";"-";"-"
"MU";"5216452";"Perolândia (GO)";"Total";"1245";"819";"21";"2";"-";"161";"301";"-";"-"
"MU";"5216809";"Petrolina de Goiás (GO)";"Total";"6588";"1396";"8";"16";"-";"435";"121";"-";"6"
"MU";"5216908";"Pilar de Goiás (GO)";"Total";"1657";"342";"-";"-";"-";"17";"33";"-";"-"
"MU";"5217104";"Piracanjuba (GO)";"Total";"13472";"6013";"435";"42";"32";"749";"1446";"-";"49"
"MU";"5217203";"Piranhas (GO)";"Total";"6411";"3299";"84";"4";"-";"194";"349";"-";"-"
"MU";"5217302";"Pirenópolis (GO)";"Total";"16481";"4805";"220";"86";"-";"688";"1054";"-";"56"
"MU";"5217401";"Pires do Rio (GO)";"Total";"14840";"9373";"624";"13";"-";"608";"2922";"26";"31"
"MU";"5217609";"Planaltina (GO)";"Total";"42424";"30404";"1017";"645";"-";"3190";"10408";"66";"142"
"MU";"5217708";"Pontalina (GO)";"Total";"11015";"3393";"393";"100";"-";"693";"722";"3";"-"
"MU";"5218003";"Porangatu (GO)";"Total";"24903";"11236";"234";"39";"-";"553";"1544";"-";"41"
"MU";"5218052";"Porteirão (GO)";"Total";"2065";"1030";"9";"7";"-";"54";"293";"-";"-"
"MU";"5218102";"Portelândia (GO)";"Total";"2109";"557";"20";"9";"-";"38";"104";"-";"-"
"MU";"5218300";"Posse (GO)";"Total";"22422";"5619";"178";"60";"-";"490";"888";"14";"-"
"MU";"5218391";"Professor Jamil (GO)";"Total";"1453";"913";"473";"3";"-";"49";"336";"-";"-"
"MU";"5218508";"Quirinópolis (GO)";"Total";"26991";"9193";"865";"105";"7";"1111";"3929";"-";"28"
"MU";"5218607";"Rialma (GO)";"Total";"5730";"3600";"66";"-";"4";"456";"787";"-";"-"
"MU";"5218706";"Rianápolis (GO)";"Total";"2485";"867";"11";"-";"-";"49";"116";"-";"-"
"MU";"5218789";"Rio Quente (GO)";"Total";"2042";"791";"39";"21";"-";"130";"325";"-";"5"
"MU";"5218805";"Rio Verde (GO)";"Total";"108223";"53450";"4684";"722";"20";"9166";"16831";"3";"64"
"MU";"5218904";"Rubiataba (GO)";"Total";"11669";"4896";"125";"-";"-";"215";"570";"-";"-"
"MU";"5219001";"Sanclerlândia (GO)";"Total";"3554";"2928";"16";"10";"-";"108";"409";"-";"-"
"MU";"5219100";"Santa Bárbara de Goiás (GO)";"Total";"2578";"1711";"256";"3";"-";"182";"626";"-";"-"
"MU";"5219209";"Santa Cruz de Goiás (GO)";"Total";"1939";"478";"88";"10";"3";"52";"105";"3";"-"
"MU";"5219258";"Santa Fé de Goiás (GO)";"Total";"2341";"1533";"4";"-";"-";"101";"300";"4";"-"
"MU";"5219308";"Santa Helena de Goiás (GO)";"Total";"19941";"9015";"718";"109";"-";"1018";"2854";"-";"13"
"MU";"5219357";"Santa Isabel (GO)";"Total";"1877";"1052";"-";"-";"-";"4";"213";"-";"6"
"MU";"5219407";"Santa Rita do Araguaia (GO)";"Total";"3409";"1154";"81";"22";"-";"97";"367";"-";"-"
"MU";"5219456";"Santa Rita do Novo Destino (GO)";"Total";"1540";"709";"-";"2";"-";"37";"91";"-";"-"
"MU";"5219506";"Santa Rosa de Goiás (GO)";"Total";"2207";"281";"3";"-";"-";"2";"29";"-";"12"
"MU";"5219605";"Santa Tereza de Goiás (GO)";"Total";"1868";"841";"-";"-";"-";"47";"176";"-";"-"
"MU";"5219704";"Santa Terezinha de Goiás (GO)";"Total";"6436";"2608";"21";"4";"-";"104";"105";"-";"17"
"MU";"5219712";"Santo Antônio da Barra (GO)";"Total";"2151";"943";"-";"-";"-";"87";"551";"-";"-"
"MU";"5219738";"Santo Antônio de Goiás (GO)";"Total";"3083";"2303";"101";"7";"-";"233";"658";"-";"3"
"MU";"5219753";"Santo Antônio do Descoberto (GO)";"Total";"28151";"22108";"721";"643";"-";"2274";"6213";"32";"165"
"MU";"5219803";"São Domingos (GO)";"Total";"6338";"1641";"11";"9";"-";"83";"308";"-";"10"
"MU";"5219902";"São Francisco de Goiás (GO)";"Total";"3891";"1431";"44";"3";"-";"40";"141";"-";"-"
"MU";"5220009";"São João d'Aliança (GO)";"Total";"6749";"3594";"238";"11";"6";"500";"555";"12";"12"
"MU";"5220058";"São João da Paraúna (GO)";"Total";"933";"326";"20";"-";"-";"39";"261";"-";"-"
"MU";"5220108";"São Luís de Montes Belos (GO)";"Total";"15000";"11622";"270";"45";"-";"921";"1924";"-";"-"
"MU";"5220157";"São Luiz do Norte (GO)";"Total";"2674";"1367";"9";"1";"-";"66";"68";"-";"-"
"MU";"5220207";"São Miguel do Araguaia (GO)";"Total";"10504";"6987";"64";"35";"-";"504";"1197";"-";"-"
"MU";"5220264";"São Miguel do Passa Quatro (GO)";"Total";"2436";"1177";"32";"29";"3";"96";"171";"-";"-"
"MU";"5220280";"São Patrício (GO)";"Total";"1216";"569";"2";"-";"-";"52";"45";"2";"8"
"MU";"5220405";"São Simão (GO)";"Total";"8526";"3946";"484";"33";"12";"329";"1587";"-";"-"
"MU";"5220454";"Senador Canedo (GO)";"Total";"51428";"49966";"2006";"694";"13";"10619";"15655";"62";"23"
"MU";"5220504";"Serranópolis (GO)";"Total";"2748";"2603";"143";"16";"-";"153";"1236";"8";"-"
"MU";"5220603";"Silvânia (GO)";"Total";"13383";"3941";"895";"101";"1";"286";"838";"-";"34"
"MU";"5220686";"Simolândia (GO)";"Total";"3942";"883";"3";"-";"-";"22";"92";"-";"22"
"MU";"5220702";"Sítio d'Abadia (GO)";"Total";"1957";"462";"23";"2";"-";"29";"55";"-";"4"
"MU";"5221007";"Taquaral de Goiás (GO)";"Total";"2245";"1165";"50";"3";"-";"92";"27";"-";"-"
"MU";"5221080";"Teresina de Goiás (GO)";"Total";"1537";"507";"25";"-";"-";"113";"35";"-";"-"
"MU";"5221197";"Terezópolis de Goiás (GO)";"Total";"3434";"2241";"143";"24";"-";"317";"695";"-";"30"
"MU";"5221304";"Três Ranchos (GO)";"Total";"1318";"572";"214";"39";"-";"24";"436";"-";"-"
"MU";"5221403";"Trindade (GO)";"Total";"58061";"44894";"1417";"527";"-";"7317";"9371";"19";"85"
"MU";"5221452";"Trombas (GO)";"Total";"1872";"851";"4";"-";"-";"23";"23";"-";"-"
"MU";"5221502";"Turvânia (GO)";"Total";"2130";"1500";"13";"-";"-";"79";"251";"-";"-"
"MU";"5221551";"Turvelândia (GO)";"Total";"2507";"1334";"4";"-";"-";"78";"317";"-";"-"
"MU";"5221577";"Uirapuru (GO)";"Total";"1548";"787";"-";"-";"-";"34";"101";"-";"4"
"MU";"5221601";"Uruaçu (GO)";"Total";"23986";"9775";"395";"69";"51";"895";"1789";"-";"42"
"MU";"5221700";"Uruana (GO)";"Total";"6687";"4934";"173";"5";"-";"102";"316";"-";"-"
"MU";"5221809";"Urutaí (GO)";"Total";"1920";"778";"110";"-";"-";"70";"240";"-";"-"
"MU";"5221858";"Valparaíso de Goiás (GO)";"Total";"77365";"58028";"2674";"1708";"-";"10176";"17715";"28";"188"
"MU";"5221908";"Varjão (GO)";"Total";"1702";"1106";"12";"-";"-";"31";"446";"-";"2"
"MU";"5222005";"Vianópolis (GO)";"Total";"8312";"3294";"151";"38";"-";"280";"864";"-";"-"
"MU";"5222054";"Vicentinópolis (GO)";"Total";"4485";"2536";"21";"37";"-";"32";"429";"-";"-"
"MU";"5222203";"Vila Boa (GO)";"Total";"2226";"733";"18";"4";"-";"127";"437";"-";"-"
"MU";"5222302";"Vila Propício (GO)";"Total";"2934";"1761";"5";"7";"-";"40";"274";"-";"-"
"MU";"5300108";"Brasília (DF)";"Total";"1226753";"720363";"80611";"20995";"582";"120759";"277831";"15089";"3180"
"Fonte: IBGE - Censo Demográfico"

"Notas"
"1 - Dados dos Resultados preliminares da amostra, estimados a partir de áreas de ponderação preliminares;"
"2 - A categoria Total de ""religião"" inclui as pessoas sem declaração de religião e as pessoas a respeito das quais o informante não sabia a religião; e"
"3 - A categoria Umbanda e Candomblé de ""religião"" inclui outras religiões afrobrasileiras."
""
"Legenda"
"Símbolo";"Significado"
"-";"Zero absoluto, não resultante de um cálculo ou arredondamento.
Ex: Em determinado município não existem pessoas de 14 anos de idade sem instrução."
"0";"Zero resultante de um cálculo ou arredondamento.
Ex: A inflação do feijão em determinada Região Metropolitana foi 0.
Determinado município produziu 400 kg de sementes de girassol e os dados da tabela são expressos em toneladas."
"X";"Valor inibido para não identificar o informante.
Ex: Determinado município só possui uma empresa produtora de cimento, logo o valor de sua produção deve ser inibido."
"..";"Valor não se aplica.
Ex: Não se pode obter o total da produção agrícola em determinado município quando os produtos agrícolas são contabilizados com unidades de medida distintas."
"...";"Valor não disponível.
Ex: A produção de feijão em determinado município não foi pesquisada ou determinado município não existia no ano da pesquisa."
"A a Z
(exceto X)";"Significa uma faixa de valores. Varia em função da tabela (se for o caso).
Ex: O nível de precisão da produção estimada de combustíveis está na faixa A (95 a 100%)"
