uf;municipio;lat;long;population;catolica-apostolica-romana;evangelicas;espirita;umbanda-e-candomble;tradicoes-indigenas;outras-religiosidades;sem-religiao;nao-sabe;sem-declaracao
RO;Alta Floresta d'Oeste;-11.9355403048;-61.9998238963;18408;50.261;35.691;0.429;0.0;0.0;3.205;10.37;0.0;0.043
RO;Ariquemes;-9.9084628666;-63.033269278;82612;34.177;42.326;0.454;0.184;0.033;4.361;18.351;0.0;0.115
RO;Cabixi;-13.4997634597;-60.5443135812;4669;56.8;36.41;0.0;0.086;0.0;2.249;4.305;0.0;0.15
RO;Cacoal;-11.4338650287;-61.4429442118;75262;38.577;43.156;0.946;0.171;0.019;4.2;12.458;0.037;0.436
RO;Cerejeiras;-13.195033032;-60.8184261647;13576;49.948;39.747;0.162;0.066;0.029;1.598;8.419;0.029;0.0
RO;Colorado do Oeste;-13.1305638415;-60.5550674631;13626;55.519;35.895;0.235;0.0;0.0;1.299;6.972;0.0;0.081
RO;Corumbiara;-12.9975202365;-60.9487011707;6464;57.998;34.545;0.0;0.031;0.093;0.48;6.853;0.0;0.0
RO;Costa Marques;-12.4360138777;-64.2316539391;10528;48.699;40.017;0.161;0.095;0.0;1.444;9.422;0.161;0.0
RO;Espigão d'Oeste;-11.5285546333;-61.0201731133;25166;34.706;49.122;0.079;0.0;0.004;1.991;12.58;0.0;1.518
RO;Guajará-Mirim;-10.7738837407;-65.3239518197;32489;44.698;40.334;0.348;0.215;0.0;2.844;10.714;0.428;0.419
RO;Jaru;-10.4359487679;-62.4762307081;43291;42.674;45.571;0.127;0.15;0.042;2.557;8.556;0.0;0.323
RO;Ji-Paraná;-10.8820513183;-61.9450945827;106396;33.427;45.734;0.391;0.07;0.218;4.495;14.949;0.35;0.367
RO;Machadinho d'Oeste;-9.42556248;-61.9995925724;25880;30.719;47.442;0.116;0.0;0.0;2.79;18.895;0.0;0.039
RO;Nova Brasilândia d'Oeste;-11.7213254139;-62.308230163;13626;49.457;38.25;0.0;0.088;0.0;2.356;9.849;0.0;0.0
RO;Ouro Preto do Oeste;-10.7235739008;-62.2610551904;30417;42.184;37.874;0.355;0.237;0.0;2.324;16.925;0.0;0.102
RO;Pimenta Bueno;-11.67753699;-61.1836656736;30118;44.067;41.324;0.262;0.063;0.0;2.583;11.571;0.04;0.09
RO;Porto Velho;-8.76889179;-63.8314456544;391997;40.446;38.656;1.022;0.671;0.064;5.846;13.065;0.081;0.148
RO;Presidente Médici;-11.1732050162;-61.9094386835;16810;50.97;39.31;0.095;0.0;0.0;3.147;6.478;0.0;0.0
RO;Rio Crespo;-9.7055367097;-62.900010366;2979;40.383;44.176;0.235;0.0;0.0;1.645;12.353;0.0;1.208
RO;Rolim de Moura;-11.7222589134;-61.7857809352;48480;37.71;41.002;0.45;0.134;0.0;1.759;18.581;0.0;0.363
RO;Santa Luzia d'Oeste;-11.9084233325;-61.7733054631;6480;51.296;37.269;0.046;0.046;0.0;1.62;9.676;0.0;0.046
RO;Vilhena;-12.7413734718;-60.1385838661;81732;39.65;41.735;0.833;0.332;0.026;6.328;10.911;0.006;0.179
RO;São Miguel do Guaporé;-11.6994897438;-62.7200634814;18375;44.974;40.577;0.169;0.0;0.0;2.264;11.995;0.0;0.022
RO;Nova Mamoré;-10.4117712947;-65.3291490231;21071;40.658;42.414;0.237;0.033;0.0;3.094;12.838;0.0;0.726
RO;Alvorada d'Oeste;-11.3441300234;-62.2772748657;11387;55.326;35.303;0.114;0.0;0.307;1.352;7.192;0.0;0.404
RO;Alto Alegre dos Parecis;-12.1317772246;-61.8530771686;9744;48.091;40.887;0.051;0.051;0.0;0.893;9.965;0.0;0.062
RO;Alto Paraíso;-9.7166667381;-63.3176294335;13903;50.176;37.74;0.633;0.259;0.0;1.518;9.012;0.0;0.662
RO;Buritis;-10.2098054072;-63.8296787918;23708;37.148;45.546;0.316;0.084;0.0;1.907;14.999;0.0;0.0
RO;Novo Horizonte do Oeste;-11.70974292;-61.9943876628;6691;50.052;43.626;0.0;0.0;0.0;0.837;5.41;0.0;0.075
RO;Cacaulândia;-10.3388728394;-62.9031899346;3545;49.252;35.684;0.0;0.0;0.0;1.834;13.145;0.0;0.085
RO;Campo Novo de Rondônia;-10.5684164693;-63.6249914265;7517;41.227;46.934;0.186;0.186;0.0;2.74;8.727;0.0;0.0
RO;Candeias do Jamari;-8.7850207035;-63.7000200718;18591;34.205;45.856;0.446;0.054;0.21;3.652;15.352;0.0;0.226
RO;Castanheiras;-11.4268422255;-61.9491611965;2805;50.303;36.399;0.0;0.107;0.0;2.389;10.695;0.107;0.0
RO;Chupinguaia;-12.5568407611;-60.90184775;7773;46.134;37.103;0.129;0.0;0.013;1.299;15.322;0.0;0.0
RO;Cujubim;-9.3781933991;-62.5871745319;12356;34.388;40.636;0.057;0.057;0.0;2.792;22.07;0.0;0.0
RO;Governador Jorge Teixeira;-10.6120717726;-62.7404576395;6863;54.189;34.475;0.16;0.058;1.093;1.69;7.854;0.087;0.393
RO;Itapuã do Oeste;-9.1918716753;-63.1823370165;7092;32.967;40.525;0.183;0.268;0.0;2.27;23.576;0.0;0.212
RO;Ministro Andreazza;-11.1962379842;-61.5189219301;5720;49.301;41.696;0.0;0.0;0.0;1.224;7.675;0.0;0.105
RO;Mirante da Serra;-11.0456092899;-62.6694270953;8019;41.327;44.02;0.0;0.0;1.347;1.621;11.622;0.0;0.062
RO;Monte Negro;-10.2630977559;-63.2955591672;9942;43.05;42.265;0.111;0.06;0.0;1.74;12.774;0.0;0.0
RO;Nova União;-10.9155320417;-62.5550893989;5410;50.961;38.17;0.0;0.037;0.0;0.961;9.871;0.0;0.0
RO;Parecis;-12.1798270507;-61.5979979727;3526;46.001;42.598;0.0;0.0;0.624;5.615;4.821;0.0;0.34
RO;Pimenteiras do Oeste;-13.4765620025;-61.0443790025;1800;61.444;27.889;0.0;0.0;0.5;1.444;8.722;0.0;0.0
RO;Primavera de Rondônia;-11.8257069542;-61.3165462429;2639;56.158;33.649;0.493;0.0;0.0;2.501;7.048;0.0;0.152
RO;São Felipe d'Oeste;-11.9143893547;-61.5125081133;4646;56.974;34.137;0.0;0.0;0.0;0.667;8.222;0.0;0.0
RO;São Francisco do Guaporé;-12.0637984122;-63.5708647108;13670;42.875;44.199;0.0;0.051;0.08;1.653;10.973;0.0;0.168
RO;Seringueiras;-11.7671166356;-63.0387609977;9517;49.711;40.202;0.179;0.0;0.0;0.872;8.889;0.053;0.095
RO;Teixeirópolis;-10.932169286;-62.255922254;3706;44.441;42.58;0.0;0.135;0.0;1.538;10.604;0.0;0.702
RO;Theobroma;-10.248730552;-62.3451455299;7059;44.397;39.028;0.354;0.0;0.0;2.125;14.095;0.0;0.0
RO;Urupá;-11.1285452757;-62.3706324538;9271;45.313;44.386;0.129;0.0;0.0;2.589;6.957;0.0;0.626
RO;Vale do Anari;-9.8513927081;-62.1768234421;6675;44.644;46.022;0.24;0.0;0.0;2.112;6.891;0.0;0.09
RO;Vale do Paraíso;-10.4310526846;-62.1343903568;5685;49.551;34.406;0.053;0.0;0.0;0.686;15.303;0.0;0.0
AC;Acrelândia;-10.0737938925;-67.05231658;11432;36.984;48.303;0.236;0.052;0.0;3.429;10.759;0.236;0.0
AC;Assis Brasil;-10.9428656809;-69.5634591747;6394;41.132;41.789;0.125;0.0;0.063;2.94;13.904;0.0;0.047
AC;Brasiléia;-11.0164110191;-68.747943426;21387;43.031;38.449;0.108;0.145;0.047;4.535;13.686;0.0;0.0
AC;Bujari;-9.8200196267;-67.9518592792;10627;29.199;53.515;0.508;0.188;0.0;2.964;13.579;0.0;0.047
AC;Capixaba;-10.5697677088;-67.6735079719;8595;32.542;45.829;0.268;0.0;0.0;3.851;17.51;0.0;0.0
AC;Cruzeiro do Sul;-7.630690005;-72.6725313174;75641;46.259;44.91;0.3;0.116;0.715;1.605;6.042;0.0;0.053
AC;Epitaciolândia;-11.028239828;-68.7448680667;15403;43.92;38.051;0.26;0.026;0.084;4.96;12.562;0.0;0.136
AC;Feijó;-8.16024753;-70.3539836082;27743;46.3;39.437;0.166;0.029;4.873;2.206;6.676;0.007;0.306
AC;Jordão;-9.1933578598;-71.9508751248;6629;65.183;23.789;1.116;0.0;0.015;3.862;5.28;0.0;0.754
AC;Mâncio Lima;-7.5932225939;-72.9165010261;15616;49.693;44.339;0.205;0.032;0.365;1.223;3.548;0.109;0.487
AC;Manoel Urbano;-8.8363177369;-69.2599445775;9489;30.098;52.197;0.0;0.0;0.169;1.054;16.366;0.116;0.0
AC;Marechal Thaumaturgo;-8.9535911232;-72.7902659087;13132;55.3;41.228;0.267;0.0;0.312;1.835;0.883;0.0;0.175
AC;Plácido de Castro;-10.3351332827;-67.1882600862;13637;40.551;45.076;0.044;0.103;0.0;3.439;10.787;0.0;0.0
AC;Porto Walter;-8.2666663628;-72.7423339648;8254;67.107;31.633;0.0;0.0;0.036;0.0;1.224;0.0;0.0
AC;Rio Branco;-9.9782987527;-67.8105287004;308725;30.51;47.122;0.918;0.414;0.007;6.051;14.842;0.013;0.124
AC;Rodrigues Alves;-7.7336020337;-72.6478549142;12022;44.227;49.734;0.042;0.1;0.133;1.822;3.943;0.0;0.0
AC;Santa Rosa do Purus;-9.4434065374;-70.4864968938;4809;31.108;47.702;0.125;0.042;7.361;9.378;4.284;0.0;0.0
AC;Senador Guiomard;-10.1481735862;-67.74317236;17912;37.857;47.834;0.128;0.491;0.0;3.679;9.96;0.0;0.05
AC;Sena Madureira;-9.065339505;-68.6556840617;33913;52.876;36.927;0.038;0.08;0.015;1.775;8.262;0.0;0.027
AC;Tarauacá;-8.1556685918;-70.7555010629;34011;54.823;32.833;0.688;0.029;2.202;2.302;6.965;0.0;0.156
AC;Xapuri;-10.6520719403;-68.506294805;15015;48.298;41.472;0.16;0.027;0.04;1.745;8.258;0.0;0.0
AC;Porto Acre;-9.6008582312;-67.5405900835;13729;35.567;50.426;0.422;0.211;0.0;2.222;10.314;0.0;0.838
AM;Alvarães;-3.2165837691;-64.8135346776;12114;54.994;40.961;0.041;0.0;0.0;0.784;3.013;0.157;0.05
AM;Amaturá;-3.3668051875;-68.2096146409;8068;41.001;41.311;0.0;0.074;0.359;16.237;0.992;0.0;0.025
AM;Anamã;-3.5763704269;-61.4059034798;7898;56.331;39.162;0.0;0.101;0.0;1.127;3.279;0.0;0.0
AM;Anori;-3.7453855861;-61.6589553829;13702;47.548;48.65;0.307;0.007;0.0;0.868;2.445;0.0;0.175
AM;Apuí;-7.1978701516;-59.8856661047;17050;50.616;38.029;0.035;0.0;0.0;2.065;9.161;0.094;0.0
AM;Atalaia do Norte;-4.3661574897;-70.1879892845;11295;25.843;23.984;0.089;0.097;18.61;4.161;26.197;0.0;1.018
AM;Autazes;-3.5786636418;-59.1335670918;32547;37.844;48.72;0.098;0.037;0.031;3.174;9.666;0.028;0.402
AM;Barcelos;-0.9728010525;-62.9256696581;14235;49.652;26.456;0.049;0.091;20.499;1.412;1.419;0.0;0.421
AM;Barreirinha;-2.7981498369;-57.0677504899;24247;72.162;24.358;0.033;0.033;0.0;1.856;1.415;0.0;0.144
AM;Benjamin Constant;-4.3749890186;-70.0273484333;28472;46.628;37.036;0.098;0.098;0.534;12.187;3.161;0.007;0.249
AM;Beruri;-3.8945134098;-61.3715708917;15746;41.249;51.689;0.0;0.0;0.203;2.909;3.95;0.0;0.0
AM;Boa Vista do Ramos;-2.9717265316;-57.5877073465;18773;74.559;22.863;0.107;0.085;0.0;0.858;1.497;0.032;0.0
AM;Boca do Acre;-8.7512431961;-67.3995777567;29214;41.562;44.438;0.164;0.048;0.188;3.598;9.869;0.0;0.133
AM;Borba;-4.3906198915;-59.5945590195;26148;58.219;37.441;0.0;0.069;0.004;1.675;2.444;0.099;0.05
AM;Caapiranga;-3.3300933919;-61.2113341332;10868;39.087;48.804;0.0;0.0;0.0;2.236;9.845;0.028;0.0
AM;Canutama;-6.5291060758;-64.3942308189;13894;56.06;38.535;0.022;0.036;0.079;0.641;3.764;0.741;0.122
AM;Carauari;-4.8816659042;-66.8966352817;22739;45.49;46.827;0.04;0.004;0.506;0.651;6.381;0.057;0.044
AM;Careiro;-3.82244727;-60.3638098437;25083;38.931;50.006;0.116;0.315;0.0;2.587;7.83;0.0;0.215
AM;Careiro da Várzea;-3.1973965949;-59.8263140608;16121;49.091;43.775;0.0;0.0;0.0;0.502;6.364;0.037;0.23
AM;Coari;-4.0842191588;-63.1421839841;56061;51.11;43.533;0.107;0.021;0.045;1.35;3.767;0.02;0.046
AM;Codajás;-3.8430459327;-62.0634296605;18690;48.523;47.758;0.054;0.0;0.0;0.642;2.857;0.0;0.166
AM;Eirunepé;-6.6673525669;-69.8662902624;26020;61.514;31.537;0.05;0.0;1.587;1.118;4.001;0.058;0.135
AM;Envira;-7.439817544;-70.030412543;13318;58.192;32.595;0.766;0.0;1.089;2.245;4.821;0.128;0.165
AM;Fonte Boa;-2.5122706845;-66.0965029898;20114;60.346;36.403;0.0;0.0;0.144;0.547;2.516;0.0;0.045
AM;Guajará;-7.5477744148;-72.5824305383;11059;55.602;37.336;0.298;0.045;0.0;0.534;6.185;0.0;0.0
AM;Humaitá;-7.5122249506;-63.0266980219;46282;65.766;25.939;0.084;0.123;2.342;1.77;3.894;0.06;0.022
AM;Ipixuna;-7.0509801144;-71.6944180603;18402;69.607;20.313;0.043;0.005;0.446;1.31;7.901;0.033;0.342
AM;Iranduba;-3.2810538776;-60.1933881661;50038;36.079;47.462;0.15;0.444;0.044;7.26;8.172;0.168;0.222
AM;Itacoatiara;-3.1403788039;-58.4401754368;84964;47.238;41.154;0.111;0.102;0.032;2.275;8.865;0.102;0.121
AM;Itamarati;-6.4377993486;-68.247917436;8149;46.766;39.821;0.0;0.11;8.615;0.859;3.252;0.0;0.577
AM;Itapiranga;-2.7418427523;-58.034545884;8235;43.206;49.775;0.0;0.085;0.0;0.583;6.351;0.0;0.0
AM;Japurá;-1.8808448587;-66.9969034946;6538;41.756;45.824;0.0;0.0;0.122;0.765;10.951;0.031;0.551
AM;Juruá;-3.4748895989;-66.0630419255;8409;34.154;49.388;0.0;0.0;2.878;2.164;11.416;0.0;0.0
AM;Jutaí;-2.7446464469;-66.7713275467;18560;38.901;43.254;0.0;0.189;0.329;5.959;9.149;0.625;1.595
AM;Lábrea;-7.2619465533;-64.7947730275;36155;54.985;34.089;0.033;0.006;0.152;2.373;8.195;0.028;0.138
AM;Manacapuru;-3.2982780355;-60.6205894459;82404;36.859;51.775;0.129;0.024;0.086;3.542;7.523;0.045;0.017
AM;Manaquiri;-3.4290796694;-60.4588813064;13777;42.847;47.391;0.0;0.073;0.0;2.381;7.266;0.0;0.044
AM;Manaus;-3.1346914912;-60.0233351811;1739753;44.377;39.487;0.626;0.533;0.022;5.978;8.846;0.083;0.048
AM;Manicoré;-5.8132052612;-61.2992484089;42458;63.425;30.315;0.146;0.054;0.031;0.836;5.118;0.026;0.049
AM;Maraã;-1.8664368773;-65.5742837032;11572;47.14;46.924;0.0;0.0;0.017;0.372;5.159;0.06;0.328
AM;Maués;-3.3864279262;-57.7150343868;46863;66.208;30.709;0.0;0.036;0.0;0.939;1.916;0.092;0.1
AM;Nhamundá;-2.1889837669;-56.7167699133;15882;82.332;17.076;0.0;0.0;0.0;0.447;0.145;0.0;0.0
AM;Nova Olinda do Norte;-3.8875928319;-59.093074026;20972;54.988;40.993;0.0;0.124;0.0;1.86;1.898;0.095;0.043
AM;Novo Airão;-2.623432459;-60.9488107078;12398;38.482;42.934;0.339;0.0;1.678;3.654;12.76;0.153;0.0
AM;Novo Aripuanã;-5.1226693142;-60.377045669;19137;56.451;35.7;0.0;0.073;0.0;0.946;6.339;0.0;0.491
AM;Parintins;-2.6270525858;-56.7362921452;78596;73.59;22.394;0.139;0.229;0.0;1.066;2.54;0.014;0.028
AM;Pauini;-7.7140436443;-67.0020974885;15048;55.894;35.965;0.073;0.08;0.339;3.515;3.841;0.0;0.292
AM;Presidente Figueiredo;-2.0584290852;-60.0256468345;25067;34.208;49.551;0.227;0.148;1.472;5.701;8.473;0.068;0.152
AM;Rio Preto da Eva;-2.6933015416;-59.7047380942;20318;34.221;50.758;0.0;0.059;0.0;3.298;11.581;0.084;0.0
AM;Santa Isabel do Rio Negro;-0.4166948319;-65.0200226395;10535;68.078;16.811;0.038;0.0;11.894;0.636;0.256;0.0;2.288
AM;Santo Antônio do Içá;-3.1074863092;-67.9464851439;20874;27.58;50.723;0.0;0.029;0.144;13.251;7.814;0.134;0.326
AM;São Gabriel da Cachoeira;-0.1364627881;-67.0836428963;39271;64.103;28.978;0.102;0.089;0.087;1.204;2.129;0.104;3.203
AM;São Paulo de Olivença;-3.4665096235;-68.9448534881;23949;37.233;52.315;0.0;0.0;0.0;7.349;2.393;0.175;0.534
AM;São Sebastião do Uatumã;-2.5701525797;-57.8703463558;9077;37.039;48.353;0.0;0.088;0.0;2.358;12.163;0.0;0.0
AM;Silves;-2.8364274297;-58.2148008608;9062;61.179;34.22;0.0;0.055;0.0;0.728;3.642;0.0;0.177
AM;Tabatinga;-4.2318836756;-69.9462443752;51001;40.574;43.458;0.11;0.086;0.043;9.41;5.739;0.565;0.016
AM;Tapauá;-5.6242235178;-63.1870948672;15517;30.412;60.695;0.0;0.0;2.578;0.857;4.505;0.516;0.438
AM;Tefé;-3.3483724939;-64.7084196633;57722;42.173;49.205;0.126;0.059;0.019;2.412;5.932;0.012;0.062
AM;Tonantins;-2.8610912498;-67.7764822807;14282;57.352;30.934;0.0;0.035;0.0;6.449;0.763;0.0;4.467
AM;Uarini;-2.9836092427;-65.1553456402;11254;43.176;47.13;0.0;0.382;0.0;0.586;8.593;0.0;0.133
AM;Urucará;-2.5366116718;-57.7598281746;15286;62.901;33.017;0.052;0.026;0.0;1.74;2.139;0.098;0.026
AM;Urucurituba;-3.1346331156;-58.1596410413;19672;63.69;27.201;0.0;0.0;0.0;0.58;8.352;0.02;0.158
RR;Amajari;3.6521184454;-61.4205901727;10010;31.508;26.314;0.0;0.12;25.375;2.567;14.006;0.0;0.11
RR;Alto Alegre;2.9938229477;-61.3140223901;15236;29.279;20.694;0.138;0.046;23.549;2.75;23.464;0.0;0.079
RR;Boa Vista;2.8166819191;-60.670532673;339493;36.417;34.369;0.87;0.408;0.039;9.528;17.974;0.139;0.255
RR;Bonfim;3.3502886191;-59.8780066289;10330;51.462;32.759;0.106;0.426;0.155;10.823;3.988;0.039;0.242
RR;Cantá;2.6076663984;-60.6020628476;14584;47.758;34.984;0.473;0.329;0.0;3.415;12.781;0.0;0.261
RR;Caracaraí;1.8038712473;-61.1491768701;16374;40.986;39.123;0.128;0.061;2.803;2.26;14.376;0.0;0.263
RR;Caroebe;0.8726745072;-59.6948100737;8510;25.546;49.495;0.0;0.071;0.0;3.702;21.187;0.0;0.0
RR;Iracema;2.1682147652;-61.052258585;7926;39.087;33.712;0.0;0.038;8.491;2.94;15.216;0.202;0.315
RR;Mucajaí;2.4797722351;-60.9115185306;14465;44.694;30.971;0.124;0.041;1.293;2.717;20.118;0.0;0.041
RR;Normandia;3.8829782853;-59.6352062836;9617;53.208;34.98;0.0;0.0;3.983;3.639;3.931;0.26;0.0
RR;Pacaraima;4.4752593402;-61.1473063471;14172;35.5;40.502;0.332;0.078;0.106;8.256;10.563;0.0;4.664
RR;Rorainópolis;0.9371953936;-60.425060494;26201;38.124;38.762;0.302;0.038;1.427;2.237;19.072;0.0;0.038
RR;São João da Baliza;0.9471574275;-59.9060443452;7149;29.431;41.824;0.308;0.056;0.0;3.693;24.409;0.0;0.28
RR;São Luiz;1.0181116274;-60.0282667742;5971;45.001;32.876;0.0;0.084;0.0;4.756;17.133;0.0;0.151
RR;Uiramutã;4.5854403875;-60.195716148;8879;66.607;20.971;0.056;0.0;1.374;10.407;0.327;0.0;0.259
PA;Abaetetuba;-1.7234698628;-48.8844038207;133252;59.786;32.884;0.183;0.128;0.0;2.167;4.618;0.008;0.226
PA;Abel Figueiredo;-4.9513908955;-48.3967621258;5118;51.329;36.381;0.0;0.0;0.0;2.11;10.18;0.0;0.0
PA;Acará;-1.9634365;-48.2004564318;48744;45.866;45.259;0.0;0.064;0.016;0.757;7.95;0.0;0.088
PA;Afuá;-0.1591716938;-50.3914275892;29356;71.941;24.022;0.0;0.146;0.0;0.167;3.706;0.0;0.017
PA;Água Azul do Norte;-6.8049488674;-50.4852745073;14771;64.457;31.927;0.068;0.149;0.9;0.501;1.828;0.0;0.169
PA;Alenquer;-1.951397505;-54.7408623502;55368;69.262;25.556;0.0;0.027;0.018;0.737;4.089;0.052;0.258
PA;Almeirim;-1.5273388028;-52.5768350868;27418;61.467;32.034;0.102;0.069;0.026;1.736;4.293;0.0;0.274
PA;Altamira;-3.20565951;-52.2143763052;104521;44.282;38.389;0.406;0.425;0.088;4.625;11.574;0.036;0.175
PA;Anajás;-0.984451394;-49.9450010405;21074;51.167;45.43;0.047;0.0;0.0;0.636;2.719;0.0;0.0
PA;Ananindeua;-1.3687135683;-48.3720666542;416517;49.623;37.53;0.797;0.768;0.022;3.968;7.2;0.0;0.092
PA;Anapu;-3.4761046351;-51.2016217985;25426;39.157;43.597;0.075;0.216;0.031;2.344;14.233;0.0;0.346
PA;Augusto Corrêa;-1.02292101;-46.6416457857;36572;69.939;24.552;0.025;0.019;0.0;2.196;3.27;0.0;0.0
PA;Aurora do Pará;-2.1293760132;-47.5561746036;19546;69.073;28.067;0.046;0.056;0.01;0.501;2.246;0.0;0.0
PA;Aveiro;-3.6055952593;-55.3307343898;14418;59.738;32.987;0.0;0.055;2.06;2.414;2.747;0.0;0.0
PA;Bagre;-1.8898080604;-50.2219869206;23417;39.702;53.376;0.0;0.0;0.0;1.277;5.641;0.0;0.004
PA;Baião;-2.7919618614;-49.6727533733;43025;78.368;18.903;0.0;0.081;0.009;0.302;2.336;0.0;0.0
PA;Bannach;-7.3510721924;-50.4060471215;3357;47.93;42.925;0.209;0.0;0.089;2.324;6.524;0.0;0.0
PA;Barcarena;-1.505767005;-48.6270728925;105846;43.073;43.867;0.277;0.161;0.009;3.742;8.684;0.043;0.145
PA;Belém;-1.459845;-48.4878256875;1152775;55.246;33.43;1.271;0.811;0.008;3.413;5.723;0.019;0.079
PA;Belterra;-2.6490201695;-54.9426747393;14917;58.356;35.094;0.027;0.114;0.034;1.354;4.673;0.074;0.275
PA;Benevides;-1.361437515;-48.2418364506;53849;43.681;45.245;0.089;0.607;0.02;2.561;7.694;0.03;0.072
PA;Bom Jesus do Tocantins;-5.0473627043;-48.5990399591;15295;44.145;37.967;0.0;0.131;0.105;1.635;15.907;0.0;0.111
PA;Bonito;-1.3674743569;-47.3058918169;10749;77.096;21.211;0.056;0.177;0.0;0.428;0.986;0.0;0.047
PA;Bragança;-1.0535239562;-46.7657542137;103569;65.254;30.017;0.061;0.13;0.0;1.136;3.239;0.142;0.02
PA;Brasil Novo;-3.297803704;-52.5434411923;20700;49.348;39.589;0.034;0.0;0.0;0.802;10.082;0.0;0.145
PA;Brejo Grande do Araguaia;-5.7072961538;-48.4057604224;5674;56.151;36.394;0.07;0.07;0.123;1.48;4.353;0.0;1.357
PA;Breu Branco;-3.7781354129;-49.5698796833;37444;40.151;42.239;0.184;0.04;0.0;1.245;15.869;0.075;0.198
PA;Breves;-1.6907365;-50.480894799;83169;56.747;35.975;0.002;0.06;0.023;1.166;6.023;0.0;0.004
PA;Bujaru;-1.5139914623;-48.0358750144;20077;56.079;37.819;0.0;0.0;0.0;1.3;4.622;0.0;0.179
PA;Cachoeira do Piriá;-1.7528970049;-46.5473914166;16019;60.291;33.585;0.0;0.144;0.0;0.343;5.506;0.094;0.037
PA;Cachoeira do Arari;-1.0087862656;-48.9606675774;19826;53.692;38.702;0.0;0.187;0.045;2.835;4.539;0.0;0.0
PA;Cametá;-2.24683848;-49.497830169;111368;69.889;24.773;0.07;0.066;0.0;0.794;4.389;0.013;0.007
PA;Canaã dos Carajás;-6.5321966156;-49.8489584319;62818;39.6;46.105;0.21;0.398;0.0;4.526;9.142;0.019;0.0
PA;Capanema;-1.192441995;-47.1751261231;60673;68.177;26.056;0.14;0.071;0.0;1.831;3.672;0.0;0.053
PA;Capitão Poço;-1.7461872932;-47.0628253774;48000;75.102;21.004;0.09;0.081;0.062;0.652;3.008;0.0;0.0
PA;Castanhal;-1.295756805;-47.9266431419;164943;55.758;35.987;0.443;0.291;0.01;2.372;5.033;0.007;0.099
PA;Chaves;-0.1624372901;-49.9893186051;16152;62.017;33.024;0.0;0.0;0.0;1.579;3.38;0.0;0.0
PA;Colares;-0.932091244;-48.2887284319;10865;65.191;28.329;0.202;0.387;0.0;0.838;5.053;0.0;0.0
PA;Conceição do Araguaia;-8.26486353;-49.2645008125;38032;55.398;34.647;0.118;0.131;0.0;1.404;8.056;0.0;0.245
PA;Concórdia do Pará;-1.9845214628;-47.949886939;22068;50.866;42.206;0.0;0.0;0.0;0.752;6.145;0.0;0.032
PA;Cumaru do Norte;-7.8111065369;-50.7715783775;11153;36.295;41.863;0.045;0.045;2.08;0.565;19.008;0.0;0.099
PA;Curionópolis;-6.0968199522;-49.602214225;16386;45.728;39.308;0.037;0.25;0.018;1.214;13.444;0.0;0.0
PA;Curralinho;-1.8094234197;-49.7915228471;26752;57.551;39.429;0.0;0.108;0.0;1.51;1.402;0.0;0.0
PA;Curuá;-1.8899287043;-55.1196786087;11501;72.968;24.181;0.0;0.0;0.0;1.261;1.452;0.0;0.139
PA;Curuçá;-0.73249551;-47.8512650859;35480;63.799;29.715;0.209;0.214;0.0;2.277;3.126;0.62;0.039
PA;Dom Eliseu;-4.29077772;-47.555914886;48462;48.747;32.267;0.035;0.188;0.0;1.855;16.906;0.0;0.002
PA;Eldorado do Carajás;-6.1035251611;-49.3739519422;23180;39.336;38.253;0.047;0.177;0.0;9.862;12.295;0.0;0.03
PA;Faro;-2.1729752419;-56.7457530173;7143;75.99;20.244;0.028;0.0;0.0;0.896;2.842;0.0;0.0
PA;Floresta do Araguaia;-7.5587008724;-49.6975784122;14962;54.799;39.961;0.0;0.053;0.08;1.557;3.462;0.0;0.087
PA;Garrafão do Norte;-1.9316970431;-47.0450460173;20636;79.008;18.536;0.0;0.0;0.0;0.974;0.863;0.0;0.62
PA;Goianésia do Pará;-3.842468;-49.1010449237;21860;48.042;41.972;0.0;0.0;0.0;3.161;6.574;0.0;0.252
PA;Gurupá;-1.404918;-51.6436957234;25110;72.7;24.871;0.0;0.004;0.0;0.904;1.211;0.0;0.311
PA;Igarapé-Açu;-1.124322;-47.622375492;30593;68.905;26.359;0.105;0.085;0.0;0.938;3.494;0.029;0.085
PA;Igarapé-Miri;-1.983116;-48.9622994689;54008;42.125;45.119;0.0;0.104;0.0;1.233;11.315;0.0;0.104
PA;Inhangapi;-1.4265819809;-47.9133927466;8623;61.927;30.326;0.232;0.0;0.0;1.322;6.193;0.0;0.0
PA;Ipixuna do Pará;-2.5575285;-47.4997175888;24375;60.127;33.124;0.0;0.0;0.0;0.665;6.027;0.0;0.057
PA;Irituia;-1.771474995;-47.4407556128;26191;61.609;32.232;0.034;0.046;0.0;1.348;4.238;0.046;0.447
PA;Itaituba;-4.26372948;-55.9900488573;101553;48.327;33.239;0.156;0.306;0.006;1.912;16.023;0.011;0.02
PA;Itupiranga;-5.1288370264;-49.3244258613;41276;63.33;29.729;0.0;0.179;0.041;1.303;5.374;0.0;0.044
PA;Jacareacanga;-6.2235517314;-57.7663398584;17623;49.6;38.478;0.0;0.136;2.202;2.241;7.258;0.0;0.085
PA;Jacundá;-4.448405475;-49.1127815626;31666;52.627;35.287;0.174;0.139;0.0;1.472;10.083;0.0;0.218
PA;Juruti;-2.155252995;-56.0949976884;40357;59.291;36.239;0.136;0.0;0.0;2.069;2.057;0.0;0.208
PA;Limoeiro do Ajuru;-1.8919485;-49.3815339012;24082;48.833;41.521;0.0;0.1;0.0;2.67;6.877;0.0;0.0
PA;Mãe do Rio;-2.0477074408;-47.5522901795;28874;66.465;27.43;0.042;0.073;0.0;0.907;5.084;0.0;0.0
PA;Magalhães Barata;-0.795850156;-47.5991818965;6922;63.421;32.462;0.0;0.0;0.0;0.433;3.684;0.0;0.0
PA;Marabá;-5.3526057631;-49.1420253334;222441;46.477;36.787;0.271;0.216;0.018;3.266;12.703;0.072;0.191
PA;Maracanã;-0.76241946;-47.4552679594;22250;56.135;36.804;0.085;0.112;0.0;0.4;6.413;0.0;0.049
PA;Marapanim;-0.7121509963;-47.7025487538;22746;64.811;29.922;0.044;0.079;0.0;1.578;3.438;0.127;0.0
PA;Marituba;-1.3464172656;-48.3405358778;95371;48.959;40.777;0.12;0.798;0.005;2.341;6.851;0.0;0.149
PA;Medicilândia;-3.4454174122;-52.8883453507;22414;47.676;43.277;0.0;0.0;0.0;1.682;7.366;0.0;0.0
PA;Melgaço;-1.8034466986;-50.7174646977;20989;44.838;45.876;0.0;0.0;0.0;0.467;8.819;0.0;0.0
PA;Mocajuba;-2.5828729733;-49.5090234613;22659;55.417;39.989;0.04;0.044;0.0;0.578;3.928;0.004;0.0
PA;Moju;-1.885889;-48.7671991274;68561;38.151;43.007;0.0;0.324;0.028;1.269;16.966;0.0;0.255
PA;Mojuí dos Campos;-2.68245777;-54.64326888;19627;62.429;31.834;0.0;0.255;0.0;1.345;4.137;0.0;0.0
PA;Monte Alegre;-2.003328;-54.0733747256;50017;60.311;34.142;0.028;0.136;0.0;1.745;3.637;0.0;0.0
PA;Muaná;-1.5300262084;-49.2168324425;36397;63.731;31.777;0.0;0.027;0.0;3.423;1.041;0.0;0.0
PA;Nova Esperança do Piriá;-2.267625989;-46.9620928837;16591;55.319;42.861;0.0;0.0;0.0;0.054;1.766;0.0;0.0
PA;Nova Ipixuna;-4.923086307;-49.079886938;11653;57.341;36.042;0.257;0.043;0.0;0.987;5.2;0.0;0.129
PA;Nova Timboteua;-1.2041436475;-47.3932022765;11230;77.275;19.581;0.036;0.089;0.0;0.962;1.995;0.0;0.062
PA;Novo Progresso;-7.0348359133;-55.419870118;27540;61.206;27.727;0.131;0.171;0.04;2.959;7.582;0.0;0.185
PA;Novo Repartimento;-4.2481485;-49.9486382443;49795;45.778;41.679;0.018;0.167;0.01;3.281;8.959;0.076;0.032
PA;Óbidos;-1.9092354959;-55.5163235097;42892;67.717;25.695;0.051;0.166;0.583;1.751;3.875;0.065;0.098
PA;Oeiras do Pará;-2.004734;-49.8551061088;27216;61.666;34.917;0.0;0.077;0.0;0.863;2.476;0.0;0.0
PA;Oriximiná;-1.7637535;-55.8627995152;55062;58.614;31.454;0.114;0.285;0.0;1.918;7.591;0.0;0.024
PA;Ourém;-1.5489471423;-47.1176193629;15153;74.612;22.042;0.244;0.013;0.0;0.337;2.752;0.0;0.0
PA;Ourilândia do Norte;-6.7406170864;-51.0908327747;26444;38.322;46.086;0.095;0.204;0.635;4.436;9.163;0.0;1.059
PA;Pacajá;-3.8303057038;-50.6348408304;33389;48.878;42.253;0.0;0.159;0.0;2.734;5.975;0.0;0.0
PA;Palestina do Pará;-5.7499341062;-48.3217937262;5738;54.583;30.185;0.122;0.0;0.0;0.837;14.238;0.0;0.035
PA;Paragominas;-2.9941905;-47.3569615611;88112;42.937;40.472;0.179;0.119;0.102;1.957;13.155;0.498;0.58
PA;Parauapebas;-6.0727298876;-49.9007806343;220524;38.737;43.491;0.449;0.161;0.075;4.439;12.503;0.061;0.083
PA;Pau d'Arco;-7.836794404;-50.0482755319;5770;52.132;37.036;0.052;0.0;0.0;1.889;8.891;0.0;0.0
PA;Peixe-Boi;-1.1895692408;-47.3179270216;7219;77.047;20.404;0.166;0.0;0.0;0.637;1.745;0.0;0.0
PA;Piçarra;-6.4536762346;-48.8684006672;10582;62.398;26.668;0.142;0.057;0.0;2.684;7.532;0.0;0.52
PA;Placas;-3.8673155621;-54.2169681313;15414;47.262;38.206;0.084;0.0;0.0;1.693;12.755;0.0;0.0
PA;Ponta de Pedras;-1.3965999975;-48.87178556;20907;50.289;43.249;0.043;0.048;0.0;1.655;4.716;0.0;0.0
PA;Portel;-1.936451;-50.8224904422;48428;52.261;40.237;0.0;0.06;0.0;0.543;6.878;0.0;0.021
PA;Porto de Moz;-1.7460900888;-52.242476919;32103;67.554;27.309;0.0;0.0;0.0;3.679;1.439;0.0;0.019
PA;Prainha;-1.8056945;-53.4818139408;28362;63.603;32.967;0.0;0.074;0.0;1.467;1.766;0.049;0.074
PA;Primavera;-0.9401115159;-47.1172512589;9214;76.221;20.371;0.0;0.206;0.0;1.476;1.726;0.0;0.0
PA;Quatipuru;-0.9001158537;-47.0067869936;9797;68.541;23.579;0.163;0.041;0.0;3.072;4.44;0.0;0.163
PA;Redenção;-8.0276045;-50.0296418255;71609;44.374;40.781;0.577;0.082;0.0;2.845;11.23;0.035;0.075
PA;Rio Maria;-7.3111152447;-50.0464108775;15655;53.714;36.512;0.198;0.089;0.0;2.274;7.173;0.0;0.038
PA;Rondon do Pará;-4.777821727;-48.0699737494;46781;41.113;46.609;0.071;0.062;0.111;2.768;9.215;0.0;0.051
PA;Rurópolis;-4.09906539;-54.9058622599;29018;51.671;32.583;0.0;0.0;0.0;2.56;12.775;0.028;0.383
PA;Salinópolis;-0.623638;-47.3531202632;38125;62.051;28.168;0.113;0.212;0.0;5.723;3.732;0.0;0.0
PA;Salvaterra;-0.7545259744;-48.5131865994;20282;59.471;31.555;0.138;0.35;0.0;2.248;6.237;0.0;0.0
PA;Santa Bárbara do Pará;-1.229439467;-48.2977406498;17899;39.304;48.053;0.123;0.162;0.0;2.067;10.073;0.0;0.218
PA;Santa Cruz do Arari;-0.6599741256;-49.1716155661;6307;59.141;35.77;0.0;0.254;0.0;0.27;4.566;0.0;0.0
PA;Santa Izabel do Pará;-1.2973959013;-48.163059941;62797;43.879;41.387;0.234;0.976;0.0;2.072;11.258;0.014;0.178
PA;Santa Luzia do Pará;-1.5188278914;-46.9061692027;17221;80.297;18.141;0.0;0.0;0.017;0.563;0.947;0.0;0.035
PA;Santa Maria das Barreiras;-8.8705505397;-49.7193518572;13780;51.705;39.057;0.0;0.414;0.0;2.504;6.321;0.0;0.0
PA;Santa Maria do Pará;-1.3478664593;-47.5746954138;21129;70.283;26.864;0.062;0.038;0.0;0.601;2.125;0.028;0.0
PA;Santana do Araguaia;-9.329424525;-50.3448043211;26601;48.509;42.006;0.079;0.083;0.0;1.481;7.748;0.0;0.094
PA;Santarém;-2.43621333;-54.7185701673;276840;61.403;30.277;0.192;0.311;0.001;2.838;4.821;0.051;0.107
PA;Santarém Novo;-0.9287195358;-47.4009247449;5203;66.923;27.138;0.115;0.0;0.0;0.615;5.209;0.0;0.0
PA;Santo Antônio do Tauá;-1.1516925;-48.1324330748;23187;46.552;44.792;0.047;0.22;0.0;1.031;7.332;0.0;0.026
PA;São Caetano de Odivelas;-0.74661776;-48.0258054981;14256;69.816;25.421;0.077;0.119;0.0;1.214;3.353;0.0;0.0
PA;São Domingos do Araguaia;-5.549841;-48.7203734108;17640;58.804;31.593;0.255;0.125;0.0;1.168;8.056;0.0;0.0
PA;São Domingos do Capim;-1.6758145;-47.7747845692;25267;71.295;25.899;0.103;0.059;0.0;0.435;2.208;0.0;0.0
PA;São Félix do Xingu;-6.6424832783;-51.993782524;54337;47.281;38.256;0.171;0.306;0.053;3.127;10.779;0.0;0.028
PA;São Francisco do Pará;-1.1701887847;-47.7905146107;12790;57.256;35.324;0.039;0.109;0.172;0.97;6.099;0.0;0.031
PA;São Geraldo do Araguaia;-6.39895797;-48.5557124862;19985;53.385;39.935;0.0;0.035;0.05;1.116;5.479;0.0;0.0
PA;São João da Ponta;-0.8510021453;-47.9207241656;3744;57.479;33.547;0.134;0.721;0.053;0.374;7.692;0.0;0.0
PA;São João de Pirabas;-0.7664425315;-47.1726742979;17513;64.181;26.906;0.263;0.234;0.0;3.3;4.945;0.0;0.171
PA;São João do Araguaia;-5.3590027244;-48.788633402;11260;51.572;39.494;0.151;0.044;0.0;0.799;7.86;0.0;0.08
PA;São Miguel do Guamá;-1.6171359145;-47.4824089445;44104;68.143;28.603;0.086;0.109;0.0;0.576;2.428;0.0;0.054
PA;São Sebastião da Boa Vista;-1.7188505;-49.5323121746;20815;49.138;45.179;0.0;0.091;0.0;2.441;3.152;0.0;0.0
PA;Sapucaia;-6.9428571126;-49.7035807119;4827;53.739;32.297;0.0;0.145;0.0;0.497;13.321;0.0;0.0
PA;Senador José Porfírio;-2.5948504183;-51.953056418;18185;52.433;41.204;0.104;0.313;0.049;0.803;5.032;0.0;0.06
PA;Soure;-0.7259255;-48.5160126623;20465;61.725;27.706;0.112;0.547;0.098;8.067;1.744;0.0;0.0
PA;Tailândia;-2.9370795;-48.9512816296;58583;45.298;39.133;0.126;0.058;0.014;1.376;13.929;0.0;0.067
PA;Terra Alta;-1.0348266636;-47.9078083484;8776;53.965;37.979;0.0;0.046;0.0;1.504;6.506;0.0;0.0
PA;Terra Santa;-2.1081144737;-56.4909047722;15331;65.749;30.976;0.0;0.065;0.0;0.913;2.198;0.0;0.098
PA;Tomé-Açu;-2.4193668553;-48.1468965866;54778;43.558;44.067;0.02;0.161;0.037;1.756;10.292;0.0;0.11
PA;Tracuateua;-1.0687840586;-46.8994783371;24082;72.075;23.769;0.0;0.075;0.0;1.258;2.757;0.066;0.0
PA;Trairão;-4.6998191497;-55.9961700349;12424;51.602;36.478;0.0;0.137;0.266;1.892;9.627;0.0;0.0
PA;Tucumã;-6.7499720074;-51.1395392466;32792;46.646;41.821;0.695;0.253;0.0;2.446;7.956;0.0;0.183
PA;Tucuruí;-3.7668890843;-49.6671843672;76580;46.999;40.927;0.332;0.127;0.161;2.614;8.684;0.039;0.118
PA;Ulianópolis;-3.75719301;-47.503144755;31788;47.439;40.984;0.0;0.044;0.0;1.048;10.428;0.0;0.057
PA;Uruará;-3.7065285;-53.7370310505;35854;49.035;39.226;0.0;0.106;0.0;1.219;10.3;0.045;0.07
PA;Vigia;-0.8555325737;-48.1414985852;43519;69.549;26.379;0.071;0.625;0.0;0.618;2.551;0.0;0.207
PA;Viseu;-1.2032785267;-46.1387652161;47880;71.861;26.023;0.044;0.05;0.0;0.305;1.61;0.0;0.107
PA;Vitória do Xingu;-2.8837657102;-52.0112603538;12775;55.546;35.671;0.0;0.078;0.016;2.027;6.661;0.0;0.0
PA;Xinguara;-7.1015128271;-49.9427005844;44170;45.839;42.244;0.125;0.023;0.0;2.377;9.187;0.179;0.027
AP;Serra do Navio;0.897841041;-52.0035384353;3774;41.998;45.39;0.0;0.0;0.0;1.457;11.155;0.0;0.0
AP;Amapá;2.0539212447;-50.7932144703;6314;67.358;27.146;0.364;0.048;0.0;1.806;3.152;0.0;0.127
AP;Pedra Branca do Amapari;0.7768828606;-51.9465942733;9522;34.384;39.456;0.053;0.168;9.231;1.712;14.997;0.0;0.0
AP;Calçoene;2.4965590446;-50.9447727343;8411;50.149;33.266;0.048;0.571;0.0;1.391;14.576;0.0;0.0
AP;Cutias;0.9710780554;-50.8016260299;3481;48.463;49.957;0.0;0.0;0.0;0.402;0.977;0.0;0.201
AP;Ferreira Gomes;0.8539773931;-51.187429046;5272;44.48;48.957;0.0;0.0;0.0;3.566;2.997;0.0;0.0
AP;Itaubal;0.6006532883;-50.7001794374;4325;47.884;38.173;0.069;0.139;0.0;6.89;6.751;0.0;0.092
AP;Laranjal do Jari;-0.8556645;-52.5390207369;28780;48.2;36.915;0.094;0.4;0.212;3.207;10.851;0.0;0.122
AP;Macapá;0.03895101;-51.057405457;367434;52.869;33.911;0.746;0.688;0.0;3.806;7.128;0.705;0.148
AP;Mazagão;-0.1243963288;-51.2860768561;17198;58.338;37.016;0.0;0.291;0.0;1.756;2.599;0.0;0.0
AP;Oiapoque;3.8511307326;-51.8305525553;21628;34.497;45.987;0.134;0.134;0.106;3.126;15.406;0.61;0.0
AP;Porto Grande;0.7125547018;-51.414448823;14264;42.877;39.954;0.189;0.112;0.0;1.213;15.416;0.0;0.238
AP;Pracuúba;1.7425084871;-50.7842537213;2936;36.955;56.642;0.0;0.102;0.0;0.511;5.211;0.579;0.0
AP;Santana;-0.0383734791;-51.1728464651;88587;51.869;40.151;0.251;0.047;0.0;2.25;5.422;0.0;0.01
AP;Tartarugalzinho;1.5098482403;-50.9127861523;9974;41.007;45.909;0.05;0.251;0.0;2.797;9.886;0.0;0.1
AP;Vitória do Jari;-0.9189770885;-52.4196147796;8903;48.804;39.29;0.0;0.0;0.0;2.157;9.547;0.0;0.202
TO;Abreulândia;-9.621790712;-49.1624375555;2185;66.545;28.65;0.0;0.0;0.092;1.236;3.066;0.0;0.412
TO;Aguiarnópolis;-6.5471708206;-47.4704565879;3779;63.906;34.348;0.106;0.0;0.0;0.37;1.27;0.0;0.0
TO;Aliança do Tocantins;-11.3037430465;-48.9412400221;4459;67.728;20.924;0.426;0.0;0.0;1.39;9.419;0.112;0.0
TO;Almas;-11.5745234694;-47.1741716842;5440;58.419;28.18;0.588;0.0;0.0;1.176;11.581;0.0;0.055
TO;Alvorada;-12.4788153208;-49.1268114067;7554;67.487;27.363;0.741;0.0;0.0;1.244;2.859;0.0;0.304
TO;Ananás;-6.3628181541;-48.0797646062;8731;71.023;26.572;0.069;0.0;0.0;0.951;1.386;0.0;0.0
TO;Angico;-6.3877527497;-47.8620778392;2449;71.499;23.724;0.0;0.0;0.0;0.531;4.247;0.0;0.0
TO;Aparecida do Rio Negro;-9.9558777146;-47.9766700114;4114;57.827;29.363;0.049;0.316;0.0;1.094;11.351;0.0;0.0
TO;Aragominas;-7.1643492714;-48.5234301923;4570;60.985;30.81;0.066;0.088;0.0;2.582;5.47;0.0;0.0
TO;Araguacema;-8.8018025441;-49.5618126396;4998;55.782;39.716;0.14;0.0;0.0;1.621;2.681;0.06;0.0
TO;Araguaçu;-12.9255837119;-49.8286124433;7029;53.137;40.617;0.1;0.071;0.0;2.034;3.713;0.0;0.327
TO;Araguaína;-7.1913289397;-48.2087052519;145203;53.955;33.991;0.806;0.1;0.008;3.617;7.476;0.012;0.034
TO;Araguanã;-6.58224942;-48.6437495469;3572;61.898;34.854;0.168;0.0;0.0;0.224;2.856;0.0;0.0
TO;Araguatins;-5.650586473;-48.123507343;26904;58.872;30.605;0.1;0.093;0.0;2.713;7.545;0.0;0.071
TO;Arapoema;-7.6525697354;-49.0756373853;4742;63.328;26.719;0.063;0.295;0.0;3.627;5.968;0.0;0.0
TO;Arraias;-12.9344198593;-46.9461070586;8853;79.668;15.757;0.847;0.124;0.0;0.858;2.417;0.328;0.0
TO;Augustinópolis;-5.4654142959;-47.880956791;14629;66.854;24.014;0.15;0.109;0.0;2.495;6.303;0.0;0.075
TO;Aurora do Tocantins;-12.7084898611;-46.4070829809;2958;69.642;22.008;0.372;0.203;0.0;1.589;6.187;0.0;0.0
TO;Axixá do Tocantins;-5.6243090659;-47.7741560325;8333;69.975;25.153;0.048;0.0;0.0;1.176;3.504;0.0;0.144
TO;Babaçulândia;-7.2018645321;-47.758816127;6817;69.444;22.84;0.264;0.0;0.0;2.142;5.032;0.073;0.205
TO;Bandeirantes do Tocantins;-7.7648591413;-48.5783806049;2865;65.759;28.098;0.0;0.0;0.0;1.152;4.991;0.0;0.0
TO;Barra do Ouro;-7.6917665987;-47.6871349692;3710;64.043;26.55;0.216;0.0;0.0;1.267;7.332;0.0;0.593
TO;Barrolândia;-9.8316533645;-48.7314605907;4202;61.209;29.819;0.428;0.0;0.0;3.475;5.069;0.0;0.0
TO;Bernardo Sayão;-7.8685124833;-48.8990543467;3603;56.731;32.084;0.056;0.0;0.0;0.194;10.935;0.0;0.0
TO;Bom Jesus do Tocantins;-8.9633480129;-48.1663804935;3295;68.225;22.883;0.0;0.0;0.0;1.548;7.344;0.0;0.0
TO;Brasilândia do Tocantins;-8.3848893511;-48.4853744191;1687;58.862;33.017;0.0;0.0;0.0;2.193;5.928;0.0;0.0
TO;Brejinho de Nazaré;-11.0108050562;-48.5586602282;4059;57.132;38.137;0.246;0.0;0.0;1.33;3.153;0.0;0.0
TO;Buriti do Tocantins;-5.3135388564;-48.2232501281;8567;72.966;21.489;0.0;0.245;0.0;0.887;4.412;0.0;0.0
TO;Cachoeirinha;-6.1132416465;-47.9141977786;1649;61.734;36.386;0.0;0.0;1.273;0.303;0.0;0.0;0.303
TO;Campos Lindos;-7.9716813941;-46.8019743467;6902;67.169;18.618;0.0;0.0;0.0;9.577;4.578;0.0;0.058
TO;Cariri do Tocantins;-11.8889974639;-49.171040729;3461;60.532;34.441;0.0;0.144;0.0;0.896;3.987;0.0;0.0
TO;Carmolândia;-7.0314787779;-48.3959599306;1850;66.649;26.757;0.216;0.0;0.0;0.216;6.162;0.0;0.0
TO;Carrasco Bonito;-5.3226613549;-48.0306334266;2739;75.685;17.452;0.0;0.0;0.0;0.073;6.791;0.0;0.0
TO;Caseara;-9.2674062189;-49.9486922678;4060;53.35;33.35;0.296;0.148;0.0;8.498;4.36;0.0;0.0
TO;Centenário;-8.9584636391;-47.3383985146;1848;79.113;19.048;0.379;0.0;0.0;0.433;1.028;0.0;0.0
TO;Chapada de Areia;-10.1419885833;-49.183107858;1284;56.854;31.698;0.0;0.0;0.0;8.178;3.271;0.0;0.0
TO;Chapada da Natividade;-11.6242678314;-47.7539048919;2630;78.403;18.745;0.342;0.0;0.0;0.228;2.281;0.0;0.0
TO;Colinas do Tocantins;-8.0546246755;-48.4815945437;28841;55.518;33.695;0.114;0.201;0.0;2.184;8.148;0.0;0.139
TO;Combinado;-12.818607672;-46.5520723403;4111;67.234;26.076;0.195;0.0;0.0;1.751;4.743;0.0;0.0
TO;Conceição do Tocantins;-12.217277767;-47.2928688108;3279;77.798;19.671;0.0;0.335;0.0;0.213;1.86;0.0;0.122
TO;Couto Magalhães;-8.3551183696;-49.1765715709;4475;63.799;30.771;0.201;0.0;0.0;1.944;3.285;0.0;0.0
TO;Cristalândia;-10.5907246371;-49.1863002913;5551;72.077;20.339;0.18;0.0;0.0;1.982;5.152;0.27;0.0
TO;Crixás do Tocantins;-11.1042742936;-48.9155138256;1257;67.621;27.287;0.159;0.0;0.0;0.477;4.455;0.0;0.0
TO;Darcinópolis;-6.7123510015;-47.7521611103;4878;67.958;28.393;0.0;0.0;0.0;0.205;3.444;0.0;0.0
TO;Dianópolis;-11.6252318781;-46.8204090669;14931;73.605;22.135;1.145;0.208;0.0;1.36;1.547;0.0;0.0
TO;Divinópolis do Tocantins;-9.7953011402;-49.2054131874;6013;60.336;27.258;0.083;0.05;0.0;2.91;9.363;0.0;0.0
TO;Dois Irmãos do Tocantins;-9.2612967098;-49.0673386443;5473;71.862;21.816;0.475;0.0;0.0;0.621;5.226;0.0;0.0
TO;Dueré;-11.3412854168;-49.2658759162;3671;64.56;26.069;0.0;0.0;0.0;1.008;8.145;0.0;0.218
TO;Esperantina;-5.3666080594;-48.5441476004;6254;58.459;28.862;0.0;0.048;0.0;1.471;11.161;0.0;0.0
TO;Fátima;-10.7525087281;-48.8989826587;2964;62.955;33.57;0.0;0.0;0.0;1.316;2.159;0.0;0.0
TO;Figueirópolis;-12.1367799832;-49.1738467307;4531;65.107;25.491;0.221;0.0;0.0;1.104;7.57;0.508;0.0
TO;Filadélfia;-7.3376119059;-47.4849641415;6582;74.977;19.098;0.167;0.061;0.0;0.927;4.771;0.0;0.0
TO;Formoso do Araguaia;-11.8051419686;-49.5268603629;16104;51.509;33.222;0.304;0.031;0.168;1.813;12.81;0.043;0.099
TO;Fortaleza do Tabocão;-9.0589653011;-48.517426421;2893;56.758;34.67;0.449;0.0;0.0;1.625;6.498;0.0;0.0
TO;Goianorte;-8.7705208048;-48.9368901924;4095;60.44;32.332;0.269;0.0;0.0;2.32;4.64;0.0;0.0
TO;Goiatins;-7.7091723902;-47.3154354892;9930;50.232;24.27;0.211;0.0;9.678;2.266;13.223;0.0;0.121
TO;Guaraí;-8.8361656575;-48.5086406065;21414;56.019;32.535;0.472;0.093;0.0;3.614;6.818;0.0;0.448
TO;Gurupi;-11.7297723229;-49.0714774689;73346;54.491;35.388;0.815;0.172;0.0;2.455;6.472;0.08;0.125
TO;Ipueiras;-11.2462886216;-48.4519262289;1374;74.163;20.888;0.291;0.0;0.0;1.601;3.057;0.0;0.0
TO;Itacajá;-8.3909805523;-47.7681124027;5630;62.291;18.259;0.0;0.0;13.055;1.03;5.364;0.0;0.0
TO;Itaguatins;-5.7753850884;-47.479935949;4411;72.659;22.195;0.476;0.068;0.068;0.657;3.877;0.0;0.0
TO;Itapiratins;-8.3843295934;-48.1111996095;3046;72.784;23.211;0.0;0.131;0.0;0.558;3.316;0.0;0.0
TO;Itaporã do Tocantins;-8.5688286116;-48.6932637032;2067;61.829;33.527;0.194;0.0;0.0;0.822;3.628;0.0;0.0
TO;Jaú do Tocantins;-12.6529263693;-48.5946082927;2906;64.969;27.908;0.069;0.0;0.0;2.512;4.542;0.0;0.0
TO;Juarina;-8.1174239676;-49.0986431854;1880;67.074;31.17;0.0;0.0;0.0;0.106;1.649;0.0;0.0
TO;Lagoa da Confusão;-10.7886955576;-49.6200853391;12454;54.874;34.158;0.072;0.032;4.673;0.907;5.283;0.0;0.0
TO;Lagoa do Tocantins;-10.296886697;-47.5614466303;2860;76.818;18.077;0.0;0.0;0.0;0.559;4.545;0.0;0.0
TO;Lajeado;-9.7446824357;-48.3585039507;2825;57.381;35.15;0.142;0.0;0.0;1.876;4.566;0.0;0.885
TO;Lavandeira;-12.7916587877;-46.5066757157;1392;69.612;20.761;0.0;0.0;0.0;2.514;7.112;0.0;0.0
TO;Lizarda;-9.5945702878;-46.6751654558;2536;89.038;9.937;0.0;0.158;0.0;0.868;0.0;0.0;0.0
TO;Luzinópolis;-6.1939896602;-47.8568280414;2298;65.187;28.808;0.0;0.0;0.0;1.131;4.743;0.0;0.131
TO;Marianópolis do Tocantins;-9.7988803594;-49.6510339944;3915;69.272;25.338;0.077;0.281;0.0;0.434;4.598;0.0;0.0
TO;Mateiros;-10.5444288461;-46.4124657431;2307;69.397;23.494;0.303;0.0;0.0;0.0;5.592;0.737;0.477
TO;Maurilândia do Tocantins;-5.9525664212;-47.5048799602;2563;61.647;25.595;0.156;0.234;5.033;0.897;6.126;0.156;0.156
TO;Miracema do Tocantins;-9.5683460776;-48.3879913115;15954;58.13;28.093;0.489;0.075;0.0;3.811;9.195;0.0;0.207
TO;Miranorte;-9.5174047311;-48.5926319369;10954;62.288;28.419;0.082;0.073;0.0;1.634;7.504;0.0;0.0
TO;Monte do Carmo;-10.7635421946;-48.1104200299;4834;69.363;24.638;0.0;0.145;0.0;2.089;3.765;0.0;0.0
TO;Monte Santo do Tocantins;-10.0055914318;-48.9908906034;2067;60.281;27.673;0.435;0.0;0.0;3.29;8.321;0.0;0.0
TO;Palmeiras do Tocantins;-6.6118623346;-47.5586835263;4132;70.983;26.742;0.073;0.0;0.0;0.726;0.895;0.0;0.581
TO;Muricilândia;-7.1385192852;-48.606745277;2823;64.86;28.126;0.213;0.0;0.0;1.488;5.243;0.071;0.0
TO;Natividade;-11.7053573825;-47.7272575338;7488;79.394;15.198;0.574;0.16;0.0;1.082;3.592;0.0;0.0
TO;Nazaré;-6.3725579693;-47.6669771825;3908;78.71;18.526;0.051;0.0;0.0;0.154;2.559;0.0;0.0
TO;Nova Olinda;-7.6333149107;-48.42480679;8742;69.687;26.893;0.194;0.0;0.0;1.727;1.499;0.0;0.0
TO;Nova Rosalândia;-10.5668711393;-48.9061807245;2872;62.256;30.675;0.104;0.0;0.0;1.462;4.492;0.0;1.01
TO;Novo Acordo;-9.9684864657;-47.6681483922;3307;79.286;18.597;0.0;0.0;0.0;1.663;0.454;0.0;0.0
TO;Novo Alegre;-12.9099386744;-46.5772973537;1646;70.717;21.081;0.0;0.0;0.0;1.397;6.44;0.0;0.365
TO;Novo Jardim;-11.8158750501;-46.6307872959;1856;79.31;12.823;0.054;0.0;0.0;7.328;0.485;0.0;0.0
TO;Oliveira de Fátima;-10.7083627091;-48.9074015689;969;59.752;32.405;0.0;0.0;0.0;2.477;5.366;0.0;0.0
TO;Palmeirante;-7.8575613761;-47.934249709;4121;71.026;24.63;0.437;0.0;0.0;1.917;1.699;0.0;0.291
TO;Palmeirópolis;-13.0398884337;-48.4134139552;6066;59.578;32.278;0.066;0.0;0.049;2.193;5.638;0.198;0.0
TO;Paraíso do Tocantins;-10.171220755;-48.886630084;44666;48.748;38.076;0.374;0.112;0.029;5.501;7.108;0.0;0.051
TO;Paranã;-12.6204814887;-47.8840837284;8990;80.067;18.454;0.356;0.0;0.0;0.69;0.434;0.0;0.0
TO;Pau d'Arco;-7.5399983557;-49.363306481;3377;67.723;28.102;0.0;0.0;0.0;0.178;3.998;0.0;0.0
TO;Pedro Afonso;-8.9644495924;-48.1775561127;11801;62.342;27.371;0.33;0.051;0.051;2.11;7.745;0.0;0.0
TO;Peixe;-12.0297738309;-48.5378106263;8028;71.026;23.767;0.648;0.448;0.0;2.877;1.233;0.0;0.0
TO;Pequizeiro;-8.5933406544;-48.9351798669;4254;61.73;34.227;0.0;0.0;0.0;0.635;3.409;0.0;0.0
TO;Colméia;-8.7293718068;-48.7570665857;7710;51.738;36.316;0.195;0.0;0.0;4.163;7.328;0.0;0.259
TO;Pindorama do Tocantins;-11.1382025847;-47.5756877173;3801;75.375;21.442;0.0;0.0;0.0;0.763;2.21;0.0;0.21
TO;Piraquê;-6.7697770334;-48.2937073911;1929;64.334;30.482;0.0;0.0;0.0;1.452;3.733;0.0;0.0
TO;Pium;-10.4409311179;-49.1666580116;5917;57.833;25.283;0.203;0.0;5.763;1.741;8.112;0.169;0.896
TO;Ponte Alta do Bom Jesus;-12.0878129084;-46.4695867924;3660;81.12;16.967;0.082;0.082;0.0;0.546;1.093;0.0;0.109
TO;Ponte Alta do Tocantins;-10.7406728487;-47.5411803583;6357;72.865;25.342;0.126;0.079;0.0;0.535;0.724;0.267;0.063
TO;Porto Alegre do Tocantins;-11.6072590991;-47.0474256004;2380;68.361;23.319;0.21;0.0;0.0;2.521;5.42;0.0;0.168
TO;Porto Nacional;-10.708569917;-48.4121534584;54060;55.403;34.192;0.405;0.322;0.0;2.762;6.659;0.0;0.257
TO;Praia Norte;-5.3967128774;-47.8147317333;7409;60.831;30.18;0.04;0.0;0.0;0.999;7.95;0.0;0.0
TO;Presidente Kennedy;-8.5299608276;-48.5043306701;2626;64.775;25.209;0.0;0.0;0.0;1.219;8.797;0.0;0.0
TO;Pugmil;-10.4243071562;-48.8942204488;1875;52.16;36.16;0.747;0.0;0.0;0.373;10.293;0.0;0.267
TO;Recursolândia;-8.7353604539;-47.238041195;2857;75.149;24.116;0.0;0.0;0.0;0.315;0.42;0.0;0.0
TO;Riachinho;-6.4422113877;-48.141045502;3354;65.891;30.71;0.089;0.0;0.0;0.835;2.475;0.0;0.0
TO;Rio da Conceição;-11.4049400239;-46.8803997046;1435;60.07;30.801;0.0;0.0;0.0;0.557;8.293;0.279;0.0
TO;Rio dos Bois;-9.3437422387;-48.5330479716;2324;63.081;28.916;0.0;0.0;0.0;0.947;7.057;0.0;0.0
TO;Rio Sono;-9.3477893341;-47.8999416391;4101;68.959;28.773;0.0;0.098;0.0;0.268;1.902;0.0;0.0
TO;Sampaio;-5.3492956165;-47.8757924572;3482;60.368;30.672;1.034;0.0;0.0;1.493;4.739;0.0;1.694
TO;Sandolândia;-12.5416001675;-49.9333881543;3205;49.766;41.747;0.0;0.156;0.0;1.342;6.989;0.0;0.0
TO;Santa Fé do Araguaia;-7.149936385;-48.6939418034;5998;55.969;33.511;0.1;0.0;0.15;1.834;8.269;0.0;0.167
TO;Santa Maria do Tocantins;-8.7749764493;-47.7452704192;2260;70.31;24.248;0.0;0.0;0.0;0.398;4.867;0.0;0.177
TO;Santa Rita do Tocantins;-10.8664553694;-48.9092940074;1894;65.787;29.356;0.053;0.0;0.0;0.581;4.224;0.0;0.0
TO;Santa Rosa do Tocantins;-11.4514039985;-48.1199542218;3899;78.353;17.979;0.231;0.308;0.0;1.667;0.795;0.0;0.667
TO;Santa Tereza do Tocantins;-10.2823615278;-47.8062883215;2247;69.559;25.857;0.045;0.134;0.0;1.469;2.937;0.0;0.0
TO;Santa Terezinha do Tocantins;-6.4369976184;-47.684285363;2035;76.462;21.769;0.0;0.0;0.0;0.0;1.769;0.0;0.0
TO;São Bento do Tocantins;-6.0449992572;-47.9193922871;4677;72.824;24.995;0.0;0.0;0.0;0.0;2.181;0.0;0.0
TO;São Félix do Tocantins;-10.173285854;-46.654980831;1471;71.856;26.309;0.0;0.136;0.0;0.68;1.02;0.0;0.0
TO;São Miguel do Tocantins;-5.5538195288;-47.5730023394;10983;54.766;31.995;0.209;0.046;0.064;0.756;11.991;0.0;0.173
TO;São Salvador do Tocantins;-12.7474334145;-48.2320849917;2019;81.625;15.106;0.149;0.0;0.0;0.545;2.576;0.0;0.0
TO;São Sebastião do Tocantins;-5.2589614537;-48.203834149;3419;65.107;26.879;0.058;0.263;0.0;0.351;7.224;0.0;0.117
TO;São Valério;-11.9730674595;-48.2329484334;3784;82.082;15.381;0.529;0.079;0.0;1.004;0.925;0.0;0.0
TO;Silvanópolis;-11.1498613086;-48.1798241355;4312;77.064;16.929;0.116;0.0;0.0;4.453;1.368;0.0;0.07
TO;Sítio Novo do Tocantins;-5.6047268567;-47.6374226505;9083;69.316;24.386;0.0;0.044;0.0;0.694;5.56;0.0;0.0
TO;Sucupira;-11.9862215109;-48.9111262827;1357;68.239;26.161;0.0;0.442;0.0;0.663;4.495;0.0;0.0
TO;Taguatinga;-12.3961417387;-46.4387317009;12117;71.775;22.943;0.058;0.0;0.0;1.362;3.722;0.0;0.14
TO;Taipas do Tocantins;-12.1928372091;-46.9845717959;1679;62.12;27.099;0.0;0.238;0.0;0.476;10.066;0.0;0.0
TO;Talismã;-12.7875384069;-49.0911184339;2081;56.704;35.127;0.288;0.0;0.0;1.49;6.391;0.0;0.0
TO;Palmas;-10.1632533268;-48.3510437082;257189;48.918;36.874;1.327;0.312;0.02;4.534;7.941;0.019;0.056
TO;Tocantínia;-9.558147734;-48.3758796714;5702;37.531;22.869;0.053;0.0;13.013;2.105;22.255;1.824;0.351
TO;Tocantinópolis;-6.325634376;-47.4274129287;18859;60.825;29.36;0.111;0.0;2.683;1.151;5.329;0.0;0.541
TO;Tupirama;-8.9805695494;-48.2066848031;1611;70.577;17.753;0.0;0.0;0.0;2.421;9.249;0.0;0.0
TO;Tupiratins;-8.395529997;-48.1229957409;1626;74.108;23.616;0.615;0.0;0.0;0.246;1.415;0.0;0.0
TO;Wanderlândia;-6.850125517;-47.95626773;8840;62.885;27.907;0.0;0.124;0.0;1.765;7.217;0.0;0.102
TO;Xambioá;-6.41188502;-48.53160107;8906;70.11;24.489;0.0;0.157;0.0;1.505;3.672;0.0;0.067
MA;Açailândia;-4.9513770002;-47.5066645931;89806;51.279;35.38;0.206;0.234;0.0;2.651;10.072;0.0;0.178
MA;Afonso Cunha;-4.1350154769;-43.320869004;4943;82.743;15.841;0.0;0.061;0.0;0.283;1.012;0.0;0.061
MA;Água Doce do Maranhão;-2.8402782791;-42.1155512017;10281;76.928;18.325;0.0;0.117;0.0;1.692;2.937;0.0;0.0
MA;Alcântara;-2.4032765251;-44.4170125373;15951;66.297;28.763;0.0;0.138;0.0;0.614;3.316;0.0;0.871
MA;Aldeias Altas;-4.6307794952;-43.4687348529;18972;81.457;11.912;0.0;0.184;0.0;4.354;2.093;0.0;0.0
MA;Altamira do Maranhão;-4.1622692669;-45.4646758312;5458;62.129;25.742;0.0;0.55;0.0;0.073;11.506;0.0;0.0
MA;Alto Alegre do Maranhão;-4.207227;-44.4482474945;20074;61.124;23.1;0.035;0.284;0.0;1.4;13.968;0.0;0.09
MA;Alto Alegre do Pindaré;-3.6651703745;-45.8420796162;21164;72.42;21.3;0.0;0.08;0.0;0.558;5.599;0.0;0.043
MA;Alto Parnaíba;-9.1083659322;-45.9273440133;9293;84.956;12.601;0.172;0.043;0.0;1.108;1.001;0.0;0.118
MA;Amapá do Maranhão;-1.6809214951;-46.0091799004;5855;66.627;29.923;0.0;0.034;0.0;0.769;2.647;0.0;0.0
MA;Amarante do Maranhão;-5.5576620002;-46.7506375455;29551;57.748;27.884;0.054;0.102;5.678;0.758;7.543;0.0;0.233
MA;Anajatuba;-3.2575548421;-44.6206700278;21581;71.915;15.866;0.0;0.056;0.065;0.839;10.69;0.0;0.57
MA;Anapurus;-3.6670346623;-43.1057925097;11578;74.547;19.52;0.0;0.147;0.0;0.846;4.94;0.0;0.0
MA;Apicum-Açu;-1.5305915778;-45.0766520734;14630;55.537;33.445;0.0;0.034;0.0;0.301;10.519;0.0;0.164
MA;Araguanã;-2.9491256233;-45.6687944761;9323;52.612;35.332;0.0;0.0;0.0;0.901;11.059;0.0;0.097
MA;Araioses;-2.8892558464;-41.8991394499;33227;77.175;16.652;0.03;0.138;0.075;1.267;4.662;0.0;0.0
MA;Arame;-4.886081505;-46.0136362778;20658;68.806;26.692;0.0;0.0;0.261;1.012;3.18;0.0;0.048
MA;Arari;-3.4591709701;-44.7788346547;25104;72.323;23.048;0.064;0.112;0.0;0.809;3.239;0.135;0.271
MA;Axixá;-2.8377968371;-44.0545858091;9989;68.365;25.808;0.04;0.04;0.0;1.121;4.505;0.12;0.0
MA;Bacabal;-4.2315246298;-44.7815559641;87721;66.163;24.792;0.141;0.738;0.0;1.874;6.217;0.04;0.034
MA;Bacabeira;-2.9858247788;-44.3154229866;14173;58.696;26.099;0.042;0.162;0.0;7.691;7.091;0.0;0.219
MA;Bacuri;-1.7240463185;-45.1373489396;13682;70.107;24.726;0.044;0.117;0.0;0.417;4.59;0.0;0.0
MA;Bacurituba;-2.7108719765;-44.7357420062;4515;83.81;11.451;0.0;0.0;0.0;0.399;4.341;0.0;0.0
MA;Balsas;-7.5311699902;-46.0389926733;85087;72.461;21.782;0.253;0.061;0.0;1.162;4.229;0.027;0.025
MA;Barão de Grajaú;-6.7589552056;-43.0264526994;16263;82.334;9.924;0.258;0.055;0.0;2.447;4.907;0.031;0.043
MA;Barra do Corda;-5.5083395;-45.2390110161;70401;69.557;22.616;0.078;0.126;0.264;2.401;4.774;0.06;0.124
MA;Barreirinhas;-2.7500859488;-42.8278025132;54252;62.346;29.45;0.017;0.057;0.0;0.855;7.257;0.0;0.018
MA;Belágua;-3.1567722275;-43.5100616427;6689;77.53;19.973;0.0;0.105;0.0;1.061;1.211;0.0;0.12
MA;Bela Vista do Maranhão;-3.7377332499;-45.2482458782;9732;61.806;28.637;0.175;0.185;0.0;0.411;8.58;0.0;0.206
MA;Benedito Leite;-7.2187997954;-44.559856799;4647;83.516;14.569;0.065;0.0;0.0;0.323;1.528;0.0;0.0
MA;Bequimão;-2.4620629951;-44.7857301569;17098;65.089;23.675;0.088;0.0;0.0;1.287;9.861;0.0;0.0
MA;Bernardo do Mearim;-4.6302874908;-44.7643231035;4921;78.602;17.842;0.0;0.142;0.0;0.284;3.129;0.0;0.0
MA;Boa Vista do Gurupi;-1.7932961358;-46.2987100525;6111;44.608;40.173;0.0;0.131;0.098;1.833;13.157;0.0;0.0
MA;Bom Jardim;-3.5441609779;-45.6018893891;27152;65.811;25.166;0.0;0.114;2.169;0.435;6.224;0.0;0.081
MA;Bom Jesus das Selvas;-4.4899683531;-46.8532412231;23076;59.464;29.919;0.0;0.104;0.88;1.356;8.091;0.052;0.134
MA;Bom Lugar;-4.3755096015;-45.0311078563;10412;82.645;14.301;0.0;0.0;0.0;0.211;2.488;0.048;0.307
MA;Brejo;-3.679178;-42.7508478268;28763;85.523;11.035;0.073;0.028;0.0;0.476;2.284;0.0;0.581
MA;Brejo de Areia;-4.3306298975;-45.5820952718;7647;78.789;15.405;0.0;0.0;0.0;0.039;5.767;0.0;0.0
MA;Buriti;-3.9455715;-42.9251061778;24068;89.455;9.112;0.037;0.258;0.0;0.245;0.893;0.0;0.0
MA;Buriti Bravo;-5.8352881321;-43.8356215415;18772;74.936;14.985;0.075;0.724;0.0;0.559;8.72;0.0;0.0
MA;Buriticupu;-4.3259477263;-46.4514953191;45514;52.733;34.794;0.171;0.0;0.0;0.868;11.197;0.0;0.237
MA;Buritirana;-5.5889151417;-47.0172250932;10800;58.556;37.796;0.0;0.0;0.0;0.25;3.398;0.0;0.0
MA;Cachoeira Grande;-2.9319210391;-44.0596850158;7974;58.967;26.298;0.013;0.025;0.0;6.22;8.151;0.0;0.326
MA;Cajapió;-2.8828822032;-44.6733771646;8699;84.297;12.415;0.161;0.736;0.0;0.632;1.667;0.0;0.092
MA;Cajari;-3.3238688309;-45.007965335;13450;73.836;22.424;0.03;0.387;0.0;0.491;2.587;0.03;0.216
MA;Campestre do Maranhão;-6.1647166458;-47.3676328633;10281;63.564;28.538;0.049;0.0;0.0;1.362;6.488;0.0;0.0
MA;Cândido Mendes;-1.4538891085;-45.7372683656;16435;61.971;31.871;0.0;0.073;0.0;1.107;4.849;0.0;0.128
MA;Cantanhede;-3.6283643119;-44.3818161358;20354;76.319;18.547;0.0;0.005;0.0;0.324;4.441;0.0;0.364
MA;Capinzal do Norte;-4.7212453888;-44.330436252;9628;70.295;23.806;0.0;0.052;0.0;0.634;3.5;0.0;1.714
MA;Carolina;-7.3307830052;-47.4700918028;20480;67.769;23.843;0.181;0.093;0.0;3.076;5.039;0.0;0.0
MA;Carutapera;-1.200602;-46.0231508346;20037;68.613;25.173;0.245;0.923;0.1;1.323;3.454;0.11;0.06
MA;Caxias;-4.8616749902;-43.3585394285;133762;75.751;17.423;0.129;0.805;0.0;1.151;4.634;0.05;0.057
MA;Cedral;-1.9979159256;-44.5307895278;8935;61.623;25.618;0.09;0.134;0.0;1.925;10.185;0.0;0.425
MA;Central do Maranhão;-2.1913139076;-44.8318437025;5889;66.31;15.86;0.068;0.085;0.0;3.94;13.5;0.0;0.238
MA;Centro do Guilherme;-2.4569850818;-46.0399601132;9730;57.153;32.117;0.0;0.0;4.368;0.247;5.992;0.0;0.123
MA;Centro Novo do Maranhão;-2.1442916986;-46.128408955;12891;58.684;34.14;0.0;0.178;1.443;0.566;4.988;0.0;0.0
MA;Chapadinha;-3.74002452;-43.3611207818;68173;74.364;20.137;0.082;0.31;0.018;1.546;3.459;0.0;0.085
MA;Cidelândia;-5.1774210472;-47.7842327757;10862;65.301;27.582;0.074;0.028;0.0;0.571;6.288;0.0;0.157
MA;Codó;-4.4513375001;-43.886080235;96181;74.373;17.298;0.15;0.864;0.057;1.057;6.132;0.0;0.069
MA;Coelho Neto;-4.2547375001;-43.0140136155;35191;77.315;16.283;0.06;0.304;0.0;2.782;3.058;0.0;0.199
MA;Colinas;-6.0273655202;-44.2497802305;33761;74.636;13.056;0.098;0.237;0.0;2.337;9.635;0.0;0.0
MA;Conceição do Lago-Açu;-3.8411184579;-44.9030159052;12163;54.148;33.865;0.0;0.247;0.0;0.403;11.338;0.0;0.0
MA;Coroatá;-4.128976;-44.1255992015;50098;73.907;20.462;0.038;0.295;0.0;1.198;4.032;0.0;0.068
MA;Cururupu;-1.8255207812;-44.867761617;26896;65.612;20.334;0.041;0.379;0.0;2.052;11.385;0.037;0.16
MA;Davinópolis;-5.5344562161;-47.4049963875;12015;46.966;38.527;0.2;0.141;0.0;3.754;9.963;0.0;0.449
MA;Dom Pedro;-5.0384476352;-44.440009911;19621;77.193;17.537;0.28;0.204;0.0;1.402;3.384;0.0;0.0
MA;Duque Bacelar;-4.1478190971;-42.9441802036;8501;87.613;7.458;0.071;0.082;0.0;0.565;3.952;0.0;0.259
MA;Esperantinópolis;-4.8703008975;-44.886068699;15377;77.219;20.518;0.0;0.085;0.0;0.54;1.606;0.0;0.033
MA;Estreito;-6.5680849802;-47.4478829861;27979;60.588;32.235;0.4;0.039;0.0;1.633;5.072;0.0;0.032
MA;Feira Nova do Maranhão;-6.9631355406;-46.687355216;6784;72.538;26.489;0.0;0.0;0.221;0.472;0.28;0.0;0.0
MA;Fernando Falcão;-6.1549784629;-44.9107074022;8503;52.37;21.145;0.012;0.0;7.55;1.105;17.1;0.0;0.717
MA;Formosa da Serra Negra;-6.4353041056;-46.1863570069;14946;67.998;28.161;0.027;0.007;0.0;1.519;2.288;0.0;0.0
MA;Fortaleza dos Nogueiras;-6.9659260875;-46.185557542;10642;72.627;23.248;0.0;0.0;0.0;0.536;3.59;0.0;0.0
MA;Fortuna;-5.7362241325;-44.1606284272;14050;71.196;14.747;0.121;0.014;0.0;1.772;12.149;0.0;0.0
MA;Godofredo Viana;-1.4098001867;-45.7717548081;8367;60.559;31.839;0.0;0.179;0.0;2.02;5.342;0.0;0.06
MA;Gonçalves Dias;-5.1439555695;-44.3059065359;14491;68.594;22.027;0.0;0.104;0.0;1.056;7.812;0.131;0.276
MA;Governador Archer;-5.0253878239;-44.2757565261;8663;81.888;15.133;0.069;0.0;0.0;0.346;2.563;0.0;0.0
MA;Governador Edison Lobão;-5.7474117385;-47.368935839;15379;48.618;35.438;0.098;0.377;0.0;2.672;12.764;0.0;0.033
MA;Governador Eugênio Barros;-5.3224910015;-44.246962646;11681;73.264;19.245;0.0;0.18;0.0;0.402;6.909;0.0;0.0
MA;Governador Luiz Rocha;-5.4728646849;-44.0708873355;5936;75.421;18.48;0.0;0.0;0.0;0.573;5.526;0.0;0.0
MA;Governador Newton Bello;-3.4297047199;-45.674501797;9107;81.509;11.222;0.0;0.11;0.0;0.725;5.194;0.0;1.241
MA;Governador Nunes Freire;-2.13496236;-45.8814811328;19040;50.026;34.312;0.0;0.179;0.074;5.888;9.522;0.0;0.0
MA;Graça Aranha;-5.4048212131;-44.3357912599;5105;74.456;18.139;0.353;0.059;0.0;0.686;6.19;0.0;0.118
MA;Grajaú;-5.8185484313;-46.142395636;59907;64.802;26.777;0.229;0.18;1.299;1.736;4.719;0.022;0.237
MA;Guimarães;-2.1350771584;-44.5977464563;8923;72.969;14.625;0.0;0.034;0.0;4.494;7.879;0.0;0.0
MA;Humberto de Campos;-2.5912239723;-43.4650921443;21089;73.147;20.674;0.0;0.156;0.057;1.783;4.182;0.0;0.0
MA;Icatu;-2.7748278631;-44.0658484686;20769;61.563;28.128;0.019;0.154;0.0;0.645;8.956;0.0;0.534
MA;Igarapé do Meio;-3.6367085219;-45.1833277022;11490;66.249;26.049;0.044;0.0;0.0;1.097;6.562;0.0;0.0
MA;Igarapé Grande;-4.6608538062;-44.8674033459;8765;73.337;22.921;0.0;0.0;0.0;0.148;3.594;0.0;0.0
MA;Imperatriz;-5.5265240252;-47.4798108058;233209;50.305;37.213;0.376;0.197;0.007;3.371;8.447;0.005;0.08
MA;Itaipava do Grajaú;-5.1445822618;-45.7926825035;11027;69.257;23.334;0.0;0.0;0.045;1.832;5.532;0.0;0.0
MA;Itapecuru Mirim;-3.3990454801;-44.3542633904;50185;67.49;22.636;0.092;0.301;0.0;0.946;5.243;0.022;3.27
MA;Itinga do Maranhão;-4.4550039984;-47.5279099638;19037;61.795;29.479;0.0;0.047;0.0;1.35;7.091;0.0;0.236
MA;Jatobá;-5.8196669368;-44.2199147698;6238;80.058;15.149;0.0;0.048;0.0;0.096;4.649;0.0;0.0
MA;Jenipapo dos Vieiras;-5.3694249264;-45.6333791074;13029;58.27;34.976;0.0;0.0;1.75;0.299;4.597;0.0;0.107
MA;João Lisboa;-5.4536629416;-47.4050361498;20808;59.391;27.908;0.0;0.043;0.0;2.062;10.525;0.0;0.072
MA;Joselândia;-4.9726933289;-44.6991525645;12401;68.664;23.563;0.04;0.0;0.0;1.016;6.628;0.0;0.089
MA;Junco do Maranhão;-1.8746095975;-46.0707260732;4224;59.564;30.398;0.0;0.0;0.0;0.545;9.399;0.0;0.095
MA;Lago da Pedra;-4.564744515;-45.1258913559;37263;61.283;29.694;0.0;0.0;0.0;1.302;7.426;0.064;0.231
MA;Lago do Junco;-4.6076432177;-45.0513443921;8097;80.264;14.845;0.0;0.0;0.0;1.124;3.693;0.0;0.074
MA;Lago Verde;-4.0387112953;-44.937635232;12209;66.508;26.652;0.0;0.229;0.0;0.483;6.127;0.0;0.0
MA;Lagoa do Mato;-6.0452772966;-43.5275591166;8903;84.803;10.39;0.0;0.056;0.0;0.168;4.583;0.0;0.0
MA;Lago dos Rodrigues;-4.6123757769;-44.9764423256;7492;78.27;17.072;0.0;0.0;0.0;0.894;3.764;0.0;0.0
MA;Lagoa Grande do Maranhão;-4.9931237371;-45.3906142794;9280;73.297;23.728;0.0;0.054;0.0;0.894;2.026;0.0;0.0
MA;Lajeado Novo;-6.1916092267;-47.0324475171;5952;69.607;27.167;0.05;0.0;0.0;1.058;2.033;0.0;0.084
MA;Lima Campos;-4.5170459872;-44.4693403292;9646;65.665;23.45;0.0;1.441;0.0;5.194;4.136;0.0;0.114
MA;Loreto;-7.0944541654;-45.1392416375;9785;89.515;8.687;0.0;0.0;0.0;0.94;0.858;0.0;0.0
MA;Luís Domingues;-1.3254602444;-45.8953319921;5967;61.756;36.082;0.0;0.117;0.0;0.804;1.24;0.0;0.0
MA;Magalhães de Almeida;-3.3966676742;-42.2015066914;11752;76.157;17.274;0.0;0.0;0.0;0.783;5.676;0.0;0.111
MA;Maracaçumé;-2.0561645495;-45.9586390372;16924;51.335;41.403;0.0;0.059;0.0;1.353;5.779;0.071;0.0
MA;Marajá do Sena;-4.6203133241;-45.4572376526;5720;67.552;22.483;0.0;0.052;0.07;0.647;9.196;0.0;0.0
MA;Maranhãozinho;-2.2356169921;-45.8556114549;11003;59.175;22.139;0.109;0.0;11.579;0.4;6.598;0.0;0.0
MA;Mata Roma;-3.6190455099;-43.1203894236;14172;76.912;19.863;0.035;0.042;0.035;1.122;1.99;0.0;0.0
MA;Matinha;-3.09840003;-45.0364289401;18324;64.855;28.302;0.0;0.0;0.0;0.775;5.796;0.055;0.218
MA;Matões;-5.5224650194;-43.2012082829;26658;78.029;14.585;0.15;0.364;0.0;1.793;5.079;0.0;0.0
MA;Matões do Norte;-3.6275187802;-44.5502445069;14625;80.54;13.552;0.0;0.417;0.0;0.629;4.786;0.0;0.075
MA;Milagres do Maranhão;-3.5822066414;-42.6107528325;7388;87.263;11.586;0.0;0.081;0.0;0.433;0.636;0.0;0.0
MA;Mirador;-6.3775656954;-44.3626097939;17657;81.747;12.295;0.0;0.385;0.0;0.606;4.967;0.0;0.0
MA;Miranda do Norte;-3.5626447744;-44.5842756917;20619;66.696;22.431;0.0;0.209;0.0;0.795;9.549;0.0;0.32
MA;Mirinzal;-2.0642241916;-44.7857559865;11798;68.639;24.563;0.017;0.297;0.0;3.501;2.763;0.0;0.22
MA;Monção;-3.49393248;-45.2475846706;22604;65.966;26.106;0.075;0.367;0.0;0.522;6.556;0.0;0.407
MA;Montes Altos;-5.8285625042;-47.070439508;7581;64.068;20.762;0.053;0.092;5.698;0.976;8.35;0.0;0.0
MA;Morros;-2.8614789531;-44.0445445432;15380;71.73;18.979;0.0;0.0;0.0;4.402;4.889;0.0;0.0
MA;Nina Rodrigues;-3.4624642894;-43.9044847603;11834;81.536;14.898;0.211;0.0;0.0;0.33;2.628;0.0;0.397
MA;Nova Colinas;-7.1205660036;-46.2593252229;4226;85.826;12.754;0.071;0.095;0.0;0.568;0.686;0.0;0.0
MA;Nova Iorque;-6.7332033058;-44.0486267271;3732;81.833;16.426;0.0;0.188;0.0;0.804;0.75;0.0;0.0
MA;Nova Olinda do Maranhão;-2.7998865441;-45.7045360408;12021;60.128;33.15;0.0;0.0;0.017;0.965;5.74;0.0;0.0
MA;Olho d'Água das Cunhãs;-4.1372759298;-45.1195796205;15439;80.394;14.729;0.0;0.376;0.0;1.516;2.565;0.0;0.421
MA;Olinda Nova do Maranhão;-2.9974776154;-45.0032353745;11434;52.825;31.975;0.009;0.035;0.166;0.918;14.028;0.0;0.044
MA;Paço do Lumiar;-2.528063;-44.0986923548;123592;51.415;33.297;0.235;0.854;0.004;4.704;9.34;0.0;0.15
MA;Palmeirândia;-2.6477742783;-44.9044638923;17548;76.886;15.979;0.0;0.142;0.0;0.416;6.337;0.0;0.239
MA;Paraibano;-6.4318254141;-43.9857620488;15551;81.834;14.501;0.0;0.0;0.064;0.334;3.196;0.0;0.071
MA;Parnarama;-5.6844671764;-43.0904013535;25830;75.59;12.958;0.321;1.734;0.0;1.208;8.188;0.0;0.0
MA;Passagem Franca;-6.1739944256;-43.7817452259;14346;70.898;13.634;0.028;0.286;0.0;0.732;14.422;0.0;0.0
MA;Pastos Bons;-6.6040277321;-44.0886025134;15921;82.539;11.413;0.0;0.0;0.0;0.641;5.408;0.0;0.0
MA;Paulino Neves;-2.7182059898;-42.5454239809;13964;55.743;32.849;0.0;0.136;0.0;0.122;11.15;0.0;0.0
MA;Paulo Ramos;-4.4479567659;-45.2399800047;16949;69.562;22.184;0.0;0.0;0.0;0.472;7.717;0.0;0.065
MA;Pedreiras;-4.5693506881;-44.6037348763;32200;66.922;25.385;0.404;0.168;0.0;1.683;5.407;0.0;0.031
MA;Pedro do Rosário;-2.9681146727;-45.3464537341;19794;65.596;25.7;0.0;0.207;0.0;0.389;7.639;0.227;0.242
MA;Penalva;-3.2932333178;-45.1764616888;26332;62.536;22.623;0.034;0.209;0.034;0.798;13.596;0.042;0.129
MA;Peri Mirim;-2.5730546485;-44.8502907001;9622;70.235;22.75;0.083;0.301;0.0;0.0;6.631;0.0;0.0
MA;Peritoró;-4.3702251177;-44.3258535239;17130;72.166;22.032;0.076;0.286;0.0;2.855;1.751;0.0;0.835
MA;Pindaré-Mirim;-3.6055005749;-45.3468679178;26372;70.556;21.728;0.0;0.341;0.0;0.8;6.575;0.0;0.0
MA;Pinheiro;-2.5227405;-45.0839266013;71531;63.262;26.217;0.208;0.075;0.0;0.889;9.025;0.015;0.308
MA;Pio XII;-3.8875875301;-45.1699603887;18514;76.531;19.688;0.0;0.103;0.0;0.789;2.89;0.0;0.0
MA;Pirapemas;-3.7253290661;-44.2282808838;15216;71.162;14.846;0.039;0.381;0.0;0.69;12.421;0.0;0.46
MA;Poção de Pedras;-4.7500252112;-44.9515514003;14879;73.002;22.421;0.04;0.04;0.0;0.927;3.421;0.0;0.148
MA;Porto Franco;-6.3541818639;-47.3821649019;20129;63.61;26.743;0.333;0.079;0.0;0.591;8.565;0.0;0.079
MA;Porto Rico do Maranhão;-1.8572232148;-44.5837478896;5155;61.765;27.255;0.0;0.369;0.0;1.668;8.458;0.0;0.485
MA;Presidente Dutra;-5.2823742578;-44.4929188624;38212;70.07;20.522;0.0;0.0;0.0;2.086;7.246;0.0;0.076
MA;Presidente Juscelino;-2.9282292461;-44.0767794214;9223;68.329;22.628;0.0;0.0;0.0;0.401;8.587;0.0;0.054
MA;Presidente Médici;-2.3836640465;-45.8207086476;3945;69.734;24.994;0.0;0.304;0.0;0.0;4.968;0.0;0.0
MA;Presidente Sarney;-2.5955305599;-45.3713022606;14182;63.933;29.707;0.0;0.0;0.0;0.945;5.31;0.0;0.106
MA;Presidente Vargas;-3.4020115222;-44.0334018673;8631;77.222;15.885;0.0;0.0;0.0;0.568;5.99;0.0;0.336
MA;Primeira Cruz;-2.510583172;-43.4424433047;11164;74.704;15.828;0.0;0.0;0.0;0.421;9.047;0.0;0.0
MA;Raposa;-2.4150749026;-44.1025161642;25744;44.088;40.293;0.194;0.552;0.0;4.673;10.134;0.066;0.0
MA;Riachão;-7.3645650002;-46.6233501429;18713;77.775;20.195;0.091;0.107;0.0;0.476;1.176;0.0;0.182
MA;Ribamar Fiquene;-5.9338228588;-47.3834777871;6234;70.95;25.393;0.0;0.0;0.0;2.791;0.866;0.0;0.0
MA;Rosário;-2.941543035;-44.2475185953;32573;56.961;27.222;0.043;0.166;0.0;2.493;12.992;0.0;0.123
MA;Sambaíba;-7.1383508975;-45.344203198;4688;85.282;13.46;0.0;0.0;0.085;0.597;0.448;0.0;0.128
MA;Santa Filomena do Maranhão;-5.4997668067;-44.5637140401;5589;77.849;16.389;0.0;0.0;0.0;0.501;5.26;0.0;0.0
MA;Santa Helena;-2.2345325089;-45.3051611932;34763;62.949;23.131;0.0;0.152;0.0;0.788;12.81;0.032;0.138
MA;Santa Inês;-3.65857452;-45.3782724523;72056;55.884;31.685;0.029;0.411;0.014;2.332;9.255;0.175;0.215
MA;Santa Luzia;-3.968391465;-45.6650117249;47661;73.725;22.213;0.015;0.124;0.0;0.68;3.137;0.0;0.107
MA;Santa Luzia do Paruá;-2.5461614748;-45.7764615616;20203;58.373;30.659;0.0;0.0;0.049;0.683;10.098;0.045;0.094
MA;Santa Quitéria do Maranhão;-3.4984849951;-42.5628730097;20045;85.852;12.876;0.0;0.065;0.0;0.299;0.908;0.0;0.0
MA;Santa Rita;-3.1341167657;-44.3199480819;30764;60.086;23.999;0.007;0.146;0.0;2.373;12.817;0.0;0.572
MA;Santana do Maranhão;-3.1130683428;-42.4007677572;8820;74.354;22.052;0.0;0.034;0.0;0.261;3.299;0.0;0.0
MA;Santo Amaro do Maranhão;-2.502721199;-43.2552849422;11392;70.558;21.62;0.035;0.026;0.0;0.36;7.347;0.0;0.053
MA;Santo Antônio dos Lopes;-4.8738195756;-44.3614474338;12159;70.499;20.544;0.058;0.033;0.0;1.505;7.279;0.0;0.082
MA;São Benedito do Rio Preto;-3.3327660037;-43.5299918702;15062;74.386;22.056;0.0;0.093;0.0;2.669;0.797;0.0;0.0
MA;São Bento;-2.6970075;-44.8283451799;38114;75.613;17.66;0.0;0.352;0.0;0.504;5.872;0.0;0.0
MA;São Bernardo;-3.3654365101;-42.4230096609;22769;71.979;18.183;0.0;0.167;0.0;2.828;6.764;0.0;0.079
MA;São Domingos do Azeitão;-6.8044250098;-44.6504239103;6617;65.815;14.992;0.151;0.0;0.0;7.723;10.866;0.0;0.453
MA;São Domingos do Maranhão;-5.5656420002;-44.3928792569;28518;70.875;21.394;0.0;0.0;0.0;1.185;6.484;0.0;0.063
MA;São Félix de Balsas;-7.0846851542;-44.8114476615;3784;82.558;16.675;0.0;0.0;0.0;0.106;0.661;0.0;0.0
MA;São Francisco do Brejão;-5.1302007872;-47.3911373986;7578;62.14;29.942;0.0;0.0;0.0;2.956;4.962;0.0;0.0
MA;São Francisco do Maranhão;-6.2527979167;-42.8653217276;10208;82.171;10.795;0.039;0.088;0.0;0.549;6.358;0.0;0.0
MA;São João Batista;-2.9533329125;-44.8117618531;15942;73.843;20.449;0.0;0.401;0.0;0.289;4.924;0.094;0.0
MA;São João do Carú;-3.5608034069;-46.2549254827;10035;63.139;29.437;0.0;0.07;0.0;1.604;5.75;0.0;0.0
MA;São João do Paraíso;-6.4662222864;-47.0506104205;8420;63.895;29.501;0.048;0.321;0.0;0.404;5.831;0.0;0.0
MA;São João do Soter;-5.1157392644;-43.8181817951;14020;76.098;16.512;0.036;0.428;0.0;0.678;5.414;0.0;0.835
MA;São João dos Patos;-6.4982081521;-43.7029101658;21437;79.088;10.585;0.359;0.093;0.0;1.11;8.257;0.0;0.508
MA;São José de Ribamar;-2.55585852;-44.0575481151;207869;50.51;32.559;0.291;0.806;0.053;5.33;10.347;0.004;0.1
MA;São José dos Basílios;-5.0486872452;-44.5824465176;5849;79.518;17.678;0.0;0.0;0.0;0.103;2.701;0.0;0.0
MA;São Luís;-2.5318859851;-44.2979185642;906726;53.651;30.445;0.632;0.715;0.002;5.1;9.325;0.028;0.102
MA;São Luís Gonzaga do Maranhão;-4.3739184906;-44.6627084964;15202;77.924;16.748;0.0;0.368;0.0;0.454;4.381;0.0;0.125
MA;São Mateus do Maranhão;-4.0345505101;-44.4685628111;32655;65.883;23.298;0.064;0.034;0.0;3.185;7.245;0.0;0.291
MA;São Pedro da Água Branca;-5.0889109974;-48.4236235936;11698;66.234;25.68;0.393;0.034;0.0;1.197;6.463;0.0;0.0
MA;São Pedro dos Crentes;-6.8285556408;-46.5325803474;4860;35.782;58.909;0.0;0.0;0.0;0.432;4.877;0.0;0.0
MA;São Raimundo das Mangabeiras;-7.0269626572;-45.4848314302;15731;78.215;17.348;0.089;0.057;0.0;2.053;2.206;0.0;0.032
MA;São Raimundo do Doca Bezerra;-5.1031818449;-45.0841627903;4738;79.021;19.713;0.063;0.0;0.0;0.063;1.14;0.0;0.0
MA;São Roberto;-5.0173668824;-44.9919011593;3822;75.432;22.292;0.0;0.445;0.0;0.157;1.413;0.0;0.262
MA;São Vicente Ferrer;-2.8907310644;-44.8869045766;16585;59.035;24.329;0.0;0.253;0.0;1.598;14.531;0.0;0.253
MA;Satubinha;-4.0357354948;-45.2336295762;7393;79.264;14.243;0.0;0.0;0.0;0.703;5.789;0.0;0.0
MA;Senador Alexandre Costa;-5.2610765444;-44.0563015064;8374;75.782;19.68;0.0;0.119;0.0;0.227;4.192;0.0;0.0
MA;Senador La Rocque;-5.4418324952;-47.289191424;12375;62.19;28.525;0.0;0.073;0.0;0.808;8.404;0.0;0.0
MA;Serrano do Maranhão;-1.8526455417;-45.1146408497;8446;69.204;18.636;0.0;0.189;0.059;1.93;9.413;0.0;0.568
MA;Sítio Novo;-5.8706298913;-46.6949833407;14241;60.164;23.201;0.084;0.042;0.0;13.419;2.935;0.0;0.154
MA;Sucupira do Norte;-6.4782844476;-44.1886027052;8643;80.366;15.62;0.0;0.0;0.0;0.312;3.702;0.0;0.0
MA;Sucupira do Riachão;-6.4201084051;-43.5458533208;4250;79.153;11.576;0.165;0.8;0.0;1.035;7.271;0.0;0.0
MA;Tasso Fragoso;-8.4798310179;-45.7441235175;7304;75.849;21.235;0.068;0.0;0.0;0.246;2.601;0.0;0.0
MA;Timbiras;-4.253840505;-43.9384339738;21909;79.282;16.4;0.141;0.082;0.0;0.749;3.346;0.0;0.0
MA;Timon;-5.1006811101;-42.8337278989;147034;64.148;23.28;0.31;0.586;0.015;2.976;8.478;0.0;0.206
MA;Trizidela do Vale;-4.5701268566;-44.6106851966;19097;73.074;20.988;0.136;0.592;0.0;0.854;4.357;0.0;0.0
MA;Tufilândia;-3.6764041184;-45.6339164757;4589;75.114;19.22;0.0;0.261;0.0;1.133;4.14;0.0;0.131
MA;Tuntum;-5.24965554;-44.6490121517;30684;74.883;16.263;0.0;0.0;0.016;1.408;7.29;0.0;0.14
MA;Turiaçu;-1.6690220477;-45.3691524172;30784;64.806;29.408;0.107;0.188;0.0;1.056;4.434;0.0;0.0
MA;Turilândia;-2.228833525;-45.306765312;25570;50.892;37.524;0.0;0.724;0.0;2.186;8.674;0.0;0.0
MA;Tutóia;-2.7635501969;-42.2768472077;43962;67.047;23.498;0.066;0.419;0.0;1.108;7.777;0.0;0.086
MA;Urbano Santos;-3.2084094996;-43.4042484724;26809;73.815;22.53;0.0;0.075;0.0;0.877;2.581;0.0;0.123
MA;Vargem Grande;-3.5418960001;-43.9166644902;35245;78.386;17.367;0.0;0.0;0.0;0.863;3.047;0.014;0.323
MA;Viana;-3.2145625131;-45.0013066953;42269;58.423;30.668;0.0;0.097;0.083;2.401;7.31;0.0;1.017
MA;Vila Nova dos Martírios;-5.1835115192;-48.1389264826;8528;67.319;28.002;0.0;0.0;0.0;2.099;2.498;0.0;0.082
MA;Vitória do Mearim;-3.4820473645;-44.8695722406;25892;58.906;35.362;0.216;0.205;0.108;1.0;4.017;0.154;0.031
MA;Vitorino Freire;-4.2911865001;-45.2441851432;26235;68.691;22.127;0.0;0.034;0.0;1.006;8.008;0.042;0.091
MA;Zé Doca;-3.2754805;-45.6576978606;34252;64.271;29.505;0.146;0.073;0.277;1.661;3.901;0.029;0.137
PI;Acauã;-8.2207866629;-41.0836378172;5597;88.44;9.38;0.089;0.286;0.0;0.357;1.447;0.0;0.0
PI;Agricolândia;-5.7955019354;-42.6591831974;4288;73.554;12.663;0.093;0.07;0.0;1.539;11.987;0.093;0.0
PI;Água Branca;-5.8932663379;-42.63513086;15053;72.391;15.99;0.053;0.259;0.0;1.588;9.719;0.0;0.0
PI;Alagoinha do Piauí;-7.0081752801;-40.9346348169;6040;90.066;6.821;0.0;0.05;0.0;1.656;1.407;0.0;0.0
PI;Alegrete do Piauí;-7.2453494663;-40.8578629896;4041;52.116;14.254;0.049;0.421;0.0;30.339;2.747;0.074;0.0
PI;Alto Longá;-5.2509930114;-42.2103219622;11872;83.962;11.422;0.0;0.825;0.0;1.238;2.552;0.0;0.0
PI;Altos;-5.0365464343;-42.4609480356;40763;79.599;10.843;0.275;0.594;0.0;2.914;5.775;0.0;0.0
PI;Alvorada do Gurguéia;-8.4439590723;-43.8630715789;4562;68.523;27.269;0.0;0.066;0.066;0.175;3.902;0.0;0.0
PI;Amarante;-6.2466107722;-42.853692823;14548;84.163;10.716;0.089;0.206;0.0;0.873;3.705;0.027;0.22
PI;Angical do Piauí;-6.0872416921;-42.7438657484;5960;81.409;10.94;0.101;0.101;0.0;0.889;6.56;0.0;0.0
PI;Anísio de Abreu;-9.1749185309;-43.0348533321;8015;74.685;12.339;0.075;0.062;0.0;1.123;11.716;0.0;0.0
PI;Antônio Almeida;-7.219355834;-44.19653532;2661;81.436;16.46;0.0;0.0;0.0;1.315;0.789;0.0;0.0
PI;Aroazes;-6.1128502563;-41.7974533388;4776;83.103;5.863;0.0;0.0;0.0;8.626;2.073;0.0;0.335
PI;Aroeiras do Itaim;-7.278745465;-41.5632044183;2405;91.975;6.403;0.0;0.249;0.0;0.0;1.372;0.0;0.0
PI;Arraial;-6.6508270275;-42.5365666247;3956;93.124;5.865;0.0;0.0;0.0;0.152;0.859;0.0;0.0
PI;Assunção do Piauí;-5.8649144945;-41.0508299965;6337;80.622;11.299;0.0;0.11;0.0;0.331;7.638;0.0;0.0
PI;Avelino Lopes;-10.1347450128;-43.9415101418;9290;50.42;42.939;0.065;0.0;0.0;2.734;3.767;0.0;0.075
PI;Baixa Grande do Ribeiro;-7.8533519592;-45.2128152926;10786;68.098;27.944;0.0;0.046;0.0;0.714;3.199;0.0;0.0
PI;Barra d'Alcântara;-6.5188730723;-42.1050020826;3496;84.239;9.668;0.086;0.114;0.0;0.887;5.006;0.0;0.0
PI;Barras;-4.2430933543;-42.2953398573;40699;83.904;12.005;0.113;0.088;0.0;1.339;2.391;0.052;0.108
PI;Barreiras do Piauí;-9.9212468267;-45.4777877055;2800;85.929;10.5;0.0;0.25;0.0;0.393;2.929;0.0;0.0
PI;Barro Duro;-5.8123597078;-42.5133778221;5709;67.98;22.701;0.21;0.053;0.0;0.596;8.46;0.0;0.0
PI;Batalha;-4.0204123358;-42.075218732;22727;85.352;11.387;0.136;0.145;0.0;1.082;1.742;0.0;0.154
PI;Bela Vista do Piauí;-7.9721853196;-41.871379644;3554;93.444;4.615;0.0;0.0;0.0;0.0;1.941;0.0;0.0
PI;Belém do Piauí;-7.3701396155;-40.9703021907;3037;67.27;25.65;0.0;0.23;0.0;2.009;4.84;0.0;0.0
PI;Beneditinos;-5.4476028602;-42.3706167025;8681;89.713;7.741;0.127;0.0;0.058;0.945;1.417;0.0;0.0
PI;Bertolínia;-7.6286247631;-43.9543877391;4785;82.863;13.48;0.063;0.0;0.0;1.129;2.466;0.0;0.0
PI;Betânia do Piauí;-8.1456655773;-40.7966219288;5279;92.006;6.251;0.0;0.0;0.0;0.871;0.871;0.0;0.0
PI;Boa Hora;-4.4090096058;-42.1252957359;5943;81.037;16.742;0.0;0.639;0.0;0.219;1.363;0.0;0.0
PI;Bocaina;-6.9548423326;-41.3223406827;3679;94.238;5.246;0.0;0.0;0.0;0.408;0.109;0.0;0.0
PI;Bom Jesus;-9.0709489837;-44.3605250848;24116;76.588;18.133;0.257;0.124;0.0;1.825;3.048;0.0;0.025
PI;Bom Princípio do Piauí;-3.1898586876;-41.6452095701;4896;76.45;17.79;0.082;0.061;0.0;2.41;3.207;0.0;0.0
PI;Bonfim do Piauí;-9.1665605393;-42.8796630651;5060;87.628;7.806;0.0;0.0;0.04;0.553;3.972;0.0;0.0
PI;Boqueirão do Piauí;-4.4858196316;-42.1036271347;5656;76.397;19.767;0.0;0.53;0.0;1.096;2.21;0.0;0.0
PI;Brasileira;-4.1378291077;-41.7892596436;7343;86.681;10.146;0.15;0.0;0.0;0.109;2.914;0.0;0.0
PI;Brejo do Piauí;-8.2070647664;-42.8303018098;3418;77.794;18.695;0.0;0.0;0.0;0.117;3.013;0.0;0.38
PI;Buriti dos Lopes;-3.1727213351;-41.8699088471;16700;77.096;16.647;0.096;0.096;0.0;0.802;5.234;0.0;0.03
PI;Buriti dos Montes;-5.3120667826;-41.1018513937;6469;88.128;8.317;0.093;0.17;0.0;0.479;2.813;0.0;0.0
PI;Cabeceiras do Piauí;-4.4713312938;-42.3083160653;8944;87.578;10.756;0.0;0.145;0.0;0.112;1.409;0.0;0.0
PI;Cajazeiras do Piauí;-6.7941841175;-42.3967272946;2715;92.486;5.93;0.0;0.074;0.0;0.331;1.179;0.0;0.0
PI;Cajueiro da Praia;-2.9292271718;-41.3471503622;6826;75.725;16.51;0.308;1.172;0.0;0.952;5.333;0.0;0.0
PI;Caldeirão Grande do Piauí;-7.3315596518;-40.6374189127;4813;81.882;15.874;0.0;0.145;0.0;0.125;1.974;0.0;0.0
PI;Campinas do Piauí;-7.654778128;-41.880745293;4348;87.098;11.96;0.0;0.0;0.0;0.184;0.69;0.0;0.069
PI;Campo Alegre do Fidalgo;-8.3744803807;-41.8320133242;4027;86.417;11.324;0.099;0.397;0.0;0.521;1.242;0.0;0.0
PI;Campo Grande do Piauí;-7.1359931202;-41.0312009604;5223;76.814;21.08;0.0;0.057;0.0;0.383;1.666;0.0;0.0
PI;Campo Largo do Piauí;-3.8078689392;-42.6260410417;6228;91.024;7.868;0.0;0.0;0.0;0.209;0.899;0.0;0.0
PI;Campo Maior;-4.8291139266;-42.1667446047;40435;85.201;8.925;0.415;0.982;0.0;1.496;2.933;0.047;0.0
PI;Canavieira;-7.6946215595;-43.7194280334;2957;85.898;11.701;0.0;0.0;0.0;0.913;1.488;0.0;0.0
PI;Canto do Buriti;-8.1082319197;-42.944021022;16819;79.702;15.144;0.059;0.065;0.0;2.997;1.974;0.0;0.059
PI;Capitão de Campos;-4.4585592684;-41.9435219724;9648;69.538;14.708;0.207;0.85;0.0;0.902;13.796;0.0;0.0
PI;Capitão Gervásio Oliveira;-8.4968378684;-41.8161163124;3479;82.667;13.51;0.0;0.23;0.0;0.719;2.731;0.0;0.144
PI;Caracol;-9.2767652672;-43.3342004508;8695;80.84;15.17;0.0;0.0;0.0;1.783;2.208;0.0;0.0
PI;Caraúbas do Piauí;-3.4785905375;-41.841208126;4856;87.912;7.393;0.0;0.0;0.0;0.082;4.613;0.0;0.0
PI;Caridade do Piauí;-7.7286523876;-40.9903345468;4315;85.4;11.634;0.07;0.0;0.0;1.993;0.765;0.0;0.139
PI;Castelo do Piauí;-5.3215438709;-41.5473162427;16647;80.447;11.383;0.216;0.072;0.0;1.31;6.494;0.0;0.078
PI;Caxingó;-3.4269384028;-41.8826837611;4671;87.133;8.221;0.0;0.0;0.0;0.557;4.089;0.0;0.0
PI;Cocal;-3.4704534897;-41.5568448346;24222;81.286;14.536;0.033;0.087;0.0;0.425;3.356;0.0;0.277
PI;Cocal de Telha;-4.5538157239;-41.979047874;4312;73.91;18.762;0.0;0.51;0.0;1.229;5.589;0.0;0.0
PI;Cocal dos Alves;-3.6060725908;-41.4554189108;5452;82.098;13.151;0.0;0.0;0.0;0.495;4.255;0.0;0.0
PI;Coivaras;-5.0913083514;-42.2073159063;3555;83.826;12.799;0.084;0.0;0.0;0.338;2.954;0.0;0.0
PI;Colônia do Gurguéia;-8.1875742163;-43.7960171561;5329;71.195;22.256;0.113;0.0;0.0;2.89;3.453;0.0;0.094
PI;Colônia do Piauí;-7.223657564;-42.1771185064;6124;79.05;13.733;0.0;0.0;0.0;4.67;2.547;0.0;0.0
PI;Conceição do Canindé;-7.8827041539;-41.5966339439;4286;89.524;9.543;0.0;0.0;0.0;0.0;0.933;0.0;0.0
PI;Coronel José Dias;-8.8163694115;-42.4703571012;3728;88.01;9.013;0.0;0.08;0.0;0.563;2.012;0.0;0.322
PI;Corrente;-10.4409360381;-45.1633125236;23107;61.683;31.64;0.1;0.104;0.0;1.415;5.059;0.0;0.0
PI;Cristalândia do Piauí;-10.6478037518;-45.1860307001;6228;82.017;13.487;0.0;0.161;0.0;0.321;3.34;0.0;0.674
PI;Cristino Castro;-8.8201862885;-44.2244147473;8822;77.239;17.184;0.045;0.0;0.0;1.553;3.933;0.045;0.0
PI;Curimatá;-10.0312924303;-44.3007222329;9558;73.739;19.858;0.073;0.0;0.0;2.072;3.861;0.0;0.398
PI;Currais;-9.0124338389;-44.403002153;4126;87.009;11.246;0.0;0.097;0.0;1.139;0.509;0.0;0.0
PI;Curralinhos;-5.6204532294;-42.8322105193;3706;82.299;13.573;0.108;0.486;0.0;1.133;2.402;0.0;0.0
PI;Curral Novo do Piauí;-7.8307971884;-40.9010694707;4283;90.614;7.962;0.0;0.0;0.093;0.374;0.957;0.0;0.0
PI;Demerval Lobão;-5.3584654659;-42.6742286111;13861;79.54;15.886;0.079;0.332;0.0;1.428;2.684;0.051;0.0
PI;Dirceu Arcoverde;-9.3352000441;-42.439569962;6011;87.49;8.984;0.0;0.067;0.0;0.05;3.41;0.0;0.0
PI;Dom Expedito Lopes;-6.9579018427;-41.6523852113;5626;84.038;11.465;0.284;0.0;0.0;0.533;3.626;0.0;0.053
PI;Domingos Mourão;-4.2534336345;-41.2718814489;3502;89.406;10.08;0.0;0.0;0.0;0.0;0.343;0.0;0.171
PI;Dom Inocêncio;-9.0080749434;-41.9768511188;8085;88.67;10.315;0.0;0.0;0.0;0.198;0.816;0.0;0.0
PI;Elesbão Veloso;-6.2017194613;-42.1381444495;12074;86.036;7.512;0.248;0.124;0.0;1.027;4.887;0.0;0.166
PI;Eliseu Martins;-8.0964622896;-43.6648111317;3862;77.162;16.157;0.052;0.233;0.0;0.803;5.593;0.0;0.0
PI;Esperantina;-3.8956045306;-42.2353645251;35117;81.866;13.304;0.421;0.248;0.0;1.253;2.868;0.0;0.04
PI;Fartura do Piauí;-9.4786062863;-42.7944014032;4462;81.869;15.666;0.247;0.0;0.0;0.247;1.771;0.0;0.202
PI;Flores do Piauí;-7.7917756018;-42.924305802;3865;75.343;19.508;0.0;0.0;0.0;1.578;3.571;0.0;0.0
PI;Floresta do Piauí;-7.4667953749;-41.8003142914;2096;77.719;18.75;0.0;0.0;0.0;1.05;2.481;0.0;0.0
PI;Floriano;-6.7696724338;-43.0206447383;53858;75.04;16.738;0.349;0.574;0.0;1.433;5.782;0.0;0.084
PI;Francinópolis;-6.3952926226;-42.263366099;3918;83.333;6.559;0.0;0.74;0.0;0.613;8.754;0.0;0.0
PI;Francisco Ayres;-6.6233435319;-42.6911278448;3814;87.467;9.649;0.0;0.079;0.0;0.184;2.569;0.052;0.0
PI;Francisco Macedo;-7.3278710406;-40.7955673541;2566;84.567;11.886;0.0;0.0;0.0;0.156;3.39;0.0;0.0
PI;Francisco Santos;-6.9941711375;-41.1361573365;7264;90.391;7.159;0.083;0.0;0.0;0.289;2.01;0.0;0.069
PI;Fronteiras;-7.0884125329;-40.6172329307;9077;75.432;19.83;0.099;0.275;0.0;1.653;2.655;0.0;0.055
PI;Geminiano;-7.1584176259;-41.3575797605;4732;78.36;17.012;0.0;0.19;0.0;0.613;3.825;0.0;0.0
PI;Gilbués;-9.8345699055;-45.3469199782;9086;81.169;16.542;0.0;0.0;0.0;1.079;1.211;0.0;0.0
PI;Guadalupe;-6.7852469087;-43.5669236545;8828;81.627;15.949;0.0;0.0;0.0;1.201;1.167;0.0;0.057
PI;Guaribas;-9.3951113037;-43.6877210274;3627;61.98;29.501;0.0;0.0;0.0;1.379;7.141;0.0;0.0
PI;Hugo Napoleão;-5.9877878907;-42.5625630466;3060;78.235;12.549;0.0;0.523;0.0;1.732;6.961;0.0;0.0
PI;Ilha Grande;-2.8540086072;-41.819773184;7959;77.949;13.808;0.503;0.113;0.0;3.631;3.995;0.0;0.0
PI;Inhuma;-6.6671203407;-41.7101940565;13157;81.105;11.515;0.084;0.122;0.0;1.17;5.624;0.03;0.35
PI;Ipiranga do Piauí;-6.8269326783;-41.7399141279;8269;79.272;16.399;0.048;0.0;0.0;1.028;3.253;0.0;0.0
PI;Isaías Coelho;-7.7343106967;-41.6794480825;6596;82.762;10.415;0.0;0.045;0.0;0.0;2.562;0.0;4.215
PI;Itainópolis;-7.4512808131;-41.4800253105;9590;77.258;19.312;0.115;0.0;0.0;1.032;2.284;0.0;0.0
PI;Itaueira;-7.6081166325;-43.0254965078;9086;78.263;17.103;0.0;0.352;0.0;1.904;2.377;0.0;0.0
PI;Jacobina do Piauí;-7.9362644875;-41.2107620507;4902;80.049;15.871;0.0;0.0;0.0;0.061;4.019;0.0;0.0
PI;Jaicós;-7.3531523272;-41.1464748135;15165;76.637;18.206;0.251;0.04;0.0;0.725;4.115;0.026;0.0
PI;Jardim do Mulato;-6.0965775948;-42.6339595632;3634;75.206;17.556;0.0;0.0;0.0;0.138;7.1;0.0;0.0
PI;Jatobá do Piauí;-4.7731589443;-41.8198222186;4063;87.915;8.934;0.443;0.074;0.0;0.665;1.871;0.0;0.098
PI;Jerumenha;-7.0846321939;-43.5027430064;3919;80.837;15.412;0.0;0.153;0.0;0.842;2.45;0.0;0.306
PI;João Costa;-8.4891257219;-42.4178485806;2565;90.682;7.797;0.0;0.0;0.0;0.741;0.78;0.0;0.0
PI;Joaquim Pires;-3.5131035479;-42.1876898036;11871;82.226;14.818;0.0;0.329;0.0;0.337;2.089;0.0;0.202
PI;Joca Marques;-3.4880338256;-42.427737079;4629;90.689;8.576;0.0;0.41;0.0;0.324;0.0;0.0;0.0
PI;José de Freitas;-4.7630506395;-42.5783745315;36446;84.964;9.683;0.332;0.384;0.0;1.111;3.526;0.0;0.0
PI;Juazeiro do Piauí;-5.1613727543;-41.7026007597;4555;80.527;13.611;0.198;0.0;0.0;0.132;5.532;0.0;0.0
PI;Júlio Borges;-10.3267868137;-44.2437006324;4533;76.462;21.641;0.176;0.0;0.0;0.574;1.147;0.0;0.0
PI;Jurema;-9.2220247205;-43.133109743;3791;93.537;6.41;0.0;0.0;0.0;0.053;0.0;0.0;0.0
PI;Lagoinha do Piauí;-5.8365834406;-42.6273837299;2522;65.623;22.284;0.0;0.0;0.0;0.952;11.142;0.0;0.0
PI;Lagoa Alegre;-4.5087297492;-42.616742539;7130;88.822;10.028;0.112;0.168;0.0;0.154;0.715;0.0;0.0
PI;Lagoa do Barro do Piauí;-8.4824371152;-41.5302754057;4305;76.051;21.626;0.07;0.0;0.0;0.395;1.858;0.0;0.0
PI;Lagoa de São Francisco;-4.3927463867;-41.6054686902;5442;85.979;10.639;0.037;0.276;0.037;0.276;2.756;0.0;0.0
PI;Lagoa do Piauí;-5.4121441696;-42.6490132063;4086;84.165;12.433;0.073;0.196;0.0;1.566;1.566;0.0;0.0
PI;Lagoa do Sítio;-6.5153476298;-41.5823863013;3963;81.302;11.481;0.076;0.126;0.0;0.454;6.561;0.0;0.0
PI;Landri Sales;-7.2665999754;-43.9310455151;4571;86.042;11.42;0.044;0.219;0.0;1.925;0.35;0.0;0.0
PI;Luís Correia;-2.8815665358;-41.6645672323;26457;78.176;15.448;0.272;0.208;0.0;2.34;3.413;0.0;0.144
PI;Luzilândia;-3.4608176352;-42.3716375238;21880;80.672;10.841;0.0;0.087;0.0;5.53;2.354;0.0;0.516
PI;Madeiro;-3.4842120052;-42.5051412465;6787;81.317;16.782;0.059;0.295;0.0;0.398;1.149;0.0;0.0
PI;Manoel Emídio;-8.011358674;-43.8754746717;4575;87.628;11.454;0.0;0.0;0.0;0.306;0.459;0.0;0.153
PI;Marcolândia;-7.4435566614;-40.6628542914;7161;78.816;15.989;0.056;0.489;0.0;1.075;3.575;0.0;0.0
PI;Marcos Parente;-7.1192953775;-43.8883140086;4081;78.706;19.186;0.0;0.098;0.0;0.809;1.201;0.0;0.0
PI;Massapê do Piauí;-7.4654826845;-41.1238546846;4679;85.018;11.156;0.0;0.342;0.0;0.342;3.013;0.0;0.128
PI;Matias Olímpio;-3.7110272834;-42.5586289028;8929;82.238;14.134;0.0;0.0;0.0;0.47;2.755;0.0;0.403
PI;Miguel Alves;-4.1682155823;-42.8931666493;26764;87.521;8.762;0.06;0.224;0.0;1.341;2.092;0.0;0.0
PI;Miguel Leão;-5.6822417804;-42.7358295252;1151;69.07;30.148;0.0;0.0;0.0;0.174;0.608;0.0;0.0
PI;Milton Brandão;-4.6999534776;-41.4479595412;5712;91.894;5.235;0.0;0.0;0.0;0.998;1.873;0.0;0.0
PI;Monsenhor Gil;-5.5514856314;-42.6173989159;8882;78.563;16.179;0.495;0.191;0.0;1.16;3.411;0.0;0.0
PI;Monsenhor Hipólito;-7.0035024726;-41.0328934036;6703;87.782;9.145;0.134;0.06;0.0;0.955;1.925;0.0;0.0
PI;Monte Alegre do Piauí;-9.7558336681;-45.2957402209;8867;81.437;13.003;0.0;0.0;0.0;0.643;4.861;0.0;0.056
PI;Morro Cabeça no Tempo;-9.7193194922;-43.9018743654;3678;75.938;20.881;0.0;0.0;0.218;0.952;1.93;0.0;0.082
PI;Morro do Chapéu do Piauí;-3.7422550962;-42.309063395;5459;89.687;6.613;0.055;0.0;0.0;1.099;2.546;0.0;0.0
PI;Murici dos Portelas;-3.3238597851;-42.0967690818;8357;81.991;12.193;0.203;0.347;0.0;0.335;4.93;0.0;0.0
PI;Nazaré do Piauí;-6.9671284911;-42.6682272301;5811;86.921;9.602;0.052;0.447;0.069;1.652;1.187;0.0;0.069
PI;Nazária;-5.346925;-42.8140484696;8609;78.488;17.331;0.0;0.523;0.0;0.894;2.463;0.302;0.0
PI;Nossa Senhora de Nazaré;-4.6269320917;-42.1793030785;4605;83.561;12.486;0.0;0.152;0.0;0.717;2.432;0.586;0.065
PI;Nossa Senhora dos Remédios;-3.9912253518;-42.6239510485;7163;82.759;9.703;0.126;0.209;0.0;0.209;6.994;0.0;0.0
PI;Novo Oriente do Piauí;-6.4494051369;-41.9287223144;5408;84.467;10.614;0.0;0.203;0.0;0.425;4.234;0.055;0.0
PI;Novo Santo Antônio;-5.286057644;-41.9345074979;2489;89.313;8.558;0.0;0.0;0.0;0.884;1.245;0.0;0.0
PI;Oeiras;-7.016418006;-42.1314056604;33382;79.848;12.785;0.276;0.228;0.0;1.941;4.922;0.0;0.0
PI;Olho d'Água do Piauí;-5.8471585734;-42.578551609;2266;79.391;11.739;0.221;0.0;0.0;0.75;7.899;0.0;0.0
PI;Padre Marcos;-7.3547121155;-40.9058620824;5569;75.22;17.992;0.0;0.054;0.0;0.79;5.944;0.0;0.0
PI;Paes Landim;-7.7755629145;-42.2569576294;3529;78.719;19.722;0.0;0.0;0.0;0.878;0.68;0.0;0.0
PI;Pajeú do Piauí;-7.8525200922;-42.8169360898;2692;75.52;21.434;0.074;0.0;0.0;0.817;2.155;0.0;0.0
PI;Palmeira do Piauí;-8.7295011188;-44.2325685792;4244;86.239;10.745;0.283;0.0;0.0;0.165;2.568;0.0;0.0
PI;Palmeirais;-5.9797968361;-43.0618435229;11235;84.682;10.476;0.134;0.0;0.0;1.032;3.676;0.0;0.0
PI;Paquetá;-7.1014662443;-41.7013852456;3372;86.803;8.837;0.0;0.474;0.0;3.233;0.474;0.0;0.178
PI;Parnaguá;-10.2171809705;-44.6343146131;8493;80.655;17.485;0.082;0.0;0.0;0.695;1.083;0.0;0.0
PI;Parnaíba;-2.9033601445;-41.778170592;140333;66.413;20.9;0.884;1.162;0.015;3.534;7.02;0.0;0.071
PI;Passagem Franca do Piauí;-5.8562473203;-42.4405267463;3568;64.63;22.281;0.0;0.0;0.0;0.112;12.976;0.0;0.0
PI;Patos do Piauí;-7.6807639351;-41.2522813963;4883;90.805;8.663;0.0;0.0;0.0;0.369;0.123;0.0;0.041
PI;Pau d'Arco do Piauí;-5.2510934294;-42.3888654971;3392;89.092;9.08;0.0;0.177;0.0;1.209;0.442;0.0;0.0
PI;Paulistana;-8.1414361349;-41.1470964851;17918;82.599;14.304;0.0;0.0;0.0;1.122;1.925;0.0;0.05
PI;Pavussu;-7.9642869548;-43.2217523026;3175;85.26;12.913;0.0;0.0;0.0;0.22;1.606;0.0;0.0
PI;Pedro II;-4.4270552654;-41.4585599331;32966;83.401;12.025;0.191;0.822;0.03;0.716;2.709;0.0;0.106
PI;Pedro Laurentino;-8.0668825944;-42.28607367;2122;83.506;13.761;0.0;0.047;0.0;1.838;0.66;0.0;0.189
PI;Nova Santa Rita;-8.0749647181;-42.0482620011;3539;91.269;7.318;0.0;0.0;0.0;0.198;1.215;0.0;0.0
PI;Picos;-7.0813739122;-41.4688267147;72670;79.346;14.831;0.184;0.407;0.0;1.676;3.356;0.076;0.122
PI;Pimenteiras;-6.2416884097;-41.4151586072;9879;79.907;17.188;0.0;0.051;0.0;0.496;2.308;0.051;0.0
PI;Pio IX;-6.8326873012;-40.6182727863;15262;81.562;15.018;0.131;0.039;0.0;0.505;2.673;0.0;0.072
PI;Piracuruca;-3.9292874936;-41.7090415496;24950;78.994;13.852;0.168;0.176;0.0;4.517;2.293;0.0;0.0
PI;Piripiri;-4.2760686933;-41.7785048524;56822;81.551;12.757;0.231;0.542;0.0;1.311;3.571;0.0;0.037
PI;Porto;-3.891422995;-42.7109259993;9875;88.77;7.97;0.0;0.0;0.0;0.952;2.309;0.0;0.0
PI;Porto Alegre do Piauí;-6.9717246866;-44.1948371019;1986;82.075;10.272;0.0;0.0;0.0;0.0;7.654;0.0;0.0
PI;Prata do Piauí;-5.6647976938;-42.2042236753;2627;82.033;9.859;0.152;0.0;0.0;2.17;5.786;0.0;0.0
PI;Queimada Nova;-8.5854253469;-41.4170249222;7686;89.8;8.639;0.0;0.0;0.0;0.065;1.496;0.0;0.0
PI;Redenção do Gurguéia;-9.4934482414;-44.5812141606;7041;61.483;25.181;0.185;0.142;0.0;0.98;12.03;0.0;0.0
PI;Regeneração;-6.2401830211;-42.6850242313;14609;86.036;9.323;0.096;0.602;0.0;1.034;2.909;0.0;0.0
PI;Riacho Frio;-10.1287276881;-44.9525300483;3562;84.587;11.173;0.0;0.0;0.0;0.421;3.313;0.505;0.0
PI;Ribeira do Piauí;-7.6905755012;-42.7140434913;3519;81.5;17.533;0.0;0.085;0.0;0.369;0.512;0.0;0.0
PI;Ribeiro Gonçalves;-7.558034245;-45.2456386843;5214;71.768;20.407;0.058;0.0;0.0;1.669;6.099;0.0;0.0
PI;Rio Grande do Piauí;-7.7708571198;-43.140182786;5127;84.396;13.536;0.0;0.0;0.0;0.78;1.287;0.0;0.0
PI;Santa Cruz do Piauí;-7.1776264961;-41.7619256891;5179;86.117;9.288;0.232;0.83;0.0;1.12;2.414;0.0;0.0
PI;Santa Cruz dos Milagres;-5.8081209984;-41.9584459531;3013;90.043;8.828;0.0;0.0;0.0;0.365;0.763;0.0;0.0
PI;Santa Filomena;-9.1067957053;-45.9205564411;5085;88.397;10.049;0.0;0.0;0.0;0.393;1.16;0.0;0.0
PI;Santa Luz;-8.9446242169;-44.1295859063;4618;79.71;17.41;0.0;0.0;0.0;0.455;2.425;0.0;0.0
PI;Santana do Piauí;-6.9490717639;-41.518480558;3687;89.178;8.896;0.0;0.0;0.0;0.081;1.844;0.0;0.0
PI;Santa Rosa do Piauí;-6.8014550583;-42.2808138761;4104;86.769;10.453;0.0;0.0;0.0;0.877;1.901;0.0;0.0
PI;Santo Antônio de Lisboa;-6.981848477;-41.2337647421;5110;84.11;10.02;0.117;0.157;0.0;1.096;4.442;0.0;0.059
PI;Santo Antônio dos Milagres;-6.0467175963;-42.711196805;1815;73.719;18.292;0.0;0.0;0.0;0.992;6.997;0.0;0.0
PI;Santo Inácio do Piauí;-7.4223368374;-41.91821286;3223;88.551;8.253;0.0;0.0;0.0;1.706;1.489;0.0;0.0
PI;São Braz do Piauí;-9.0625605359;-42.9990725171;3781;81.275;15.737;0.0;0.0;0.0;0.688;2.301;0.0;0.0
PI;São Félix do Piauí;-5.932867663;-42.1135025902;2544;88.719;5.228;0.0;0.0;0.0;4.167;1.887;0.0;0.0
PI;São Francisco de Assis do Piauí;-8.2377547497;-41.6895971517;4807;89.64;6.74;0.0;0.062;0.0;1.227;2.143;0.0;0.187
PI;São Francisco do Piauí;-7.2439761039;-42.538531987;4751;88.36;10.503;0.0;0.0;0.0;0.274;0.863;0.0;0.0
PI;São Gonçalo do Gurguéia;-10.0299401062;-45.3014055106;2510;76.335;20.916;0.0;0.0;0.0;0.438;2.311;0.0;0.0
PI;São Gonçalo do Piauí;-5.9896674395;-42.6988309841;4101;69.154;10.461;0.0;0.073;0.0;0.975;19.337;0.0;0.0
PI;São João da Canabrava;-6.8189309895;-41.3460536519;3765;88.685;10.332;0.106;0.0;0.0;0.478;0.398;0.0;0.0
PI;São João da Fronteira;-3.9385974341;-41.2562869593;4702;88.537;10.038;0.0;0.17;0.0;0.51;0.702;0.0;0.043
PI;São João da Serra;-5.5087975378;-41.8992637511;5383;83.021;12.892;0.056;0.111;0.0;1.059;2.824;0.0;0.037
PI;São João da Varjota;-6.9190178385;-41.8637422049;3812;89.559;7.765;0.0;0.052;0.0;0.184;2.387;0.0;0.052
PI;São João do Arraial;-3.8131688736;-42.4531261733;6888;81.141;10.569;0.0;0.276;0.0;0.682;7.143;0.0;0.189
PI;São João do Piauí;-8.348849688;-42.2564375329;18339;78.636;15.851;0.185;0.513;0.0;0.758;3.981;0.0;0.076
PI;São José do Divino;-3.8057163565;-41.8301087692;4281;88.11;9.087;0.0;0.093;0.0;0.257;2.149;0.0;0.304
PI;São José do Peixe;-7.4930087809;-42.5701794158;2941;84.223;9.453;0.136;0.0;0.0;4.284;1.904;0.0;0.0
PI;São José do Piauí;-6.8706262447;-41.4794072342;5776;75.139;20.845;0.0;0.0;0.0;0.364;3.653;0.0;0.0
PI;São Julião;-7.0853150046;-40.8369132448;5323;76.104;13.921;0.038;0.0;0.0;0.958;8.942;0.0;0.038
PI;São Lourenço do Piauí;-9.1720018771;-42.5443519904;3934;89.858;8.566;0.0;0.178;0.0;0.661;0.737;0.0;0.0
PI;São Luis do Piauí;-6.8281438298;-41.3228378192;2030;94.187;5.025;0.0;0.0;0.0;0.0;0.788;0.0;0.0
PI;São Miguel da Baixa Grande;-5.8622986343;-42.1853773738;2007;87.643;10.314;0.0;0.0;0.0;0.1;1.943;0.0;0.0
PI;São Miguel do Fidalgo;-7.5849691189;-42.3705290412;2472;85.72;13.107;0.121;0.0;0.0;0.0;1.052;0.0;0.0
PI;São Miguel do Tapuio;-5.5006636991;-41.3197984895;15286;82.147;10.657;0.065;0.0;0.0;1.472;5.534;0.0;0.124
PI;São Pedro do Piauí;-5.9139516466;-42.7236601721;11636;82.7;10.072;0.0;0.138;0.0;1.1;5.904;0.0;0.086
PI;São Raimundo Nonato;-9.0153604824;-42.6922851642;33271;75.742;15.93;0.463;0.261;0.0;1.653;5.879;0.0;0.072
PI;Sebastião Barros;-10.8166752206;-44.8332841775;2749;80.247;13.678;0.0;0.0;0.0;0.0;6.075;0.0;0.0
PI;Sebastião Leal;-7.5773856302;-44.0676917696;3814;78.186;19.953;0.0;0.262;0.0;0.918;0.682;0.0;0.0
PI;Sigefredo Pacheco;-4.9116891642;-41.7275592248;8338;79.863;14.176;0.12;0.312;0.0;1.475;4.054;0.0;0.0
PI;Simões;-7.5991371657;-40.8175090684;12233;87.902;9.76;0.041;0.188;0.0;0.433;1.594;0.0;0.082
PI;Simplício Mendes;-7.8579572939;-41.9109103617;11966;80.403;13.095;0.393;0.042;0.0;1.245;4.822;0.0;0.0
PI;Socorro do Piauí;-7.8649380571;-42.5046917237;3659;80.814;16.753;0.0;0.0;0.0;0.082;2.35;0.0;0.0
PI;Sussuapara;-7.0170105888;-41.3922677309;5482;88.052;10.598;0.0;0.328;0.0;0.602;0.365;0.0;0.055
PI;Tamboril do Piauí;-8.4004317801;-42.9096888302;2513;69.2;26.741;0.0;0.119;0.0;1.393;2.547;0.0;0.0
PI;Tanque do Piauí;-6.5963534674;-42.2839013405;2038;83.562;11.629;0.0;0.0;0.0;2.208;2.601;0.0;0.0
PI;Teresina;-5.0863419523;-42.8052704582;753737;70.182;19.441;0.885;0.826;0.007;2.815;5.753;0.012;0.079
PI;União;-4.5860181591;-42.862929716;39139;84.851;10.396;0.031;0.266;0.02;1.423;3.012;0.0;0.0
PI;Uruçuí;-7.2295033446;-44.5602559239;21097;75.944;19.093;0.038;0.024;0.0;1.583;3.318;0.0;0.0
PI;Valença do Piauí;-6.3981960227;-41.7405359913;19640;78.04;15.27;0.0;0.321;0.0;1.263;5.061;0.0;0.046
PI;Várzea Branca;-9.2365410893;-42.969444535;4312;80.404;12.199;0.0;0.0;0.0;0.209;7.096;0.0;0.093
PI;Várzea Grande;-6.5429475544;-42.2531016233;3893;88.21;4.136;0.128;0.154;0.0;1.105;6.268;0.0;0.0
PI;Vera Mendes;-7.6028492829;-41.47973675;2827;71.772;26.919;0.0;0.0;0.0;0.0;1.309;0.0;0.0
PI;Vila Nova do Piauí;-7.141046434;-40.9378013965;2618;78.762;18.602;0.153;0.229;0.0;0.229;2.024;0.0;0.0
PI;Wall Ferraz;-7.2357790064;-41.9089536203;3655;82.244;15.787;0.0;0.137;0.0;0.356;1.259;0.0;0.219
CE;Abaiara;-7.3569765959;-39.0475466362;8580;86.492;11.037;0.0;0.0;0.0;0.14;2.226;0.0;0.105
CE;Acarape;-4.2231384094;-38.705623771;11931;60.205;31.414;0.243;0.436;0.0;2.221;5.465;0.0;0.017
CE;Acaraú;-2.8853105401;-40.1182414712;55154;71.931;21.371;0.027;0.114;0.0;0.771;5.505;0.056;0.225
CE;Acopiara;-6.092761995;-39.4557052762;39566;83.45;11.674;0.048;0.134;0.0;1.223;3.47;0.0;0.0
CE;Aiuaba;-6.5632984401;-40.1231600776;12227;85.45;10.927;0.09;0.188;0.0;1.219;1.979;0.0;0.147
CE;Alcântaras;-3.5869837692;-40.5446381226;9802;89.614;6.846;0.041;0.061;0.0;1.214;2.224;0.0;0.0
CE;Altaneira;-6.9974983508;-39.7458206389;5816;83.975;12.139;0.241;0.052;0.069;1.444;2.08;0.0;0.0
CE;Alto Santo;-5.5220817397;-38.2727781487;12222;78.678;14.294;0.409;0.63;0.0;0.949;5.04;0.0;0.0
CE;Amontada;-3.3648778035;-39.8288227917;35018;70.669;25.63;0.0;0.02;0.0;0.768;2.53;0.0;0.383
CE;Antonina do Norte;-6.7796878471;-39.9823868419;6358;87.748;8.682;0.157;0.047;0.0;1.18;2.092;0.0;0.094
CE;Apuiarés;-3.9480185186;-39.4304227833;11217;85.745;12.401;0.027;0.0;0.0;0.535;1.248;0.0;0.045
CE;Aquiraz;-3.9061945;-38.3898029589;70122;62.378;26.698;0.602;1.0;0.173;2.266;6.695;0.0;0.188
CE;Aracati;-4.56706647;-37.7727525989;65327;66.538;23.842;0.418;0.335;0.0;1.655;7.201;0.012;0.0
CE;Aracoiaba;-4.370393807;-38.8094409692;22093;80.225;17.58;0.063;0.0;0.0;0.715;1.317;0.0;0.1
CE;Ararendá;-4.751938272;-40.831096735;9622;84.369;11.027;0.062;0.883;0.0;1.684;1.455;0.0;0.52
CE;Araripe;-7.2061837892;-40.1374458094;16790;85.086;11.233;0.06;0.054;0.0;0.232;3.157;0.0;0.179
CE;Aratuba;-4.416930645;-39.0475545618;9648;76.7;21.238;0.166;0.166;0.0;1.13;0.518;0.0;0.083
CE;Arneiroz;-6.319425803;-40.1614437124;6447;83.248;10.78;0.14;0.0;0.0;1.287;4.498;0.0;0.047
CE;Assaré;-6.8726071122;-39.8712747475;18819;81.79;14.937;0.058;0.175;0.0;1.376;1.387;0.0;0.276
CE;Aurora;-6.940391832;-38.9769908769;20658;87.027;10.65;0.0;0.034;0.0;0.891;1.399;0.0;0.0
CE;Baixio;-6.7271620493;-38.720125916;5060;85.731;12.134;0.0;0.0;0.0;1.937;0.198;0.0;0.0
CE;Banabuiú;-5.315047304;-38.9257848049;14700;79.041;15.796;0.252;0.068;0.0;2.143;2.592;0.0;0.109
CE;Barbalha;-7.3071721269;-39.3023163692;63582;86.808;9.26;0.267;0.25;0.0;1.57;1.826;0.0;0.019
CE;Barreira;-4.2887622668;-38.6385018296;19159;58.557;35.967;0.104;0.0;0.0;0.851;4.52;0.0;0.0
CE;Barro;-7.1682087267;-38.7798806461;17099;86.186;10.398;0.731;0.129;0.0;0.971;1.439;0.0;0.146
CE;Barroquinha;-3.0091167462;-41.1394815382;12517;76.544;16.09;0.0;0.04;0.064;0.487;6.775;0.0;0.0
CE;Baturité;-4.3312051564;-38.8800213756;29920;77.965;15.244;0.254;0.334;0.0;1.628;4.469;0.107;0.0
CE;Beberibe;-4.1747632212;-38.1232730421;46162;67.415;24.314;0.407;0.169;0.0;1.616;5.881;0.0;0.197
CE;Bela Cruz;-3.0551067243;-40.166842907;28360;88.579;9.288;0.0;0.074;0.0;0.19;1.869;0.0;0.0
CE;Boa Viagem;-5.1257438701;-39.7332823425;43632;82.439;15.253;0.11;0.028;0.0;0.603;1.568;0.0;0.0
CE;Brejo Santo;-7.4916380087;-38.9855138674;44413;88.4;8.993;0.142;0.164;0.0;0.61;1.691;0.0;0.0
CE;Camocim;-2.9009665746;-40.8475277409;53427;70.27;18.313;0.167;0.331;0.0;4.335;6.519;0.0;0.066
CE;Campos Sales;-7.0733835;-40.3790031302;21877;85.062;11.61;0.105;0.133;0.0;0.8;2.258;0.032;0.0
CE;Canindé;-4.3553442897;-39.3103429529;63506;83.876;12.64;0.468;0.242;0.0;0.819;1.938;0.0;0.017
CE;Capistrano;-4.4598966121;-38.9018287595;14754;79.151;17.751;0.115;0.0;0.0;0.759;2.223;0.0;0.0
CE;Caridade;-4.2249600008;-39.193032915;13849;85.652;11.192;0.202;0.0;0.0;0.744;2.21;0.0;0.0
CE;Cariré;-3.95161188;-40.4738448077;15251;82.945;13.875;0.0;0.0;0.0;0.433;2.747;0.0;0.0
CE;Caririaçu;-7.041528;-39.2843720296;22451;90.277;6.218;0.089;0.223;0.0;0.517;2.677;0.0;0.0
CE;Cariús;-6.5311279379;-39.4976886801;14934;75.097;15.682;0.1;0.0;0.0;5.163;3.957;0.0;0.0
CE;Carnaubal;-4.1639885624;-40.9356315773;14643;85.201;8.618;0.068;0.198;1.045;1.024;3.695;0.082;0.068
CE;Cascavel;-4.1314336782;-38.2396859407;62964;69.429;23.309;0.186;0.351;0.0;2.095;4.619;0.0;0.013
CE;Catarina;-6.1275562908;-39.8794662283;8918;82.025;14.521;0.146;0.0;0.0;1.166;2.063;0.0;0.078
CE;Catunda;-4.6515493857;-40.2058037894;9087;85.881;9.409;0.033;0.209;0.0;1.155;3.312;0.0;0.0
CE;Caucaia;-3.736487;-38.6640175358;303758;54.453;32.586;0.389;0.63;0.048;3.487;8.317;0.05;0.04
CE;Cedro;-6.6049605;-39.059743148;19762;81.09;15.338;0.086;0.106;0.0;0.658;2.621;0.0;0.101
CE;Chaval;-3.0389011891;-41.2445958219;10611;80.567;14.73;0.0;0.32;0.0;1.008;3.298;0.0;0.075
CE;Choró;-4.8425156593;-39.1374675316;10306;81.04;17.01;0.126;0.437;0.0;0.388;0.999;0.0;0.0
CE;Chorozinho;-4.302170914;-38.5012856667;17368;63.87;27.027;0.0;0.121;0.0;3.593;5.389;0.0;0.0
CE;Coreaú;-3.5494878611;-40.6569510758;17831;89.748;8.115;0.0;0.174;0.0;0.673;1.29;0.0;0.0
CE;Crateús;-5.1769505508;-40.6684001308;66563;73.355;14.933;0.168;0.389;0.0;5.246;5.604;0.035;0.27
CE;Crato;-7.2317527899;-39.4083902978;112949;81.286;11.148;1.501;0.397;0.0;1.523;4.127;0.0;0.019
CE;Croatá;-4.4140572655;-40.9090450982;15073;88.814;8.698;0.04;0.0;0.0;0.896;1.533;0.0;0.02
CE;Cruz;-2.9167080504;-40.1712787065;25248;79.955;16.08;0.182;0.091;0.0;0.947;2.745;0.0;0.0
CE;Deputado Irapuan Pinheiro;-5.9089623738;-39.2615417651;7943;87.977;10.424;0.0;0.063;0.0;0.176;1.36;0.0;0.0
CE;Ererê;-6.0313327299;-38.3472589621;5604;88.615;8.958;0.0;0.143;0.0;1.071;1.213;0.0;0.0
CE;Eusébio;-3.8869728867;-38.4451218386;63274;59.691;26.512;1.708;0.351;0.016;4.213;7.483;0.0;0.025
CE;Farias Brito;-6.9271099806;-39.5708350212;15902;85.385;10.973;0.088;0.0;0.0;1.383;2.094;0.0;0.075
CE;Forquilha;-3.7989577431;-40.2587689981;20831;70.621;22.39;0.0;0.082;0.0;1.56;5.237;0.0;0.11
CE;Fortaleza;-3.723805035;-38.589927555;2133112;60.031;26.31;1.214;0.607;0.013;3.966;7.638;0.099;0.122
CE;Fortim;-4.4498049174;-37.798975486;15095;61.762;29.526;0.523;0.179;0.0;2.557;5.419;0.0;0.033
CE;Frecheirinha;-3.7606119315;-40.8214052012;13197;81.359;14.299;0.03;0.038;0.0;0.644;3.63;0.0;0.0
CE;General Sampaio;-4.0510412747;-39.4535299504;5756;85.667;11.657;0.122;0.174;0.0;1.025;1.355;0.0;0.0
CE;Graça;-4.046938794;-40.7555248996;11912;82.186;9.973;0.034;0.235;0.0;1.15;6.422;0.0;0.0
CE;Granja;-3.1189521562;-40.829938991;45554;79.275;8.873;0.086;0.009;0.0;7.859;3.787;0.061;0.05
CE;Granjeiro;-6.8888843729;-39.2203088858;4189;94.557;4.058;0.0;0.0;0.0;0.286;1.098;0.0;0.0
CE;Groaíras;-3.9119541292;-40.3821460239;9542;70.488;16.412;0.042;0.618;0.0;3.28;9.097;0.0;0.063
CE;Guaiúba;-4.0402435005;-38.6344347805;20780;73.364;21.588;0.207;0.063;0.048;1.136;3.542;0.0;0.053
CE;Guaraciaba do Norte;-4.1624510671;-40.7526331779;35702;84.287;11.932;0.025;0.106;0.0;1.025;2.625;0.0;0.0
CE;Guaramiranga;-4.2620509186;-38.9406332851;4964;79.553;11.906;0.645;0.181;0.06;1.914;5.741;0.0;0.0
CE;Hidrolândia;-4.4079994443;-40.4018171244;15470;76.858;16.348;0.052;0.162;0.0;0.97;5.611;0.0;0.0
CE;Horizonte;-4.093278;-38.4942395586;63460;57.271;27.345;0.091;0.394;0.019;1.672;12.884;0.0;0.325
CE;Ibaretama;-4.8186515779;-38.8216783127;10228;80.915;16.367;0.108;0.059;0.0;0.479;2.073;0.0;0.0
CE;Ibiapina;-3.9361312622;-40.8939290198;20348;85.374;11.672;0.054;0.644;0.0;0.796;1.401;0.0;0.059
CE;Ibicuitinga;-4.9691664228;-38.6408630486;10127;77.012;18.93;0.069;0.0;0.0;0.701;3.239;0.0;0.049
CE;Icapuí;-4.7155494878;-37.3535630986;18616;54.985;29.878;0.333;0.0;0.0;4.738;9.943;0.0;0.124
CE;Icó;-6.4030312519;-38.8630851789;54385;81.524;14.133;0.09;0.3;0.0;1.212;2.703;0.0;0.039
CE;Iguatu;-6.36055472;-39.2999056782;85475;75.417;16.074;0.35;0.151;0.0;2.082;5.757;0.0;0.168
CE;Independência;-5.3980281003;-40.3093482606;21221;87.286;8.972;0.052;0.174;0.0;0.415;3.058;0.0;0.042
CE;Ipaporanga;-4.9006297857;-40.75796634;10092;83.462;13.535;0.0;0.059;0.0;0.892;1.853;0.0;0.198
CE;Ipaumirim;-6.7883612602;-38.7159037441;10325;83.893;11.884;0.0;0.087;0.0;0.91;3.225;0.0;0.0
CE;Ipu;-4.3134316852;-40.7187261447;35236;87.876;8.537;0.241;0.199;0.0;1.385;1.762;0.0;0.0
CE;Ipueiras;-4.543785495;-40.7156965106;31852;83.119;11.396;0.031;0.301;0.0;1.3;3.72;0.035;0.097
CE;Iracema;-5.8098425529;-38.3046616557;12176;84.272;8.903;0.583;0.172;0.0;1.265;4.763;0.0;0.041
CE;Irauçuba;-3.7454188017;-39.7922381151;20246;75.941;19.441;0.0;0.0;0.0;0.469;4.085;0.0;0.064
CE;Itaiçaba;-4.6834047119;-37.8216295137;6602;77.992;18.54;0.015;0.045;0.0;0.47;2.893;0.0;0.045
CE;Itaitinga;-3.9704590163;-38.5264051495;56349;55.843;30.938;0.305;0.607;0.041;2.948;9.163;0.0;0.156
CE;Itapajé;-3.6856731098;-39.5835332386;39865;67.746;26.083;0.0;0.05;0.0;1.688;4.325;0.0;0.108
CE;Itapipoca;-3.4994355;-39.5834815758;111146;72.068;23.421;0.164;0.123;0.318;1.052;2.649;0.0;0.206
CE;Itapiúna;-4.5547401747;-38.9206739559;15364;75.729;18.478;0.221;0.28;0.0;0.534;4.673;0.0;0.085
CE;Itarema;-2.923348;-39.9156777489;36342;70.662;22.112;0.041;0.116;2.006;1.277;3.607;0.165;0.014
CE;Itatira;-4.5289225623;-39.6179040159;17533;82.387;15.0;0.0;0.114;0.0;0.964;1.534;0.0;0.0
CE;Jaguaretama;-5.6108895632;-38.7625262979;14957;87.31;8.919;1.585;0.16;0.0;0.628;1.337;0.0;0.06
CE;Jaguaribara;-5.457502034;-38.4630972956;8965;83.67;12.538;0.245;0.0;0.0;0.703;2.777;0.0;0.067
CE;Jaguaribe;-5.886459045;-38.6230050493;29472;77.816;14.417;0.57;0.207;0.0;0.536;6.284;0.0;0.17
CE;Jaguaruana;-4.8395551683;-37.782391481;27758;84.203;12.069;0.141;0.522;0.0;0.976;2.053;0.0;0.036
CE;Jardim;-7.5855364657;-39.2841644574;23417;90.84;6.948;0.5;0.0;0.0;0.623;1.089;0.0;0.0
CE;Jati;-7.6927415948;-39.0051387612;6711;76.755;18.805;0.387;0.0;0.0;0.402;3.576;0.0;0.075
CE;Jijoca de Jericoacoara;-2.8996827089;-40.4387354019;21518;69.811;19.835;0.214;0.214;0.046;1.548;8.333;0.0;0.0
CE;Juazeiro do Norte;-7.210766;-39.3169933556;245645;81.138;11.524;0.856;0.627;0.004;1.926;3.9;0.012;0.015
CE;Jucás;-6.5225492731;-39.5267762434;20667;79.054;18.145;0.0;0.252;0.0;0.256;2.294;0.0;0.0
CE;Lavras da Mangabeira;-6.7547479768;-38.9672750539;26968;85.364;11.265;0.171;0.026;0.0;0.853;2.321;0.0;0.0
CE;Limoeiro do Norte;-5.15023902;-38.0990948705;52181;71.892;19.241;0.462;0.389;0.0;3.022;4.751;0.107;0.136
CE;Madalena;-4.8524341766;-39.5757886826;14524;81.589;16.187;0.0;0.069;0.0;0.207;1.907;0.0;0.041
CE;Maracanaú;-3.876964451;-38.6244186466;200735;53.828;32.815;0.513;0.504;0.01;4.583;7.653;0.012;0.082
CE;Maranguape;-3.89186946;-38.6858512477;90779;64.056;26.187;0.535;0.169;0.012;3.644;5.118;0.28;0.0
CE;Marco;-3.120707025;-40.1516436427;22001;92.528;6.836;0.0;0.0;0.045;0.15;0.441;0.0;0.0
CE;Martinópole;-3.2250122274;-40.6993551751;9275;83.817;10.868;0.216;0.129;0.0;0.701;4.27;0.0;0.0
CE;Massapê;-3.5238705843;-40.3421348648;32102;81.042;14.834;0.206;0.29;0.0;1.184;2.445;0.0;0.0
CE;Mauriti;-7.387398;-38.772795438;39022;87.284;9.999;0.466;0.082;0.0;0.805;1.363;0.0;0.0
CE;Meruoca;-3.5390066623;-40.4508809568;12990;87.275;9.938;0.0;0.1;0.0;0.608;2.079;0.0;0.0
CE;Milagres;-7.3104277968;-38.9431567662;22678;86.498;10.711;0.119;0.057;0.0;1.243;1.371;0.0;0.0
CE;Milhã;-5.6795641009;-39.2035741816;12427;89.088;9.705;0.0;0.097;0.0;0.282;0.829;0.0;0.0
CE;Miraíma;-3.5685999066;-39.970064882;12060;82.753;15.124;0.0;0.133;0.0;0.73;1.144;0.0;0.116
CE;Missão Velha;-7.2432315138;-39.1451977079;31257;85.882;11.14;0.131;0.288;0.0;0.237;2.195;0.0;0.128
CE;Mombaça;-5.74700454;-39.6244052479;32947;81.136;14.951;0.0;0.2;0.0;0.75;2.862;0.07;0.03
CE;Monsenhor Tabosa;-4.7830912915;-40.0700674616;14849;81.285;15.53;0.195;0.101;0.182;1.104;1.603;0.0;0.0
CE;Morada Nova;-5.0969520002;-38.3649073451;54158;73.044;19.21;0.118;0.179;0.0;1.56;5.84;0.0;0.048
CE;Moraújo;-3.4663632744;-40.6835989271;7063;85.573;9.783;0.071;0.071;0.0;1.487;2.492;0.085;0.439
CE;Morrinhos;-3.2288305343;-40.1241788929;19151;81.604;16.547;0.0;0.183;0.0;0.261;1.352;0.0;0.052
CE;Mucambo;-3.9060299796;-40.7452804652;11895;80.269;13.569;0.084;0.084;0.0;0.227;5.725;0.0;0.042
CE;Mulungu;-4.2995283201;-38.9930659239;9028;75.886;17.8;0.942;0.066;0.0;2.692;2.614;0.0;0.0
CE;Nova Olinda;-7.0841028114;-39.6794854727;12935;80.858;15.075;0.116;0.039;0.0;0.75;3.162;0.0;0.0
CE;Nova Russas;-4.7068083499;-40.5653033549;26758;75.622;15.681;0.71;0.792;0.0;1.835;5.359;0.0;0.0
CE;Novo Oriente;-5.5338648355;-40.7747672682;24006;78.076;17.896;0.0;0.071;0.0;0.55;3.333;0.0;0.075
CE;Ocara;-4.4850665445;-38.5985379828;21416;76.387;19.07;0.0;0.154;0.0;1.153;3.236;0.0;0.0
CE;Orós;-6.2427987837;-38.9135959845;17277;77.386;18.209;0.0;0.0;0.0;0.532;3.803;0.0;0.069
CE;Pacajus;-4.17054051;-38.4670222649;61043;63.298;28.192;0.179;0.283;0.0;3.552;4.358;0.0;0.139
CE;Pacatuba;-3.9861200223;-38.618299312;68820;52.124;34.032;0.36;0.296;0.076;3.354;9.625;0.0;0.132
CE;Pacoti;-4.2247654331;-38.9258889387;9608;86.178;11.293;0.177;0.052;0.0;1.145;1.155;0.0;0.0
CE;Pacujá;-3.9783943861;-40.6967361073;5378;84.957;10.599;0.205;0.0;0.0;1.097;3.142;0.0;0.0
CE;Palhano;-4.7439450768;-37.9662351611;8224;80.922;16.695;0.049;0.122;0.0;1.034;0.924;0.0;0.255
CE;Palmácia;-4.1489817745;-38.8450290663;8903;77.94;18.073;0.135;0.494;0.034;0.539;2.786;0.0;0.0
CE;Paracuru;-3.4116350092;-39.0295453441;33439;62.971;27.094;0.269;0.574;0.0;2.581;6.43;0.0;0.081
CE;Paraipaba;-3.4361967279;-39.1481155272;27470;59.934;32.443;0.16;0.102;0.0;2.596;4.736;0.0;0.029
CE;Parambu;-6.2103360017;-40.6942072413;27255;70.556;23.691;0.033;0.128;0.0;2.304;3.196;0.0;0.092
CE;Paramoti;-4.097432332;-39.239466495;9050;89.359;9.381;0.0;0.0;0.0;0.939;0.32;0.0;0.0
CE;Pedra Branca;-5.4546855;-39.7139376447;35243;86.491;10.578;0.088;0.19;0.0;1.146;1.484;0.0;0.023
CE;Penaforte;-7.8299146121;-39.0741275241;7569;76.655;20.161;0.0;0.0;0.0;1.07;2.048;0.0;0.066
CE;Pentecoste;-3.7962667362;-39.2670087315;32579;75.638;20.056;0.138;0.249;0.034;1.731;2.047;0.0;0.107
CE;Pereiro;-6.045076902;-38.459136039;13265;88.752;5.646;1.199;0.0;0.0;1.862;2.541;0.0;0.0
CE;Pindoretama;-4.0278039927;-38.3000879763;20067;71.785;23.202;0.573;0.359;0.0;1.605;2.437;0.0;0.04
CE;Piquet Carneiro;-5.8085695598;-39.4194062555;14759;83.583;11.335;0.23;0.102;0.0;0.515;4.181;0.0;0.054
CE;Pires Ferreira;-4.2421541432;-40.6465412478;9301;87.98;8.074;0.0;0.0;0.0;0.946;2.656;0.0;0.344
CE;Poranga;-4.7439507319;-40.9263795103;10369;82.197;12.74;0.029;0.501;0.637;1.013;2.623;0.0;0.26
CE;Porteiras;-7.5357464416;-39.1153314615;14577;83.714;13.048;0.123;0.185;0.0;0.947;1.859;0.0;0.123
CE;Potengi;-7.0901794696;-40.0321325357;7624;85.703;9.326;0.59;0.105;0.118;1.141;3.017;0.0;0.0
CE;Potiretama;-5.7216679037;-38.1579178532;5202;85.448;10.515;0.0;0.0;0.0;1.461;1.98;0.0;0.596
CE;Quiterianópolis;-5.8470092293;-40.7044888468;17610;82.306;14.969;0.0;0.108;0.085;0.92;1.613;0.0;0.0
CE;Quixadá;-4.9637;-39.0117446758;71739;71.604;21.854;0.538;0.379;0.0;0.995;4.541;0.0;0.088
CE;Quixelô;-6.2512119004;-39.2022943665;14075;83.027;11.659;0.0;0.0;0.0;0.675;4.519;0.028;0.092
CE;Quixeramobim;-5.1984048374;-39.294354227;70706;76.217;17.246;0.332;0.362;0.0;1.218;4.577;0.0;0.048
CE;Quixeré;-5.0687289544;-37.9905222251;18167;78.736;13.965;0.391;0.242;0.0;0.639;5.895;0.0;0.132
CE;Redenção;-4.2229581502;-38.7295707506;23412;69.17;24.137;0.145;0.141;0.0;1.572;4.809;0.0;0.026
CE;Reriutaba;-4.1415676008;-40.5846120037;16048;86.914;8.948;0.137;0.0;0.0;1.315;2.605;0.0;0.081
CE;Russas;-4.9397378154;-37.9754312969;63610;75.444;18.898;0.327;0.197;0.0;1.508;3.613;0.0;0.014
CE;Saboeiro;-6.5364333525;-39.9045806984;11992;73.466;18.037;0.133;0.0;0.0;1.376;6.871;0.0;0.117
CE;Salitre;-7.284528685;-40.4647520646;13950;80.495;15.419;0.043;0.057;0.0;1.247;2.738;0.0;0.0
CE;Santana do Acaraú;-3.4597753417;-40.2094628598;26345;87.132;11.11;0.038;0.148;0.0;0.376;1.196;0.0;0.0
CE;Santana do Cariri;-7.1808977833;-39.7379797815;14441;88.339;8.891;0.125;0.111;0.0;0.464;1.897;0.0;0.173
CE;Santa Quitéria;-4.3332705;-40.1535078136;34967;85.589;9.912;0.52;0.14;0.0;1.107;2.731;0.0;0.0
CE;São Benedito;-4.04472699;-40.8644898758;40261;86.513;9.597;0.022;0.199;0.0;1.143;2.447;0.0;0.079
CE;São Gonçalo do Amarante;-3.6056325;-38.9720758653;45991;60.647;26.96;0.194;0.361;0.0;4.403;7.436;0.0;0.0
CE;São João do Jaguaribe;-5.2686305505;-38.2719407044;5305;77.286;17.474;0.377;0.0;0.0;1.734;3.129;0.0;0.0
CE;São Luís do Curu;-3.6730092532;-39.241606185;9323;67.65;27.03;0.054;0.15;0.0;0.794;4.076;0.161;0.086
CE;Senador Pompeu;-5.5893437521;-39.3753253308;21201;84.671;11.584;0.047;0.297;0.0;0.939;2.415;0.0;0.047
CE;Senador Sá;-3.351789628;-40.4637920044;6186;85.904;10.831;0.0;0.21;0.032;0.824;2.199;0.0;0.0
CE;Sobral;-3.6880376838;-40.3486680337;174844;74.78;16.373;0.585;0.492;0.005;2.71;4.999;0.01;0.045
CE;Solonópole;-5.726351291;-39.0082249132;16094;88.691;8.904;0.031;0.18;0.043;0.82;1.261;0.0;0.068
CE;Tabuleiro do Norte;-5.2438038699;-38.1297371282;27006;71.991;19.429;0.2;0.0;0.0;2.122;6.225;0.0;0.033
CE;Tamboril;-4.8339285832;-40.3190685133;21668;82.943;11.575;0.106;0.411;0.0;1.001;3.655;0.212;0.097
CE;Tarrafas;-6.6825903147;-39.7584941949;6620;78.973;16.224;0.0;0.0;0.0;1.027;2.764;0.0;1.012
CE;Tauá;-6.0029989399;-40.2926246551;53268;69.083;22.984;0.511;0.205;0.0;2.75;4.207;0.0;0.261
CE;Tejuçuoca;-3.9897118086;-39.5768263617;14512;82.552;15.684;0.034;0.083;0.0;0.841;0.71;0.028;0.069
CE;Tianguá;-3.722674;-40.9917056227;68562;78.53;16.061;0.311;0.168;0.0;2.458;2.369;0.0;0.104
CE;Trairi;-3.2644201691;-39.2722318726;49168;67.892;26.643;0.045;0.041;0.0;1.025;4.153;0.0;0.201
CE;Tururu;-3.5955952355;-39.434363537;13079;65.51;28.863;0.061;0.092;0.0;3.884;1.506;0.0;0.084
CE;Ubajara;-3.8484914352;-40.907143928;27730;79.073;16.736;0.231;0.061;0.0;1.54;2.272;0.0;0.087
CE;Umari;-6.6472443752;-38.7013257159;6065;80.874;15.004;0.148;0.33;0.0;0.577;3.001;0.0;0.066
CE;Umirim;-3.6755618981;-39.3423844043;14693;68.162;25.938;0.02;0.02;0.0;1.225;4.635;0.0;0.0
CE;Uruburetama;-3.6230168337;-39.5081780698;16988;70.797;23.711;0.047;0.112;0.0;1.36;3.973;0.0;0.0
CE;Uruoca;-3.3132306604;-40.5611630277;11768;76.759;17.514;0.187;0.212;0.0;0.646;4.58;0.0;0.102
CE;Varjota;-4.1828222828;-40.4789932741;15413;76.714;15.487;0.0;0.084;0.0;2.219;5.145;0.324;0.026
CE;Várzea Alegre;-6.7918458556;-39.2989329971;34226;86.42;10.311;0.216;0.032;0.0;0.716;2.191;0.0;0.114
CE;Viçosa do Ceará;-3.5660127532;-41.091629075;50398;82.424;13.558;0.278;0.0;0.0;1.016;2.663;0.014;0.048
RN;Acari;-6.4420850889;-36.64373887;9459;87.652;8.859;0.106;0.106;0.0;0.507;2.749;0.0;0.021
RN;Açu;-5.5719459992;-36.91792322;49337;70.764;20.216;0.383;0.209;0.0;1.978;6.45;0.0;0.0
RN;Afonso Bezerra;-5.4987342681;-36.509148234;9402;75.718;18.762;0.0;0.191;0.0;1.457;3.872;0.0;0.0
RN;Água Nova;-6.2047167188;-38.2908249542;2578;80.799;10.085;0.97;0.427;0.0;2.909;4.81;0.0;0.0
RN;Alexandria;-6.4171363379;-38.0192888913;12048;83.508;12.882;0.042;0.0;0.0;0.905;2.664;0.0;0.0
RN;Almino Afonso;-6.1574206925;-37.7631253024;4207;80.128;12.099;0.119;0.071;0.0;1.07;6.513;0.0;0.0
RN;Alto do Rodrigues;-5.2938077876;-36.7594926142;10796;72.916;20.961;0.157;0.046;0.0;0.936;4.863;0.0;0.12
RN;Angicos;-5.6603653291;-36.6054328738;10211;73.068;16.071;0.078;0.402;0.0;1.861;8.471;0.049;0.0
RN;Antônio Martins;-6.2160044547;-37.8857345656;5857;78.948;15.742;0.085;0.0;0.0;0.632;4.593;0.0;0.0
RN;Apodi;-5.6637698192;-37.7977844763;32002;73.542;18.964;0.084;0.066;0.0;1.7;5.218;0.022;0.403
RN;Areia Branca;-4.9528976306;-37.1312717157;20995;67.126;23.144;0.376;0.533;0.0;1.853;6.754;0.0;0.214
RN;Arez;-6.1937122745;-35.1606360959;11336;66.126;22.636;0.124;0.344;0.0;2.514;8.098;0.159;0.0
RN;Campo Grande;-5.858114424;-37.3088725642;8634;88.105;8.895;0.058;0.51;0.0;1.251;1.181;0.0;0.0
RN;Baía Formosa;-6.3699923042;-35.0090361818;7617;46.449;34.292;0.433;0.302;0.932;10.411;7.116;0.0;0.066
RN;Baraúna;-5.0766181048;-37.6181801951;23143;60.671;24.634;0.013;0.022;0.0;2.515;12.047;0.0;0.099
RN;Barcelona;-5.9481318483;-35.926794528;3509;83.272;11.912;0.598;0.085;0.0;0.855;3.277;0.0;0.0
RN;Bento Fernandes;-5.6923833177;-35.8216988907;4166;73.188;17.451;0.0;0.072;0.0;0.768;8.521;0.0;0.0
RN;Bodó;-5.9880452499;-36.4138377023;2053;85.631;10.521;0.0;0.146;0.0;0.0;3.702;0.0;0.0
RN;Bom Jesus;-5.9863188523;-35.5888032898;8655;77.966;16.28;0.601;0.139;0.0;0.682;4.333;0.0;0.0
RN;Brejinho;-6.1925790587;-35.357354054;10478;70.91;19.326;0.143;0.363;0.0;1.899;7.311;0.0;0.048
RN;Caiçara do Norte;-5.0629944094;-36.0558571538;5335;75.239;20.787;0.0;0.075;0.0;0.769;3.037;0.056;0.037
RN;Caiçara do Rio do Vento;-5.7590871428;-35.9997904111;2785;79.21;12.819;0.323;0.0;0.0;0.575;7.074;0.0;0.0
RN;Caicó;-6.4591388314;-37.0964887712;54393;82.465;8.985;0.778;0.169;0.017;2.175;5.297;0.094;0.022
RN;Campo Redondo;-6.2433830532;-36.1825045694;8908;76.167;15.581;0.0;0.0;0.0;2.077;6.129;0.045;0.0
RN;Canguaretama;-6.3749252157;-35.128539664;24981;62.936;25.123;0.252;0.624;0.0;1.277;9.747;0.0;0.04
RN;Caraúbas;-5.7911761029;-37.5537021978;17560;71.259;17.614;0.068;0.0;0.0;1.595;9.465;0.0;0.0
RN;Carnaúba dos Dantas;-6.5607325174;-36.5952519215;6973;82.762;11.215;0.0;0.287;0.0;0.889;4.575;0.0;0.272
RN;Carnaubais;-5.3397853943;-36.8346423564;8485;73.07;17.949;0.082;0.035;0.0;1.945;6.918;0.0;0.0
RN;Ceará-Mirim;-5.6409835919;-35.4244869285;67696;71.273;21.279;0.57;0.391;0.006;1.297;5.028;0.016;0.139
RN;Cerro Corá;-6.0348271931;-36.3457414415;9677;86.442;8.742;0.806;0.0;0.0;1.271;2.738;0.0;0.0
RN;Coronel Ezequiel;-6.3834023903;-36.2147710444;4464;71.125;19.534;0.0;0.269;0.0;0.963;8.042;0.0;0.067
RN;Coronel João Pessoa;-6.2601122114;-38.4402581627;3722;82.456;14.858;0.215;0.081;0.0;0.296;2.096;0.0;0.0
RN;Cruzeta;-6.413176407;-36.7917053203;7123;86.817;7.385;0.098;0.0;0.0;1.53;4.17;0.0;0.0
RN;Currais Novos;-6.264672219;-36.516219221;36518;76.836;15.702;0.23;0.422;0.0;1.991;4.82;0.0;0.0
RN;Doutor Severiano;-6.0936873706;-38.3736830788;6191;85.204;12.179;0.097;0.0;0.0;0.42;2.068;0.032;0.0
RN;Parnamirim;-5.9103697583;-35.2592090739;220282;53.984;28.812;2.271;0.439;0.015;5.741;8.613;0.021;0.104
RN;Encanto;-6.1111342006;-38.3048789907;5184;84.298;11.593;0.212;0.0;0.0;0.116;3.781;0.0;0.0
RN;Equador;-6.9458427491;-36.7164124289;4712;73.663;18.527;0.064;0.085;0.0;1.931;5.73;0.0;0.0
RN;Espírito Santo;-6.3355717032;-35.3170907892;9155;70.639;21.606;0.044;0.044;0.0;2.021;5.112;0.0;0.535
RN;Extremoz;-5.7027099362;-35.314025432;52006;55.942;28.826;1.427;0.65;0.031;4.111;8.937;0.0;0.077
RN;Felipe Guerra;-5.6019617698;-37.6913850557;5370;45.736;21.099;0.13;0.0;0.0;9.963;23.073;0.0;0.0
RN;Fernando Pedroza;-5.6960157815;-36.5324535354;2558;74.394;20.133;0.0;0.078;0.0;0.86;4.535;0.0;0.0
RN;Florânia;-6.126951955;-36.8140762988;9012;87.583;9.854;0.055;0.122;0.0;0.688;1.698;0.0;0.0
RN;Francisco Dantas;-6.0880967167;-38.1256497554;2392;86.288;11.162;0.46;0.0;0.0;0.0;2.09;0.0;0.0
RN;Frutuoso Gomes;-6.1562327993;-37.840960754;3657;76.675;19.223;0.0;0.0;0.0;0.219;3.883;0.0;0.0
RN;Galinhos;-5.0916897784;-36.27464007;1770;65.028;28.814;0.282;0.0;0.0;4.068;1.808;0.0;0.0
RN;Goianinha;-6.25059039;-35.2177861245;22505;54.681;30.335;0.0;0.098;0.0;5.132;9.673;0.036;0.044
RN;Governador Dix-Sept Rosado;-5.4589138421;-37.521911843;10493;71.343;18.889;0.114;0.095;0.0;2.602;6.5;0.152;0.305
RN;Grossos;-4.9755148071;-37.15748416;8690;52.071;27.917;0.046;0.081;0.0;3.556;16.133;0.0;0.196
RN;Guamaré;-5.1073629546;-36.3181443774;13011;59.365;27.73;0.146;0.184;0.177;1.314;10.737;0.0;0.346
RN;Ielmo Marinho;-5.8153150383;-35.5528293751;9972;71.48;22.473;0.0;0.04;0.0;0.562;4.593;0.12;0.732
RN;Ipanguaçu;-5.4971483533;-36.8528746047;12197;75.035;17.004;0.049;0.221;0.0;2.435;5.255;0.0;0.0
RN;Ipueira;-6.8155507619;-37.1978561299;1803;90.238;5.768;0.111;0.111;0.0;0.277;3.494;0.0;0.0
RN;Itajá;-5.643547609;-36.8698181053;6352;75.283;15.397;0.582;0.094;0.0;2.267;6.376;0.0;0.0
RN;Itaú;-5.8379360734;-37.9882686257;4687;74.824;18.242;0.064;0.0;0.0;2.304;4.502;0.0;0.064
RN;Jaçanã;-6.4249733474;-36.2055929077;6861;76.986;16.732;0.0;0.0;0.0;0.714;5.568;0.0;0.0
RN;Jandaíra;-5.35528;-36.1305852719;5605;71.454;19.09;0.232;0.339;0.0;0.946;7.939;0.0;0.0
RN;Janduís;-6.0160927029;-37.4092111089;4161;84.956;9.733;0.0;0.072;0.0;0.817;4.422;0.0;0.0
RN;Boa Saúde;-6.1560980226;-35.6008919626;7816;66.453;23.938;0.0;0.0;0.0;0.908;8.7;0.0;0.0
RN;Japi;-6.4605660133;-35.945934828;4400;78.386;19.5;0.0;0.0;0.068;0.273;1.773;0.0;0.0
RN;Jardim de Angicos;-5.6526312124;-35.9699543298;2090;78.995;14.928;1.1;0.0;0.0;2.584;2.392;0.0;0.0
RN;Jardim de Piranhas;-6.3800975492;-37.3492178523;12202;88.477;6.917;0.188;0.213;0.0;0.606;3.598;0.0;0.0
RN;Jardim do Seridó;-6.5863362517;-36.7745815234;10591;89.331;6.883;0.293;0.0;0.0;0.567;2.795;0.0;0.132
RN;João Câmara;-5.5384233834;-35.8167878739;28309;79.378;15.465;0.18;0.067;0.11;1.243;3.487;0.0;0.071
RN;João Dias;-6.2761140978;-37.796960782;1819;76.526;20.561;0.0;0.0;0.0;0.275;2.639;0.0;0.0
RN;José da Penha;-6.3126884428;-38.2844030705;5146;78.469;17.353;0.058;0.155;0.0;1.263;2.701;0.0;0.0
RN;Jucurutu;-6.0334187841;-37.0202258294;15754;82.982;10.512;0.0;0.057;0.0;1.796;4.608;0.0;0.044
RN;Jundiá;-6.2691693311;-35.3277885219;3198;70.575;18.887;0.125;0.407;0.0;1.001;8.818;0.0;0.188
RN;Lagoa d'Anta;-6.3915023235;-35.5997951777;5660;75.76;18.958;0.035;0.0;0.0;0.565;4.682;0.0;0.0
RN;Lagoa de Pedras;-6.149739102;-35.4334827322;6341;81.564;13.294;0.126;0.268;0.0;1.34;3.375;0.032;0.0
RN;Lagoa de Velhos;-5.9999155193;-35.8706988331;2231;79.919;12.147;1.255;0.0;0.0;1.165;5.513;0.0;0.0
RN;Lagoa Nova;-6.0976692964;-36.4589606696;13396;84.301;11.279;0.321;0.164;0.0;1.471;2.269;0.0;0.194
RN;Lagoa Salgada;-6.1258182619;-35.4724975676;7105;75.215;17.326;0.028;0.0;0.0;1.59;5.841;0.0;0.0
RN;Lajes;-5.6988303588;-36.2427351264;8676;76.153;19.145;0.069;0.115;0.0;0.784;3.677;0.0;0.058
RN;Lajes Pintadas;-6.1514320721;-36.1184417929;4196;83.294;13.084;0.572;0.0;0.0;1.287;1.764;0.0;0.0
RN;Lucrécia;-6.1169236352;-37.8156328477;3101;81.264;15.93;0.258;0.0;0.0;0.516;1.935;0.0;0.097
RN;Luís Gomes;-6.4140281424;-38.3864203751;7836;80.807;15.123;0.077;0.0;0.0;1.187;2.808;0.0;0.0
RN;Macaíba;-5.8572366196;-35.3552371336;69946;62.751;25.9;0.618;0.193;0.066;2.592;7.634;0.0;0.246
RN;Macau;-5.1133676503;-36.6349731819;24019;61.41;25.767;0.383;0.595;0.0;2.569;9.197;0.037;0.042
RN;Major Sales;-6.4037565657;-38.3234550212;3432;86.538;11.742;0.0;0.0;0.0;0.728;0.991;0.0;0.0
RN;Marcelino Vieira;-6.2935497878;-38.1666126187;7009;84.035;11.014;0.228;0.0;0.0;0.742;3.981;0.0;0.0
RN;Martins;-6.0963474929;-37.9113273957;7286;73.264;19.16;0.316;0.0;0.0;2.045;5.215;0.0;0.0
RN;Maxaranguape;-5.5054562658;-35.2620748681;8822;64.702;22.297;0.147;0.034;0.091;2.868;9.862;0.0;0.0
RN;Messias Targino;-6.0764975053;-37.5120589302;3761;89.817;6.514;0.106;0.0;0.0;1.436;2.127;0.0;0.0
RN;Montanhas;-6.4822429389;-35.2876919576;9762;77.638;14.628;0.0;0.0;0.0;0.891;6.843;0.0;0.0
RN;Monte Alegre;-6.0678766241;-35.3320992693;19695;67.53;22.757;0.442;0.117;0.0;2.173;6.865;0.117;0.0
RN;Monte das Gameleiras;-6.4394660165;-35.7866071235;1969;86.084;10.615;0.0;0.102;0.0;1.524;1.676;0.0;0.0
RN;Mossoró;-5.1938012347;-37.3568741367;231460;59.662;25.69;0.832;0.319;0.009;3.506;9.92;0.01;0.054
RN;Natal;-5.7508985376;-35.2522547281;662080;58.628;24.622;2.077;0.536;0.022;4.046;9.908;0.043;0.119
RN;Nísia Floresta;-6.0907141459;-35.2113095645;26680;64.333;22.95;0.244;0.364;0.0;3.947;8.115;0.0;0.049
RN;Nova Cruz;-6.480064792;-35.4323003946;29685;80.354;15.257;0.145;0.03;0.0;1.368;2.486;0.0;0.36
RN;Olho-d'Água do Borges;-5.9592583875;-37.7118209786;3546;81.585;10.209;0.0;0.0;0.0;0.733;7.473;0.0;0.0
RN;Ouro Branco;-6.6996589474;-36.9462950767;4331;88.248;8.451;0.393;0.208;0.0;1.247;1.455;0.0;0.0
RN;Paraná;-6.4853305013;-38.3111288501;3451;88.844;8.751;0.058;0.0;0.0;0.637;1.71;0.0;0.0
RN;Paraú;-5.7770555176;-37.1016501353;3211;75.241;20.087;0.0;0.249;0.0;0.28;4.142;0.0;0.0
RN;Parazinho;-5.2307807345;-35.8449895224;4076;68.548;23.7;0.098;0.0;0.0;1.987;5.667;0.0;0.0
RN;Parelhas;-6.6887551972;-36.6578048562;18776;78.201;13.602;0.138;0.133;0.0;1.449;6.476;0.0;0.0
RN;Rio do Fogo;-5.2715586596;-35.3848720422;8787;79.39;16.923;0.0;0.0;0.0;0.717;2.856;0.0;0.114
RN;Passa e Fica;-6.4291154937;-35.6473522143;9455;84.199;11.719;0.169;0.053;0.0;0.36;3.501;0.0;0.0
RN;Passagem;-6.274442213;-35.3755657141;2707;73.513;20.983;0.111;0.185;0.0;1.256;3.953;0.0;0.0
RN;Patu;-6.1015320673;-37.6401023995;9747;81.204;14.702;0.113;0.144;0.0;1.323;2.452;0.0;0.062
RN;Santa Maria;-5.8385187011;-35.6903638553;4168;77.759;16.027;0.0;0.048;0.0;0.528;5.566;0.072;0.0
RN;Pau dos Ferros;-6.1147318387;-38.2032615201;26805;76.15;14.885;0.91;0.25;0.0;2.511;5.126;0.03;0.138
RN;Pedra Grande;-5.1493874335;-35.8759906401;3067;76.296;16.205;0.391;0.0;0.0;1.467;5.38;0.196;0.065
RN;Pedra Preta;-5.5819091562;-36.103135819;2138;76.473;18.475;0.14;0.0;0.0;0.0;4.443;0.0;0.468
RN;Pedro Avelino;-5.5240021821;-36.3852292559;5397;74.578;13.693;0.0;0.278;0.0;1.019;10.339;0.0;0.093
RN;Pedro Velho;-6.4331894882;-35.2229392417;11769;72.054;19.22;0.374;0.0;0.0;2.107;6.245;0.0;0.0
RN;Pendências;-5.2567881709;-36.7191460403;10742;78.272;16.263;0.0;0.093;0.037;1.368;3.891;0.0;0.074
RN;Pilões;-6.2657224402;-38.0444431555;2654;79.277;16.014;0.113;0.0;0.0;1.206;3.391;0.0;0.0
RN;Poço Branco;-5.6188515041;-35.65501177;10755;84.128;11.585;0.363;0.056;0.0;0.762;3.031;0.0;0.074
RN;Portalegre;-6.0243280135;-37.9851948257;6729;81.483;13.806;0.119;0.134;0.0;1.546;2.913;0.0;0.0
RN;Porto do Mangue;-5.0696701522;-36.7805380667;4450;63.91;25.348;0.0;0.067;0.067;2.225;8.382;0.0;0.0
RN;Serra Caiada;-6.1049127856;-35.7056053224;8632;72.127;16.983;0.104;0.058;0.0;1.309;9.303;0.0;0.116
RN;Pureza;-5.4659185859;-35.5622682321;7912;75.872;19.97;0.228;0.051;0.0;0.809;3.071;0.0;0.0
RN;Rafael Fernandes;-6.1864951981;-38.2225028857;4794;80.496;13.267;0.125;0.083;0.0;1.252;4.777;0.0;0.0
RN;Rafael Godeiro;-6.0782966478;-37.7159740682;2625;83.467;14.21;0.0;0.076;0.0;0.0;2.248;0.0;0.0
RN;Riacho da Cruz;-5.935802522;-37.9502747099;2390;86.862;8.41;0.0;0.0;0.0;0.377;4.351;0.0;0.0
RN;Riacho de Santana;-6.2647305468;-38.3148330294;3684;87.106;9.609;0.0;0.0;0.0;0.841;2.443;0.0;0.0
RN;Riachuelo;-5.8139469647;-35.8262747639;6392;79.912;14.424;0.078;0.063;0.0;0.0;5.523;0.0;0.0
RN;Rodolfo Fernandes;-5.7879936117;-38.0628743291;3744;89.076;8.654;0.053;0.107;0.0;1.068;1.042;0.0;0.0
RN;Tibau;-4.8414374104;-37.2513026681;4733;67.462;18.022;0.063;0.0;0.0;0.951;13.374;0.0;0.127
RN;Ruy Barbosa;-5.879428941;-35.9354841632;2787;82.275;14.998;0.0;0.0;0.0;0.538;2.081;0.108;0.0
RN;Santa Cruz;-6.2300756234;-36.0205165703;32157;74.133;17.785;0.398;0.131;0.0;1.443;6.089;0.0;0.022
RN;Santana do Matos;-5.9577271554;-36.6541049651;11059;86.283;8.807;0.045;0.036;0.0;1.854;2.975;0.0;0.0
RN;Santana do Seridó;-6.7701517529;-36.7368516419;2353;79.346;16.915;0.127;0.085;0.0;0.637;2.89;0.0;0.0
RN;Santo Antônio;-6.3051739213;-35.475136984;19344;74.002;21.397;0.217;0.331;0.0;1.902;2.099;0.0;0.052
RN;São Bento do Norte;-5.0595010601;-36.0354313534;2853;77.077;20.014;0.0;0.0;0.0;1.542;1.367;0.0;0.0
RN;São Bento do Trairí;-6.3444812167;-36.0868875014;3319;80.807;14.522;0.0;0.121;0.0;0.331;4.128;0.0;0.09
RN;São Fernando;-6.383861073;-37.1854030398;3131;85.404;5.941;0.0;0.0;0.0;3.385;5.27;0.0;0.0
RN;São Francisco do Oeste;-6.0006365705;-38.1692961808;3651;80.909;12.216;0.055;0.0;0.0;0.931;5.779;0.11;0.0
RN;São Gonçalo do Amarante;-5.7895555402;-35.3311560931;99041;57.846;29.11;0.654;0.19;0.028;3.49;8.566;0.0;0.115
RN;São João do Sabugi;-6.71122435;-37.204139658;5336;83.246;10.082;0.337;0.037;0.0;1.218;5.079;0.0;0.0
RN;São José de Mipibu;-6.0704657116;-35.2402746487;40090;61.913;27.179;0.449;0.032;0.0;1.863;8.536;0.0;0.027
RN;São José do Campestre;-6.3155639806;-35.7121150331;9734;79.32;13.776;0.082;0.062;0.0;1.192;5.568;0.0;0.0
RN;São José do Seridó;-6.4487985346;-36.8832588929;4019;88.231;8.883;0.299;0.1;0.0;0.746;1.742;0.0;0.0
RN;São Miguel;-6.2123429186;-38.4963439737;20596;89.124;6.458;0.073;0.0;0.0;1.481;2.865;0.0;0.0
RN;São Miguel do Gostoso;-5.1228571163;-35.6412835112;8656;73.637;18.299;0.52;0.0;0.0;0.439;7.105;0.0;0.0
RN;São Paulo do Potengi;-5.8998203338;-35.7643696369;14681;82.719;12.37;0.429;0.157;0.0;1.022;3.113;0.048;0.143
RN;São Pedro;-5.8979802825;-35.6403110302;5023;85.646;9.795;0.1;0.458;0.0;1.035;2.887;0.0;0.08
RN;São Rafael;-5.8009342266;-36.8903975641;6895;82.524;11.748;0.0;0.189;0.0;1.175;4.162;0.0;0.203
RN;São Tomé;-5.9730223471;-36.0736631486;8836;85.559;11.521;0.6;0.057;0.0;0.679;1.584;0.0;0.0
RN;São Vicente;-6.2149638782;-36.6886618517;5592;89.396;7.225;0.036;0.0;0.0;1.86;1.413;0.072;0.0
RN;Senador Elói de Souza;-6.0362264288;-35.6956637752;5138;79.369;18.276;0.272;0.117;0.0;1.226;0.74;0.0;0.0
RN;Senador Georgino Avelino;-6.1586943344;-35.124176228;3402;76.132;18.313;0.0;0.0;0.0;0.852;4.703;0.0;0.0
RN;Serra de São Bento;-6.4153669923;-35.7034898199;4940;86.093;10.506;0.081;0.061;0.0;0.769;2.49;0.0;0.0
RN;Serra do Mel;-5.1652413482;-37.0413013452;11038;48.605;32.551;0.127;0.181;0.0;1.459;17.032;0.0;0.045
RN;Serra Negra do Norte;-6.6639843364;-37.3949730106;6808;82.638;12.853;0.191;0.0;0.0;0.837;3.481;0.0;0.0
RN;Serrinha;-6.2770915257;-35.501343234;5605;70.544;21.838;0.268;0.268;0.0;0.357;6.566;0.0;0.161
RN;Serrinha dos Pintos;-6.1141293698;-37.9615790489;4112;74.441;21.133;0.122;0.122;0.0;2.091;2.091;0.0;0.0
RN;Severiano Melo;-5.7781877653;-37.956580706;4890;88.384;7.423;0.613;0.061;0.0;1.104;2.413;0.0;0.0
RN;Sítio Novo;-6.1040915828;-35.9104491799;4063;88.629;9.353;0.098;0.0;0.0;0.271;1.649;0.0;0.0
RN;Taboleiro Grande;-5.9267522922;-38.0435675406;2057;75.741;18.23;0.0;0.0;0.0;1.799;4.229;0.0;0.0
RN;Taipu;-5.6196666753;-35.5988465613;9884;78.592;16.967;0.051;0.0;0.0;0.415;3.926;0.0;0.051
RN;Tangará;-6.1973573683;-35.8001895983;11412;72.205;19.392;0.123;0.0;0.0;1.788;6.432;0.0;0.061
RN;Tenente Ananias;-6.4775437122;-38.1792978897;8883;87.515;8.477;0.124;0.056;0.0;1.205;2.555;0.068;0.0
RN;Tenente Laurentino Cruz;-6.1472301595;-36.7206601449;5063;82.342;11.752;0.0;0.0;0.0;2.054;3.851;0.0;0.0
RN;Tibau do Sul;-6.1880717593;-35.0926003672;14394;49.02;23.329;0.889;0.347;0.104;9.059;17.25;0.0;0.0
RN;Timbaúba dos Batistas;-6.4632892631;-37.2713399064;2113;84.004;10.838;0.284;0.0;0.0;0.237;4.638;0.0;0.0
RN;Touros;-5.2026068014;-35.4552931657;28148;72.105;19.849;0.487;0.082;0.0;2.696;4.782;0.0;0.0
RN;Triunfo Potiguar;-5.8669590186;-37.1837968506;2927;71.472;20.02;0.0;0.239;0.0;0.205;8.063;0.0;0.0
RN;Umarizal;-5.9899019796;-37.8132584901;9044;77.499;14.407;0.0;0.055;0.0;2.554;5.307;0.0;0.177
RN;Upanema;-5.6417976593;-37.260146942;11816;64.277;27.031;0.11;0.042;0.0;1.625;6.914;0.0;0.0
RN;Várzea;-6.3487998907;-35.3747906644;4558;72.554;20.009;0.132;0.154;0.0;1.426;5.595;0.0;0.132
RN;Venha-Ver;-6.3194228369;-38.4912301677;2652;87.33;7.164;0.113;2.602;0.0;0.528;2.262;0.0;0.0
RN;Vera Cruz;-6.0456084818;-35.4281095272;9205;75.915;18.685;0.0;0.0;0.0;0.489;4.91;0.0;0.0
RN;Viçosa;-5.9918571747;-37.947409016;1576;75.19;17.766;0.0;0.0;0.0;2.157;4.886;0.0;0.0
RN;Vila Flor;-6.3127918709;-35.0761274954;2649;63.08;18.12;0.566;0.0;0.0;1.623;16.61;0.0;0.0
PB;Água Branca;-7.5110701506;-37.6422090443;8093;91.178;6.784;0.0;0.0;0.0;0.173;1.866;0.0;0.0
PB;Aguiar;-7.0948057625;-38.1775818446;4437;88.416;10.255;0.045;0.0;0.0;0.834;0.451;0.0;0.0
PB;Alagoa Grande;-7.036775;-35.6338919827;22394;78.378;15.718;0.54;0.286;0.0;0.741;4.157;0.179;0.0
PB;Alagoa Nova;-7.0577988253;-35.7594565398;17721;84.047;10.773;0.192;0.418;0.0;1.653;2.917;0.0;0.0
PB;Alagoinha;-6.9481404046;-35.5454913506;11662;77.474;17.33;0.026;0.249;0.051;0.995;3.876;0.0;0.0
PB;Alcantil;-7.7414770383;-36.0606043309;4710;83.27;14.437;0.0;0.0;0.0;0.467;1.762;0.0;0.064
PB;Algodão de Jandaíra;-6.9046940378;-36.0060933988;2483;85.904;10.27;0.081;0.0;0.0;0.201;3.544;0.0;0.0
PB;Alhandra;-7.4329953022;-34.9119851554;18150;55.063;33.008;0.088;0.287;0.028;1.229;10.154;0.0;0.143
PB;São João do Rio do Peixe;-6.7344308283;-38.4454535708;15951;84.17;11.09;0.301;0.188;0.0;1.686;2.564;0.0;0.0
PB;Amparo;-7.5672115216;-37.0647752481;1923;88.924;6.812;0.0;0.572;0.0;0.78;2.912;0.0;0.0
PB;Aparecida;-6.7836951415;-38.0833382545;6952;85.515;10.616;0.058;0.158;0.0;0.36;3.294;0.0;0.0
PB;Araçagi;-6.8516966175;-35.3832990883;14332;83.875;12.266;0.035;0.0;0.0;1.34;2.442;0.0;0.042
PB;Arara;-6.8261917212;-35.7595417216;10691;83.64;13.451;0.084;0.094;0.0;0.954;1.777;0.0;0.0
PB;Araruna;-6.5314470213;-35.7359805119;14780;81.008;15.061;0.203;0.149;0.0;1.286;2.172;0.0;0.122
PB;Areia;-6.965515;-35.7033914011;19451;76.603;16.729;0.54;0.643;0.0;0.879;4.606;0.0;0.0
PB;Areia de Baraúnas;-7.123695013;-36.9435079584;1720;88.721;9.419;0.0;0.0;0.0;0.349;1.512;0.0;0.0
PB;Areial;-7.0499610887;-35.9228094313;6098;86.783;9.97;0.049;0.066;0.344;0.361;2.427;0.0;0.0
PB;Aroeiras;-7.5484620227;-35.7155929489;16045;83.085;14.31;0.031;0.156;0.0;1.521;0.897;0.0;0.0
PB;Assunção;-7.0763269437;-36.7331874761;3481;71.1;19.621;0.0;0.172;0.0;5.401;3.706;0.0;0.0
PB;Baía da Traição;-6.679529123;-34.949931095;7622;59.564;17.449;0.276;0.577;15.363;1.824;4.749;0.118;0.079
PB;Bananeiras;-6.749637275;-35.6315999028;19960;84.644;11.343;0.235;0.055;0.0;0.691;3.031;0.0;0.0
PB;Baraúna;-6.6424050352;-36.253041353;4150;77.47;16.578;0.0;0.072;0.0;1.687;4.193;0.0;0.0
PB;Barra de Santana;-7.5228337806;-35.9963140811;7016;85.704;11.688;0.0;0.128;0.0;0.2;2.281;0.0;0.0
PB;Barra de Santa Rosa;-6.7202526776;-36.0597726422;11414;82.434;13.843;0.0;0.202;0.0;0.552;2.97;0.0;0.0
PB;Barra de São Miguel;-7.7526706262;-36.3215359678;5103;84.499;12.111;0.333;0.0;0.0;1.039;2.018;0.0;0.0
PB;Bayeux;-7.132276485;-34.9291858201;71280;44.515;33.359;0.348;0.477;0.027;6.71;14.531;0.013;0.021
PB;Belém;-6.6940426098;-35.5362740821;14287;77.126;15.763;0.245;0.0;0.0;2.044;4.823;0.0;0.0
PB;Belém do Brejo do Cruz;-6.1885749977;-37.5395024823;5516;81.726;9.21;0.0;0.0;0.0;0.145;8.92;0.0;0.0
PB;Bernardino Batista;-6.4535477932;-38.5488692212;2997;83.784;14.948;0.067;0.0;0.0;0.2;1.001;0.0;0.0
PB;Boa Ventura;-7.4222821453;-38.2189508765;4474;74.095;19.401;0.335;0.0;0.0;1.699;4.426;0.0;0.045
PB;Boa Vista;-7.2579130806;-36.2353736588;5537;73.451;16.76;0.235;0.181;0.0;1.68;7.64;0.0;0.054
PB;Bom Jesus;-6.8179576512;-38.655142807;2013;81.619;13.81;0.0;0.0;0.0;1.341;3.229;0.0;0.0
PB;Bom Sucesso;-6.445046723;-37.9300236974;4185;86.667;9.725;0.0;0.0;0.0;0.0;3.608;0.0;0.0
PB;Bonito de Santa Fé;-7.3107630819;-38.5164953051;8760;81.861;13.756;0.057;0.0;0.0;1.313;3.014;0.0;0.0
PB;Boqueirão;-7.4826479199;-36.1334047507;15109;75.485;19.161;0.066;0.033;0.0;1.35;3.905;0.0;0.0
PB;Igaracy;-7.1793192914;-38.1466946448;4940;85.324;12.287;0.0;0.0;0.0;1.437;0.951;0.0;0.0
PB;Borborema;-6.8043058831;-35.5993759656;3645;87.572;6.584;2.606;0.0;0.0;0.274;2.963;0.0;0.0
PB;Brejo do Cruz;-6.3477076068;-37.5001626417;11881;83.604;10.369;0.034;0.0;0.0;0.657;5.294;0.0;0.042
PB;Brejo dos Santos;-6.3761833082;-37.8237101751;5050;48.337;40.772;0.04;0.0;0.0;1.406;9.446;0.0;0.0
PB;Caaporã;-7.5142876414;-34.917850144;17613;37.081;40.873;0.142;0.114;0.0;3.327;18.106;0.0;0.358
PB;Cabaceiras;-7.4906698737;-36.2843418898;4655;72.975;20.473;0.236;0.0;0.0;0.666;5.65;0.0;0.0
PB;Cabedelo;-6.9669830633;-34.8394300208;56953;55.237;29.414;1.485;0.639;0.018;4.569;8.47;0.111;0.058
PB;Cachoeira dos Índios;-6.9239358528;-38.6783031917;7891;89.317;8.085;0.203;0.165;0.0;0.887;1.343;0.0;0.0
PB;Cacimba de Areia;-7.1284733769;-37.1582169542;2811;83.458;10.21;0.285;0.747;0.0;0.64;4.66;0.0;0.0
PB;Cacimba de Dentro;-6.640016747;-35.7928209014;13876;85.839;10.089;0.353;0.101;0.0;0.713;2.753;0.0;0.151
PB;Cacimbas;-7.2123593026;-37.0604021094;5894;80.947;13.437;0.0;0.0;0.0;0.492;5.073;0.0;0.051
PB;Caiçara;-6.6174697909;-35.4691142821;5725;82.69;14.079;0.245;0.279;0.0;0.402;2.306;0.0;0.0
PB;Cajazeiras;-6.8904645;-38.5605303718;55476;79.887;12.047;0.561;0.469;0.0;1.95;5.0;0.0;0.087
PB;Cajazeirinhas;-6.9626928132;-37.7991843341;2389;91.21;7.66;0.042;0.0;0.0;0.335;0.753;0.0;0.0
PB;Caldas Brandão;-7.171751437;-35.342382092;4865;74.553;16.896;0.0;0.021;0.0;1.233;7.297;0.0;0.0
PB;Camalaú;-7.8912420951;-36.8316105815;5274;84.85;9.898;0.209;0.0;0.0;1.081;3.849;0.0;0.114
PB;Campina Grande;-7.22149704;-35.8838591148;363827;56.402;28.521;1.435;0.357;0.031;4.553;8.572;0.0;0.128
PB;Capim;-6.9108443749;-35.1677387141;5787;73.613;14.36;0.0;0.276;0.0;0.518;11.163;0.0;0.069
PB;Caraúbas;-7.7310993724;-36.4954780727;3471;89.398;5.877;0.0;0.086;0.0;1.901;2.679;0.0;0.058
PB;Carrapateira;-7.0396542415;-38.3442167253;2029;90.685;7.984;0.0;0.0;0.0;0.197;0.739;0.0;0.394
PB;Casserengue;-6.7837603257;-35.8163048295;5991;92.339;5.725;0.0;0.1;0.0;0.167;1.669;0.0;0.0
PB;Catingueira;-7.1252097836;-37.6107199033;3866;87.998;9.415;0.207;0.0;0.0;0.517;1.785;0.078;0.0
PB;Catolé do Rocha;-6.346752995;-37.7485000906;26801;78.094;18.081;0.149;0.108;0.0;0.519;3.048;0.0;0.0
PB;Caturité;-7.4196183207;-36.0206588241;4510;80.067;16.186;0.089;0.0;0.0;0.355;3.304;0.0;0.0
PB;Conceição;-7.5602250866;-38.5091579595;15844;88.658;8.817;0.17;0.032;0.0;1.06;1.237;0.0;0.025
PB;Condado;-6.9123067773;-37.6039713346;5690;87.821;8.453;0.053;0.053;0.0;1.617;2.004;0.0;0.0
PB;Conde;-7.2635718267;-34.9071513371;23114;57.216;29.506;0.42;0.952;0.052;4.3;7.554;0.0;0.0
PB;Congo;-7.7925707775;-36.6615328552;4311;85.224;9.116;0.557;0.093;0.0;0.858;4.152;0.0;0.0
PB;Coremas;-7.0169182842;-37.9455372752;12705;82.338;15.104;0.039;0.039;0.0;1.267;1.212;0.0;0.0
PB;Coxixola;-7.6287969606;-36.6048295219;1633;86.16;9.614;0.0;0.0;0.0;0.735;3.368;0.0;0.122
PB;Cruz do Espírito Santo;-7.1413369619;-35.0914891262;14508;61.132;26.758;0.007;0.076;0.0;2.323;9.498;0.0;0.207
PB;Cubati;-6.8623606092;-36.3479297162;6514;80.135;11.068;0.307;0.107;0.0;1.013;7.369;0.0;0.0
PB;Cuité;-6.4855553012;-36.1532081655;17322;77.381;12.089;0.416;0.185;0.0;2.742;7.187;0.0;0.0
PB;Cuitegi;-6.8958137426;-35.5257412327;5673;81.368;13.908;0.088;0.053;0.0;0.546;4.037;0.0;0.0
PB;Cuité de Mamanguape;-6.9141574734;-35.2528248925;5344;70.939;8.851;0.281;0.056;0.0;15.101;4.772;0.0;0.0
PB;Curral de Cima;-6.7174300292;-35.2670572688;4575;87.803;9.836;0.0;0.0;0.0;1.617;0.678;0.0;0.066
PB;Curral Velho;-7.5380851077;-38.2003914462;1994;80.943;10.933;0.0;0.0;0.0;0.702;7.222;0.0;0.201
PB;Damião;-6.6318974073;-35.9099425358;4332;85.111;11.011;0.162;0.0;0.0;2.909;0.716;0.0;0.092
PB;Desterro;-7.2914475304;-37.0921693225;6932;86.584;8.511;0.072;0.0;0.0;1.5;3.044;0.0;0.289
PB;Vista Serrana;-6.7406872724;-37.5679145327;3181;85.476;12.763;0.094;0.063;0.0;0.157;1.446;0.0;0.0
PB;Diamante;-7.4235834212;-38.2650442086;5447;87.131;9.84;0.0;0.055;0.0;1.762;1.175;0.0;0.037
PB;Dona Inês;-6.6021227352;-35.6225406506;8928;85.887;10.842;0.392;0.056;0.0;0.414;2.408;0.0;0.0
PB;Duas Estradas;-6.6881329547;-35.4181768048;2905;86.127;11.566;0.069;0.0;0.0;1.17;1.067;0.0;0.0
PB;Emas;-7.1079922324;-37.7145859751;2621;86.15;12.438;0.0;0.0;0.0;0.076;1.183;0.0;0.153
PB;Esperança;-7.020685;-35.858593287;26755;80.807;13.239;0.475;0.284;0.0;1.828;3.368;0.0;0.0
PB;Fagundes;-7.3630616044;-35.7846088758;9429;75.84;15.654;0.361;0.053;0.0;2.503;5.589;0.0;0.0
PB;Frei Martinho;-6.4045158524;-36.4520440619;2567;81.379;14.647;1.208;0.0;0.0;0.623;2.143;0.0;0.0
PB;Gado Bravo;-7.5829411773;-35.7906509035;6963;82.249;12.25;0.345;0.158;0.0;1.293;3.705;0.0;0.0
PB;Guarabira;-6.852715;-35.4899649849;49537;72.178;20.825;0.577;0.107;0.0;1.809;4.469;0.0;0.034
PB;Gurinhém;-7.1232156684;-35.4281860624;11750;80.596;15.294;0.136;0.034;0.0;0.979;2.834;0.128;0.0
PB;Gurjão;-7.2462216609;-36.4862761218;2796;89.7;8.011;0.715;0.0;0.0;0.715;0.858;0.0;0.0
PB;Ibiara;-7.4978512245;-38.4055678575;4928;89.387;6.879;0.244;0.0;0.0;1.38;1.786;0.183;0.142
PB;Imaculada;-7.3885372613;-37.5100748564;8915;91.441;6.831;0.258;0.056;0.0;0.146;1.122;0.0;0.146
PB;Ingá;-7.2950269135;-35.6176892168;15236;73.91;19.283;0.085;0.053;0.013;1.628;4.975;0.0;0.053
PB;Itabaiana;-7.3309315;-35.3375333859;20097;74.837;19.421;0.289;0.542;0.0;2.209;2.702;0.0;0.0
PB;Itaporanga;-7.3039804631;-38.1525731067;20725;81.698;12.666;1.53;0.125;0.0;1.047;2.934;0.0;0.0
PB;Itapororoca;-6.829920163;-35.2462957146;15650;75.399;18.307;0.351;0.019;0.0;1.214;4.53;0.0;0.179
PB;Itatuba;-7.374957755;-35.62816125;8975;75.309;19.153;0.0;0.279;0.0;1.983;3.276;0.0;0.0
PB;Jacaraú;-6.6129685867;-35.2942824484;12417;73.166;17.847;0.048;0.0;0.0;1.232;7.28;0.081;0.346
PB;Jericó;-6.5561949909;-37.8086413774;6654;79.997;14.668;0.406;0.045;0.0;0.316;4.569;0.0;0.0
PB;João Pessoa;-7.14938202;-34.8733848135;726383;55.417;29.078;1.423;0.552;0.032;5.342;8.066;0.029;0.06
PB;Juarez Távora;-7.1663446273;-35.5911781067;6734;77.74;16.647;0.0;0.059;0.0;1.114;4.44;0.0;0.0
PB;Juazeirinho;-7.0653683106;-36.5707010055;14236;79.868;15.398;0.077;0.07;0.056;0.787;3.744;0.0;0.0
PB;Junco do Seridó;-6.9933376489;-36.7164412261;5870;83.935;11.363;1.056;0.102;0.068;0.716;2.726;0.0;0.034
PB;Juripiranga;-7.3702907732;-35.2394540486;8525;75.367;13.267;0.457;0.27;0.0;2.44;8.106;0.0;0.094
PB;Juru;-7.5343071384;-37.819264489;7992;92.092;5.793;0.0;0.0;0.0;0.726;1.389;0.0;0.0
PB;Lagoa;-6.5942086133;-37.9150900701;3866;78.505;15.494;0.0;0.0;0.0;2.069;3.932;0.0;0.0
PB;Lagoa de Dentro;-6.6705990497;-35.3770436482;6677;85.323;11.023;0.105;0.045;0.0;0.569;2.935;0.0;0.0
PB;Lagoa Seca;-7.1584124886;-35.8514401351;23764;77.87;17.952;0.072;0.219;0.0;1.953;1.805;0.0;0.13
PB;Lastro;-6.5165306258;-38.1792184928;2768;85.26;10.405;0.0;0.0;0.0;0.614;3.613;0.0;0.108
PB;Livramento;-7.3790028228;-36.948629304;5891;86.742;12.12;0.068;0.0;0.0;0.272;0.713;0.0;0.085
PB;Logradouro;-6.6153714223;-35.4432993556;4118;75.838;18.99;0.0;0.0;0.0;0.631;4.541;0.0;0.0
PB;Lucena;-6.8988493384;-34.8746090974;10504;57.016;24.657;0.076;0.228;0.0;3.932;13.347;0.01;0.733
PB;Mãe d'Água;-7.2570490927;-37.428160995;3129;80.377;14.094;0.096;0.0;0.0;1.438;3.547;0.0;0.447
PB;Malta;-6.9071851235;-37.5177757104;5227;86.646;9.03;1.186;0.057;0.0;0.689;2.219;0.0;0.172
PB;Mamanguape;-6.8337151469;-35.1238932021;37501;62.521;24.861;0.344;0.189;0.0;1.931;10.12;0.0;0.035
PB;Manaíra;-7.7046141416;-38.1530716661;8932;86.61;9.931;0.0;0.056;0.0;0.605;2.698;0.0;0.101
PB;Marcação;-6.770054174;-35.0139243935;7334;72.116;16.867;0.041;0.082;1.077;2.836;6.736;0.245;0.0
PB;Mari;-7.056384;-35.3185424166;18534;75.925;14.616;0.065;0.664;0.0;2.525;6.205;0.0;0.0
PB;Marizópolis;-6.844674277;-38.3553961304;5846;73.743;19.74;0.0;0.411;0.0;1.283;4.824;0.0;0.0
PB;Massaranduba;-7.1801994711;-35.7375152077;12131;74.322;19.735;0.214;0.157;0.0;1.467;4.105;0.0;0.0
PB;Mataraca;-6.6005186544;-35.0485576738;6803;55.828;23.519;0.059;0.0;0.0;6.497;13.759;0.0;0.338
PB;Matinhas;-7.1211683437;-35.7709374162;3848;83.55;10.473;0.364;0.104;0.0;0.364;5.146;0.0;0.0
PB;Mato Grosso;-6.5426334912;-37.7115726982;2243;85.466;8.649;0.089;0.0;0.0;3.299;2.497;0.0;0.0
PB;Matureia;-7.2659300019;-37.3504338851;5422;84.913;12.283;0.0;0.0;0.0;0.516;2.287;0.0;0.0
PB;Mogeiro;-7.3094805323;-35.482424602;11821;76.44;19.11;0.161;0.025;0.0;1.303;2.961;0.0;0.0
PB;Montadas;-7.0890963385;-35.9582754293;4931;81.505;13.081;0.061;0.061;0.0;1.278;4.015;0.0;0.0
PB;Monte Horebe;-7.2095264023;-38.5836574944;3751;86.883;9.917;0.16;0.0;0.0;0.666;2.373;0.0;0.0
PB;Monteiro;-7.892217;-37.1226806806;27972;79.891;12.967;0.318;0.061;0.0;2.61;4.129;0.0;0.025
PB;Mulungu;-7.0278860316;-35.4651434243;7571;82.988;12.323;0.0;0.251;0.0;0.581;3.857;0.0;0.0
PB;Natuba;-7.6409788248;-35.5561446826;7721;78.72;16.941;0.039;0.0;0.0;0.816;3.393;0.0;0.091
PB;Nazarezinho;-6.9127009191;-38.3189125786;6328;90.629;7.933;0.142;0.221;0.032;0.047;0.996;0.0;0.0
PB;Nova Floresta;-6.4561399418;-36.2024954255;8415;75.627;16.97;0.297;0.0;0.0;0.749;6.358;0.0;0.0
PB;Nova Olinda;-7.4768427808;-38.0410502008;4976;85.571;12.319;0.04;0.0;0.0;0.201;1.869;0.0;0.0
PB;Nova Palmeira;-6.6766058426;-36.4187129744;3770;89.788;6.87;0.106;0.0;0.0;0.61;2.626;0.0;0.0
PB;Olho d'Água;-7.2249726485;-37.7526855286;5239;94.598;3.989;0.0;0.0;0.0;0.305;1.107;0.0;0.0
PB;Olivedos;-6.9882256223;-36.2436652194;3145;90.175;7.345;0.0;0.0;0.0;0.254;2.226;0.0;0.0
PB;Ouro Velho;-7.6186521245;-37.1543789425;2567;85.314;10.869;0.117;0.0;0.0;0.39;3.311;0.0;0.0
PB;Parari;-7.3167001008;-36.6583244439;1540;91.623;7.208;0.0;0.0;0.0;0.714;0.455;0.0;0.0
PB;Passagem;-7.1328195967;-37.0543919437;2113;86.701;10.506;0.0;0.0;0.0;1.325;1.467;0.0;0.0
PB;Patos;-7.0244916682;-37.2769133373;89224;76.389;14.391;0.597;0.635;0.015;2.953;4.634;0.327;0.058
PB;Paulista;-6.5940615798;-37.621055674;10363;89.212;8.878;0.0;0.0;0.0;0.454;1.457;0.0;0.0
PB;Pedra Branca;-7.4265644261;-38.0722463078;3246;88.509;7.702;0.0;0.0;0.0;2.341;1.448;0.0;0.0
PB;Pedra Lavrada;-6.7578814606;-36.4720503638;6049;82.873;12.2;0.446;0.0;0.0;0.975;3.505;0.0;0.0
PB;Pedras de Fogo;-7.4015385;-35.1131779827;25340;62.684;25.118;0.714;0.257;0.0;0.856;10.268;0.0;0.103
PB;Piancó;-7.192569876;-37.9265190012;14515;88.178;8.412;0.179;0.103;0.0;1.33;1.798;0.0;0.0
PB;Picuí;-6.5101356574;-36.3470460251;15914;78.396;13.743;0.107;0.031;0.0;2.312;5.341;0.0;0.069
PB;Pilar;-7.2598879849;-35.2598804076;10460;72.294;19.197;0.038;0.057;0.0;1.511;6.902;0.0;0.0
PB;Pilões;-6.8692205282;-35.6155405947;5755;84.361;10.617;0.052;0.139;0.0;1.164;3.666;0.0;0.0
PB;Pilõezinhos;-6.840568783;-35.530585704;4472;95.081;3.444;0.0;0.112;0.0;0.157;1.208;0.0;0.0
PB;Pirpirituba;-6.7808000985;-35.4977157928;8016;84.144;10.579;0.387;0.287;0.125;1.285;3.194;0.0;0.0
PB;Pitimbu;-7.482413396;-34.8139304143;14063;42.957;37.076;0.22;0.235;0.0;1.223;18.104;0.0;0.185
PB;Pocinhos;-7.0786172694;-36.056442281;14892;79.929;14.303;0.04;0.0;0.0;1.229;4.418;0.034;0.047
PB;Poço Dantas;-6.407175642;-38.4971655332;3320;84.729;13.614;0.151;0.06;0.0;0.06;1.386;0.0;0.0
PB;Poço de José de Moura;-6.5769188159;-38.5099999913;3564;86.616;10.831;0.0;0.0;0.0;0.87;1.684;0.0;0.0
PB;Pombal;-6.769855485;-37.7982672714;28465;83.492;12.974;0.274;0.025;0.0;1.303;1.809;0.032;0.091
PB;Prata;-7.6969830843;-37.0823339752;3448;76.102;15.719;0.087;0.232;0.0;1.682;5.858;0.0;0.319
PB;Princesa Isabel;-7.733866459;-37.9936640096;18291;88.716;8.862;0.098;0.12;0.0;0.738;1.465;0.0;0.0
PB;Puxinanã;-7.1489066441;-35.9584940731;12128;77.919;16.458;0.412;0.445;0.14;0.503;4.123;0.0;0.0
PB;Queimadas;-7.3607915;-35.8994339112;40487;70.314;21.698;0.22;0.257;0.0;2.443;4.982;0.0;0.086
PB;Quixabá;-7.0308176066;-37.1470987043;1515;85.479;11.353;0.0;0.0;0.0;1.98;1.188;0.0;0.0
PB;Remígio;-6.966292952;-35.7958331901;15320;82.715;12.082;0.372;0.268;0.0;2.05;2.441;0.0;0.072
PB;Pedro Régis;-6.6444714973;-35.2930058538;4968;78.965;11.433;0.705;0.282;0.0;0.523;8.092;0.0;0.0
PB;Riachão;-6.5426765279;-35.6627216944;2512;88.455;9.952;0.0;0.119;0.0;0.557;0.916;0.0;0.0
PB;Riachão do Bacamarte;-7.2505947733;-35.6553876583;4088;76.272;15.631;0.098;0.93;0.0;1.932;5.088;0.0;0.049
PB;Riachão do Poço;-7.1515036157;-35.261242692;4034;81.805;15.791;0.0;0.05;0.0;1.289;1.066;0.0;0.0
PB;Riacho de Santo Antônio;-7.6902953445;-36.1567097727;1667;81.644;12.178;0.12;0.0;0.0;2.939;3.119;0.0;0.0
PB;Riacho dos Cavalos;-6.4364942491;-37.653835391;7407;78.736;13.474;0.0;0.0;0.0;5.684;2.106;0.0;0.0
PB;Rio Tinto;-6.8084485;-35.078852226;20918;67.42;23.009;0.244;0.335;0.124;3.456;5.321;0.0;0.091
PB;Salgadinho;-7.1030347331;-36.8455028943;2936;84.23;13.215;0.0;0.0;0.0;0.783;1.771;0.0;0.0
PB;Salgado de São Félix;-7.3553573137;-35.4433017395;10047;82.88;13.984;0.05;0.249;0.03;0.518;2.289;0.0;0.0
PB;Santa Cecília;-7.7429059622;-35.8774744666;6540;86.988;10.046;0.168;0.0;0.0;0.55;2.202;0.046;0.0
PB;Santa Cruz;-6.5350141675;-38.060555592;5262;93.254;5.815;0.133;0.0;0.0;0.285;0.456;0.0;0.057
PB;Santa Helena;-6.7186941996;-38.6427896707;5217;86.046;12.498;0.153;0.0;0.0;0.441;0.863;0.0;0.0
PB;Santa Inês;-7.6277797185;-38.5595999296;2795;92.343;6.583;0.179;0.0;0.0;0.215;0.537;0.143;0.0
PB;Santa Luzia;-6.8718632619;-36.92167833;13055;82.689;10.456;0.866;0.046;0.0;2.29;3.462;0.0;0.191
PB;Santana de Mangueira;-7.5512134095;-38.3325811539;4374;85.642;11.843;0.069;0.251;0.0;0.16;2.035;0.0;0.0
PB;Santana dos Garrotes;-7.3876444597;-37.9850430999;5781;89.552;8.891;0.0;0.0;0.0;0.398;1.159;0.0;0.0
PB;Joca Claudino;-6.4840552967;-38.4791522142;2242;86.931;11.374;0.0;0.0;0.0;0.268;1.427;0.0;0.0
PB;Santa Rita;-7.1380845;-34.9658392783;126781;43.552;34.28;0.147;0.338;0.007;6.521;15.096;0.0;0.058
PB;Santa Teresinha;-7.0841917053;-37.4417177955;3888;90.484;6.764;0.103;0.0;0.0;0.926;1.723;0.0;0.0
PB;Santo André;-7.2204891228;-36.6309754331;2349;93.614;4.768;0.17;0.213;0.0;0.639;0.596;0.0;0.0
PB;São Bento;-6.4893075408;-37.4493496644;28081;76.479;14.95;0.178;0.036;0.0;4.644;3.714;0.0;0.0
PB;São Bentinho;-6.890308509;-37.7227213006;3768;88.827;9.899;0.159;0.0;0.0;0.929;0.186;0.0;0.0
PB;São Domingos do Cariri;-7.6329907025;-36.4359294005;2234;88.272;10.474;0.0;0.0;0.0;0.134;1.119;0.0;0.0
PB;São Domingos;-6.8159249809;-37.9426027474;2300;88.739;7.478;0.0;0.0;0.0;2.391;1.391;0.0;0.0
PB;São Francisco;-6.6192799824;-38.0971412339;2766;90.239;7.918;0.0;0.217;0.0;0.615;1.012;0.0;0.0
PB;São João do Cariri;-7.3902013358;-36.5315209359;3675;82.204;11.592;0.0;0.0;0.0;0.163;5.741;0.299;0.0
PB;São João do Tigre;-8.0810428894;-36.8457433216;3710;88.733;6.011;0.162;0.0;0.0;0.809;4.178;0.0;0.108
PB;São José da Lagoa Tapada;-6.9442314894;-38.1577701893;6271;86.414;11.768;0.08;0.0;0.0;0.893;0.765;0.08;0.0
PB;São José de Caiana;-7.2491596311;-38.2978233702;4325;82.913;16.023;0.0;0.0;0.0;0.139;0.925;0.0;0.0
PB;São José de Espinharas;-6.8441796085;-37.32511484;3611;86.458;10.773;0.222;0.166;0.0;1.385;0.997;0.0;0.0
PB;São José dos Ramos;-7.2471273572;-35.3779610545;5001;82.184;12.937;0.0;0.06;0.0;0.64;4.119;0.0;0.06
PB;São José de Piranhas;-7.1208699574;-38.5010748206;16573;80.456;13.649;0.0;0.157;0.0;1.961;3.113;0.163;0.501
PB;São José de Princesa;-7.7429694508;-38.0988027203;2979;91.407;7.519;0.0;0.0;0.0;1.074;0.0;0.0;0.0
PB;São José do Bonfim;-7.1609149774;-37.3092447285;2784;81.573;15.841;0.754;0.0;0.0;0.0;1.832;0.0;0.0
PB;São José do Brejo do Cruz;-6.2129153407;-37.3538296762;1484;73.181;15.229;0.0;0.27;0.0;0.0;11.186;0.0;0.135
PB;São José do Sabugi;-6.7755314068;-36.7974932182;3670;78.365;13.106;0.327;0.572;0.0;2.044;5.586;0.0;0.0
PB;São José dos Cordeiros;-7.392642697;-36.8027778195;3001;90.37;8.697;0.0;0.1;0.0;0.133;0.7;0.0;0.0
PB;São Mamede;-6.9302283714;-37.0948573852;6615;83.296;13.757;0.136;0.091;0.0;0.847;1.875;0.0;0.0
PB;São Miguel de Taipu;-7.2492335304;-35.2104513919;6057;68.45;23.444;0.116;0.446;0.0;1.205;6.34;0.0;0.0
PB;São Sebastião de Lagoa de Roça;-7.1009459552;-35.8664139115;9538;80.625;13.913;0.608;0.451;0.0;2.191;2.212;0.0;0.0
PB;São Sebastião do Umbuzeiro;-8.1571187547;-37.008416978;2818;89.638;7.63;0.355;0.0;0.0;0.0;2.378;0.0;0.0
PB;Sapé;-7.087111;-35.2304326165;43831;71.659;18.047;0.148;0.144;0.0;2.647;7.123;0.0;0.233
PB;São Vicente do Seridó;-6.8569085632;-36.4107641096;8776;80.538;15.827;0.0;0.125;0.0;1.082;2.427;0.0;0.0
PB;Serra Branca;-7.4805025245;-36.6556668629;11967;84.867;11.039;0.643;0.251;0.0;1.329;1.629;0.058;0.184
PB;Serra da Raiz;-6.6855176501;-35.4427388369;2664;83.446;11.036;0.413;1.539;0.0;0.751;2.815;0.0;0.0
PB;Serra Grande;-7.2141477578;-38.374894787;2506;77.215;19.713;0.08;0.0;0.0;0.519;2.474;0.0;0.0
PB;Serra Redonda;-7.1825494247;-35.6742704972;5943;86.169;10.819;0.0;0.135;0.0;0.925;1.952;0.0;0.0
PB;Serraria;-6.8170889428;-35.6441425708;4207;88.638;7.226;0.048;0.0;0.0;0.428;3.661;0.0;0.0
PB;Sertãozinho;-6.750797546;-35.4417507457;4343;84.274;12.963;0.0;0.161;0.0;0.852;1.75;0.0;0.0
PB;Sobrado;-7.1445756136;-35.238195479;7028;81.403;15.495;0.0;0.142;0.0;0.896;2.063;0.0;0.0
PB;Solânea;-6.7598975;-35.6561584077;23410;81.798;13.097;0.043;0.085;0.0;2.213;2.764;0.0;0.0
PB;Soledade;-7.0587413778;-36.3626648604;11995;82.109;12.347;0.142;0.142;0.0;1.984;3.276;0.0;0.0
PB;Sossêgo;-6.7675275289;-36.2482238788;2874;71.747;20.32;0.0;0.0;0.0;0.557;7.376;0.0;0.0
PB;Sousa;-6.763378005;-38.2296050806;58664;79.02;15.243;0.331;0.36;0.0;1.728;3.235;0.0;0.084
PB;Sumé;-7.6710536151;-36.8802761457;15009;84.849;10.547;0.833;0.58;0.0;0.746;2.392;0.0;0.053
PB;Tacima;-6.4889169425;-35.6388366565;6999;80.369;15.588;0.171;0.0;0.0;0.386;3.486;0.0;0.0
PB;Taperoá;-7.209539351;-36.8289985343;12012;88.969;7.892;0.058;0.042;0.0;1.215;1.823;0.0;0.0
PB;Tavares;-7.6357084462;-37.8785919325;12152;92.018;5.793;0.0;0.066;0.0;0.568;1.555;0.0;0.0
PB;Teixeira;-7.2237029086;-37.2515615776;12434;80.039;14.501;0.233;0.0;0.0;0.692;4.536;0.0;0.0
PB;Tenório;-6.9382604029;-36.6279998744;2553;85.507;13.788;0.0;0.0;0.0;0.431;0.274;0.0;0.0
PB;Triunfo;-6.5768355074;-38.5980983313;8634;86.02;10.146;0.0;0.093;0.0;1.297;2.444;0.0;0.0
PB;Uiraúna;-6.5249270951;-38.4070270102;13078;84.845;10.72;0.122;0.023;0.0;0.826;3.418;0.0;0.046
PB;Umbuzeiro;-7.6982063294;-35.6714708229;7857;87.756;10.347;0.0;0.153;0.0;0.496;0.942;0.0;0.305
PB;Várzea;-6.7708072468;-36.9927210043;2382;79.891;15.281;0.588;0.0;0.0;1.092;3.149;0.0;0.0
PB;Vieirópolis;-6.5457135517;-38.2778434981;4338;88.197;9.889;0.0;0.0;0.0;0.553;1.36;0.0;0.0
PB;Zabelê;-8.0768741972;-37.0935519729;1916;84.29;13.1;0.104;0.522;0.0;0.47;1.514;0.0;0.0
PE;Abreu e Lima;-7.90444899;-34.8991305847;85648;33.523;43.979;1.022;0.562;0.037;4.033;14.669;0.008;2.167
PE;Afogados da Ingazeira;-7.7483275858;-37.6376860181;34769;79.41;13.095;0.529;0.147;0.029;1.809;4.889;0.066;0.026
PE;Afrânio;-8.5110912838;-41.0057973411;16104;87.699;9.78;0.0;0.093;0.043;0.838;1.546;0.0;0.0
PE;Agrestina;-8.455973;-35.9467768375;20545;73.015;19.995;0.0;0.258;0.0;2.356;4.376;0.0;0.0
PE;Água Preta;-8.7091225523;-35.5185573512;22582;42.693;35.019;0.102;0.04;0.0;1.085;20.454;0.0;0.607
PE;Águas Belas;-9.1145895;-37.1219571686;34695;79.951;9.63;0.548;0.173;6.753;0.879;2.012;0.0;0.055
PE;Alagoinha;-8.466270523;-36.7754560083;11698;81.997;11.087;0.427;0.453;0.0;1.376;4.249;0.068;0.342
PE;Aliança;-7.6047298085;-35.2285014971;30887;61.741;29.242;0.253;0.11;0.0;0.703;7.725;0.0;0.227
PE;Altinho;-8.4895925;-36.0596997586;18060;86.672;9.845;0.377;0.116;0.0;0.869;1.988;0.0;0.133
PE;Amaraji;-8.378487;-35.450772921;15607;42.346;38.918;0.16;0.295;0.0;4.543;13.577;0.0;0.16
PE;Angelim;-8.8903742079;-36.2848143555;8789;77.153;17.738;0.08;0.0;0.0;1.434;3.47;0.125;0.0
PE;Araçoiaba;-7.7856418725;-35.0939665275;16226;37.23;36.842;0.24;0.216;0.025;2.058;20.295;0.0;3.094
PE;Araripina;-7.5781415;-40.502460575;71442;82.925;12.873;0.258;0.073;0.0;1.148;2.541;0.0;0.183
PE;Arcoverde;-8.4239405;-37.0565055646;66563;73.189;16.043;1.245;0.472;0.123;2.336;6.301;0.0;0.29
PE;Barra de Guabiraba;-8.4209350376;-35.6628188858;10456;68.334;23.231;0.0;0.029;0.0;1.817;6.59;0.0;0.0
PE;Barreiros;-8.8141379901;-35.1990859873;33688;31.735;47.213;0.033;0.196;0.0;2.016;18.618;0.0;0.19
PE;Belém de Maria;-8.6212019106;-35.8399240901;8935;71.684;21.612;0.0;0.0;0.0;1.03;5.417;0.0;0.257
PE;Belém do São Francisco;-8.7461845;-38.965567;15621;84.988;9.884;0.294;0.0;0.0;1.364;3.361;0.0;0.109
PE;Belo Jardim;-8.3352954394;-36.420035083;68041;71.561;18.415;0.195;0.485;0.0;1.722;7.321;0.016;0.284
PE;Betânia;-8.2698407896;-38.0387381366;9604;81.456;14.838;0.302;0.062;0.0;1.02;2.114;0.0;0.208
PE;Bezerros;-8.2353595;-35.7544879459;53981;76.103;13.692;1.05;0.302;0.0;2.195;6.486;0.07;0.102
PE;Bodocó;-7.779342627;-39.936163185;29372;86.923;8.27;0.071;0.0;0.0;0.838;3.898;0.0;0.0
PE;Bom Conselho;-9.1633829849;-36.6793143857;37965;83.2;11.36;0.282;0.113;0.021;1.588;3.245;0.082;0.108
PE;Bom Jardim;-7.7995121807;-35.5871395023;32829;87.054;10.086;0.359;0.104;0.0;0.731;1.666;0.0;0.0
PE;Bonito;-8.4722605;-35.7285279259;31934;70.292;20.583;0.51;0.1;0.0;2.868;5.571;0.0;0.075
PE;Brejão;-9.0272491507;-36.5646966593;7682;79.758;15.673;0.156;0.0;0.0;0.781;3.632;0.0;0.0
PE;Brejinho;-7.345671276;-37.287334554;6713;83.182;10.755;0.447;0.089;0.0;1.743;3.635;0.0;0.149
PE;Brejo da Madre de Deus;-8.1489565;-36.3703914413;41020;73.766;17.445;0.105;0.115;0.0;2.331;6.143;0.0;0.095
PE;Buenos Aires;-7.72437221;-35.3295704142;11030;74.234;16.374;0.199;0.045;0.0;0.879;7.425;0.0;0.843
PE;Buíque;-8.6220590407;-37.1569881148;43796;81.9;13.145;0.087;0.233;0.027;0.779;3.498;0.167;0.164
PE;Cabo de Santo Agostinho;-8.2898642303;-35.0384889718;175662;28.16;43.733;0.661;0.314;0.011;5.117;21.965;0.008;0.031
PE;Cabrobó;-8.5151054833;-39.309841338;25601;73.403;17.745;0.191;0.074;1.758;2.234;3.461;0.082;1.051
PE;Cachoeirinha;-8.486831073;-36.2359914118;17128;86.227;8.477;0.0;0.14;0.0;0.94;4.215;0.0;0.0
PE;Caetés;-8.7755948448;-36.6248040076;24234;90.237;6.157;0.05;0.033;0.0;0.569;2.955;0.0;0.0
PE;Calçado;-8.7383779437;-36.3332880795;9572;92.436;5.297;0.125;0.0;0.0;0.313;1.828;0.0;0.0
PE;Calumbi;-7.9384273267;-38.1537459243;4508;78.239;19.21;0.222;0.466;0.0;0.444;1.42;0.0;0.0
PE;Camaragibe;-8.0205217675;-34.9957213564;129216;43.233;34.565;1.192;0.592;0.02;4.998;15.095;0.057;0.248
PE;Camocim de São Félix;-8.3621380401;-35.7651947266;15059;78.558;15.499;0.976;0.133;0.0;1.348;3.453;0.0;0.033
PE;Camutanga;-7.4070824199;-35.2827906438;6679;71.088;22.743;0.255;0.255;0.045;0.853;4.716;0.0;0.045
PE;Canhotinho;-8.8838705622;-36.1935748781;20871;76.297;17.239;0.11;0.139;0.0;2.103;4.063;0.048;0.0
PE;Capoeiras;-8.7361426797;-36.6237980173;15658;86.991;9.631;0.0;0.0;0.0;1.507;1.629;0.243;0.0
PE;Carnaíba;-7.8030582189;-37.7933989026;16116;83.793;12.156;0.124;0.0;0.0;0.54;3.078;0.0;0.31
PE;Carnaubeira da Penha;-8.3206079647;-38.7434219469;10206;84.93;10.337;0.0;0.0;0.392;0.451;2.704;0.196;0.99
PE;Carpina;-7.8468867164;-35.2580606059;69115;51.968;33.693;0.55;0.262;0.001;3.789;9.64;0.007;0.088
PE;Caruaru;-8.285898;-35.9670733601;325668;58.248;25.255;1.129;0.55;0.018;5.008;9.723;0.013;0.056
PE;Casinhas;-7.7432065679;-35.7253231034;11177;87.904;10.074;0.072;0.0;0.0;1.047;0.904;0.0;0.0
PE;Catende;-8.6703075;-35.7216666573;27425;56.532;28.197;0.39;0.113;0.0;2.202;12.292;0.0;0.273
PE;Cedro;-7.7174692333;-39.2371382153;8922;88.007;8.081;0.056;0.056;0.0;0.874;2.757;0.056;0.112
PE;Chã de Alegria;-7.9979007802;-35.2137267362;10868;63.986;23.583;0.0;0.828;0.0;2.696;8.907;0.0;0.0
PE;Chã Grande;-8.2401127765;-35.4647408125;17792;74.494;15.951;0.236;0.343;0.0;1.973;6.66;0.0;0.343
PE;Condado;-7.589382255;-35.1041184907;20985;64.494;24.479;0.424;0.4;0.0;0.905;9.297;0.0;0.0
PE;Correntes;-9.1286655015;-36.3297018953;14477;87.304;9.954;0.325;0.435;0.0;0.518;1.264;0.0;0.2
PE;Cortês;-8.4751512173;-35.5415869;8775;50.667;33.538;0.0;0.0;0.0;0.353;15.157;0.0;0.285
PE;Cumaru;-8.0150324429;-35.6946989631;13956;86.185;10.841;0.115;0.064;0.0;0.831;1.963;0.0;0.0
PE;Cupira;-8.6112826602;-35.9502573664;20094;66.074;24.873;0.478;0.0;0.0;3.588;4.758;0.0;0.229
PE;Custódia;-8.089002;-37.6410965907;32220;83.718;11.325;0.102;0.0;0.0;1.791;3.063;0.0;0.0
PE;Dormentes;-8.4486569865;-40.7707358131;14804;87.098;10.882;0.041;0.068;0.0;0.29;1.621;0.0;0.0
PE;Escada;-8.36252199;-35.2361574244;51520;37.941;41.854;0.262;0.165;0.0;4.866;14.358;0.021;0.534
PE;Exu;-7.516307;-39.7227283393;27292;83.695;10.256;0.176;0.326;0.0;0.773;4.631;0.0;0.143
PE;Feira Nova;-7.9487277422;-35.3905979865;18439;63.116;30.37;0.114;0.239;0.0;1.123;4.859;0.179;0.0
PE;Fernando de Noronha;-3.8520214008;-32.4351863281;2846;44.694;26.318;3.373;0.316;0.0;3.9;20.871;0.527;0.0
PE;Ferreiros;-7.4454942053;-35.2440702124;13068;78.298;16.391;0.344;0.421;0.0;1.431;3.084;0.031;0.0
PE;Flores;-7.8617144749;-37.9714561138;17690;82.052;12.725;0.107;0.0;0.0;0.848;4.268;0.0;0.0
PE;Floresta;-8.6008265;-38.571239342;25497;77.801;12.405;0.114;0.282;3.193;1.251;4.522;0.322;0.11
PE;Frei Miguelinho;-7.9444582474;-35.9231276419;12088;90.362;7.578;0.347;0.083;0.0;0.496;1.084;0.0;0.05
PE;Gameleira;-8.5838357705;-35.3866107835;15382;38.961;46.164;0.423;0.078;0.0;1.82;12.281;0.0;0.273
PE;Garanhuns;-8.88890553;-36.4930502821;122466;69.329;21.031;0.889;0.243;0.0;2.904;5.401;0.059;0.144
PE;Glória do Goitá;-7.9996084721;-35.2923223923;25035;77.695;16.517;0.352;0.084;0.056;1.378;3.675;0.0;0.244
PE;Goiana;-7.5592318549;-34.9983762972;69430;48.086;35.996;0.639;0.583;0.006;2.934;11.636;0.013;0.107
PE;Granito;-7.7092532823;-39.6192863432;6013;90.038;7.9;0.0;0.0;0.0;0.05;2.012;0.0;0.0
PE;Gravatá;-8.2059995;-35.5714923938;75230;68.748;18.427;1.646;0.497;0.036;3.82;6.557;0.0;0.269
PE;Iati;-9.0457092509;-36.8472759684;14555;85.297;11.144;0.392;0.069;0.0;1.402;1.697;0.0;0.0
PE;Ibimirim;-8.5387622082;-37.6900466897;22378;81.982;11.431;0.143;0.416;0.63;0.782;4.317;0.0;0.299
PE;Ibirajuba;-8.5805349356;-36.1804630924;6177;86.531;10.151;0.097;0.032;0.0;1.166;2.024;0.0;0.0
PE;Igarassu;-7.82837199;-34.9105833876;98866;40.543;42.868;0.579;0.497;0.03;3.559;11.843;0.037;0.043
PE;Iguaracy;-7.8447743013;-37.5188211185;9683;82.578;13.105;0.434;0.0;0.0;1.611;2.272;0.0;0.0
PE;Inajá;-8.9020460789;-37.8244851112;20671;85.192;8.161;0.571;0.111;2.143;0.73;2.99;0.0;0.102
PE;Ingazeira;-7.6777971945;-37.4576704744;4105;91.06;5.847;0.0;0.0;0.0;0.585;2.412;0.0;0.097
PE;Ipojuca;-8.3969865;-35.0634719379;83420;34.666;44.106;1.542;0.187;0.076;5.173;14.113;0.029;0.11
PE;Ipubi;-7.6497045;-40.1502087502;24011;76.986;13.057;0.0;0.146;0.0;6.364;3.224;0.0;0.225
PE;Itacuruba;-8.7245150648;-38.6863416893;3630;74.215;13.333;0.138;0.0;4.518;2.039;5.758;0.0;0.0
PE;Itaíba;-8.9400544004;-37.4189484589;28262;90.585;6.355;0.52;0.17;0.0;1.001;1.369;0.0;0.0
PE;Ilha de Itamaracá;-7.7465733177;-34.823950567;21295;49.645;28.467;1.155;0.197;0.0;6.992;13.496;0.0;0.047
PE;Itambé;-7.40926386;-35.1106273574;29780;64.809;22.935;0.171;0.672;0.0;4.899;6.514;0.0;0.0
PE;Itapetim;-7.3784285284;-37.188439311;12089;82.356;10.977;0.157;0.0;0.0;1.605;4.831;0.0;0.074
PE;Itapissuma;-7.7740347647;-34.8892710487;24074;31.636;33.368;0.066;0.382;0.0;12.486;21.887;0.0;0.174
PE;Itaquitinga;-7.6663936085;-35.1026145695;14253;42.209;33.439;0.077;0.077;0.0;3.326;20.452;0.0;0.421
PE;Jaboatão dos Guararapes;-8.1653914674;-34.9211734673;560111;40.244;36.308;1.417;0.563;0.037;6.49;14.883;0.011;0.048
PE;Jaqueira;-8.727969878;-35.7973952138;8722;67.771;25.006;0.0;0.0;0.0;2.11;5.114;0.0;0.0
PE;Jataúba;-7.9872577772;-36.4988285484;13502;82.64;13.154;0.289;0.259;0.0;1.415;1.866;0.0;0.378
PE;Jatobá;-9.1850699925;-38.2750376624;11813;70.769;13.883;0.11;0.144;7.737;1.388;5.562;0.364;0.042
PE;João Alfredo;-7.860188727;-35.591502369;24254;89.948;6.881;0.223;0.082;0.0;1.068;1.686;0.0;0.111
PE;Joaquim Nabuco;-8.6268982995;-35.5292418262;11234;46.564;39.38;0.0;0.027;0.0;1.602;11.848;0.0;0.579
PE;Jucati;-8.7070289644;-36.4903865237;9854;83.053;14.552;0.051;0.051;0.041;0.304;1.888;0.061;0.0
PE;Jupi;-8.7060968528;-36.4117337385;12838;84.982;10.726;0.0;0.07;0.0;1.542;2.609;0.0;0.07
PE;Jurema;-8.719667174;-36.1359544906;11659;83.704;12.574;0.257;0.163;0.0;1.578;1.681;0.0;0.043
PE;Lagoa do Carro;-7.8442324952;-35.3126019234;15483;62.804;25.415;0.316;0.497;0.0;2.545;8.345;0.0;0.078
PE;Lagoa de Itaenga;-7.9323781785;-35.2928036525;16268;72.873;19.406;0.092;0.178;0.0;2.102;5.274;0.0;0.074
PE;Lagoa do Ouro;-9.1241718379;-36.4643169318;10330;81.694;14.589;0.242;0.126;0.0;1.142;2.052;0.0;0.155
PE;Lagoa dos Gatos;-8.6492548646;-35.9071210443;12040;80.075;16.096;0.1;0.05;0.0;0.382;3.297;0.0;0.0
PE;Lagoa Grande;-8.995051485;-40.2707251265;19979;67.015;23.189;0.16;0.05;0.0;1.031;8.434;0.0;0.12
PE;Lajedo;-8.6628568658;-36.3214966175;33622;83.701;13.396;0.247;0.068;0.0;0.755;1.758;0.0;0.074
PE;Limoeiro;-7.880198;-35.455261051;49877;71.079;16.916;2.392;0.451;0.0;3.773;5.195;0.0;0.194
PE;Macaparana;-7.5556806987;-35.4498749787;20629;78.957;17.044;0.019;0.048;0.0;1.071;2.802;0.0;0.058
PE;Machados;-7.6885724856;-35.5141405623;9639;81.741;12.626;0.405;0.0;0.0;1.442;3.673;0.0;0.114
PE;Manari;-8.9601081446;-37.6268229455;19921;93.444;4.176;0.105;0.0;0.0;0.397;1.782;0.0;0.095
PE;Maraial;-8.7830776013;-35.8141175725;7884;63.952;23.123;0.152;0.051;0.0;0.964;11.606;0.0;0.152
PE;Mirandiba;-8.1202438022;-38.7345645823;11851;74.964;13.231;0.169;0.0;0.0;2.11;9.527;0.0;0.0
PE;Moreno;-8.11869453;-35.0948690999;47981;38.142;41.356;0.515;0.108;0.0;5.502;14.304;0.025;0.048
PE;Nazaré da Mata;-7.737688;-35.2213386962;26700;60.697;28.839;0.831;0.315;0.0;1.835;6.951;0.0;0.532
PE;Olinda;-7.9926600753;-34.8613103898;308005;46.604;28.614;3.457;1.15;0.032;4.625;15.343;0.035;0.139
PE;Orobó;-7.7378951337;-35.6029820967;18902;86.43;11.179;0.164;0.0;0.0;1.381;0.783;0.0;0.063
PE;Orocó;-8.6179456461;-39.5952457761;11272;81.334;14.328;0.062;0.0;0.648;1.065;2.564;0.0;0.0
PE;Ouricuri;-7.883151975;-40.0814625767;55280;80.888;11.955;0.282;0.087;0.0;1.8;4.873;0.029;0.085
PE;Palmares;-8.6790825;-35.5883359938;47490;45.043;38.193;0.398;0.246;0.0;2.935;13.129;0.055;0.0
PE;Palmeirina;-9.0016832851;-36.3273109987;6054;83.928;12.62;0.066;0.0;0.0;1.487;1.9;0.0;0.0
PE;Panelas;-8.667242285;-36.0015757987;19562;88.585;8.404;0.026;0.0;0.0;0.782;2.121;0.0;0.082
PE;Paranatama;-8.920145338;-36.6584292681;10515;82.615;13.685;0.057;0.0;0.0;0.485;3.091;0.0;0.067
PE;Parnamirim;-8.0901383272;-39.575786823;16114;88.339;7.962;0.211;0.0;0.0;0.999;2.489;0.0;0.0
PE;Passira;-7.9788839418;-35.5816849952;24739;76.321;17.984;0.097;0.327;0.0;1.217;3.901;0.0;0.154
PE;Paudalho;-7.897135005;-35.1791510624;48154;46.538;34.616;1.36;0.307;0.0;1.971;15.027;0.0;0.181
PE;Paulista;-7.943188;-34.8847916197;299101;41.493;33.151;2.682;1.108;0.016;6.315;15.068;0.014;0.153
PE;Pedra;-8.4984765;-36.9427981489;19436;83.68;11.746;0.067;0.406;0.0;0.854;3.216;0.031;0.0
PE;Pesqueira;-8.3554561078;-36.6955147219;53965;83.882;9.402;0.624;0.421;0.897;1.166;3.434;0.072;0.102
PE;Petrolândia;-8.9773434644;-38.2207335453;28628;74.179;15.209;0.147;0.154;0.045;1.736;8.324;0.168;0.038
PE;Petrolina;-9.397375515;-40.4999993347;325883;61.664;22.214;0.793;0.341;0.003;4.174;10.693;0.044;0.075
PE;Poção;-8.1862270089;-36.7058798977;9102;88.827;6.933;0.275;0.264;0.11;1.044;2.472;0.0;0.077
PE;Pombos;-8.14435986;-35.3961953582;23700;61.844;29.848;0.19;0.08;0.0;1.759;6.105;0.0;0.173
PE;Primavera;-8.3313760861;-35.3539433949;11862;47.201;33.772;0.034;0.051;0.0;1.931;16.886;0.0;0.126
PE;Quipapá;-8.8278850221;-36.01198953;15291;82.225;13.021;0.562;0.0;0.0;1.131;3.002;0.0;0.059
PE;Quixaba;-7.7181264101;-37.8464456195;5635;81.473;16.77;0.0;0.0;0.053;0.337;1.366;0.0;0.0
PE;Recife;-8.0627624831;-34.8889419446;1314193;47.548;27.845;3.098;0.877;0.013;5.581;14.878;0.04;0.12
PE;Riacho das Almas;-8.1270327806;-35.8608749475;17950;84.033;11.187;0.045;0.0;0.0;1.777;2.602;0.0;0.357
PE;Ribeirão;-8.51111604;-35.3761308237;28974;37.941;46.248;0.452;0.286;0.0;1.705;13.302;0.0;0.066
PE;Rio Formoso;-8.6621710853;-35.1554328172;16779;22.606;52.911;0.125;0.143;0.0;3.147;20.704;0.0;0.364
PE;Sairé;-8.3276135393;-35.7102477663;9671;79.133;15.407;0.248;0.031;0.176;1.024;3.919;0.0;0.062
PE;Salgadinho;-7.9394837414;-35.6380612405;5069;84.494;12.073;0.316;0.0;0.0;0.237;2.88;0.0;0.0
PE;Salgueiro;-8.0706775221;-39.1208509811;53015;79.421;13.641;0.406;0.24;0.019;1.73;4.278;0.251;0.015
PE;Saloá;-8.9759954809;-36.6927291742;11894;82.924;13.973;0.034;0.076;0.0;0.496;2.396;0.0;0.101
PE;Sanharó;-8.3629619689;-36.5625071954;15949;80.456;11.305;0.357;0.188;0.0;0.533;7.047;0.0;0.113
PE;Santa Cruz;-8.2379611184;-40.3376876556;11959;89.673;8.504;0.042;0.1;0.0;0.443;1.187;0.0;0.05
PE;Santa Cruz da Baixa Verde;-7.8214696823;-38.1531381818;9814;85.174;9.558;0.316;0.234;0.0;1.376;3.149;0.092;0.102
PE;Santa Cruz do Capibaribe;-7.9551895;-36.2039500171;83360;56.916;26.719;0.331;0.378;0.0;4.338;10.937;0.03;0.351
PE;Santa Filomena;-8.1605111673;-40.615775185;10501;85.973;11.961;0.0;0.038;0.0;0.114;1.838;0.076;0.0
PE;Santa Maria da Boa Vista;-8.8041265;-39.8242357255;33749;76.236;18.587;0.166;0.107;0.0;0.877;3.861;0.08;0.086
PE;Santa Maria do Cambucá;-7.8318134262;-35.885243339;12032;84.824;12.375;0.083;0.0;0.0;0.706;1.937;0.0;0.075
PE;Santa Terezinha;-7.3703557393;-37.4800327233;8766;80.151;17.066;0.148;0.057;0.0;0.81;1.768;0.0;0.0
PE;São Benedito do Sul;-8.8104382342;-35.9311226194;10921;76.65;18.606;0.0;0.0;0.0;1.712;3.031;0.0;0.0
PE;São Bento do Una;-8.5198675206;-36.4462983616;41705;84.474;9.709;0.201;0.197;0.0;2.63;2.664;0.017;0.108
PE;São Caetano;-8.3273605;-36.1373597958;31829;77.998;12.394;0.173;0.298;0.0;1.766;7.342;0.0;0.028
PE;São João;-8.8775593754;-36.3682530765;20174;81.843;15.044;0.104;0.0;0.0;0.61;2.399;0.0;0.0
PE;São Joaquim do Monte;-8.4321515;-35.8094911721;17095;76.385;17.023;0.0;0.363;0.0;0.573;5.61;0.047;0.0
PE;São José da Coroa Grande;-8.8941951307;-35.1457070847;15704;35.271;50.63;0.388;0.14;0.0;1.172;11.959;0.0;0.439
PE;São José do Belmonte;-7.8617400547;-38.75945378;29707;83.458;12.92;0.057;0.0;0.0;0.687;2.848;0.03;0.0
PE;São José do Egito;-7.4740251833;-37.2750721852;26963;86.025;9.862;0.126;0.037;0.0;1.524;2.426;0.0;0.0
PE;São Lourenço da Mata;-7.995938;-35.0412775393;96060;42.455;34.457;0.966;0.595;0.0;5.094;16.404;0.018;0.011
PE;São Vicente Ferrer;-7.5922127326;-35.4901218809;14271;74.122;18.87;0.133;0.056;0.049;0.799;5.935;0.0;0.035
PE;Serra Talhada;-7.98799752;-38.2963149475;78691;69.022;17.251;0.923;0.329;0.014;3.699;8.622;0.041;0.099
PE;Serrita;-7.9543403981;-39.2926231744;15535;90.132;8.233;0.0;0.0;0.0;0.328;1.229;0.0;0.077
PE;Sertânia;-8.07245;-37.2673901013;28438;84.218;10.145;0.373;0.025;0.0;2.11;3.13;0.0;0.0
PE;Sirinhaém;-8.5933695;-35.1164053547;31714;23.28;51.126;0.104;0.032;0.0;2.333;23.125;0.0;0.0
PE;Moreilândia;-7.6299826881;-39.5537537311;9116;87.209;9.686;0.0;0.0;0.0;0.483;2.622;0.0;0.0
PE;Solidão;-7.6021256842;-37.647470237;4412;90.481;7.321;0.136;0.091;0.0;0.521;1.451;0.0;0.0
PE;Surubim;-7.8351570573;-35.7567841034;55769;78.967;15.553;0.581;0.081;0.018;1.499;3.244;0.0;0.057
PE;Tabira;-7.591136513;-37.5402657742;23640;85.448;9.814;0.008;0.135;0.0;1.438;3.156;0.0;0.0
PE;Tacaimbó;-8.3156107248;-36.2904043048;11987;83.874;11.296;0.484;0.042;0.0;0.909;3.295;0.0;0.1
PE;Tacaratu;-9.1056996443;-38.1534611597;20039;83.118;10.21;0.334;0.0;1.896;0.469;3.843;0.13;0.0
PE;Tamandaré;-8.7046892785;-35.0906465455;19670;32.659;44.199;0.707;0.356;0.0;1.235;20.712;0.0;0.132
PE;Taquaritinga do Norte;-7.9021598258;-36.0433376713;21268;77.939;15.013;0.042;0.16;0.0;1.744;5.012;0.0;0.089
PE;Terezinha;-9.0577780595;-36.6214759482;5543;83.15;12.935;0.253;0.0;0.0;0.704;2.814;0.0;0.144
PE;Terra Nova;-8.2303579786;-39.3744218379;7765;80.438;10.47;0.09;2.189;0.18;1.352;5.28;0.0;0.0
PE;Timbaúba;-7.511745674;-35.318772121;40245;69.715;18.743;1.275;0.311;0.025;1.486;8.339;0.047;0.06
PE;Toritama;-8.0066502709;-36.056843493;34359;57.947;25.429;0.049;0.361;0.0;1.892;13.956;0.0;0.367
PE;Tracunhaém;-7.8026886127;-35.237922814;11893;49.676;30.833;0.412;0.353;0.0;1.749;16.85;0.0;0.126
PE;Trindade;-7.7617946257;-40.2655906093;25213;78.408;14.695;0.171;0.678;0.0;1.158;4.783;0.0;0.107
PE;Triunfo;-7.8308763588;-38.1070603447;12959;86.079;8.728;0.386;0.039;0.0;1.512;3.218;0.039;0.0
PE;Tupanatinga;-8.7515816593;-37.3402334718;22681;85.9;8.593;0.115;0.185;1.098;0.613;3.452;0.044;0.0
PE;Tuparetama;-7.5987594648;-37.3111818113;6965;77.43;15.664;1.005;0.072;0.0;0.689;4.652;0.0;0.488
PE;Venturosa;-8.5765269012;-36.8783720839;14792;77.623;15.887;0.473;0.169;0.0;0.994;4.854;0.0;0.0
PE;Verdejante;-7.9328837046;-38.9742826043;7845;84.194;11.523;0.115;0.0;0.0;1.249;2.919;0.0;0.0
PE;Vertente do Lério;-7.7748194553;-35.8530027397;6568;86.054;11.16;0.122;0.152;0.0;0.837;1.523;0.122;0.03
PE;Vertentes;-7.9057426035;-35.989305931;18904;80.221;14.568;0.693;0.439;0.0;1.153;2.841;0.0;0.085
PE;Vicência;-7.6529595;-35.3203006893;22716;68.762;24.599;0.035;0.154;0.0;0.541;5.851;0.0;0.057
PE;Vitória de Santo Antão;-8.118748;-35.2938642411;116521;56.506;28.597;0.663;0.403;0.0;2.875;10.761;0.06;0.134
PE;Xexéu;-8.8033134055;-35.6242353158;9847;45.09;39.301;0.0;0.0;0.0;0.884;14.664;0.0;0.061
AL;Água Branca;-9.2670254971;-37.940715176;16116;92.188;5.814;0.056;0.0;0.0;0.304;1.638;0.0;0.0
AL;Anadia;-9.6840837851;-36.3008135714;11994;83.2;12.806;0.1;0.083;0.0;1.659;2.151;0.0;0.0
AL;Arapiraca;-9.7559070107;-36.6572965063;200102;68.934;22.059;0.549;0.253;0.016;2.343;5.568;0.181;0.097
AL;Atalaia;-9.5013867465;-36.0214273163;31474;59.665;21.853;0.349;0.553;0.057;0.836;16.649;0.0;0.038
AL;Barra de Santo Antônio;-9.4092781094;-35.5002980958;13574;39.517;33.977;0.169;0.015;0.0;3.676;22.646;0.0;0.0
AL;Barra de São Miguel;-9.8389982517;-35.9074498726;6622;60.42;26.095;1.087;0.634;0.0;1.812;9.952;0.0;0.0
AL;Batalha;-9.674593028;-37.1270918945;13787;79.531;13.854;0.0;0.029;0.0;0.994;5.549;0.0;0.044
AL;Belém;-9.5686482313;-36.4944979894;4066;81.431;14.732;0.0;0.0;0.0;1.771;2.066;0.0;0.0
AL;Belo Monte;-9.8269888548;-37.2784386582;4984;88.965;9.31;0.06;0.08;0.0;0.1;1.485;0.0;0.0
AL;Boca da Mata;-9.6451445673;-36.2117249001;18245;68.298;21.019;0.104;0.318;0.0;3.365;6.72;0.115;0.06
AL;Branquinha;-9.2465831083;-36.0200335332;7973;67.001;18.061;0.0;0.063;0.0;0.464;14.411;0.0;0.0
AL;Cacimbinhas;-9.4051627511;-36.996869626;8965;86.693;10.619;0.0;0.067;0.0;0.513;2.064;0.0;0.045
AL;Cajueiro;-9.3896605751;-36.1563785914;13373;66.844;16.062;0.067;2.505;0.0;1.024;13.43;0.067;0.0
AL;Campestre;-8.8483753532;-35.5667177265;5623;43.998;41.206;0.107;0.053;0.0;0.32;14.263;0.0;0.053
AL;Campo Alegre;-9.783416039;-36.3524347522;27267;55.712;27.873;0.22;0.062;0.0;1.342;14.431;0.0;0.359
AL;Campo Grande;-9.9569226033;-36.7908400521;6978;82.66;13.743;0.0;0.057;0.029;0.874;2.508;0.0;0.129
AL;Canapi;-9.1173802976;-37.6056471506;12989;84.279;8.369;0.0;0.0;0.0;3.303;3.796;0.0;0.254
AL;Capela;-9.4129315555;-36.0750084924;12786;63.64;19.983;0.164;0.391;0.0;1.439;14.219;0.0;0.164
AL;Carneiros;-9.4806797209;-37.3747504206;7450;91.342;5.597;0.0;0.161;0.0;0.188;2.55;0.0;0.161
AL;Chã Preta;-9.2614224594;-36.2993814519;4996;87.57;11.089;0.0;0.0;0.0;0.32;1.021;0.0;0.0
AL;Coité do Nóia;-9.6384872708;-36.5796842002;9245;69.703;7.42;0.0;0.076;0.0;21.579;1.222;0.0;0.0
AL;Colônia Leopoldina;-8.91268827;-35.7197808594;13248;62.575;25.657;0.0;0.0;0.0;1.517;10.236;0.0;0.015
AL;Coqueiro Seco;-9.637554271;-35.7953630017;4805;67.867;21.082;0.271;0.271;0.0;0.562;9.74;0.0;0.208
AL;Coruripe;-10.1265472504;-36.1760783105;42444;61.187;26.015;0.219;0.332;0.0;2.542;9.653;0.0;0.052
AL;Craíbas;-9.6199337974;-36.7723914019;21188;86.006;8.557;0.052;0.0;0.0;0.208;5.177;0.0;0.0
AL;Delmiro Gouveia;-9.3845744469;-37.9992334862;43565;74.165;17.027;0.659;0.278;0.0;2.112;5.759;0.0;0.0
AL;Dois Riachos;-9.3856708115;-37.0898496479;8379;89.402;7.901;0.179;0.0;0.0;0.477;2.041;0.0;0.0
AL;Estrela de Alagoas;-9.3874053066;-36.758333111;13488;91.504;6.791;0.0;0.126;0.0;0.541;0.949;0.0;0.089
AL;Feira Grande;-9.9004371989;-36.6776855005;19232;86.793;9.843;0.161;0.052;0.801;0.541;1.461;0.0;0.348
AL;Feliz Deserto;-10.2923806199;-36.3071875177;3327;76.856;13.195;0.09;0.812;0.0;3.066;5.981;0.0;0.0
AL;Flexeiras;-9.27323546;-35.7243716386;8101;58.425;22.874;0.198;0.16;0.0;1.839;16.023;0.0;0.481
AL;Girau do Ponciano;-9.8873641522;-36.830313903;30410;86.07;9.52;0.039;0.148;0.036;1.289;2.693;0.036;0.168
AL;Ibateguara;-8.9769852176;-35.9311844564;11466;71.368;19.955;0.0;0.044;0.0;0.968;7.422;0.0;0.244
AL;Igaci;-9.5336886595;-36.6281597165;20554;88.898;8.748;0.078;0.092;0.0;0.769;1.416;0.0;0.0
AL;Igreja Nova;-10.1292988372;-36.6533450125;18139;82.684;10.326;0.11;0.0;0.0;0.832;6.048;0.0;0.0
AL;Inhapi;-9.2238987733;-37.752636521;12588;90.126;7.42;0.04;0.119;0.254;0.922;0.922;0.199;0.0
AL;Jacaré dos Homens;-9.6366588283;-37.207833409;4275;89.17;8.257;0.0;0.187;0.0;0.304;2.082;0.0;0.0
AL;Jacuípe;-8.8403005076;-35.4609975081;4589;54.435;34.234;0.0;0.0;0.0;0.501;10.83;0.0;0.0
AL;Japaratinga;-9.0889743543;-35.258658354;7646;48.182;33.822;0.065;0.105;0.0;3.008;14.125;0.0;0.693
AL;Jaramataia;-9.6583519388;-37.0035959132;4187;78.935;15.166;0.0;0.0;0.0;0.406;5.493;0.0;0.0
AL;Jequiá da Praia;-10.0095918936;-36.027334043;7959;58.186;27.604;0.201;0.201;0.0;2.563;11.069;0.0;0.176
AL;Joaquim Gomes;-9.1359791463;-35.7490302589;14170;54.065;27.325;0.134;0.311;0.734;3.783;13.578;0.0;0.071
AL;Jundiá;-8.9388767542;-35.5555972975;3453;56.531;29.424;0.0;0.0;0.0;0.695;13.351;0.0;0.0
AL;Junqueiro;-9.9316103897;-36.4715218222;20128;75.268;18.541;0.099;0.204;0.0;1.5;4.337;0.0;0.05
AL;Lagoa da Canoa;-9.8308756565;-36.73578926;15542;79.063;15.262;0.032;0.122;0.0;0.901;4.588;0.0;0.032
AL;Limoeiro de Anadia;-9.7386131678;-36.5038970865;20904;78.263;16.628;0.144;0.1;0.0;0.344;4.478;0.0;0.043
AL;Maceió;-9.6608221516;-35.7016299135;830083;51.936;29.882;1.505;0.739;0.019;3.457;12.267;0.042;0.153
AL;Major Isidoro;-9.5266440679;-36.9847996142;15156;81.123;12.774;0.0;0.35;0.0;0.937;4.817;0.0;0.0
AL;Maragogi;-9.0154564858;-35.2230154091;26828;33.171;42.776;0.529;0.06;0.0;1.756;21.709;0.0;0.0
AL;Maravilha;-9.2339970634;-37.356635422;8093;81.849;10.528;0.0;0.0;0.0;1.372;6.252;0.0;0.0
AL;Marechal Deodoro;-9.7391557024;-35.8930686988;51253;58.079;23.128;1.547;0.546;0.0;4.731;11.9;0.004;0.064
AL;Maribondo;-9.577249956;-36.3066028985;11657;84.73;8.887;0.0;0.352;0.0;1.124;4.83;0.0;0.077
AL;Mar Vermelho;-9.4477726435;-36.385040024;2782;92.703;5.176;0.0;0.0;0.0;0.431;1.689;0.0;0.0
AL;Mata Grande;-9.1148062576;-37.7252240649;18374;90.356;7.048;0.185;0.19;0.0;0.675;1.546;0.0;0.0
AL;Matriz de Camaragibe;-9.1585258247;-35.5335548298;20082;36.859;40.469;0.0;0.349;0.149;0.966;20.67;0.0;0.538
AL;Messias;-9.3918122251;-35.8403783005;12900;52.186;29.597;0.07;0.256;0.031;0.822;16.977;0.0;0.062
AL;Minador do Negrão;-9.3036832606;-36.8649157725;4197;88.944;10.627;0.0;0.0;0.0;0.071;0.357;0.0;0.0
AL;Monteirópolis;-9.6023275389;-37.2452720989;6023;95.6;2.872;0.0;0.0;0.0;0.598;0.88;0.0;0.05
AL;Murici;-9.3163011443;-35.9475555857;20783;58.769;23.288;0.217;0.207;0.0;2.156;15.311;0.0;0.053
AL;Novo Lino;-8.9431588081;-35.6609637181;8449;54.326;38.951;0.047;0.118;0.036;2.036;3.953;0.142;0.391
AL;Olho d'Água das Flores;-9.5336012753;-37.2978907898;17391;87.649;7.791;0.276;0.178;0.0;0.92;3.186;0.0;0.0
AL;Olho d'Água do Casado;-9.5014462653;-37.8362428165;6944;81.97;12.111;0.446;0.058;0.0;1.656;3.759;0.0;0.0
AL;Olho d'Água Grande;-10.05849496;-36.8067459677;3644;88.886;10.84;0.055;0.0;0.0;0.0;0.22;0.0;0.0
AL;Olivença;-9.5194564834;-37.1908187181;9055;90.525;7.863;0.055;0.099;0.0;0.298;1.049;0.0;0.11
AL;Ouro Branco;-9.163415364;-37.354443729;9732;83.333;12.968;0.0;0.062;0.0;0.442;3.196;0.0;0.0
AL;Palestina;-9.6730971856;-37.3311364505;3685;84.559;12.185;0.0;0.081;0.0;0.054;3.012;0.081;0.027
AL;Palmeira dos Índios;-9.4061587984;-36.6309840973;61489;78.663;13.661;0.135;0.091;0.677;0.883;4.027;0.062;1.802
AL;Pão de Açúcar;-9.7470418503;-37.4351388566;20042;80.845;13.786;0.239;0.035;0.0;0.584;4.421;0.09;0.0
AL;Pariconha;-9.2578843852;-38.0098260716;9035;89.64;4.97;0.0;0.055;0.122;0.255;4.549;0.0;0.41
AL;Paripueira;-9.4663134783;-35.5591051843;11624;46.473;31.684;1.032;0.37;0.0;3.295;17.034;0.0;0.112
AL;Passo de Camaragibe;-9.244846658;-35.4912752632;11555;43.868;34.496;0.043;0.043;0.0;0.355;21.073;0.0;0.121
AL;Paulo Jacinto;-9.3733643824;-36.3727420946;5662;85.164;9.873;0.265;0.795;0.0;1.183;2.667;0.0;0.053
AL;Penedo;-10.2961102979;-36.5804602141;49819;76.049;17.351;0.552;0.801;0.032;1.172;3.884;0.032;0.126
AL;Piaçabuçu;-10.4073624263;-36.4343520081;13319;77.318;13.162;0.075;0.443;0.0;1.592;7.32;0.045;0.045
AL;Pilar;-9.6068942927;-35.94851752;29661;64.239;19.44;0.145;0.405;0.0;3.007;12.69;0.0;0.074
AL;Pindoba;-9.4762107998;-36.2865406443;2367;81.2;11.998;0.0;0.211;0.0;0.0;6.591;0.0;0.0
AL;Piranhas;-9.6235592003;-37.7503929131;18894;80.354;9.739;0.153;0.243;0.0;3.255;5.87;0.064;0.323
AL;Poço das Trincheiras;-9.3029136554;-37.2792980528;10566;89.144;8.253;0.057;0.0;0.0;0.284;2.262;0.0;0.0
AL;Porto Calvo;-9.0524483141;-35.3983344556;20331;41.808;42.221;0.054;0.049;0.0;0.718;15.12;0.0;0.03
AL;Porto de Pedras;-9.1560861631;-35.2970152177;7687;56.693;28.997;0.078;0.0;0.0;0.859;13.373;0.0;0.0
AL;Porto Real do Colégio;-10.1737325642;-36.8246292915;16966;77.649;9.177;0.024;0.0;9.543;0.625;2.576;0.0;0.407
AL;Quebrangulo;-9.3235470554;-36.4772220767;9288;83.086;13.447;0.108;0.603;0.0;0.215;2.476;0.0;0.065
AL;Rio Largo;-9.4861576083;-35.8524223086;79170;46.154;36.6;0.182;0.322;0.0;3.499;13.102;0.014;0.128
AL;Roteiro;-9.8321894902;-35.9812102214;5306;28.44;37.825;0.038;0.49;0.0;0.867;32.228;0.113;0.0
AL;Santa Luzia do Norte;-9.5967677417;-35.8234877699;5802;56.136;27.301;0.121;0.086;0.0;4.516;11.841;0.0;0.0
AL;Santana do Ipanema;-9.3722843627;-37.2454070204;38854;87.957;7.724;0.208;0.072;0.0;1.135;2.785;0.01;0.108
AL;Santana do Mundaú;-9.1650332208;-36.225234117;9567;85.345;8.425;0.115;0.115;0.0;1.066;4.829;0.0;0.105
AL;São Brás;-10.1203099966;-36.8989486552;5572;75.323;15.327;0.197;0.036;0.233;0.162;8.489;0.036;0.197
AL;São José da Laje;-9.0110658819;-36.0573877321;17389;68.227;20.421;0.115;0.259;0.0;2.829;8.149;0.0;0.0
AL;São José da Tapera;-9.5493957404;-37.3837077657;25331;88.698;8.014;0.138;0.083;0.0;0.691;2.183;0.126;0.067
AL;São Luís do Quitunde;-9.3141173692;-35.5654908366;25540;50.901;31.104;0.094;0.145;0.0;1.676;15.948;0.106;0.027
AL;São Miguel dos Campos;-9.7799345761;-36.0942642744;44347;49.187;33.849;0.271;0.399;0.0;2.697;13.48;0.023;0.095
AL;São Miguel dos Milagres;-9.267186295;-35.3691193336;7128;52.75;29.854;0.477;0.084;0.0;3.353;13.426;0.0;0.056
AL;São Sebastião;-9.9316573889;-36.551091902;26988;76.338;16.593;0.13;0.207;1.36;1.071;4.302;0.0;0.0
AL;Satuba;-9.5694278678;-35.8285402271;20452;50.934;32.867;0.616;0.142;0.0;2.665;12.703;0.0;0.073
AL;Senador Rui Palmeira;-9.463391449;-37.4536462478;10321;93.78;5.145;0.145;0.0;0.0;0.358;0.572;0.0;0.0
AL;Tanque d'Arca;-9.5319624423;-36.4367415959;5034;86.373;8.323;0.0;0.238;0.0;1.41;3.655;0.0;0.0
AL;Taquarana;-9.6423201054;-36.496767692;16173;79.181;13.485;0.451;0.303;0.0;0.934;5.645;0.0;0.0
AL;Teotônio Vilela;-9.907497883;-36.3555631422;32187;61.099;24.277;0.099;0.376;0.0;1.497;12.468;0.0;0.183
AL;Traipu;-9.971059382;-37.0060056722;19920;84.031;12.018;0.0;0.0;0.336;0.366;3.248;0.0;0.0
AL;União dos Palmares;-9.1595241165;-36.0331428428;49908;66.857;19.971;0.24;0.327;0.0;2.05;10.379;0.0;0.176
AL;Viçosa;-9.3770543545;-36.2483932029;20428;80.899;12.669;0.333;0.519;0.0;0.881;4.636;0.0;0.064
SE;Amparo de São Francisco;-10.1339710339;-36.9274836892;1844;79.176;14.588;0.271;0.163;0.0;1.085;3.2;0.0;1.518
SE;Aquidabã;-10.2925180922;-37.0221808561;17516;78.043;12.314;0.177;0.782;0.051;2.769;5.526;0.0;0.337
SE;Aracaju;-10.9072157979;-37.0482126395;529252;60.387;20.383;2.805;1.397;0.005;4.127;10.741;0.038;0.116
SE;Arauá;-11.2645047799;-37.6123374341;8934;75.028;13.23;0.235;0.034;0.0;4.007;7.466;0.0;0.0
SE;Areia Branca;-10.7581922508;-37.3133626004;15582;69.336;14.761;0.59;1.097;0.032;0.886;13.272;0.026;0.0
SE;Barra dos Coqueiros;-10.9067992471;-37.0412415493;35333;58.583;23.412;2.462;1.721;0.003;4.622;9.062;0.0;0.136
SE;Boquim;-11.1463916304;-37.623573478;21552;76.179;16.732;0.362;0.0;0.0;1.109;5.577;0.0;0.042
SE;Brejo Grande;-10.4189433106;-36.471820244;6441;76.215;12.281;0.016;0.699;0.0;0.9;9.89;0.0;0.0
SE;Campo do Brito;-10.7433351539;-37.4963563345;15746;77.753;10.873;0.603;1.175;0.0;1.48;8.078;0.0;0.038
SE;Canhoba;-10.1387436557;-36.9738449754;3210;76.698;11.277;0.343;0.156;0.0;0.841;10.561;0.0;0.125
SE;Canindé de São Francisco;-9.6541040673;-37.7879637221;22101;69.065;20.995;0.131;0.665;0.0;1.095;7.927;0.0;0.122
SE;Capela;-10.5060996319;-37.0548329946;26790;69.272;16.327;0.187;0.941;0.0;1.717;11.333;0.0;0.224
SE;Carira;-10.3580170969;-37.7019192069;17258;80.965;14.335;0.052;0.046;0.0;0.782;3.819;0.0;0.0
SE;Carmópolis;-10.646818584;-36.9908161852;11660;63.096;20.626;0.3;1.123;0.0;2.075;12.573;0.0;0.206
SE;Cedro de São João;-10.2477649415;-36.8840359529;4697;72.067;21.013;0.277;0.0;0.0;1.022;5.621;0.0;0.0
SE;Cristinápolis;-11.4735577971;-37.7546596351;14390;73.35;16.372;0.327;0.25;0.0;1.96;7.596;0.0;0.146
SE;Cumbe;-10.3570250323;-37.1878992757;3324;61.221;18.742;0.361;0.752;0.0;2.888;13.929;0.0;2.106
SE;Divina Pastora;-10.6773757002;-37.1493449602;3663;67.267;15.097;0.082;0.437;0.0;1.01;16.107;0.0;0.0
SE;Estância;-11.2679486493;-37.4400108537;55759;61.156;23.004;0.371;0.459;0.0;3.657;11.044;0.025;0.283
SE;Feira Nova;-10.2705325209;-37.3161177207;5061;73.365;16.973;0.0;0.059;0.0;0.731;8.872;0.0;0.0
SE;Frei Paulo;-10.5400847469;-37.5418762487;12490;82.818;12.474;0.488;0.192;0.0;0.873;3.002;0.0;0.152
SE;Gararu;-9.9673514679;-37.0843724853;9573;87.016;8.91;0.0;0.0;0.0;0.554;3.52;0.0;0.0
SE;General Maynard;-10.6865298124;-36.9879844295;2606;69.724;18.419;0.0;0.844;0.0;1.42;9.593;0.0;0.0
SE;Gracho Cardoso;-10.2261996604;-37.1960546323;5081;80.712;11.277;0.276;0.0;0.0;0.276;7.459;0.0;0.0
SE;Ilha das Flores;-10.4342758299;-36.5386352409;6951;69.213;17.58;0.072;0.216;0.0;1.511;11.408;0.0;0.0
SE;Indiaroba;-11.5185072682;-37.5150947929;13763;68.975;21.58;0.0;0.094;0.0;1.112;7.913;0.182;0.145
SE;Itabaiana;-10.6857160383;-37.4268609403;89742;80.684;10.274;0.832;0.315;0.0;1.666;6.159;0.023;0.047
SE;Itabaianinha;-11.2767854369;-37.7874111399;34726;74.319;15.642;0.363;0.066;0.0;2.356;7.107;0.0;0.147
SE;Itabi;-10.1234895922;-37.0996499528;4135;79.589;9.528;0.726;0.0;0.0;1.524;7.787;0.073;0.774
SE;Itaporanga d'Ajuda;-10.9967327673;-37.3078269331;29231;60.111;24.262;0.766;0.612;0.0;2.121;11.994;0.0;0.133
SE;Japaratuba;-10.5894668148;-36.9417863038;13885;71.257;15.059;0.274;1.275;0.036;2.434;9.319;0.0;0.346
SE;Japoatã;-10.3465099142;-36.8007564644;11312;66.761;18.14;0.106;0.283;0.0;1.635;12.703;0.186;0.186
SE;Lagarto;-10.9153009699;-37.6663534097;87868;75.667;15.145;0.382;0.287;0.001;1.641;6.781;0.01;0.085
SE;Laranjeiras;-10.797029509;-37.1605681987;20291;56.996;25.134;0.148;0.631;0.0;1.922;15.081;0.0;0.089
SE;Macambira;-10.6641499738;-37.5434453913;5953;83.353;7.912;0.235;0.487;0.0;0.672;7.19;0.151;0.0
SE;Malhada dos Bois;-10.3464515201;-36.918902204;2992;61.497;22.928;0.301;0.0;0.0;1.504;13.77;0.0;0.0
SE;Malhador;-10.6600442409;-37.311459944;9902;66.33;16.805;0.495;0.091;0.0;2.626;13.654;0.0;0.0
SE;Maruim;-10.7369324036;-37.0833143406;13302;62.299;20.952;0.173;0.316;0.0;3.969;11.75;0.323;0.218
SE;Moita Bonita;-10.5790438595;-37.3457494007;9794;89.667;5.534;0.317;0.102;0.0;1.011;3.226;0.051;0.092
SE;Monte Alegre de Sergipe;-10.0258616274;-37.5614258473;12053;70.057;18.286;0.083;0.0;0.0;1.518;9.998;0.0;0.058
SE;Muribeca;-10.4274274735;-36.9570014376;6649;66.612;19.025;0.075;0.0;0.0;2.421;11.836;0.0;0.03
SE;Neópolis;-10.3158782273;-36.5767181794;13991;75.884;16.732;0.064;0.307;0.0;1.53;5.175;0.229;0.079
SE;Nossa Senhora Aparecida;-10.3946514574;-37.454438546;8101;83.002;13.467;0.222;0.185;0.0;0.593;2.247;0.0;0.284
SE;Nossa Senhora da Glória;-10.2156868491;-37.4199214593;35102;81.853;10.504;0.467;0.282;0.0;0.977;5.866;0.0;0.051
SE;Nossa Senhora das Dores;-10.4920543731;-37.1937112099;21681;73.756;14.787;0.314;0.268;0.0;2.191;8.634;0.0;0.051
SE;Nossa Senhora de Lourdes;-10.0786160367;-37.0504728834;5456;84.384;8.046;0.532;0.147;0.0;1.21;5.627;0.055;0.0
SE;Nossa Senhora do Socorro;-10.8487541757;-37.12849613;162315;54.968;27.388;0.603;0.949;0.007;4.162;11.843;0.007;0.073
SE;Pacatuba;-10.4498997629;-36.6479863948;10397;78.984;14.264;0.058;0.173;0.0;0.923;5.357;0.0;0.24
SE;Pedra Mole;-10.6181191604;-37.686027213;2387;59.154;11.06;0.0;0.377;0.0;5.614;23.628;0.0;0.168
SE;Pedrinhas;-11.1935033961;-37.6811281604;6449;75.702;15.165;0.093;0.093;0.0;3.101;5.691;0.0;0.155
SE;Pinhão;-10.5666899532;-37.7221107205;4929;76.283;12.518;0.122;0.568;0.0;1.217;9.292;0.0;0.0
SE;Pirambu;-10.7410561555;-36.8597462117;6700;75.164;16.687;0.91;1.567;0.0;1.328;3.896;0.0;0.448
SE;Poço Redondo;-9.8057902083;-37.6842137118;27741;84.806;11.499;0.036;0.072;0.0;0.357;3.122;0.0;0.108
SE;Poço Verde;-10.7075986489;-38.1766582213;19080;85.697;7.767;0.33;0.288;0.0;0.818;5.1;0.0;0.0
SE;Porto da Folha;-9.9192588724;-37.2766348495;22754;89.857;6.86;0.18;0.013;0.154;0.589;1.442;0.0;0.905
SE;Propriá;-10.2082073153;-36.8420993591;22825;65.292;19.79;0.846;0.289;0.0;5.446;8.25;0.0;0.088
SE;Riachão do Dantas;-11.0664022904;-37.729341225;16054;89.679;7.201;0.0;0.031;0.0;0.573;2.448;0.0;0.069
SE;Riachuelo;-10.7316512985;-37.1934568326;7331;61.697;19.861;0.546;2.496;0.0;0.75;14.268;0.0;0.382
SE;Ribeirópolis;-10.5451904693;-37.4329390299;15072;86.08;7.006;0.411;0.199;0.046;1.506;4.651;0.0;0.1
SE;Rosário do Catete;-10.694589979;-37.0313228649;7850;67.287;19.72;0.178;0.548;0.0;2.229;9.834;0.0;0.204
SE;Salgado;-11.0221187749;-37.4777553589;17509;77.32;16.003;0.457;0.217;0.103;1.942;3.901;0.0;0.057
SE;Santa Luzia do Itanhy;-11.3533173973;-37.4498421802;11503;67.869;17.135;0.104;0.365;0.017;1.939;11.945;0.0;0.626
SE;Santana do São Francisco;-10.2876719724;-36.599579348;6109;60.485;21.395;0.0;0.0;0.0;2.243;15.502;0.311;0.065
SE;Santa Rosa de Lima;-10.6462336647;-37.1977318456;3327;68.139;13.466;0.06;0.421;0.0;1.052;16.862;0.0;0.0
SE;Santo Amaro das Brotas;-10.7820113826;-37.0563110977;9459;65.483;18.49;0.412;0.655;0.0;4.853;9.874;0.0;0.233
SE;São Cristóvão;-11.0136768571;-37.2094987839;82127;58.279;25.187;1.062;1.17;0.026;3.547;10.534;0.045;0.151
SE;São Domingos;-10.7923257834;-37.5684292045;8951;82.192;10.066;0.045;0.413;0.0;0.86;6.379;0.0;0.045
SE;São Francisco;-10.3464864527;-36.8862396609;2778;62.707;22.642;0.36;0.108;0.0;2.628;11.555;0.0;0.0
SE;São Miguel do Aleixo;-10.3877721948;-37.3839764494;2993;81.457;11.427;0.0;0.0;0.0;0.668;6.448;0.0;0.0
SE;Simão Dias;-10.7380617977;-37.8094305823;36816;79.362;12.992;0.375;0.228;0.0;1.809;5.096;0.0;0.139
SE;Siriri;-10.6050355731;-37.1122253408;6678;70.934;15.648;0.105;0.329;0.0;1.063;11.695;0.0;0.225
SE;Telha;-10.2091732237;-36.8838500416;2765;73.309;15.913;0.398;0.0;0.0;5.533;3.834;0.0;1.013
SE;Tobias Barreto;-11.1843298681;-37.9990006951;44679;72.855;15.477;0.271;0.385;0.0;1.692;9.183;0.0;0.137
SE;Tomar do Geru;-11.3680522747;-37.8453707753;10310;66.809;19.399;0.058;0.65;0.0;2.231;10.737;0.0;0.116
SE;Umbaúba;-11.3798724697;-37.6611466731;20267;67.721;18.824;0.084;0.957;0.0;3.893;8.521;0.0;0.0
BA;Abaíra;-13.2535318933;-41.6616084802;6609;73.536;18.581;0.575;0.424;0.0;2.103;4.675;0.0;0.106
BA;Abaré;-8.7234182457;-39.1165879396;14785;73.777;15.854;0.0;0.122;1.535;1.278;7.325;0.041;0.068
BA;Acajutiba;-11.66261283;-38.0182863706;11969;69.17;16.326;0.234;1.47;0.0;2.214;10.586;0.0;0.0
BA;Adustina;-10.52957157;-38.1155058348;12529;88.235;5.068;0.136;0.271;0.0;1.173;5.084;0.0;0.032
BA;Água Fria;-11.8729309976;-38.768077795;12654;63.869;19.219;0.198;0.34;0.0;3.58;12.794;0.0;0.0
BA;Érico Cardoso;-13.4223477953;-42.1361637333;9450;84.402;10.889;0.18;0.0;0.0;0.91;2.148;1.471;0.0
BA;Aiquara;-14.1272774886;-39.8857780091;3883;56.554;25.65;0.0;0.644;0.0;3.322;13.804;0.0;0.026
BA;Alagoinhas;-12.1341825924;-38.4226157693;131317;46.548;27.263;1.481;1.288;0.008;5.515;17.643;0.046;0.209
BA;Alcobaça;-17.5189333438;-39.1942143207;20817;63.347;26.675;0.11;0.197;0.0;3.185;6.355;0.0;0.13
BA;Almadina;-14.7060477475;-39.6359031752;4574;53.126;25.864;0.197;2.23;0.0;1.99;16.594;0.0;0.0
BA;Amargosa;-13.0344513622;-39.5981225035;31877;64.492;19.635;0.587;0.976;0.0;3.241;10.694;0.173;0.204
BA;Amélia Rodrigues;-12.4001884013;-38.7555569164;21181;51.966;24.947;0.741;0.784;0.08;6.194;15.179;0.042;0.066
BA;América Dourada;-11.4496458648;-41.4371632791;12958;71.307;16.299;0.1;0.262;0.0;2.061;9.839;0.077;0.054
BA;Anagé;-14.6113255925;-41.1271131685;22543;85.88;10.021;0.16;0.089;0.0;0.781;2.932;0.0;0.138
BA;Andaraí;-12.801350646;-41.324641804;11308;64.326;17.687;0.221;0.495;0.0;2.954;14.317;0.0;0.0
BA;Andorinha;-10.3442400415;-39.832335701;13147;81.752;10.877;0.449;0.799;0.0;1.149;4.86;0.0;0.114
BA;Angical;-12.0066827725;-44.6958234827;11825;80.457;15.484;0.541;0.0;0.0;0.736;2.782;0.0;0.0
BA;Anguera;-12.1495870701;-39.2484989183;9733;69.722;22.193;0.154;0.267;0.0;1.839;5.784;0.0;0.041
BA;Antas;-10.4127021693;-38.3310416783;12689;86.54;7.991;0.126;0.504;0.0;1.143;3.381;0.0;0.315
BA;Antônio Cardoso;-12.4348389095;-39.1186615355;9605;79.146;16.117;0.0;0.0;0.0;1.666;3.071;0.0;0.0
BA;Antônio Gonçalves;-10.5757977913;-40.2756586986;9428;60.808;19.166;0.255;0.042;0.0;2.28;17.183;0.095;0.17
BA;Aporá;-11.6553942919;-38.0799953495;13875;74.112;14.602;0.043;0.267;0.0;2.479;8.497;0.0;0.0
BA;Apuarema;-13.8532288488;-39.7421321165;5981;54.472;31.316;0.0;0.736;0.0;1.287;10.951;1.237;0.0
BA;Aracatu;-14.426630242;-41.4616853207;12265;82.87;12.898;0.082;0.0;0.0;1.932;2.218;0.0;0.0
BA;Araçás;-12.2151996675;-38.1982880172;9918;60.516;18.613;0.151;0.292;0.0;4.003;16.112;0.313;0.0
BA;Araci;-11.3357278753;-38.9609581594;41564;71.252;12.02;0.445;0.835;0.067;3.176;12.15;0.017;0.038
BA;Aramari;-12.0881829783;-38.5030663542;8525;62.487;19.32;0.833;1.865;0.0;3.191;12.305;0.0;0.0
BA;Arataca;-15.2608729974;-39.4132815657;8790;40.751;21.775;0.0;1.741;0.0;7.349;28.385;0.0;0.0
BA;Aratuípe;-13.080596541;-39.002910866;7415;48.604;22.711;1.632;1.848;0.0;3.277;21.929;0.0;0.0
BA;Aurelino Leal;-14.316949448;-39.3219966377;9495;51.016;28.215;0.147;0.442;0.0;3.855;16.324;0.0;0.0
BA;Baianópolis;-12.3041247008;-44.5360980467;11700;77.496;19.034;0.0;0.103;0.0;0.795;2.53;0.0;0.043
BA;Baixa Grande;-11.959357489;-40.1668609095;16080;75.684;16.748;0.616;0.149;0.0;1.182;4.938;0.0;0.684
BA;Banzaê;-10.5740919358;-38.6118696306;10271;67.462;8.363;0.292;0.243;12.491;0.526;10.106;0.0;0.516
BA;Barra;-11.0889548205;-43.1436385525;42406;78.428;16.623;0.512;0.066;0.0;0.578;3.782;0.0;0.012
BA;Barra da Estiva;-13.620204563;-41.3316958705;22327;74.654;15.725;0.358;0.649;0.0;1.451;7.117;0.0;0.045
BA;Barra do Choça;-14.8642730428;-40.5763729896;31138;65.919;20.865;0.324;0.491;0.0;1.68;10.685;0.0;0.035
BA;Barra do Mendes;-11.8088282813;-42.0591284157;12153;68.378;11.265;4.46;1.242;0.0;1.761;12.894;0.0;0.0
BA;Barra do Rocha;-14.2100292485;-39.6013860899;5031;50.527;27.45;0.06;0.358;0.0;1.391;20.215;0.0;0.0
BA;Barreiras;-12.1449248884;-45.004168437;136332;58.729;25.675;1.649;0.597;0.015;3.23;9.941;0.023;0.14
BA;Barro Alto;-11.761063923;-41.9120960648;11774;79.302;14.337;0.433;0.212;0.0;1.206;4.467;0.0;0.042
BA;Barrocas;-11.5291128521;-39.0786688809;13138;80.416;15.741;0.076;0.137;0.0;1.127;2.504;0.0;0.0
BA;Barro Preto;-14.8097543871;-39.4733346714;5134;50.623;20.53;0.253;1.11;0.0;3.116;24.172;0.136;0.058
BA;Belmonte;-15.8613964918;-38.8803032386;17106;46.183;30.153;0.123;1.596;0.0;2.292;19.023;0.275;0.357
BA;Belo Campo;-15.0334961972;-41.260033479;16092;73.944;18.258;0.261;0.764;0.025;0.945;5.643;0.0;0.162
BA;Biritinga;-11.620110263;-38.8121589229;13146;74.563;12.78;0.03;0.768;0.015;3.393;8.352;0.0;0.099
BA;Boa Nova;-14.362607943;-40.2005218938;11938;77.928;14.86;0.218;0.285;0.0;1.617;4.967;0.075;0.05
BA;Boa Vista do Tupim;-12.6613221925;-40.605742824;14625;73.45;16.294;0.178;0.506;0.075;1.272;7.87;0.0;0.356
BA;Bom Jesus da Lapa;-13.2541143731;-43.4171416421;55433;70.799;21.899;0.278;0.57;0.0;1.764;4.671;0.0;0.02
BA;Bom Jesus da Serra;-14.3729222944;-40.5011763298;8528;83.326;13.227;0.223;0.586;0.0;1.149;1.489;0.0;0.0
BA;Boninal;-12.7151207923;-41.8243284848;11733;67.689;21.674;0.128;0.094;0.0;1.014;9.35;0.051;0.0
BA;Bonito;-11.9695725021;-41.2684027882;13271;69.362;17.015;0.354;0.068;0.0;2.298;10.587;0.0;0.316
BA;Boquira;-12.82082283;-42.7301154012;16812;90.846;7.239;0.0;0.422;0.0;0.732;0.761;0.0;0.0
BA;Botuporã;-13.3808662137;-42.529277559;9704;93.765;5.441;0.0;0.0;0.0;0.536;0.258;0.0;0.0
BA;Brejões;-13.1055364832;-39.7934915927;11334;67.62;18.352;0.115;0.168;0.0;1.95;11.796;0.0;0.0
BA;Brejolândia;-12.4866933421;-43.9656645943;7986;80.829;15.59;0.0;0.0;0.0;0.914;2.667;0.0;0.0
BA;Brotas de Macaúbas;-12.0026355373;-42.6246912893;10274;85.205;8.234;0.273;0.691;0.0;0.895;4.331;0.273;0.097
BA;Brumado;-14.2054382407;-41.6670695037;61849;71.705;17.603;1.355;0.639;0.0;3.661;4.915;0.019;0.103
BA;Buerarema;-14.9564408366;-39.3025196058;12948;55.993;22.938;0.765;1.637;0.363;2.634;15.3;0.162;0.209
BA;Buritirama;-10.7117914663;-43.6313808982;16508;74.279;21.499;0.079;0.0;0.0;1.078;2.932;0.133;0.0
BA;Caatiba;-14.9785506352;-40.4102724753;5498;59.895;23.045;0.109;0.0;0.0;8.094;8.803;0.0;0.055
BA;Cabaceiras do Paraguaçu;-12.5371357854;-39.1867130922;14136;77.688;13.448;0.021;0.035;0.0;1.471;7.336;0.0;0.0
BA;Cachoeira;-12.5962107985;-38.969398069;25546;45.964;29.876;1.069;3.637;0.047;3.535;15.752;0.0;0.121
BA;Caculé;-14.5042061971;-42.2214140996;19601;81.2;10.229;0.592;0.449;0.0;5.699;1.832;0.0;0.0
BA;Caém;-11.0930915175;-40.4373119407;8978;71.475;16.741;0.557;0.724;0.0;1.548;8.799;0.0;0.156
BA;Caetanos;-14.3385629674;-40.9092896392;9943;84.381;11.898;0.06;0.06;0.0;1.167;2.223;0.0;0.211
BA;Caetité;-14.0667543191;-42.4857114475;45518;82.642;12.252;0.505;0.086;0.0;1.898;2.579;0.0;0.037
BA;Cafarnaum;-11.6913562191;-41.4722215133;14928;55.694;26.675;0.127;0.301;0.0;2.177;14.945;0.0;0.08
BA;Cairu;-13.4876034013;-39.0432543551;14980;45.941;23.465;0.828;1.081;0.0;4.306;23.865;0.2;0.314
BA;Caldeirão Grande;-11.0221557769;-40.3073703595;11183;53.546;14.683;0.036;0.617;0.0;1.189;29.482;0.0;0.447
BA;Camacan;-15.4176268518;-39.4963673315;19421;45.549;31.718;0.391;0.0;0.021;2.77;18.202;0.041;1.308
BA;Camaçari;-12.69881676;-38.3257400621;257911;33.316;32.08;1.171;1.378;0.009;9.903;21.933;0.067;0.142
BA;Camamu;-13.9470763406;-39.1005697175;25426;41.654;34.819;0.205;0.287;0.0;3.878;19.012;0.0;0.146
BA;Campo Alegre de Lourdes;-9.517154114;-43.0122984391;25698;77.531;19.476;0.0;0.0;0.0;1.055;1.938;0.0;0.0
BA;Campo Formoso;-10.5056615545;-40.3188209871;61048;72.309;19.439;0.292;0.147;0.0;2.313;5.368;0.098;0.034
BA;Canápolis;-13.0759114977;-44.2050289854;8780;86.207;9.772;0.0;0.387;0.0;0.273;3.064;0.0;0.296
BA;Canarana;-11.687583314;-41.765492232;20777;68.316;20.629;0.371;0.245;0.0;0.544;9.612;0.0;0.284
BA;Canavieiras;-15.6797774765;-38.9473758746;28071;44.712;29.6;0.841;0.395;0.0;3.199;21.214;0.0;0.039
BA;Candeal;-11.80497023;-39.1237184955;6832;71.429;18.794;0.0;0.088;0.0;1.961;7.728;0.0;0.0
BA;Candeias;-12.6719227053;-38.5435962675;63357;43.506;32.729;0.281;0.71;0.0;6.476;16.118;0.047;0.133
BA;Candiba;-14.4131865031;-42.8644023352;11555;75.803;19.836;0.0;0.0;0.0;0.917;3.444;0.0;0.0
BA;Cândido Sales;-15.5060663508;-41.2411175946;22068;62.239;27.601;0.222;0.267;0.0;2.026;7.645;0.0;0.0
BA;Cansanção;-10.6667499149;-39.4966050065;32358;56.858;21.092;0.223;1.14;0.0;8.882;11.737;0.0;0.068
BA;Canudos;-9.8906729609;-39.0240712427;13686;72.746;18.654;0.227;0.022;0.0;1.418;6.898;0.0;0.037
BA;Capela do Alto Alegre;-11.6700816433;-39.8353553091;9535;64.971;18.762;0.094;0.0;0.0;4.803;11.075;0.0;0.294
BA;Capim Grosso;-11.3815744576;-40.0110006117;28514;58.662;23.599;0.081;0.189;0.0;3.602;13.828;0.0;0.039
BA;Caraíbas;-14.7220694937;-41.2654313237;8821;86.328;10.26;0.045;0.057;0.0;0.941;2.369;0.0;0.0
BA;Caravelas;-17.7333705275;-39.2533822214;17668;47.713;29.488;0.962;0.702;0.0;5.801;12.859;0.0;2.473
BA;Cardeal da Silva;-11.9407674064;-37.945476583;7073;62.223;16.429;0.0;0.269;0.0;5.839;15.241;0.0;0.0
BA;Carinhanha;-14.3020069036;-43.7617772009;24497;71.36;19.802;0.09;0.065;0.0;1.559;7.082;0.041;0.0
BA;Casa Nova;-9.1785945741;-40.9757969269;61117;72.317;19.903;0.209;0.074;0.015;2.844;4.624;0.0;0.015
BA;Castro Alves;-12.7658326369;-39.4265194303;21642;62.448;18.834;0.42;0.809;0.0;7.619;9.87;0.0;0.0
BA;Catolândia;-12.3160059385;-44.8597702834;2915;85.077;13.516;0.823;0.0;0.0;0.515;0.069;0.0;0.0
BA;Catu;-12.3551865589;-38.3762943036;42496;32.212;32.292;0.518;0.562;0.0;7.554;26.478;0.0;0.384
BA;Caturama;-13.3282013504;-42.2964066437;7829;90.982;7.511;0.0;0.0;0.0;0.588;0.92;0.0;0.0
BA;Central;-11.1379885829;-42.1123489751;14247;61.416;19.015;1.853;0.175;0.0;1.895;15.344;0.0;0.302
BA;Chorrochó;-8.975477804;-39.1023700774;8968;86.92;9.3;0.0;0.0;0.0;0.836;2.944;0.0;0.0
BA;Cícero Dantas;-10.5921715319;-38.3834191279;27522;82.338;11.616;0.52;0.614;0.0;0.407;4.433;0.0;0.073
BA;Cipó;-11.1011435641;-38.5171293979;14665;54.013;29.028;0.307;0.136;0.0;4.978;11.538;0.0;0.0
BA;Coaraci;-14.6368142028;-39.5523042559;15256;50.072;26.501;0.439;1.154;0.0;2.969;18.419;0.046;0.4
BA;Cocos;-14.1710775452;-44.5456688581;16545;72.143;22.031;0.097;0.079;0.0;1.263;4.213;0.0;0.175
BA;Conceição da Feira;-12.5039919119;-38.9997807982;18155;53.792;28.13;0.391;1.135;0.0;3.365;13.131;0.0;0.055
BA;Conceição do Almeida;-12.7780203224;-39.1709464494;14137;73.46;15.612;0.198;0.446;0.0;2.801;7.364;0.12;0.0
BA;Conceição do Coité;-11.5618258459;-39.2816841782;58430;61.398;23.76;0.88;0.229;0.022;2.04;11.521;0.012;0.137
BA;Conceição do Jacuípe;-12.322946459;-38.7636737165;30864;58.942;23.617;0.719;0.975;0.0;4.228;11.518;0.0;0.0
BA;Conde;-11.813431761;-37.6069779821;19941;58.422;20.024;1.194;1.023;0.0;2.798;16.428;0.11;0.0
BA;Condeúba;-14.8904103648;-41.9708095383;15071;80.187;15.732;0.139;0.272;0.0;1.261;2.223;0.033;0.153
BA;Contendas do Sincorá;-13.7554968279;-41.046318064;3821;69.327;16.2;0.0;1.989;0.0;0.968;11.28;0.0;0.236
BA;Coração de Maria;-12.2479210101;-38.7505165474;23570;75.32;13.992;0.242;0.361;0.0;3.012;7.073;0.0;0.0
BA;Cordeiros;-15.0372341089;-41.9357339067;6689;77.68;19.853;0.0;0.0;0.0;0.179;2.287;0.0;0.0
BA;Coribe;-13.8278416058;-44.4530364349;12317;77.462;14.533;0.219;0.024;0.0;1.267;6.454;0.0;0.041
BA;Coronel João Sá;-10.2793954002;-37.9329643376;14849;85.696;5.542;0.155;0.04;0.0;2.835;5.731;0.0;0.0
BA;Correntina;-13.3417718212;-44.6410867012;28022;76.975;18.218;0.582;0.043;0.0;1.16;3.005;0.018;0.0
BA;Cotegipe;-12.0285973836;-44.2524761377;11198;84.462;13.672;0.179;0.0;0.0;0.598;1.036;0.0;0.054
BA;Cravolândia;-13.362623064;-39.8127117487;3883;62.271;23.667;0.077;0.232;0.0;2.756;10.919;0.0;0.077
BA;Crisópolis;-11.5177899236;-38.1517158173;17055;81.554;12.184;0.082;0.487;0.0;1.53;4.163;0.0;0.0
BA;Cristópolis;-12.231450809;-44.4118418963;12122;79.682;17.695;0.115;0.049;0.0;0.544;1.567;0.0;0.346
BA;Cruz das Almas;-12.6637862128;-39.1007361428;53187;55.69;26.565;1.111;1.538;0.0;3.971;10.971;0.032;0.122
BA;Curaçá;-8.989032118;-39.9080810189;28829;73.267;18.315;0.364;0.451;0.076;1.44;6.018;0.0;0.069
BA;Dário Meira;-14.4350474388;-39.9024656528;9319;52.935;21.816;0.0;0.504;0.172;2.747;21.783;0.0;0.043
BA;Dias d'Ávila;-12.6043684168;-38.2979935899;61010;32.206;33.909;0.544;1.477;0.0;9.666;21.99;0.043;0.166
BA;Dom Basílio;-13.7633265546;-41.7708775807;10542;93.227;4.563;0.047;0.038;0.0;0.493;1.632;0.0;0.0
BA;Dom Macedo Costa;-12.9114892623;-39.1880941696;3889;60.761;19.259;0.951;0.129;0.0;7.765;11.134;0.0;0.0
BA;Elísio Medrado;-12.9433258382;-39.5204855551;6987;70.359;20.094;0.0;0.0;0.0;2.404;7.142;0.0;0.0
BA;Encruzilhada;-15.5345801803;-40.9091207501;16549;64.88;22.382;0.211;0.701;0.0;5.583;6.218;0.0;0.024
BA;Entre Rios;-11.9372613704;-38.0787770198;32839;47.553;23.21;0.819;0.594;0.0;6.976;20.759;0.0;0.088
BA;Esplanada;-11.7994094961;-37.9449814741;27789;55.288;17.978;0.662;0.579;0.0;6.229;17.96;1.058;0.245
BA;Euclides da Cunha;-10.5058180637;-39.0142487251;53627;74.011;14.362;0.623;0.669;0.03;1.923;8.352;0.028;0.002
BA;Eunápolis;-16.3751672323;-39.584171941;97383;40.326;34.806;0.826;0.503;0.0;4.953;18.51;0.047;0.029
BA;Fátima;-10.600170214;-38.2086747829;15854;89.271;6.547;0.025;0.132;0.025;1.028;2.895;0.0;0.076
BA;Feira da Mata;-14.2105645058;-44.2834639384;4881;66.994;29.359;0.0;0.0;0.0;0.41;3.073;0.0;0.164
BA;Feira de Santana;-12.2292842525;-38.9600330963;534788;46.699;31.67;1.291;0.718;0.008;5.943;13.321;0.283;0.068
BA;Filadélfia;-10.7384641099;-40.1378268768;15488;67.633;25.626;0.065;0.265;0.0;1.53;4.668;0.0;0.213
BA;Firmino Alves;-14.9849353753;-39.9214417636;4258;61.954;22.64;0.07;0.305;0.0;2.912;11.977;0.07;0.07
BA;Floresta Azul;-14.8627983966;-39.6565235874;9835;60.071;18.231;0.041;0.59;0.0;1.566;19.461;0.0;0.041
BA;Formosa do Rio Preto;-11.0470324907;-45.1909909097;21670;81.864;11.795;0.212;0.198;0.0;3.318;2.552;0.0;0.06
BA;Gandu;-13.7437807885;-39.4863240793;27714;37.483;32.507;0.368;0.325;0.0;1.678;27.51;0.0;0.13
BA;Gavião;-11.4708954591;-39.78611293;3892;71.84;15.776;0.257;0.154;0.0;0.899;11.074;0.0;0.0
BA;Gentio do Ouro;-11.4275313127;-42.5047423861;9485;83.395;10.722;0.137;0.0;0.0;0.453;5.293;0.0;0.0
BA;Glória;-9.3401731836;-38.2592732301;13189;77.898;11.654;0.159;0.03;3.162;1.084;5.906;0.0;0.106
BA;Gongogi;-14.3237132993;-39.467239655;4778;64.42;20.239;0.209;1.067;0.0;3.893;10.13;0.0;0.042
BA;Governador Mangabeira;-12.6015538384;-39.0340236148;17943;70.936;15.583;0.541;0.479;0.0;3.684;8.728;0.0;0.05
BA;Guajeru;-14.5469622717;-41.9371481669;7239;88.465;9.739;0.041;0.0;0.0;0.497;1.188;0.028;0.041
BA;Guanambi;-14.225315027;-42.7785619667;76495;63.855;24.813;0.909;0.469;0.0;3.731;6.102;0.037;0.084
BA;Guaratinga;-16.5812160356;-39.7812844708;16564;57.444;28.936;0.241;0.223;0.0;4.419;8.355;0.0;0.38
BA;Heliópolis;-10.675298788;-38.2802330423;10961;88.623;6.998;0.055;0.192;0.0;0.383;3.75;0.0;0.0
BA;Iaçu;-12.7691377865;-40.213365235;21341;66.548;16.48;0.853;1.265;0.056;2.062;12.736;0.0;0.0
BA;Ibiassucê;-14.2767025345;-42.2557743547;9417;89.922;6.913;0.595;0.117;0.0;0.966;0.924;0.0;0.563
BA;Ibicaraí;-14.8657631414;-39.5915412035;19094;64.429;21.059;1.074;1.487;0.0;1.99;9.893;0.0;0.068
BA;Ibicoara;-13.4263272088;-41.2720658081;17473;55.903;25.914;0.401;0.343;0.0;3.823;13.541;0.0;0.074
BA;Ibicuí;-14.8430903651;-39.9898321057;12176;60.866;22.24;0.468;0.452;0.0;1.544;14.43;0.0;0.0
BA;Ibipeba;-11.6375264432;-42.0112484399;14362;66.425;16.913;1.191;0.39;0.139;1.344;13.598;0.0;0.0
BA;Ibipitanga;-12.8791061453;-42.4912287412;12279;78.972;17.322;0.024;0.334;0.0;2.337;0.855;0.0;0.155
BA;Ibiquera;-12.6499286126;-40.9354210019;3233;85.957;10.3;0.124;0.062;0.0;2.444;1.114;0.0;0.0
BA;Ibirapitanga;-14.1650324961;-39.3744665327;21718;40.174;29.432;0.124;0.866;0.0;2.73;26.651;0.0;0.023
BA;Ibirapuã;-17.6841971442;-40.1063094115;7625;58.439;31.226;0.0;0.0;0.0;1.495;7.318;0.066;1.456
BA;Ibirataia;-14.0672690808;-39.6409188889;16236;41.26;33.721;0.536;0.456;0.0;2.821;21.132;0.0;0.074
BA;Ibitiara;-12.6455137042;-42.2132943235;13149;84.265;11.765;0.068;0.0;0.0;0.692;3.209;0.0;0.0
BA;Ibititá;-11.5527707224;-41.9751521501;14735;72.562;18.568;0.78;0.299;0.0;1.771;5.076;0.0;0.943
BA;Ibotirama;-12.184013569;-43.218696265;22390;73.644;16.606;0.5;0.371;0.004;2.742;5.989;0.0;0.143
BA;Ichu;-11.7552498737;-39.1887163055;5427;86.862;8.9;0.498;0.24;0.0;0.774;2.58;0.092;0.055
BA;Igaporã;-13.7679764775;-42.7178798075;13732;81.401;13.086;1.085;0.313;0.0;1.165;2.767;0.182;0.0
BA;Igrapiúna;-13.8204024423;-39.1400807979;11202;50.223;29.343;0.348;0.5;0.0;2.026;17.559;0.0;0.0
BA;Iguaí;-14.7579625256;-40.0975134506;18717;62.077;25.699;0.0;0.369;0.0;1.945;9.761;0.064;0.085
BA;Ilhéus;-14.7933202697;-39.0431842869;156298;40.644;28.675;1.643;0.932;0.436;6.747;20.606;0.094;0.224
BA;Inhambupe;-11.7891274641;-38.3540192706;29250;67.976;16.974;0.232;0.937;0.0;2.708;10.95;0.0;0.222
BA;Ipecaetá;-12.3141993063;-39.3060256384;12010;68.601;24.671;0.0;0.266;0.0;1.332;5.129;0.0;0.0
BA;Ipiaú;-14.1374736713;-39.7356541802;35366;48.75;28.525;1.185;0.797;0.0;4.544;15.786;0.0;0.413
BA;Ipirá;-12.1602868809;-39.7407084849;49646;74.552;14.307;0.25;0.655;0.0;2.073;7.946;0.01;0.207
BA;Ipupiara;-11.8288274009;-42.6106888539;8737;74.717;16.07;0.824;0.206;0.0;1.717;6.375;0.0;0.092
BA;Irajuba;-13.2566101534;-40.0838518009;5343;73.423;21.187;0.056;0.168;0.0;2.471;2.545;0.0;0.15
BA;Iramaia;-13.2936511934;-40.9695824783;9467;76.92;14.239;0.391;0.528;0.0;1.437;6.454;0.0;0.032
BA;Iraquara;-12.2435010164;-41.6179588574;20443;82.4;12.19;1.101;0.098;0.0;0.611;3.6;0.0;0.0
BA;Irará;-12.0337039632;-38.7716507784;24524;65.14;18.321;2.161;0.779;0.0;3.91;9.644;0.045;0.0
BA;Irecê;-11.3033796243;-41.8588604759;63977;54.699;22.125;1.511;0.688;0.0;3.9;16.955;0.05;0.072
BA;Itabela;-16.5758360568;-39.5532377751;23649;50.04;30.361;0.0;0.258;0.0;4.195;15.147;0.0;0.0
BA;Itaberaba;-12.532254089;-40.3069949197;56357;58.901;21.415;0.834;0.678;0.0;4.069;14.06;0.0;0.043
BA;Itabuna;-14.7890395486;-39.273108952;164906;43.148;31.129;1.625;0.853;0.036;5.942;17.084;0.123;0.06
BA;Itacaré;-14.2782492856;-38.9948415531;23561;50.66;25.063;1.057;0.819;0.042;4.94;16.383;0.896;0.14
BA;Itaetê;-12.9820339945;-40.9634187749;11499;65.78;20.324;0.165;0.904;0.0;1.765;10.836;0.0;0.226
BA;Itagi;-14.1617937178;-40.0136249931;11992;60.674;21.698;0.392;0.984;0.0;2.794;13.192;0.058;0.208
BA;Itagibá;-14.2865141678;-39.8485155566;13223;42.91;33.691;0.499;0.098;0.0;1.891;20.865;0.0;0.045
BA;Itagimirim;-16.0881432759;-39.6151918109;5413;46.481;29.281;0.277;0.739;0.0;3.307;19.712;0.203;0.0
BA;Itaguaçu da Bahia;-11.0087222104;-42.4011571243;10380;75.231;14.692;0.52;0.443;0.0;2.505;6.609;0.0;0.0
BA;Itaju do Colônia;-15.1401935524;-39.7247246149;5133;52.99;21.372;0.468;0.234;0.682;1.188;22.657;0.0;0.409
BA;Itajuípe;-14.6780189898;-39.3817881541;16565;58.563;23.206;0.302;0.936;0.0;4.528;12.261;0.0;0.205
BA;Itamaraju;-17.0423375997;-39.5330398846;50809;46.852;34.13;0.163;0.157;0.405;3.216;14.745;0.012;0.319
BA;Itamari;-13.7748367559;-39.6763483469;6152;45.042;30.933;0.179;0.033;0.0;3.495;20.319;0.0;0.0
BA;Itambé;-15.248019194;-40.6240417224;21237;71.908;21.119;0.174;0.0;0.0;1.714;4.963;0.0;0.122
BA;Itanagra;-12.2681631439;-38.0381809412;5022;51.951;18.977;0.119;0.08;0.0;5.496;23.178;0.1;0.1
BA;Itanhém;-17.1663329037;-40.327048649;15854;59.367;30.074;1.116;0.032;0.0;1.413;7.872;0.032;0.095
BA;Itaparica;-12.8814890528;-38.6840303113;17364;36.086;26.952;1.279;6.272;0.104;10.188;18.751;0.19;0.179
BA;Itapé;-14.8948079608;-39.4299627284;9036;59.672;17.862;0.166;0.255;0.0;3.685;17.718;0.0;0.642
BA;Itapebi;-15.9721666551;-39.5285413926;7855;45.78;25.372;0.382;0.395;0.0;1.948;26.06;0.0;0.064
BA;Itapetinga;-15.2461671887;-40.2473809072;57290;40.885;37.35;0.566;0.372;0.016;4.16;16.441;0.068;0.143
BA;Itapicuru;-11.3109527006;-38.2186123755;27261;73.574;14.13;0.106;0.268;0.0;0.833;11.016;0.0;0.073
BA;Itapitanga;-14.4211947387;-39.5663618837;8727;52.057;22.47;0.309;0.665;0.0;1.02;22.723;0.0;0.756
BA;Itaquara;-13.4464090028;-39.9382435936;7210;72.677;18.571;0.069;0.0;0.0;2.788;5.895;0.0;0.0
BA;Itarantim;-15.6578300416;-40.0615452744;14819;55.746;30.98;0.074;0.101;0.0;2.692;9.778;0.0;0.628
BA;Itatim;-12.7092465331;-39.7037746062;13445;65.229;21.644;0.0;0.104;0.0;5.392;7.594;0.0;0.037
BA;Itiruçu;-13.5323986079;-40.1461722977;9638;65.148;24.424;0.415;0.135;0.0;2.345;7.533;0.0;0.0
BA;Itiúba;-10.6919012257;-39.8532769742;29229;72.753;17.616;0.222;0.178;0.0;2.135;6.955;0.055;0.086
BA;Itororó;-15.119037314;-40.0717033442;14528;59.389;24.47;0.647;1.039;0.0;2.781;11.474;0.151;0.048
BA;Ituaçu;-13.8074071462;-41.3109815271;15749;83.091;12.966;0.451;0.159;0.0;1.308;1.905;0.032;0.089
BA;Ituberá;-13.7361569057;-39.1490424919;18998;46.205;33.109;0.474;0.679;0.0;3.737;15.544;0.058;0.195
BA;Iuiú;-14.4121460364;-43.5564026155;9643;79.011;14.871;0.0;2.52;0.0;2.001;1.369;0.0;0.228
BA;Jaborandi;-13.625934002;-44.4659699897;7979;83.03;10.916;0.0;0.075;0.0;1.704;4.048;0.0;0.226
BA;Jacaraci;-14.8491905702;-42.4306087706;13008;83.879;13.622;0.292;0.0;0.0;1.653;0.554;0.0;0.0
BA;Jacobina;-11.1850621601;-40.5130176279;71279;60.396;22.488;0.864;0.272;0.0;3.787;11.987;0.13;0.076
BA;Jaguaquara;-13.5306986308;-39.9702551832;39730;49.263;34.928;0.176;0.284;0.0;3.353;11.337;0.0;0.659
BA;Jaguarari;-10.2628542593;-40.1936114662;28390;74.495;16.277;0.493;0.377;0.0;5.213;3.008;0.0;0.137
BA;Jaguaripe;-13.1150638884;-38.8914186277;15479;48.13;22.65;0.129;1.525;0.0;5.795;21.687;0.032;0.052
BA;Jandaíra;-11.5657484739;-37.7868684912;7858;69.382;17.358;0.0;0.255;0.0;3.767;9.188;0.0;0.051
BA;Jequié;-13.8556640077;-40.0886073275;137475;43.052;36.376;0.652;0.423;0.012;4.402;14.87;0.0;0.213
BA;Jeremoabo;-10.0622424076;-38.3518191467;32645;79.862;10.954;0.123;0.251;0.0;1.363;7.156;0.23;0.061
BA;Jiquiriçá;-13.2523063493;-39.5765017781;11978;70.454;20.638;0.1;0.317;0.0;1.795;6.696;0.0;0.0
BA;Jitaúna;-14.0174286979;-39.8896321767;12473;57.42;22.176;0.152;0.377;0.048;3.896;15.906;0.0;0.024
BA;João Dourado;-11.3464052247;-41.6599891798;21070;56.013;34.229;0.0;0.081;0.0;1.182;8.495;0.0;0.0
BA;Juazeiro;-9.4107170962;-40.5035521594;198852;52.724;27.968;0.866;0.527;0.0;3.802;13.947;0.052;0.115
BA;Jucuruçu;-16.8445161458;-40.1588126299;8322;65.789;28.034;0.06;0.0;0.0;0.0;5.84;0.0;0.276
BA;Jussara;-11.0545549484;-41.9797319275;14130;74.6;8.068;0.594;1.231;0.0;3.185;12.265;0.028;0.028
BA;Jussari;-15.1904562989;-39.4949398663;5150;44.233;17.592;0.388;1.068;0.0;2.078;34.641;0.0;0.0
BA;Jussiape;-13.5129503421;-41.5901420146;6695;83.181;10.754;0.0;0.03;0.0;1.837;4.122;0.0;0.075
BA;Lafaiete Coutinho;-13.6529994248;-40.2106058828;3602;66.935;17.99;0.167;0.0;0.0;11.993;2.915;0.0;0.0
BA;Lagoa Real;-14.0300289856;-42.1457118364;12409;89.145;9.807;0.032;0.0;0.0;0.427;0.588;0.0;0.0
BA;Laje;-13.1796486825;-39.4275521529;18471;67.094;20.551;0.049;0.503;0.0;5.019;6.729;0.0;0.054
BA;Lajedão;-17.612130938;-40.3458465321;3350;67.284;24.09;0.0;0.299;0.239;4.328;3.761;0.0;0.0
BA;Lajedinho;-12.3603741929;-40.9037099703;3079;68.107;15.102;0.0;0.227;0.0;0.909;15.654;0.0;0.0
BA;Lajedo do Tabocal;-13.4725200036;-40.2252295032;6643;73.581;16.122;0.361;0.181;0.0;3.447;6.307;0.0;0.0
BA;Lamarão;-11.7915777404;-38.8929803339;7891;78.811;11.076;0.127;0.355;0.0;2.066;7.426;0.063;0.076
BA;Lapão;-11.3801390539;-41.8319086534;22128;67.272;22.826;0.452;0.75;0.041;1.93;6.286;0.0;0.443
BA;Lauro de Freitas;-12.8967176089;-38.3234616103;176904;39.414;26.154;2.908;2.278;0.003;9.086;19.854;0.113;0.189
BA;Lençóis;-12.5640631156;-41.3940311361;9197;54.083;14.189;2.49;2.675;0.054;5.556;20.887;0.065;0.0
BA;Licínio de Almeida;-14.6758660768;-42.5026836359;10488;81.274;14.693;0.162;0.076;0.0;1.468;2.326;0.0;0.0
BA;Livramento de Nossa Senhora;-13.6495009052;-41.8403872818;38551;83.303;11.375;0.529;0.76;0.0;0.843;3.121;0.034;0.036
BA;Luís Eduardo Magalhães;-12.0783722562;-45.8004644065;89034;52.62;32.663;0.991;0.302;0.0;3.092;10.29;0.042;0.0
BA;Macajuba;-12.1413926806;-40.3651796434;9143;80.433;11.419;0.634;0.044;0.0;1.783;5.217;0.0;0.47
BA;Macarani;-15.5673161525;-40.4220441103;19263;54.597;21.622;0.296;0.234;0.0;1.609;21.419;0.021;0.202
BA;Macaúbas;-13.0236716699;-42.6946657469;36699;91.913;5.64;0.204;0.204;0.0;0.703;1.335;0.0;0.0
BA;Macururé;-9.1747059109;-39.0595150265;6174;85.617;12.439;0.016;0.0;0.049;0.454;1.231;0.0;0.194
BA;Madre de Deus;-12.7403126545;-38.6027685669;16116;49.311;28.258;0.825;1.08;0.0;6.081;13.967;0.006;0.472
BA;Maetinga;-14.6612663591;-41.4836566953;6185;79.272;13.015;0.0;0.178;0.0;1.698;5.821;0.0;0.016
BA;Maiquinique;-15.6197717026;-40.2605151186;7633;46.967;30.041;0.314;0.262;0.0;3.0;18.813;0.0;0.603
BA;Mairi;-11.7111106231;-40.1497825192;15644;75.863;13.52;0.102;0.051;0.0;1.662;8.009;0.0;0.793
BA;Malhada;-14.3403832841;-43.7716203177;13028;72.743;20.916;0.008;0.123;0.0;0.484;5.473;0.0;0.253
BA;Malhada de Pedras;-14.3779454038;-41.8786983401;7640;78.128;20.864;0.236;0.0;0.0;0.249;0.524;0.0;0.0
BA;Manoel Vitorino;-14.145932206;-40.2420162477;12090;79.189;14.88;0.0;0.19;0.0;1.274;4.243;0.0;0.223
BA;Mansidão;-10.71582896;-44.0364854096;12158;86.766;12.502;0.165;0.0;0.0;0.123;0.444;0.0;0.0
BA;Maracás;-13.4376744923;-40.4312875474;24022;64.703;16.127;0.57;0.982;0.0;7.564;10.012;0.042;0.0
BA;Maragogipe;-12.7751199192;-38.9188814372;31662;64.825;15.334;0.291;1.844;0.0;5.543;12.144;0.0;0.019
BA;Maraú;-14.1055306717;-39.0249517557;20345;55.537;25.815;1.081;0.305;0.0;2.92;14.092;0.167;0.084
BA;Marcionílio Souza;-13.0035103723;-40.5345299893;8043;77.123;16.959;0.199;0.05;0.0;1.803;3.867;0.0;0.0
BA;Mascote;-15.5659880327;-39.3024004527;11777;47.389;26.076;0.068;0.136;0.0;4.033;21.882;0.0;0.416
BA;Mata de São João;-12.5299707907;-38.2972993248;36595;37.563;28.941;0.639;0.967;0.025;8.865;22.828;0.071;0.101
BA;Matina;-13.9126360111;-42.8429324443;8998;83.096;13.259;0.0;0.156;0.0;2.334;1.156;0.0;0.0
BA;Medeiros Neto;-17.3704094821;-40.220174208;19294;62.014;25.257;0.0;0.0;0.0;5.349;7.189;0.0;0.192
BA;Miguel Calmon;-11.4283442062;-40.5960696127;21441;64.89;25.363;0.336;0.168;0.0;2.826;6.418;0.0;0.0
BA;Milagres;-12.8705749151;-39.8591271005;9592;65.711;21.768;0.115;0.167;0.0;1.647;10.592;0.0;0.0
BA;Mirangaba;-10.9561172849;-40.5747927022;13595;63.545;18.47;0.169;0.419;0.0;0.706;16.58;0.0;0.11
BA;Mirante;-14.2398179211;-40.7735665979;8977;90.03;8.355;0.189;0.045;0.0;0.412;0.835;0.0;0.134
BA;Monte Santo;-10.4401577407;-39.3327059521;41682;78.804;13.344;0.084;0.297;0.022;0.643;6.749;0.0;0.058
BA;Morpará;-11.5580425446;-43.277913407;6823;75.04;12.297;0.0;0.293;0.0;0.85;11.52;0.0;0.0
BA;Morro do Chapéu;-11.5501261105;-41.1590965078;28747;64.911;19.999;1.475;0.567;0.0;3.277;9.33;0.024;0.417
BA;Mortugaba;-15.0164072904;-42.3804489223;9849;88.1;9.991;0.081;0.051;0.0;0.883;0.822;0.0;0.071
BA;Mucugê;-13.0038942045;-41.3732130119;10432;53.691;25.566;1.217;0.403;0.0;3.24;15.884;0.0;0.0
BA;Mucuri;-18.0885397389;-39.5475458898;32073;42.834;39.594;0.873;0.234;0.0;3.392;12.917;0.118;0.037
BA;Mulungu do Morro;-11.9672200211;-41.6438000096;11170;79.275;12.417;0.0;0.054;0.0;0.94;6.437;0.662;0.215
BA;Mundo Novo;-11.8647227486;-40.4714981501;15149;76.85;14.364;0.654;0.964;0.0;2.126;4.383;0.0;0.66
BA;Muniz Ferreira;-12.9973037019;-39.1129817012;6444;60.459;21.819;0.078;0.854;0.0;1.862;14.929;0.0;0.0
BA;Muquém do São Francisco;-12.0682612649;-43.5518599151;8800;79.341;14.682;0.0;0.102;0.034;2.67;3.17;0.0;0.0
BA;Muritiba;-12.6233724415;-38.9886888174;25198;63.382;16.993;0.972;1.73;0.0;6.326;9.858;0.19;0.548
BA;Mutuípe;-13.2293733237;-39.504163852;17462;69.322;19.007;0.155;0.235;0.0;2.01;8.905;0.0;0.367
BA;Nazaré;-13.0351482202;-39.0106225829;23778;57.339;23.623;1.531;2.633;0.0;3.524;11.305;0.046;0.0
BA;Nilo Peçanha;-13.6044944204;-39.1129855091;10213;53.491;26.946;0.48;0.117;0.0;5.973;12.993;0.0;0.0
BA;Nordestina;-10.8320535248;-39.4291308507;16071;83.548;12.445;0.0;0.18;0.0;0.896;2.806;0.0;0.124
BA;Nova Canaã;-14.7935980877;-40.145174652;12078;66.485;23.158;0.116;0.182;0.0;2.169;7.584;0.041;0.265
BA;Nova Fátima;-11.6083983892;-39.6322170919;7084;69.029;20.61;0.0;0.085;0.0;2.061;8.216;0.0;0.0
BA;Nova Ibiá;-13.809907366;-39.6256860495;5633;35.487;37.369;0.178;0.107;0.0;1.385;25.475;0.0;0.0
BA;Nova Itarana;-13.0330498856;-40.0692497333;6660;83.303;9.925;0.0;0.3;0.0;0.841;5.48;0.075;0.075
BA;Nova Redenção;-12.8188675675;-41.0688595103;6549;76.042;20.278;0.092;0.0;0.0;0.687;2.901;0.0;0.0
BA;Nova Soure;-11.2380081972;-38.484613927;21119;80.165;9.655;0.384;0.459;0.0;2.401;6.643;0.0;0.294
BA;Nova Viçosa;-17.8933917822;-39.3720115381;33362;49.122;37.429;0.722;0.408;0.0;2.302;9.966;0.0;0.051
BA;Novo Horizonte;-12.801997364;-42.1677884485;9724;67.637;22.748;0.0;0.103;0.0;1.193;8.32;0.0;0.0
BA;Novo Triunfo;-10.3420182309;-38.415581348;9468;76.394;9.294;0.0;0.0;0.0;5.027;9.242;0.0;0.042
BA;Olindina;-11.3583061402;-38.3310801961;19602;69.58;15.937;0.5;0.168;0.0;1.551;12.101;0.0;0.163
BA;Oliveira dos Brejinhos;-12.32058895;-42.8970197687;17974;77.423;13.62;0.122;0.067;0.0;4.985;3.516;0.0;0.267
BA;Ouriçangas;-12.0068519179;-38.6284167702;6709;73.513;15.338;0.224;0.939;0.089;1.163;8.287;0.075;0.373
BA;Ourolândia;-10.9646176504;-41.081811729;16127;63.062;21.349;0.056;0.341;0.0;1.736;12.557;0.676;0.223
BA;Palmas de Monte Alto;-14.2573509944;-43.1705121315;17571;79.381;14.604;0.228;0.0;0.0;1.326;3.927;0.461;0.074
BA;Palmeiras;-12.5100711046;-41.5773369327;8818;58.074;16.523;3.436;0.998;0.045;2.846;18.031;0.045;0.0
BA;Paramirim;-13.4424266572;-42.2406487777;18104;82.192;13.748;0.569;0.795;0.0;1.364;1.077;0.0;0.254
BA;Paratinga;-12.6906971249;-43.1820250756;24810;82.164;12.394;0.48;0.5;0.048;0.971;3.442;0.0;0.0
BA;Paripiranga;-10.6759923133;-37.8704477007;23463;88.608;7.548;0.128;0.2;0.0;0.516;2.843;0.0;0.158
BA;Pau Brasil;-15.4636188169;-39.6487820361;7900;41.899;32.658;0.152;0.253;2.291;3.392;19.354;0.0;0.0
BA;Paulo Afonso;-9.4033316974;-38.2183289682;97484;65.15;20.194;0.53;0.394;0.039;2.736;10.676;0.175;0.106
BA;Pé de Serra;-11.8311793086;-39.609425329;11621;76.999;15.386;0.034;0.0;0.0;2.134;5.103;0.0;0.344
BA;Pedrão;-12.1435872038;-38.6490014216;5437;79.161;9.251;0.129;1.582;0.0;4.285;5.591;0.0;0.0
BA;Pedro Alexandre;-10.0100715805;-37.8992615844;11855;85.407;8.461;0.059;0.337;0.0;0.16;4.732;0.793;0.051
BA;Piatã;-13.1644568683;-41.7706230393;17458;72.07;19.458;1.008;0.584;0.0;2.824;4.055;0.0;0.0
BA;Pilão Arcado;-9.997771056;-42.4847567625;29507;73.261;22.378;0.0;0.186;0.0;0.983;3.135;0.0;0.058
BA;Pindaí;-14.4899875405;-42.6870333191;12880;81.009;15.497;0.047;0.0;0.0;2.562;0.885;0.0;0.0
BA;Pindobaçu;-10.7342066124;-40.3571591936;16446;55.229;30.092;0.061;0.0;0.0;1.076;13.541;0.0;0.0
BA;Pintadas;-11.8080365091;-39.9082386319;9182;80.582;13.254;0.076;0.131;0.0;0.403;5.554;0.0;0.0
BA;Piraí do Norte;-13.7612250393;-39.3745221879;9469;63.27;25.863;0.116;0.285;0.0;3.158;7.308;0.0;0.0
BA;Piripá;-14.9468709101;-41.7248658273;8060;86.476;11.96;0.174;0.236;0.0;0.186;0.968;0.0;0.0
BA;Piritiba;-11.7372340018;-40.5513277059;15352;65.705;20.812;0.391;0.476;0.0;2.058;10.038;0.0;0.521
BA;Planaltino;-13.2566087534;-40.3683973567;7130;80.281;11.332;0.323;0.519;0.0;2.034;5.512;0.0;0.0
BA;Planalto;-14.6701699702;-40.4846403764;20399;76.112;15.854;0.064;0.412;0.0;1.314;6.123;0.044;0.078
BA;Poções;-14.5223245426;-40.3651272938;42026;70.93;17.549;0.45;0.571;0.0;2.263;7.981;0.064;0.193
BA;Pojuca;-12.4292631349;-38.3271668771;28089;42.508;28.524;0.694;1.129;0.0;8.947;17.989;0.0;0.21
BA;Ponto Novo;-10.8671478313;-40.1353928451;15227;70.237;19.157;0.079;0.269;0.0;0.906;9.142;0.21;0.0
BA;Porto Seguro;-16.4490561794;-39.0621135239;141936;35.741;31.857;1.193;0.759;0.289;7.423;22.379;0.137;0.222
BA;Potiraguá;-15.5924563117;-39.8756600706;8813;45.739;33.78;0.068;0.0;0.0;1.94;18.473;0.0;0.0
BA;Prado;-17.3295639894;-39.2292384212;29276;48.159;31.002;0.687;0.195;0.065;3.583;16.256;0.003;0.051
BA;Presidente Dutra;-11.2965040663;-41.9909309024;13381;68.007;16.912;0.904;0.329;0.0;1.539;12.308;0.0;0.0
BA;Presidente Jânio Quadros;-14.685395367;-41.6824426344;11163;80.534;17.2;0.17;0.0;0.0;0.529;1.568;0.0;0.0
BA;Presidente Tancredo Neves;-13.4708417736;-39.4240598299;23565;67.919;21.184;0.165;0.306;0.0;0.802;9.425;0.0;0.199
BA;Queimadas;-10.9763905292;-39.6264068266;22400;74.411;14.92;1.201;0.79;0.0;1.737;6.754;0.0;0.188
BA;Quijingue;-10.75167233;-39.206609254;22047;72.926;16.097;0.304;0.109;0.0;0.345;10.101;0.0;0.118
BA;Quixabeira;-11.4086852033;-40.1214965949;8326;62.359;21.535;0.0;0.204;0.0;0.649;15.253;0.0;0.0
BA;Rafael Jambeiro;-12.4074173545;-39.5006356829;17082;81.138;14.647;0.421;0.105;0.0;1.13;2.558;0.0;0.0
BA;Remanso;-9.6239067892;-42.0796675417;34857;73.75;20.716;0.158;0.425;0.0;1.902;3.05;0.0;0.0
BA;Retirolândia;-11.4896669832;-39.4241777923;11835;65.087;21.808;0.194;0.0;0.0;1.546;11.365;0.0;0.0
BA;Riachão das Neves;-11.74624753;-44.9164697719;18517;73.5;17.341;0.286;0.054;0.0;1.469;7.312;0.0;0.038
BA;Riachão do Jacuípe;-11.8059790259;-39.3830354939;29372;74.619;12.611;1.784;0.235;0.0;5.376;5.24;0.017;0.119
BA;Riacho de Santana;-13.6065881421;-42.93834712;26869;87.599;10.097;0.208;0.138;0.0;0.614;1.303;0.0;0.041
BA;Ribeira do Amparo;-11.0391582801;-38.4305538667;11961;79.4;13.72;0.092;0.0;0.0;1.363;5.426;0.0;0.0
BA;Ribeira do Pombal;-10.8362780748;-38.5360987874;46952;66.355;14.792;0.935;0.639;0.0;2.494;14.085;0.109;0.592
BA;Ribeirão do Largo;-15.4640596335;-40.7438597619;8417;62.54;23.393;0.143;0.404;0.0;1.129;12.392;0.0;0.0
BA;Rio de Contas;-13.588607787;-41.8187905564;11698;79.492;12.182;0.932;1.932;0.0;1.393;3.317;0.051;0.701
BA;Rio do Antônio;-14.4085096465;-42.075055335;11767;86.556;11.736;0.408;0.0;0.0;0.765;0.535;0.0;0.0
BA;Rio do Pires;-13.1186631387;-42.2878777528;9368;86.368;10.867;0.331;0.192;0.0;0.299;1.825;0.117;0.0
BA;Rio Real;-11.4849354254;-37.9335777751;30370;71.462;18.591;0.405;0.142;0.0;3.164;6.236;0.0;0.0
BA;Rodelas;-8.8449965336;-38.7723090007;8440;65.32;15.735;0.13;0.0;0.166;2.915;15.344;0.261;0.13
BA;Ruy Barbosa;-12.2893169588;-40.5003712306;24453;71.042;13.777;0.286;1.137;0.0;5.582;7.799;0.245;0.131
BA;Salinas da Margarida;-12.8779970546;-38.7579439509;12991;37.318;27.288;0.369;3.641;0.0;7.875;23.509;0.0;0.0
BA;Salvador;-13.0147719115;-38.488061484;2154293;43.96;24.298;2.403;2.782;0.018;7.799;18.478;0.137;0.125
BA;Santa Bárbara;-11.9569028341;-38.9661390064;18283;69.387;19.061;0.175;0.935;0.0;2.341;7.838;0.0;0.263
BA;Santa Brígida;-9.7318909595;-38.1278183663;12931;83.806;8.36;0.0;0.124;0.0;1.624;5.955;0.0;0.131
BA;Santa Cruz Cabrália;-16.3380965838;-39.0131825841;24771;38.509;32.655;0.981;0.367;0.073;7.69;19.507;0.218;0.0
BA;Santa Cruz da Vitória;-14.9600783107;-39.81183597;4058;56.062;19.418;0.591;0.296;0.0;2.218;21.119;0.0;0.296
BA;Santa Inês;-13.2986872233;-39.8276053255;8961;60.942;20.857;0.379;1.306;0.0;3.113;13.347;0.056;0.0
BA;Santaluz;-11.2533600345;-39.3773777963;32621;65.461;18.093;0.463;0.322;0.058;3.406;12.075;0.0;0.123
BA;Santa Luzia;-15.4327879846;-39.332493425;11665;56.982;26.995;0.103;0.763;0.0;3.472;11.316;0.0;0.369
BA;Santa Maria da Vitória;-13.3935452501;-44.1983088658;33554;69.27;18.484;1.013;0.119;0.0;2.626;8.321;0.104;0.063
BA;Santana;-12.9807511747;-44.0532579029;21676;83.973;11.755;0.337;0.355;0.0;0.54;3.04;0.0;0.0
BA;Santanópolis;-12.028406888;-38.8671618077;7658;70.214;18.295;0.261;0.588;0.0;2.272;8.305;0.065;0.0
BA;Santa Rita de Cássia;-11.0080450699;-44.5190497203;23191;79.022;15.459;0.116;0.0;0.091;2.29;2.902;0.121;0.0
BA;Santa Teresinha;-12.7728517712;-39.5211400562;9181;75.624;13.582;0.457;0.218;0.0;5.054;5.021;0.044;0.0
BA;Santo Amaro;-12.5491401087;-38.7090314625;49264;52.003;21.809;0.987;2.204;0.018;7.346;15.508;0.0;0.124
BA;Santo Antônio de Jesus;-12.9680077697;-39.261131258;90196;50.044;28.344;0.881;0.66;0.0;4.518;15.39;0.042;0.121
BA;Santo Estêvão;-12.4288932289;-39.2531902035;44358;66.601;21.356;0.192;0.273;0.0;2.904;8.528;0.115;0.032
BA;São Desidério;-12.3608954905;-44.9740962396;27312;66.905;23.352;0.729;0.15;0.0;1.194;7.619;0.0;0.051
BA;São Domingos;-11.4634661342;-39.5262647672;7505;66.156;16.336;0.64;0.173;0.0;2.931;13.644;0.0;0.12
BA;São Félix;-12.605713252;-38.9687185314;9709;56.03;23.926;0.597;3.698;0.0;4.377;11.144;0.0;0.227
BA;São Félix do Coribe;-13.4042182498;-44.1968725575;13032;66.107;23.366;0.506;0.054;0.0;2.901;6.944;0.054;0.069
BA;São Felipe;-12.845078215;-39.0840148984;17948;75.958;14.236;0.585;0.747;0.033;2.908;5.533;0.0;0.0
BA;São Francisco do Conde;-12.6299828044;-38.6757980533;33363;46.866;27.539;0.318;1.553;0.0;5.452;18.197;0.0;0.075
BA;São Gabriel;-11.2267073343;-41.8742692011;16179;72.137;13.487;0.655;0.253;0.0;2.509;10.959;0.0;0.0
BA;São Gonçalo dos Campos;-12.4303098042;-38.9497724306;34163;64.614;23.49;0.462;0.653;0.0;1.865;8.673;0.0;0.243
BA;São José da Vitória;-15.0781782114;-39.3389205029;4569;43.576;28.781;0.219;1.313;0.0;1.269;24.841;0.0;0.0
BA;São José do Jacuípe;-11.5053260938;-40.0236558829;8833;58.893;23.005;0.057;0.679;0.0;3.532;13.597;0.057;0.181
BA;São Miguel das Matas;-13.0517330821;-39.455780426;9172;78.009;14.741;0.142;0.436;0.0;1.068;5.549;0.0;0.055
BA;São Sebastião do Passé;-12.512724643;-38.4953098454;35795;59.355;21.57;0.318;0.791;0.0;4.171;13.505;0.187;0.103
BA;Sapeaçu;-12.7351614751;-39.1948084366;15805;70.775;18.716;0.456;0.228;0.0;2.474;7.352;0.0;0.0
BA;Sátiro Dias;-11.6008090454;-38.5913537821;13783;76.282;13.118;0.116;0.247;0.0;1.553;8.685;0.0;0.0
BA;Saubara;-12.7369036248;-38.77060683;10067;44.859;24.516;0.199;1.54;0.0;10.669;17.93;0.0;0.288
BA;Saúde;-10.9411051662;-40.4185507431;9241;67.763;15.929;0.314;1.515;0.065;2.078;12.336;0.0;0.0
BA;Seabra;-12.4187631865;-41.7682012411;39702;73.545;15.1;0.796;0.544;0.038;2.174;7.702;0.0;0.101
BA;Sebastião Laranjeiras;-14.5748223923;-42.9441131531;8165;69.467;28.83;0.0;0.0;0.0;0.576;1.127;0.0;0.0
BA;Senhor do Bonfim;-10.4567714932;-40.18998454;64505;65.176;20.77;1.026;0.693;0.02;4.138;7.789;0.144;0.243
BA;Serra do Ramalho;-13.5644659881;-43.5807307421;28376;61.746;29.409;0.095;0.014;0.0;1.177;7.559;0.0;0.0
BA;Sento Sé;-9.7403798046;-41.8909969156;31974;64.709;21.696;0.034;0.125;0.028;1.376;11.838;0.0;0.194
BA;Serra Dourada;-12.7625947393;-43.9523372559;14823;84.861;13.034;0.0;0.074;0.0;1.133;0.897;0.0;0.0
BA;Serra Preta;-12.1597268274;-39.3325039203;15960;79.461;14.624;0.031;0.025;0.0;1.617;4.211;0.031;0.0
BA;Serrinha;-11.6595317244;-39.0081326288;69583;68.451;15.87;1.263;0.743;0.022;5.404;8.072;0.078;0.098
BA;Serrolândia;-11.4160318981;-40.299905217;11626;55.204;26.527;0.335;0.043;0.0;1.213;16.489;0.034;0.155
BA;Simões Filho;-12.7839414834;-38.4115191932;98590;28.96;37.373;0.313;0.977;0.027;8.214;23.514;0.477;0.145
BA;Sítio do Mato;-13.0857927061;-43.4664411673;11095;68.166;21.523;0.0;0.27;0.0;2.479;7.562;0.0;0.0
BA;Sítio do Quinto;-10.3641586478;-38.2003708811;13151;81.538;6.844;0.068;0.441;0.0;0.745;10.364;0.0;0.0
BA;Sobradinho;-9.4708066385;-40.7915948464;21419;54.47;25.421;0.173;0.042;0.0;1.653;18.241;0.0;0.0
BA;Souto Soares;-12.0925960034;-41.6442483899;14724;89.548;6.873;0.258;0.075;0.0;0.618;2.37;0.143;0.115
BA;Tabocas do Brejo Velho;-12.7073009223;-44.0111890671;10429;87.094;10.241;0.0;0.0;0.0;0.211;2.455;0.0;0.0
BA;Tanhaçu;-14.0255080592;-41.2543335107;18458;80.117;8.544;0.07;0.114;0.0;9.459;1.696;0.0;0.0
BA;Tanque Novo;-13.5465603207;-42.4906125115;14851;93.812;5.373;0.0;0.0;0.0;0.424;0.391;0.0;0.0
BA;Tanquinho;-11.9716930935;-39.1005471654;6759;74.893;13.034;0.429;0.873;0.0;2.989;7.693;0.0;0.089
BA;Taperoá;-13.5309926332;-39.1006222479;15371;62.013;24.963;0.215;0.358;0.0;3.279;8.614;0.559;0.0
BA;Tapiramutá;-11.8523411105;-40.7887003323;13589;72.757;13.489;0.088;0.67;0.0;2.767;10.045;0.0;0.184
BA;Teixeira de Freitas;-17.5377498817;-39.7445176868;124592;43.719;36.444;0.535;0.46;0.019;4.908;13.754;0.03;0.13
BA;Teodoro Sampaio;-12.3014071565;-38.6419275419;6356;54.201;18.833;0.551;1.809;0.0;2.989;21.57;0.0;0.047
BA;Teofilândia;-11.4829246318;-39.0058128587;18380;76.567;13.139;0.898;0.283;0.0;1.915;7.073;0.0;0.125
BA;Teolândia;-13.601106007;-39.4893857886;13010;72.644;16.987;0.177;0.407;0.0;2.145;7.64;0.0;0.0
BA;Terra Nova;-12.4030919014;-38.6231018592;9463;52.383;21.906;0.581;2.23;0.0;4.132;18.715;0.053;0.0
BA;Tremedal;-14.9724717723;-41.4095763196;14536;78.433;16.882;0.213;0.351;0.0;0.709;3.371;0.0;0.041
BA;Tucano;-10.9643001696;-38.7859480015;42593;64.605;14.432;0.27;0.261;0.0;1.876;18.029;0.0;0.528
BA;Uauá;-9.8326541656;-39.4880641705;21491;79.964;14.667;0.172;0.051;0.0;0.991;4.104;0.0;0.051
BA;Ubaíra;-13.2680894849;-39.6620325672;16305;63.067;24.821;0.166;0.288;0.0;2.3;9.151;0.0;0.209
BA;Ubaitaba;-14.3104363678;-39.3225474058;15042;43.711;31.1;0.618;0.811;0.0;3.55;19.997;0.0;0.213
BA;Ubatã;-14.2114665539;-39.5226677884;13949;41.723;31.586;0.28;0.143;0.0;4.208;21.356;0.0;0.703
BA;Uibaí;-11.3381145645;-42.1337955488;11872;58.718;11.363;1.929;1.499;0.0;3.058;23.433;0.0;0.0
BA;Umburanas;-10.7292712188;-41.3329141303;11501;58.03;30.128;0.026;0.13;0.0;2.461;9.164;0.061;0.0
BA;Una;-15.2942080649;-39.074712888;15735;42.466;30.887;0.489;0.419;0.108;4.061;21.493;0.025;0.051
BA;Urandi;-14.7632421838;-42.6589988098;13519;73.711;22.583;0.392;0.0;0.0;0.895;2.345;0.0;0.074
BA;Uruçuca;-14.5920354535;-39.2838018788;18293;43.126;27.464;0.377;0.558;0.241;4.789;23.446;0.0;0.0
BA;Utinga;-12.083317663;-41.0958288508;13961;67.302;16.123;0.516;0.623;0.172;2.17;13.072;0.0;0.021
BA;Valença;-13.3703415065;-39.0723502472;73881;47.321;26.979;0.615;0.667;0.0;8.33;15.691;0.115;0.283
BA;Valente;-11.4124895358;-39.4642460663;21408;65.966;18.811;0.822;0.589;0.0;2.41;11.22;0.0;0.182
BA;Várzea da Roça;-11.5989862635;-40.1406370839;12149;69.026;16.438;0.041;0.074;0.0;2.296;12.124;0.0;0.0
BA;Várzea do Poço;-11.5239795326;-40.3189181998;7197;70.307;22.079;0.153;0.0;0.0;0.542;6.92;0.0;0.0
BA;Várzea Nova;-11.2572312023;-40.9458459311;11423;57.087;24.319;0.044;0.149;0.0;3.117;15.241;0.0;0.044
BA;Varzedo;-12.975312565;-39.3934758347;8730;77.881;12.509;0.057;0.195;0.0;4.021;5.132;0.057;0.149
BA;Vera Cruz;-12.9357333313;-38.6191597463;37535;44.585;26.783;0.591;3.138;0.0;6.842;17.77;0.0;0.29
BA;Vereda;-17.2239340594;-40.0844849278;5236;70.932;23.128;0.057;0.0;0.0;1.337;4.545;0.0;0.0
BA;Vitória da Conquista;-14.8480048116;-40.8398095372;321992;50.91;29.664;1.745;0.744;0.0;5.076;11.786;0.011;0.065
BA;Wagner;-12.2842507899;-41.1696269859;8302;61.443;22.778;0.41;0.385;0.0;2.77;12.214;0.0;0.0
BA;Wanderley;-12.120150314;-43.8889295199;11125;81.708;11.64;0.764;0.387;0.0;0.998;4.449;0.0;0.054
BA;Wenceslau Guimarães;-13.6885877525;-39.4796708032;20680;41.185;28.83;0.0;0.571;0.097;0.948;28.346;0.0;0.024
BA;Xique-Xique;-10.8249744181;-42.7255080012;37313;67.51;17.15;0.882;0.539;0.0;3.229;10.516;0.027;0.147
MG;Abadia dos Dourados;-18.4875649589;-47.3968324406;5648;75.283;18.201;0.938;0.0;0.0;1.08;4.178;0.0;0.319
MG;Abaeté;-19.1558476941;-45.4461914172;20401;73.021;16.543;4.284;0.51;0.0;1.721;3.397;0.0;0.524
MG;Abre Campo;-20.3014452838;-42.4809899867;12369;86.054;10.728;0.501;0.477;0.04;1.164;1.035;0.0;0.0
MG;Acaiaca;-20.3604089313;-43.1482389018;3493;73.919;21.013;0.0;0.0;0.0;2.462;2.433;0.0;0.172
MG;Açucena;-19.0767128936;-42.5462108797;7892;62.088;32.159;0.507;0.0;0.203;0.697;4.346;0.0;0.0
MG;Água Boa;-17.9910530496;-42.3896432301;10990;71.401;25.751;0.173;0.0;0.0;1.174;1.501;0.0;0.0
MG;Água Comprida;-20.0593124134;-48.1080767742;1846;74.106;16.631;2.167;0.379;0.0;1.733;4.821;0.0;0.163
MG;Aguanil;-20.9374322025;-45.3894653435;3869;69.088;25.433;0.052;0.078;0.0;3.205;1.938;0.0;0.207
MG;Águas Formosas;-17.0823043196;-40.9352279399;15933;65.223;27.829;0.056;0.0;0.0;2.586;4.262;0.0;0.044
MG;Águas Vermelhas;-15.7453199452;-41.4587883041;12129;63.938;28.279;0.289;0.132;0.0;1.228;5.747;0.157;0.231
MG;Aimorés;-19.4919501493;-41.0733274628;22162;40.813;46.165;0.23;0.0;0.0;3.262;9.422;0.0;0.108
MG;Aiuruoca;-21.9758966559;-44.6028244646;5682;81.749;8.36;1.144;0.088;0.106;4.171;4.382;0.0;0.0
MG;Alagoa;-22.1711356644;-44.6380988672;2480;69.355;23.024;0.0;0.202;0.0;1.089;5.806;0.0;0.524
MG;Albertina;-22.1997644819;-46.6116025734;2589;68.134;25.068;0.579;0.27;0.0;1.622;4.326;0.0;0.0
MG;Além Paraíba;-21.8768037119;-42.6959466025;27146;50.206;33.522;3.883;2.192;0.0;4.218;5.732;0.026;0.221
MG;Alfenas;-21.4281781229;-45.9489181992;69803;70.248;19.104;1.937;0.632;0.0;2.67;4.742;0.06;0.607
MG;Alfredo Vasconcelos;-21.1394234648;-43.7738899527;6151;89.969;6.162;0.65;0.195;0.0;1.512;1.512;0.0;0.0
MG;Almenara;-16.1806161744;-40.6976511833;35020;64.72;24.737;0.825;0.357;0.0;2.541;6.813;0.0;0.006
MG;Alpercata;-18.9868312565;-41.9891291116;6122;52.695;36.589;0.359;0.0;0.0;2.499;7.792;0.065;0.0
MG;Alpinópolis;-20.8618546557;-46.3894825348;16182;85.515;11.834;0.136;0.117;0.0;0.624;1.699;0.0;0.074
MG;Alterosa;-21.2558699519;-46.1453205615;12291;84.476;12.668;0.7;0.285;0.0;0.781;1.09;0.0;0.0
MG;Alto Caparaó;-20.444361121;-41.87308374;5036;25.357;63.006;0.159;0.139;0.0;1.728;9.373;0.04;0.199
MG;Alto Rio Doce;-21.0221461476;-43.4188706642;9796;92.099;5.574;0.0;0.051;0.0;0.888;1.388;0.0;0.0
MG;Alvarenga;-19.4144696868;-41.7264422739;3495;67.84;28.011;0.0;0.0;0.0;0.744;3.405;0.0;0.0
MG;Alvinópolis;-20.1147634824;-43.0660832381;13526;84.009;13.226;0.969;0.118;0.0;0.547;1.094;0.037;0.0
MG;Alvorada de Minas;-18.7335930244;-43.3660843434;3594;80.857;17.557;0.195;0.0;0.0;0.863;0.529;0.0;0.0
MG;Amparo do Serra;-20.5100666871;-42.8072021534;4054;77.257;18.352;0.148;0.025;0.0;0.74;3.404;0.074;0.0
MG;Andradas;-22.0728073441;-46.5755830009;36039;69.189;23.733;0.921;0.635;0.0;2.123;3.294;0.0;0.105
MG;Cachoeira de Pajeú;-15.9651758417;-41.4964103684;8124;82.472;13.725;0.32;0.16;0.0;0.455;2.868;0.0;0.0
MG;Andrelândia;-21.7369681987;-44.3176990379;10704;83.193;14.172;0.523;0.019;0.0;0.803;1.289;0.0;0.0
MG;Angelândia;-17.7277898321;-42.2664504899;6576;62.454;34.748;0.122;0.0;0.0;0.867;1.703;0.0;0.106
MG;Antônio Carlos;-21.3185803699;-43.7556410098;9891;83.814;10.818;1.891;0.495;0.0;1.274;1.658;0.0;0.051
MG;Antônio Dias;-19.6514666726;-42.869545209;8099;57.624;34.103;0.222;0.0;0.0;0.914;6.939;0.0;0.198
MG;Antônio Prado de Minas;-21.0182320588;-42.1093426501;1414;73.833;17.115;0.566;0.849;0.0;4.455;3.182;0.0;0.0
MG;Araçaí;-19.2003638594;-44.2469237129;1974;78.014;13.627;1.621;0.0;0.0;3.749;2.989;0.0;0.0
MG;Aracitaba;-21.339268736;-43.3815562385;1846;87.27;11.105;0.217;0.0;0.0;0.054;1.354;0.0;0.0
MG;Araçuaí;-16.8517813954;-42.0642065495;30257;80.917;15.22;0.397;0.043;0.0;1.527;1.871;0.026;0.0
MG;Araguari;-18.6482695268;-48.191605379;103856;59.608;29.042;3.078;0.511;0.032;3.125;4.513;0.0;0.091
MG;Arantina;-21.9161042282;-44.2469542481;2599;80.685;12.928;0.231;0.077;0.0;2.501;3.578;0.0;0.0
MG;Araponga;-20.6656617313;-42.5262731;7061;79.748;17.462;0.057;0.057;0.0;0.765;1.827;0.0;0.085
MG;Araporã;-18.4419093766;-49.1900866447;7218;59.462;24.758;3.491;0.693;0.0;2.438;8.548;0.042;0.568
MG;Arapuá;-19.0338552875;-46.1545977685;2390;84.519;13.473;0.377;0.0;0.0;0.293;1.339;0.0;0.0
MG;Araújos;-19.9467853402;-45.1667022785;8006;85.623;10.892;1.074;0.0;0.0;1.087;1.324;0.0;0.0
MG;Araxá;-19.5913298028;-46.94000989;97368;61.485;19.384;6.935;0.772;0.0;4.031;7.393;0.0;0.0
MG;Arceburgo;-21.3601814752;-46.9443541317;8245;60.594;25.033;3.117;1.225;0.0;5.276;4.754;0.0;0.0
MG;Arcos;-20.2825631199;-45.5436318712;36530;71.809;21.226;0.786;0.057;0.066;2.206;3.811;0.0;0.038
MG;Areado;-21.3583823575;-46.1465594661;12322;77.349;18.625;1.217;0.276;0.0;0.893;1.639;0.0;0.0
MG;Argirita;-21.6075545063;-42.8364467678;2371;71.194;20.329;1.181;0.844;0.0;2.109;4.344;0.0;0.0
MG;Aricanduva;-17.8677629385;-42.5592310546;4089;72.194;21.815;0.587;0.0;0.0;2.348;2.837;0.0;0.22
MG;Arinos;-15.9217716943;-46.1077521361;14954;74.676;22.088;0.515;0.134;0.0;0.976;1.612;0.0;0.0
MG;Astolfo Dutra;-21.3112038508;-42.8596443142;12642;66.358;22.987;4.517;0.783;0.0;1.424;3.567;0.0;0.364
MG;Ataléia;-18.0459198092;-41.1105583899;12094;66.438;30.023;0.347;0.165;0.0;0.703;2.199;0.0;0.124
MG;Augusto de Lima;-18.1125481037;-44.2752188423;4038;73.898;22.734;0.198;0.149;0.0;1.659;1.362;0.0;0.0
MG;Baependi;-21.9576108079;-44.8903706628;16394;63.377;30.237;0.482;0.03;0.024;2.464;3.227;0.159;0.0
MG;Baldim;-19.2864373042;-43.9570406413;6737;69.734;15.214;0.668;0.0;0.0;11.756;2.538;0.0;0.089
MG;Bambuí;-20.0118916914;-45.9790448126;21299;80.422;13.033;1.587;0.512;0.0;1.319;3.056;0.0;0.07
MG;Bandeira;-15.8849769792;-40.5588864206;4291;78.863;13.4;0.489;0.14;0.0;3.775;3.263;0.0;0.07
MG;Bandeira do Sul;-21.7248685443;-46.3852629849;5243;78.467;16.708;0.134;0.21;0.0;2.289;2.193;0.0;0.0
MG;Barão de Cocais;-19.9358474343;-43.484882469;26929;72.773;20.064;1.147;0.149;0.0;2.885;2.911;0.037;0.033
MG;Barão de Monte Alto;-21.2478823447;-42.2391465797;4444;75.023;16.134;1.418;0.855;0.0;0.968;5.603;0.0;0.0
MG;Barbacena;-21.2249153847;-43.7761933161;112249;80.955;10.531;1.933;0.739;0.0;2.558;3.169;0.0;0.115
MG;Barra Longa;-20.2836358985;-43.0371967111;5103;84.519;13.071;0.568;0.0;0.0;0.353;1.45;0.0;0.039
MG;Barroso;-21.176286999;-43.9753811243;17841;77.277;17.359;1.026;0.286;0.0;1.093;2.892;0.0;0.067
MG;Bela Vista de Minas;-19.825846764;-43.0969322664;8946;63.749;31.165;0.481;0.0;0.0;2.046;2.56;0.0;0.0
MG;Belmiro Braga;-21.950131302;-43.4157207679;2898;75.328;15.7;0.863;0.621;0.0;3.968;3.52;0.0;0.0
MG;Belo Horizonte;-19.9375242938;-43.9264531735;2078310;53.134;27.286;3.923;0.822;0.015;4.992;9.754;0.049;0.024
MG;Belo Oriente;-19.2246449994;-42.4872826002;20686;44.745;40.119;0.087;0.102;0.0;2.407;12.255;0.0;0.285
MG;Belo Vale;-20.4066578718;-44.0285276542;7621;77.536;16.441;0.446;0.0;0.0;1.325;4.251;0.0;0.0
MG;Berilo;-16.9503017553;-42.4613537743;8872;78.517;18.023;0.0;0.0;0.0;1.386;1.882;0.0;0.192
MG;Bertópolis;-17.0609628122;-40.5722458501;3751;61.557;23.034;0.16;0.0;11.624;0.72;2.266;0.64;0.0
MG;Berizal;-15.6107836517;-41.7467850899;3677;76.693;19.554;0.0;0.0;0.0;0.653;3.019;0.0;0.082
MG;Betim;-19.9653792401;-44.1975511033;356802;43.329;38.936;1.328;0.384;0.012;5.843;9.927;0.209;0.032
MG;Bias Fortes;-21.6087474848;-43.7565748275;3010;85.382;11.728;0.1;0.0;0.0;1.395;1.395;0.0;0.0
MG;Bicas;-21.722105121;-43.0620472621;12478;57.068;28.835;4.648;1.186;0.0;2.717;5.546;0.0;0.0
MG;Biquinhas;-18.7847516602;-45.504651716;2167;82.603;15.505;0.969;0.0;0.0;0.369;0.554;0.0;0.0
MG;Boa Esperança;-21.0905310792;-45.5644089308;34763;77.977;15.137;2.408;0.466;0.0;1.743;2.241;0.0;0.029
MG;Bocaina de Minas;-22.1696084676;-44.3973057605;4788;77.172;11.216;1.274;0.397;0.0;3.049;6.809;0.0;0.084
MG;Bocaiuva;-17.1121047332;-43.8144435712;41704;73.103;21.912;0.415;0.381;0.019;1.65;2.328;0.031;0.161
MG;Bom Despacho;-19.7375963339;-45.2541151986;45114;77.663;16.004;0.796;0.541;0.0;1.388;3.589;0.0;0.02
MG;Bom Jardim de Minas;-21.9458997849;-44.189374456;6103;82.091;14.485;0.737;0.049;0.0;1.147;1.491;0.0;0.0
MG;Bom Jesus da Penha;-21.0172693112;-46.5235436139;3940;78.401;14.645;0.761;0.558;0.0;1.218;4.416;0.0;0.0
MG;Bom Jesus do Amparo;-19.7041372739;-43.4735149245;4915;77.111;19.145;0.855;0.0;0.0;1.038;1.851;0.0;0.0
MG;Bom Jesus do Galho;-19.8244720395;-42.3157265526;12891;68.474;23.326;0.186;0.147;0.0;1.846;5.896;0.0;0.124
MG;Bom Repouso;-22.4768368285;-46.1478822021;11032;86.575;10.687;0.054;0.0;0.0;0.689;1.994;0.0;0.0
MG;Bom Sucesso;-21.0304160944;-44.7555027233;15439;83.412;13.09;0.771;0.162;0.0;1.205;1.36;0.0;0.0
MG;Bonfim;-20.3254910996;-44.2329110849;6835;84.506;12.465;0.322;0.102;0.0;1.097;1.448;0.059;0.0
MG;Bonfinópolis de Minas;-16.5707647861;-45.9883406572;4841;74.406;16.773;1.281;0.083;0.0;2.623;4.834;0.0;0.0
MG;Bonito de Minas;-15.3238044715;-44.7580284449;8670;83.749;14.844;0.0;0.0;0.0;0.507;0.842;0.0;0.058
MG;Borda da Mata;-22.2724082578;-46.1671682395;15676;78.088;17.868;0.466;0.396;0.0;1.505;1.678;0.0;0.0
MG;Botelhos;-21.6516638757;-46.3954931503;13212;74.697;21.882;0.265;0.098;0.0;1.756;1.264;0.0;0.038
MG;Botumirim;-16.8629245519;-43.0104324369;5073;68.165;26.927;0.0;0.0;0.0;2.03;2.819;0.0;0.059
MG;Brasilândia de Minas;-16.9986005536;-46.015401759;12736;69.59;24.827;0.251;0.0;0.0;3.667;1.617;0.047;0.0
MG;Brasília de Minas;-16.2058726888;-44.4275330931;27988;80.685;16.003;0.1;0.0;0.0;0.822;2.222;0.0;0.168
MG;Brás Pires;-20.848456436;-43.2391225993;3845;91.209;8.01;0.0;0.0;0.0;0.364;0.416;0.0;0.0
MG;Braúnas;-19.0535966189;-42.715352637;3982;68.081;26.846;0.0;1.105;0.0;1.281;2.687;0.0;0.0
MG;Brazópolis;-22.4731102415;-45.6153258183;12700;88.323;7.189;0.882;0.165;0.0;1.614;1.827;0.0;0.0
MG;Brumadinho;-20.1441744103;-44.2001876091;34488;66.754;20.662;2.134;0.284;0.0;3.964;6.127;0.075;0.0
MG;Bueno Brandão;-22.4361670056;-46.3533880872;9957;81.561;11.65;1.205;0.141;0.0;1.296;3.997;0.05;0.1
MG;Buenópolis;-17.8742562843;-44.1807884588;8040;80.883;10.958;1.182;0.05;0.0;2.823;4.104;0.0;0.0
MG;Bugre;-19.422212675;-42.2594570123;3578;66.266;29.486;0.0;0.0;0.0;2.907;1.342;0.0;0.0
MG;Buritis;-15.62650549;-46.4240408012;20520;68.879;23.138;0.253;0.229;0.0;2.237;5.219;0.0;0.044
MG;Buritizeiro;-17.3594207726;-44.9551936819;20482;61.478;27.541;0.278;0.073;0.0;2.275;8.075;0.0;0.278
MG;Cabeceira Grande;-16.0282748032;-47.0849893051;5774;68.982;24.195;0.364;0.0;0.0;3.308;3.065;0.0;0.087
MG;Cabo Verde;-21.4692919516;-46.3999705002;10140;74.941;22.791;0.099;0.03;0.049;1.095;0.996;0.0;0.0
MG;Cachoeira da Prata;-19.5264353263;-44.4410509536;3296;75.698;18.659;2.791;0.728;0.0;1.153;0.88;0.0;0.091
MG;Cachoeira de Minas;-22.3539840612;-45.7821375141;10533;83.765;11.991;0.456;0.104;0.0;1.386;2.298;0.0;0.0
MG;Cachoeira Dourada;-18.5126898158;-49.5017341333;2091;63.51;24.39;2.822;0.813;0.0;1.339;7.126;0.0;0.0
MG;Caetanópolis;-19.2937130281;-44.4130373375;10153;70.708;19.915;1.133;0.473;0.0;3.112;4.659;0.0;0.0
MG;Caeté;-19.8871411326;-43.6647873511;34245;75.494;17.422;1.151;0.178;0.0;1.942;3.723;0.0;0.091
MG;Caiana;-20.6968289779;-41.9229821869;4639;54.99;32.96;1.487;0.216;0.0;1.207;8.967;0.0;0.172
MG;Cajuri;-20.7889426719;-42.7939202734;3613;74.149;21.644;0.554;0.0;0.0;0.886;2.768;0.0;0.0
MG;Caldas;-21.9233359583;-46.3877891099;12731;74.503;16.652;0.919;0.998;1.005;3.032;2.891;0.0;0.0
MG;Camacho;-20.6269158528;-45.158792672;2553;93.341;4.269;0.509;0.078;0.0;0.235;1.175;0.0;0.392
MG;Camanducaia;-22.7567463578;-46.1468632893;22724;66.115;23.407;0.959;0.488;0.0;4.572;4.458;0.0;0.0
MG;Cambuí;-22.6110971634;-46.0580193633;26230;68.677;22.409;0.953;0.945;0.0;1.86;5.036;0.0;0.118
MG;Cambuquira;-21.8554097676;-45.2925205085;10925;77.648;14.032;1.236;0.934;0.0;1.593;4.513;0.0;0.046
MG;Campanário;-18.2411235319;-41.7301317866;2599;77.915;18.238;0.115;0.0;0.192;0.654;2.886;0.0;0.0
MG;Campanha;-21.835356704;-45.3984486739;13958;75.656;19.48;0.939;0.58;0.0;0.974;2.371;0.0;0.0
MG;Campestre;-21.711454834;-46.2481585071;18734;72.98;23.476;0.112;0.107;0.0;1.628;1.697;0.0;0.0
MG;Campina Verde;-19.5354556029;-49.4811690506;16166;81.436;10.312;2.66;0.594;0.0;1.645;3.353;0.0;0.0
MG;Campo Azul;-16.5040634893;-44.8118582138;3241;78.556;19.809;0.0;0.0;0.0;0.0;1.265;0.0;0.37
MG;Campo Belo;-20.8953162458;-45.2758613611;46690;62.741;31.621;0.57;0.278;0.0;2.279;2.427;0.0;0.084
MG;Campo do Meio;-21.1093257176;-45.8307571405;10077;72.988;19.222;0.139;0.04;0.0;3.791;3.771;0.0;0.05
MG;Campo Florido;-19.7654453933;-48.5730034682;7179;55.342;16.256;13.776;1.031;0.0;3.51;10.085;0.0;0.0
MG;Campos Altos;-19.6988958418;-46.1737099168;11198;64.61;26.246;1.804;0.223;0.0;1.277;5.84;0.0;0.0
MG;Campos Gerais;-21.2386979074;-45.7569073652;23011;81.496;14.467;0.391;0.109;0.0;1.873;1.551;0.0;0.113
MG;Canaã;-20.6873760387;-42.6130114531;4173;88.497;9.49;0.144;0.072;0.0;1.006;0.719;0.0;0.072
MG;Canápolis;-18.721663722;-49.2040544544;9393;73.597;18.258;3.907;0.106;0.0;1.501;2.534;0.0;0.096
MG;Cana Verde;-21.0234516664;-45.1859253147;4767;64.254;33.249;0.189;0.294;0.0;0.545;1.468;0.0;0.0
MG;Candeias;-20.7703500412;-45.2768566965;12638;82.015;13.491;0.926;0.372;0.0;1.646;1.535;0.016;0.0
MG;Cantagalo;-18.5317179063;-42.6257272922;3435;72.431;23.173;0.116;0.0;0.0;1.718;2.562;0.0;0.0
MG;Caparaó;-20.5255883674;-41.907190295;4347;53.094;38.785;0.437;0.069;0.069;0.598;6.878;0.0;0.069
MG;Capela Nova;-20.9166679077;-43.6124218664;3987;92.4;5.393;0.351;0.15;0.0;0.451;1.204;0.0;0.05
MG;Capelinha;-17.6953852202;-42.5160753735;34138;71.1;22.582;0.656;0.12;0.0;0.82;4.713;0.0;0.009
MG;Capetinga;-20.6204991279;-47.0574368007;5726;80.353;14.268;1.048;0.175;0.0;1.816;2.34;0.0;0.0
MG;Capim Branco;-19.5455422093;-44.1331662414;9402;60.413;31.557;1.372;0.234;0.0;1.883;4.478;0.064;0.0
MG;Capinópolis;-18.6822937338;-49.5744822394;12876;60.322;23.99;4.668;0.233;0.0;2.446;8.341;0.0;0.0
MG;Capitão Andrade;-19.0790244576;-41.8650973291;4035;61.809;28.823;0.0;0.0;0.0;1.537;7.708;0.0;0.124
MG;Capitão Enéas;-16.3209151364;-43.7054128999;12012;75.175;20.879;0.05;0.0;0.0;1.365;2.498;0.0;0.033
MG;Capitólio;-20.6146635995;-46.0545138881;9193;70.412;22.43;1.512;0.054;0.0;2.502;3.089;0.0;0.0
MG;Caputira;-20.1708899895;-42.2719878999;7781;66.945;26.642;0.36;0.0;0.0;0.99;5.064;0.0;0.0
MG;Caraí;-17.1929041661;-41.6983072512;16957;73.81;22.616;0.0;0.0;0.0;1.185;2.388;0.0;0.0
MG;Caranaíba;-20.8702194156;-43.7394664789;2655;81.996;14.614;0.565;0.0;0.0;1.582;1.243;0.0;0.0
MG;Carandaí;-20.9543694555;-43.8054753702;21094;76.97;17.436;2.2;0.109;0.0;1.119;2.081;0.0;0.085
MG;Carangola;-20.7325505083;-42.0322245231;27711;58.208;26.585;2.793;0.386;0.0;3.439;8.322;0.166;0.101
MG;Caratinga;-19.7896349231;-42.1437070452;76720;62.595;29.685;0.722;0.188;0.027;1.834;4.761;0.0;0.188
MG;Carbonita;-17.5302458346;-43.0144602005;7493;82.197;13.933;0.374;0.0;0.0;1.201;2.295;0.0;0.0
MG;Careaçu;-22.0380848512;-45.6876774051;5988;66.951;27.221;1.202;0.2;0.0;3.357;1.069;0.0;0.0
MG;Carlos Chagas;-17.703331044;-40.7673997961;16449;71.603;20.165;0.936;0.182;0.0;5.016;2.018;0.0;0.079
MG;Carmésia;-19.0870863874;-43.1458403032;2218;63.3;29.306;0.0;0.0;2.66;1.623;2.976;0.0;0.135
MG;Carmo da Cachoeira;-21.4610604283;-45.2246230942;10036;77.73;16.072;0.678;0.05;0.0;3.318;2.112;0.0;0.04
MG;Carmo da Mata;-20.559210002;-44.8683827333;9970;85.597;10.231;1.234;0.311;0.0;0.812;1.815;0.0;0.0
MG;Carmo de Minas;-22.1181266346;-45.1327634856;12110;71.131;21.792;0.685;0.099;0.0;2.585;3.493;0.0;0.215
MG;Carmo do Cajuru;-20.1860938307;-44.7714781373;20633;81.268;10.856;0.969;0.485;0.0;4.095;2.326;0.0;0.0
MG;Carmo do Paranaíba;-18.9972890251;-46.3142888776;25994;79.707;15.23;1.058;0.331;0.0;1.312;2.362;0.0;0.0
MG;Carmo do Rio Claro;-20.9729965301;-46.1219647341;18626;82.814;13.406;1.305;0.134;0.0;1.176;1.165;0.0;0.0
MG;Carmópolis de Minas;-20.5396421743;-44.6325277075;15846;81.573;14.37;0.877;0.095;0.0;1.325;1.761;0.0;0.0
MG;Carneirinho;-19.6973263173;-50.6914274937;8371;64.974;21.228;0.227;0.096;0.0;6.355;6.941;0.0;0.179
MG;Carrancas;-21.4916256214;-44.6436090229;3547;77.953;10.601;0.592;0.254;0.0;3.186;7.415;0.0;0.0
MG;Carvalhópolis;-21.7760729207;-45.845639185;3021;69.646;24.297;2.251;0.0;0.0;0.861;2.946;0.0;0.0
MG;Carvalhos;-21.9967053816;-44.4660150728;3975;83.95;11.27;0.302;0.226;0.0;1.635;2.44;0.0;0.176
MG;Casa Grande;-20.7934512868;-43.9314665941;1989;85.571;12.871;0.151;0.302;0.0;0.704;0.402;0.0;0.0
MG;Cascalho Rico;-18.5785902483;-47.875998783;2415;73.209;23.478;1.325;0.0;0.0;0.29;1.698;0.0;0.0
MG;Cássia;-20.5828560244;-46.9240358606;15095;73.614;17.893;2.782;0.364;0.0;3.16;2.186;0.0;0.0
MG;Conceição da Barra de Minas;-21.1317693675;-44.4778082132;3223;89.078;9.339;0.186;0.0;0.0;0.248;1.148;0.0;0.0
MG;Cataguases;-21.3892484232;-42.6920846108;59230;61.319;26.002;4.354;0.755;0.0;3.326;3.942;0.014;0.289
MG;Catas Altas;-20.0748929432;-43.414805735;4762;66.233;26.879;0.336;0.063;0.0;2.583;3.906;0.0;0.0
MG;Catas Altas da Noruega;-20.687087621;-43.5050592005;2776;92.039;6.556;0.0;0.0;0.0;0.36;1.045;0.0;0.0
MG;Catuji;-17.3010807061;-41.5231268654;6012;76.564;19.029;0.0;0.216;0.0;1.63;2.562;0.0;0.0
MG;Catuti;-15.3573788763;-42.9635229642;4173;84.232;12.797;0.288;0.072;0.0;0.743;1.845;0.0;0.024
MG;Caxambu;-21.9793115398;-44.9314985914;18712;61.613;28.329;2.864;0.053;0.0;2.747;4.115;0.059;0.219
MG;Cedro do Abaeté;-19.1471676521;-45.712194936;992;76.109;20.565;0.806;0.101;0.0;0.403;2.016;0.0;0.0
MG;Central de Minas;-18.7574605377;-41.3104050537;5514;43.435;45.684;0.0;0.073;0.0;2.485;7.671;0.0;0.653
MG;Centralina;-18.5853855112;-49.1962825701;8660;63.418;22.379;6.617;0.104;0.0;2.621;4.677;0.0;0.185
MG;Chácara;-21.6729132233;-43.2187700295;2700;69.519;22.037;1.704;1.407;0.0;2.222;3.111;0.0;0.0
MG;Chalé;-20.0442533446;-41.692207008;5269;48.263;45.094;0.0;0.0;0.0;0.797;5.751;0.0;0.095
MG;Chapada do Norte;-17.0866959813;-42.5407487605;9154;79.976;18.036;0.076;0.055;0.0;0.841;0.972;0.0;0.044
MG;Chapada Gaúcha;-15.2998087151;-45.62558444;10240;77.285;20.459;0.059;0.0;0.0;1.035;1.104;0.0;0.059
MG;Chiador;-22.0037126009;-43.0590388471;2469;60.308;37.06;0.203;0.365;0.0;0.648;0.567;0.0;0.851
MG;Cipotânea;-20.9055357479;-43.3679772078;5027;92.341;6.187;0.08;0.0;0.0;0.637;0.756;0.0;0.0
MG;Claraval;-20.398376081;-47.2877612862;4108;74.245;17.941;1.047;0.0;0.0;3.14;3.554;0.0;0.073
MG;Claro dos Poções;-17.0776850229;-44.2087100149;6349;76.642;16.853;0.047;0.063;0.032;1.67;4.694;0.0;0.0
MG;Cláudio;-20.444574655;-44.7684225279;26322;84.697;10.398;1.546;0.293;0.0;1.478;1.588;0.0;0.0
MG;Coimbra;-20.858659528;-42.8059391026;6431;78.464;15.69;0.466;0.451;0.0;1.555;3.374;0.0;0.0
MG;Coluna;-18.2204050352;-42.8436545123;7197;77.143;17.869;0.57;0.0;0.0;1.112;3.224;0.0;0.083
MG;Comendador Gomes;-19.7002146271;-49.0814302053;2450;72.49;19.02;3.02;0.245;0.0;3.714;1.51;0.0;0.0
MG;Comercinho;-16.2965954748;-41.7911317349;5989;85.69;11.304;0.05;0.083;0.0;0.651;2.187;0.0;0.033
MG;Conceição da Aparecida;-21.0966200708;-46.2031272496;9188;79.06;17.207;0.305;0.044;0.0;1.545;1.839;0.0;0.0
MG;Conceição das Pedras;-22.1611757088;-45.4536794627;2483;87.918;10.673;0.121;0.0;0.0;0.604;0.685;0.0;0.0
MG;Conceição das Alagoas;-19.9231135062;-48.3818741295;24209;56.376;20.546;5.713;1.433;0.0;4.507;11.074;0.128;0.223
MG;Conceição de Ipanema;-19.9307803587;-41.6924492632;3913;62.97;33.427;0.077;0.0;0.0;1.533;1.993;0.0;0.0
MG;Conceição do Mato Dentro;-19.0451899945;-43.4234357675;19950;74.486;18.912;0.702;0.06;0.0;1.353;4.376;0.0;0.11
MG;Conceição do Pará;-19.7490562324;-44.8958756116;4795;77.581;15.85;0.48;0.0;0.0;2.669;3.316;0.0;0.104
MG;Conceição do Rio Verde;-21.8776655592;-45.0837688661;10980;76.075;19.654;0.228;0.264;0.0;1.94;1.84;0.0;0.0
MG;Conceição dos Ouros;-22.4174754897;-45.7963266585;9606;77.66;15.293;1.072;0.573;0.0;1.811;3.592;0.0;0.0
MG;Cônego Marinho;-15.2962703182;-44.4151547108;6253;82.217;16.024;0.32;0.0;0.0;0.656;0.64;0.0;0.144
MG;Confins;-19.6299482494;-43.9955960876;6479;61.892;26.532;2.531;0.556;0.0;5.772;2.716;0.0;0.0
MG;Congonhal;-22.1525607581;-46.0536623723;9895;80.141;16.655;0.323;0.394;0.0;1.102;1.385;0.0;0.0
MG;Congonhas;-20.5046427886;-43.8568926497;46149;69.986;24.174;0.191;0.095;0.0;1.749;3.779;0.026;0.0
MG;Congonhas do Norte;-18.8164519608;-43.6876316327;4254;79.384;15.773;0.188;0.0;0.0;1.457;3.032;0.0;0.165
MG;Conquista;-19.9369306256;-47.5432832203;5884;64.718;13.97;15.364;0.068;0.0;1.988;3.756;0.0;0.136
MG;Conselheiro Lafaiete;-20.6608517994;-43.7884446647;116294;73.792;18.341;1.798;0.565;0.0;2.351;3.064;0.064;0.026
MG;Conselheiro Pena;-19.1756232015;-41.4719740204;18203;50.717;41.235;0.033;0.0;0.0;1.456;6.493;0.0;0.066
MG;Consolação;-22.5504650358;-45.9222507202;1398;82.117;14.02;0.429;0.501;0.0;1.431;1.502;0.0;0.0
MG;Contagem;-19.9434459057;-44.0663446487;550123;48.63;35.845;2.083;0.526;0.023;4.66;8.183;0.019;0.031
MG;Coqueiral;-21.1865745237;-45.4408055668;8024;83.848;13.385;0.623;0.125;0.0;1.159;0.86;0.0;0.0
MG;Coração de Jesus;-16.6893234477;-44.3584952947;22111;75.397;20.886;0.0;0.131;0.0;2.252;1.334;0.0;0.0
MG;Cordisburgo;-19.1285333207;-44.3220674519;6814;79.792;15.879;0.47;0.147;0.0;2.025;1.688;0.0;0.0
MG;Cordislândia;-21.7912077552;-45.7005297277;2797;80.014;17.269;0.0;0.107;0.0;0.215;2.395;0.0;0.0
MG;Corinto;-18.3635162871;-44.4562256497;20544;71.179;23.749;0.73;0.151;0.0;1.081;3.11;0.0;0.0
MG;Coroaci;-18.6180835059;-42.2830278915;9843;73.27;20.177;0.213;0.0;0.0;1.179;5.1;0.0;0.061
MG;Coromandel;-18.4738505976;-47.2015477282;25634;78.076;15.109;2.423;0.203;0.0;2.313;1.876;0.0;0.0
MG;Coronel Fabriciano;-19.5250528393;-42.6243465773;92050;46.503;41.04;0.684;0.152;0.011;2.782;8.732;0.016;0.079
MG;Coronel Murta;-16.6102682357;-42.1848038231;7242;78.114;18.02;0.097;0.0;0.0;0.152;3.204;0.0;0.414
MG;Coronel Pacheco;-21.5764151525;-43.2688579711;2457;73.748;19.333;0.0;0.529;0.0;4.029;2.361;0.0;0.0
MG;Coronel Xavier Chaves;-21.0245950067;-44.2286242458;3121;81.32;12.079;0.16;0.32;0.0;1.987;4.133;0.0;0.0
MG;Córrego Danta;-19.8264100219;-45.8984710284;2690;74.796;20.892;0.297;0.112;0.0;0.52;3.383;0.0;0.0
MG;Córrego do Bom Jesus;-22.6299218874;-46.0179092076;3861;71.924;19.037;0.492;0.57;0.0;4.118;3.781;0.0;0.078
MG;Córrego Fundo;-20.4555253223;-45.553395446;5452;88.701;8.676;0.073;0.128;0.0;1.156;1.266;0.0;0.0
MG;Córrego Novo;-19.8347854823;-42.4001378803;2556;76.408;21.674;0.0;0.0;0.0;0.939;0.782;0.196;0.0
MG;Couto de Magalhães de Minas;-18.072059306;-43.475348775;3698;71.741;16.333;0.622;0.0;0.0;3.029;8.031;0.243;0.0
MG;Crisólita;-17.2375343951;-40.9148952781;4466;69.077;25.728;0.179;0.0;0.0;1.612;3.403;0.0;0.0
MG;Cristais;-20.8752331535;-45.518503849;10776;75.325;21.427;0.046;0.325;0.046;1.754;1.076;0.0;0.0
MG;Cristália;-16.7126340057;-42.859550912;4406;44.394;42.034;0.045;0.0;0.0;4.698;8.261;0.0;0.567
MG;Cristiano Otoni;-20.8408523331;-43.7978363805;4107;75.383;18.919;0.122;0.122;0.0;1.899;3.555;0.0;0.0
MG;Cristina;-22.2083205227;-45.2628086074;9200;78.348;16.663;0.359;0.554;0.0;2.098;1.935;0.0;0.043
MG;Crucilândia;-20.3932917694;-44.3378369394;4912;79.499;13.864;0.59;0.061;0.0;3.766;2.219;0.0;0.0
MG;Cruzeiro da Fortaleza;-18.9386473164;-46.6733926485;3055;90.475;7.169;0.229;0.098;0.0;0.458;1.571;0.0;0.0
MG;Cruzília;-21.8389511789;-44.8110234837;13578;90.47;6.82;0.714;0.177;0.0;1.075;0.744;0.0;0.0
MG;Cuparaque;-18.9666415321;-41.1031257418;3467;33.978;50.332;0.0;0.0;0.0;0.663;12.201;0.0;2.827
MG;Curral de Dentro;-15.939326781;-41.8559797796;6332;71.336;22.631;0.047;0.047;0.0;0.332;5.606;0.0;0.0
MG;Curvelo;-18.7554807216;-44.4283989683;71280;77.106;16.286;0.964;0.254;0.0;2.148;3.175;0.0;0.067
MG;Datas;-18.4533026488;-43.656714638;4698;74.926;21.499;0.128;0.064;0.0;1.128;2.256;0.0;0.0
MG;Delfim Moreira;-22.502008746;-45.2725963577;7084;81.126;14.328;0.226;0.085;0.0;2.527;1.708;0.0;0.0
MG;Delfinópolis;-20.3458462167;-46.8581796122;7325;69.311;21.051;1.529;0.137;0.0;3.631;4.205;0.0;0.137
MG;Delta;-19.9774726891;-47.7729714325;8823;52.238;26.442;3.457;0.272;0.0;3.253;14.281;0.0;0.057
MG;Descoberto;-21.4602039707;-42.9720691788;4405;76.459;17.775;1.249;0.931;0.0;1.271;2.179;0.0;0.136
MG;Desterro de Entre Rios;-20.6546306804;-44.3436660059;6856;80.397;16.744;0.292;0.0;0.0;1.269;1.298;0.0;0.0
MG;Desterro do Melo;-21.1471785182;-43.5196002212;2714;95.099;2.69;0.221;0.0;0.0;1.769;0.221;0.0;0.0
MG;Diamantina;-18.2420927242;-43.5944568222;41902;71.877;17.309;2.25;0.654;0.0;2.544;5.195;0.007;0.162
MG;Diogo de Vasconcelos;-20.4875057995;-43.1965768272;3177;82.436;13.787;0.315;0.0;0.0;2.014;1.291;0.0;0.157
MG;Dionísio;-19.8439966743;-42.7823684408;6203;57.456;30.453;0.403;0.0;0.0;4.433;7.093;0.0;0.161
MG;Divinésia;-20.9900103367;-43.0110812038;3695;80.731;13.342;1.137;0.785;0.0;3.194;0.812;0.0;0.0
MG;Divino;-20.6129771965;-42.1477393353;17741;62.787;27.58;0.53;0.18;0.056;0.981;7.525;0.0;0.361
MG;Divino das Laranjeiras;-18.7731284728;-41.4832539383;3700;46.568;42.622;0.0;0.0;0.0;1.811;8.649;0.0;0.351
MG;Divinolândia de Minas;-18.8052604138;-42.6218202062;5650;74.195;20.442;0.106;0.035;0.0;1.027;4.142;0.053;0.0
MG;Divinópolis;-20.1420739746;-44.8938855339;205297;73.815;15.35;2.266;0.451;0.0;3.84;4.241;0.012;0.025
MG;Divisa Alegre;-15.7239399549;-41.3400243278;5418;56.405;29.181;0.111;0.111;0.0;4.522;9.671;0.0;0.0
MG;Divisa Nova;-21.5172644643;-46.2029411062;5119;68.803;24.477;0.41;0.0;0.0;2.618;3.692;0.0;0.0
MG;Divisópolis;-15.72463536;-41.002582397;9079;56.923;30.191;0.341;0.242;0.0;5.628;6.532;0.0;0.143
MG;Dom Bosco;-16.6507498919;-46.2714498988;3210;74.143;20.498;0.467;0.0;0.0;0.779;4.112;0.0;0.0
MG;Dom Cavati;-19.3791630319;-42.1103240465;4404;62.012;28.747;0.204;0.0;0.0;1.975;6.994;0.0;0.068
MG;Dom Joaquim;-18.9645501866;-43.261348004;4265;70.739;25.791;0.422;0.0;0.0;0.891;2.157;0.0;0.0
MG;Dom Silvério;-20.1622049297;-42.970872967;4745;85.416;10.369;1.096;0.126;0.0;0.506;2.487;0.0;0.0
MG;Dom Viçoso;-22.2536741087;-45.1591686739;2801;86.683;10.496;0.393;0.428;0.0;1.25;0.464;0.0;0.286
MG;Dona Euzébia;-21.3238746965;-42.8069340638;5384;66.716;26.504;1.969;0.037;0.0;1.486;3.12;0.0;0.167
MG;Dores de Campos;-21.10408756;-44.0230465709;8944;87.925;8.162;1.42;0.0;0.0;0.727;1.767;0.0;0.0
MG;Dores de Guanhães;-19.0542617835;-42.9267218923;4417;69.527;28.141;0.113;0.0;0.0;0.0;2.219;0.0;0.0
MG;Dores do Indaiá;-19.4616294368;-45.6026558325;11540;76.525;16.768;1.69;0.442;0.0;1.75;2.825;0.0;0.0
MG;Dores do Turvo;-20.9812733744;-43.1951945185;4459;90.2;7.109;0.426;0.449;0.0;0.964;0.852;0.0;0.0
MG;Doresópolis;-20.2884509606;-45.9051968862;1300;81.615;16.462;0.0;0.154;0.0;1.154;0.385;0.0;0.231
MG;Douradoquara;-18.4338340923;-47.6119749499;1622;72.503;17.201;2.836;0.185;0.0;4.994;2.281;0.0;0.0
MG;Durandé;-20.2072388772;-41.7942616474;6671;74.936;22.83;0.045;0.06;0.0;0.69;1.439;0.0;0.0
MG;Elói Mendes;-21.6093127849;-45.5664342008;23183;81.948;14.109;0.474;0.0;0.0;0.884;2.584;0.0;0.0
MG;Engenheiro Caldas;-19.1981028703;-42.0498416858;11396;69.893;26.386;0.018;0.755;0.0;1.615;1.334;0.0;0.0
MG;Engenheiro Navarro;-17.2877532078;-43.9494147387;5547;71.552;20.498;0.343;0.0;0.054;2.326;5.228;0.0;0.0
MG;Entre Folhas;-19.6277833509;-42.2323599753;4546;63.77;26.353;0.0;0.0;0.088;1.716;8.073;0.0;0.0
MG;Entre Rios de Minas;-20.6713572038;-44.0670816813;13151;83.849;10.889;1.103;0.0;0.0;1.171;2.95;0.0;0.038
MG;Ervália;-20.833506558;-42.659367465;18037;85.496;9.713;0.593;0.144;0.0;0.532;3.521;0.0;0.0
MG;Esmeraldas;-19.7592007438;-44.3148069192;73260;48.142;36.963;1.317;0.377;0.082;6.567;6.45;0.072;0.03
MG;Espera Feliz;-20.6437078083;-41.913935017;21011;56.589;31.188;2.299;0.876;0.0;2.661;6.273;0.0;0.114
MG;Espinosa;-14.9252718112;-42.8129818449;26332;84.247;12.859;0.156;0.049;0.0;1.72;0.927;0.0;0.042
MG;Espírito Santo do Dourado;-22.0475136418;-45.9540125199;5644;85.33;9.745;0.159;0.337;0.0;1.329;3.101;0.0;0.0
MG;Estiva;-22.4630450604;-46.0163518066;10258;84.003;11.991;0.049;0.049;0.0;2.193;1.716;0.0;0.0
MG;Estrela Dalva;-21.7422852764;-42.4583710299;1968;68.089;19.36;0.508;0.457;0.0;0.864;10.722;0.0;0.0
MG;Estrela do Indaiá;-19.5202378221;-45.792432562;2555;85.597;11.037;0.196;0.117;0.0;1.018;2.035;0.0;0.0
MG;Estrela do Sul;-18.7412931757;-47.6889748021;6023;66.362;26.465;1.71;0.249;0.0;1.395;3.819;0.0;0.0
MG;Eugenópolis;-21.0972225307;-42.1922770819;9679;55.047;36.398;1.271;0.599;0.0;1.653;5.032;0.0;0.0
MG;Ewbank da Câmara;-21.5416361511;-43.5075913951;3336;63.1;32.014;0.0;0.0;0.0;3.267;1.619;0.0;0.0
MG;Extrema;-22.858190072;-46.3221617404;46220;58.204;25.318;1.374;0.671;0.022;6.649;7.763;0.0;0.0
MG;Fama;-21.405761529;-45.8323121024;2327;75.161;16.545;1.504;2.192;0.0;2.965;1.633;0.0;0.0
MG;Faria Lemos;-20.8017449435;-42.0138461767;2797;60.422;27.78;0.25;0.322;0.0;2.574;8.652;0.0;0.0
MG;Felício dos Santos;-18.0775631171;-43.2451709348;4541;80.863;14.953;0.132;0.0;0.0;1.475;2.334;0.0;0.242
MG;São Gonçalo do Rio Preto;-18.0063941615;-43.3845437324;2750;86.145;7.964;0.982;0.0;0.0;0.691;4.218;0.0;0.0
MG;Felisburgo;-16.6383331501;-40.7585704995;5542;73.602;24.071;0.162;0.0;0.0;1.01;1.155;0.0;0.0
MG;Felixlândia;-18.7543565615;-44.8965866174;12584;80.173;12.889;0.946;0.143;0.0;2.193;3.655;0.0;0.0
MG;Fernandes Tourinho;-19.151000645;-42.0809784804;2494;62.751;27.426;0.0;0.0;0.0;6.576;3.248;0.0;0.0
MG;Ferros;-19.2364195947;-43.0197136171;8621;79.318;17.689;0.22;0.058;0.0;0.336;2.378;0.0;0.0
MG;Fervedouro;-20.7327756858;-42.2781805292;9152;64.347;30.605;0.197;0.175;0.0;0.918;3.475;0.0;0.284
MG;Florestal;-19.8945182325;-44.4301155625;7153;70.544;19.027;2.307;0.308;0.0;2.279;5.396;0.0;0.14
MG;Formiga;-20.4648835525;-45.4264281831;61379;72.997;20.321;1.414;0.474;0.015;1.717;2.942;0.0;0.119
MG;Formoso;-14.9517425979;-46.2399795368;6758;75.215;14.309;2.22;0.0;0.0;3.137;4.78;0.089;0.252
MG;Fortaleza de Minas;-20.848492512;-46.7126434064;3086;81.497;13.577;0.421;0.227;0.0;2.301;1.977;0.0;0.0
MG;Fortuna de Minas;-19.5639009597;-44.443397045;2758;73.604;15.772;2.538;0.508;0.0;2.502;4.931;0.0;0.145
MG;Francisco Badaró;-16.9906912878;-42.3497731637;6688;94.587;4.815;0.0;0.0;0.0;0.0;0.493;0.0;0.105
MG;Francisco Dumont;-17.3199488056;-44.2342065278;3922;60.913;30.75;0.484;0.0;0.0;4.386;3.289;0.0;0.178
MG;Francisco Sá;-16.4756808657;-43.4887352815;20713;73.746;21.04;0.29;0.092;0.0;0.85;3.882;0.0;0.101
MG;Franciscópolis;-17.9590435726;-42.0073128119;4507;74.018;21.056;0.0;0.133;0.0;2.396;2.219;0.0;0.178
MG;Frei Gaspar;-18.0711850281;-41.4294207856;4861;64.987;24.522;0.165;0.0;0.0;4.752;5.575;0.0;0.0
MG;Frei Inocêncio;-18.5617897298;-41.9012165865;7223;56.971;36.868;0.069;0.069;0.0;3.613;2.409;0.0;0.0
MG;Frei Lagonegro;-18.1650807121;-42.7652952386;2985;78.727;18.794;0.0;0.0;0.0;0.469;2.01;0.0;0.0
MG;Fronteira;-20.2883005579;-49.2042820251;12710;47.53;28.891;1.172;0.354;0.0;3.438;18.615;0.0;0.0
MG;Fronteira dos Vales;-16.8920152174;-40.9250786594;3819;81.225;16.837;0.0;0.0;0.0;0.157;1.597;0.079;0.105
MG;Fruta de Leite;-16.116418423;-42.532221936;4065;80.566;16.384;0.098;0.0;0.074;1.993;0.787;0.0;0.098
MG;Frutal;-20.0258978751;-48.9391537103;51208;51.463;26.972;5.691;0.9;0.0;6.056;8.78;0.039;0.1
MG;Funilândia;-19.369987333;-44.0630858804;4153;65.904;26.752;1.373;0.65;0.0;2.552;2.769;0.0;0.0
MG;Galiléia;-19.0054736425;-41.5361971686;5378;46.783;45.054;0.056;0.074;0.0;0.669;7.289;0.0;0.074
MG;Gameleiras;-15.0768220675;-43.1194808392;4182;81.253;18.101;0.072;0.0;0.0;0.12;0.454;0.0;0.0
MG;Glaucilândia;-16.8502186918;-43.6964058978;2603;77.795;20.015;0.0;0.0;0.0;0.307;1.306;0.0;0.576
MG;Goiabeira;-18.9817133371;-41.2228216103;2478;53.551;41.364;0.363;0.0;0.0;0.726;3.188;0.0;0.807
MG;Goianá;-21.5324178277;-43.191482397;3659;69.117;23.34;1.421;0.082;0.0;3.362;2.678;0.0;0.0
MG;Gonçalves;-22.6576191871;-45.8565920385;4231;78.374;8.84;2.458;0.945;0.0;2.836;6.547;0.0;0.0
MG;Gonzaga;-18.8248250014;-42.4772238729;4604;69.136;26.89;0.239;0.0;0.0;1.064;2.672;0.0;0.0
MG;Gouveia;-18.4429725027;-43.7339867458;10004;80.048;16.893;0.37;0.07;0.0;1.05;1.569;0.0;0.0
MG;Governador Valadares;-18.8528824033;-41.947081334;226913;48.499;39.638;0.716;0.102;0.019;4.12;6.759;0.067;0.079
MG;Grão Mogol;-16.5664951548;-42.8880128801;12123;72.235;24.59;0.0;0.0;0.0;1.064;2.112;0.0;0.0
MG;Grupiara;-18.4930238023;-47.724798435;1262;58.954;32.647;1.585;0.0;0.0;1.585;5.23;0.0;0.0
MG;Guanhães;-18.7771507902;-42.9370490952;28144;71.553;20.413;1.428;0.099;0.0;2.029;4.388;0.0;0.089
MG;Guapé;-20.756724512;-45.9183838607;12181;83.786;11.19;0.837;0.148;0.0;0.993;2.816;0.0;0.23
MG;Guaraciaba;-20.571703501;-43.0112816472;8815;91.968;7.396;0.113;0.0;0.0;0.113;0.408;0.0;0.0
MG;Guaraciama;-17.0115274631;-43.6687777058;4425;80.655;16.203;0.316;0.0;0.0;0.859;1.785;0.0;0.181
MG;Guaranésia;-21.3055603707;-46.7954912203;16930;71.27;20.248;1.323;0.278;0.0;2.333;4.442;0.059;0.047
MG;Guarani;-21.3626691859;-43.046456684;6813;75.679;16.571;3.758;0.279;0.0;0.969;2.657;0.0;0.088
MG;Guarará;-21.7327203008;-43.0389524781;2783;54.653;31.764;1.617;0.503;0.0;4.779;6.683;0.0;0.0
MG;Guarda-Mor;-17.7712998978;-47.1010758535;5674;73.335;21.343;1.022;0.0;0.0;0.652;3.648;0.0;0.0
MG;Guaxupé;-21.3037814647;-46.713537231;45324;68.672;21.558;3.464;0.452;0.0;2.681;3.023;0.0;0.15
MG;Guidoval;-21.1442385033;-42.8008173121;6332;66.709;24.131;1.864;0.237;0.0;1.232;5.796;0.0;0.032
MG;Guimarânia;-18.8380192151;-46.7972650323;7346;80.697;12.592;0.504;0.082;0.0;1.116;5.01;0.0;0.0
MG;Guiricema;-21.0106733748;-42.7188124698;7091;79.1;17.12;0.409;0.0;0.0;0.804;2.567;0.0;0.0
MG;Gurinhatã;-19.2137484368;-49.786273294;4678;70.18;19.303;3.249;0.214;0.0;4.81;2.116;0.0;0.128
MG;Heliodora;-22.0647444405;-45.5445766341;5489;84.168;10.002;0.364;1.385;0.0;2.314;1.621;0.0;0.146
MG;Iapu;-19.4402724492;-42.2146925148;10695;65.788;21.085;0.122;0.327;0.0;1.234;11.183;0.0;0.262
MG;Ibertioga;-21.429472482;-43.9681238351;4626;89.429;7.436;0.54;0.389;0.0;0.908;1.297;0.0;0.0
MG;Ibiá;-19.4751117154;-46.538611419;19290;68.968;20.176;3.027;0.539;0.0;2.592;4.541;0.0;0.156
MG;Ibiaí;-16.8598724484;-44.9141068387;5432;76.528;17.857;0.0;0.331;0.0;3.995;0.608;0.0;0.681
MG;Ibiracatu;-15.6654666513;-44.1677094358;4426;80.818;18.052;0.0;0.0;0.0;0.0;1.13;0.0;0.0
MG;Ibiraci;-20.4701548793;-47.1308034907;9371;80.248;13.211;3.383;0.107;0.0;1.185;1.451;0.0;0.416
MG;Ibirité;-20.0280377507;-44.0566646388;147568;42.489;42.042;0.55;0.35;0.014;6.298;8.109;0.048;0.1
MG;Ibitiúra de Minas;-22.0570551562;-46.4376032821;3012;66.301;29.947;0.332;0.0;0.0;0.266;3.154;0.0;0.0
MG;Ibituruna;-21.1464850112;-44.7384635852;2418;83.251;13.565;0.165;0.0;0.0;2.605;0.414;0.0;0.0
MG;Icaraí de Minas;-16.2140127771;-44.9027768021;9279;81.302;15.681;0.0;0.043;0.0;1.39;1.53;0.0;0.054
MG;Igarapé;-20.0699086841;-44.3011578803;39375;45.346;38.202;1.28;0.292;0.03;5.199;9.554;0.0;0.097
MG;Igaratinga;-19.9538862483;-44.7004951349;9407;77.123;18.571;0.638;0.17;0.0;1.648;1.85;0.0;0.0
MG;Iguatama;-20.1760739664;-45.709140106;6045;77.783;18.031;0.496;0.199;0.0;0.794;2.696;0.0;0.0
MG;Ijaci;-21.1720656159;-44.9287829737;6197;68.178;19.187;2.63;0.21;0.0;3.276;6.422;0.0;0.097
MG;Ilicínea;-20.9403890168;-45.8284636231;11230;84.577;12.841;0.24;0.036;0.0;0.988;1.318;0.0;0.0
MG;Imbé de Minas;-19.5958756425;-41.9624807645;6082;76.702;20.355;0.049;0.0;0.0;0.822;2.072;0.0;0.0
MG;Inconfidentes;-22.32148713;-46.3338013988;6617;83.361;13.103;0.499;0.257;0.0;1.013;1.632;0.136;0.0
MG;Indaiabira;-15.4923847143;-42.2035848205;5585;75.38;20.591;0.036;0.0;0.0;0.788;3.205;0.0;0.0
MG;Indianópolis;-19.0424949328;-47.9179923167;5333;71.367;17.495;3.525;0.206;0.0;1.706;5.625;0.0;0.075
MG;Ingaí;-21.4037168147;-44.9224226367;2318;87.403;8.93;0.561;0.863;0.0;1.165;0.604;0.0;0.475
MG;Inhapim;-19.5501147218;-42.121930935;20319;80.166;16.349;0.157;0.049;0.0;0.728;2.421;0.0;0.128
MG;Inhaúma;-19.4923673885;-44.3909455266;5539;72.504;21.123;1.011;0.108;0.0;1.426;3.827;0.0;0.0
MG;Inimutaba;-18.7314405299;-44.3662617661;6546;79.484;17.171;0.382;0.137;0.0;0.703;2.016;0.107;0.0
MG;Ipaba;-19.4132508262;-42.4181656694;15039;38.234;44.956;0.226;0.0;0.0;2.4;14.037;0.027;0.12
MG;Ipanema;-19.8003359539;-41.71735332;17209;59.661;31.402;0.691;0.227;0.0;1.761;6.218;0.0;0.041
MG;Ipatinga;-19.4810320973;-42.5203511114;201220;43.402;43.297;0.853;0.133;0.017;4.295;7.856;0.048;0.099
MG;Ipiaçu;-18.6948803087;-49.9457732111;3362;71.386;19.542;1.457;0.0;0.0;2.796;4.819;0.0;0.0
MG;Ipuiúna;-22.0995205122;-46.1908292322;8186;76.411;19.533;0.379;0.354;0.0;1.796;1.527;0.0;0.0
MG;Iraí de Minas;-18.9818583455;-47.4629914178;6132;72.048;23.206;0.473;0.049;0.065;1.549;2.528;0.0;0.082
MG;Itabira;-19.6381694926;-43.223951619;99876;70.918;22.409;0.486;0.298;0.011;2.769;3.071;0.0;0.038
MG;Itabirinha;-18.5567992809;-41.2331827153;9110;50.801;38.507;0.0;0.055;0.0;1.778;8.288;0.0;0.571
MG;Itabirito;-20.2541765124;-43.8021429839;46610;72.873;18.814;1.611;0.311;0.071;2.062;4.199;0.0;0.06
MG;Itacambira;-17.0644351817;-43.3104021871;3786;84.205;15.267;0.0;0.0;0.0;0.264;0.264;0.0;0.0
MG;Itacarambi;-15.1026418649;-44.0931858021;14810;59.588;27.056;0.02;0.0;0.0;4.139;8.859;0.0;0.338
MG;Itaguara;-20.390678217;-44.4867779578;12264;76.329;17.221;2.332;0.636;0.0;1.19;2.291;0.0;0.0
MG;Itaipé;-17.4042316438;-41.6732295732;8857;76.019;20.989;0.045;0.0;0.0;0.485;2.179;0.169;0.113
MG;Itajubá;-22.4306005745;-45.4645825045;82114;64.923;27.058;1.285;0.3;0.033;1.813;4.402;0.012;0.174
MG;Itamarandiba;-17.8585173258;-42.8491577569;28548;74.145;21.991;0.403;0.035;0.0;1.054;2.28;0.025;0.067
MG;Itamarati de Minas;-21.4194556178;-42.8185933585;3276;62.332;27.808;1.557;0.153;0.0;1.954;5.83;0.0;0.366
MG;Itambacuri;-18.0343299629;-41.682267382;18279;76.049;19.29;0.372;0.115;0.0;1.428;2.358;0.109;0.279
MG;Itambé do Mato Dentro;-19.4209634657;-43.3228953039;1935;85.22;12.196;0.258;0.103;0.0;0.413;1.809;0.0;0.0
MG;Itamogi;-21.0784433613;-47.0474677839;9511;75.923;17.674;1.451;0.357;0.0;2.061;2.534;0.0;0.0
MG;Itamonte;-22.2851269734;-44.8682875036;13081;71.386;21.053;0.237;0.038;0.0;2.324;4.877;0.038;0.046
MG;Itanhandu;-22.2950796549;-44.9359219047;13577;78.243;16.329;0.891;0.398;0.044;1.414;2.593;0.0;0.088
MG;Itanhomi;-19.1716889296;-41.8649318371;9809;69.344;26.792;0.143;0.112;0.0;1.213;2.253;0.0;0.143
MG;Itaobim;-16.559525917;-41.4989769804;16849;69.903;23.396;0.386;0.119;0.0;1.169;4.76;0.208;0.059
MG;Itapagipe;-19.9032958274;-49.3698210446;12226;71.119;17.078;2.863;0.63;0.0;2.217;5.963;0.0;0.131
MG;Itapecerica;-20.4728898996;-45.1246798889;19095;87.918;8.725;0.707;0.063;0.0;1.21;1.126;0.0;0.251
MG;Itapeva;-22.7697403889;-46.2195568578;11049;60.775;29.414;0.806;0.389;0.054;3.991;4.571;0.0;0.0
MG;Itatiaiuçu;-20.1986423604;-44.4291636129;11331;70.179;21.781;0.918;0.15;0.0;2.383;4.527;0.018;0.044
MG;Itaú de Minas;-20.7381893868;-46.7529537831;12815;65.314;27.655;0.609;0.218;0.0;3.816;2.341;0.0;0.047
MG;Itaúna;-20.0744355868;-44.578276578;86853;74.451;19.245;1.066;0.259;0.0;1.904;2.994;0.006;0.075
MG;Itaverava;-20.674727471;-43.6043223481;5032;88.394;8.963;0.397;0.099;0.0;1.351;0.795;0.0;0.0
MG;Itinga;-16.601429392;-41.7781780722;12071;81.584;14.473;0.0;0.083;0.0;0.928;2.833;0.0;0.099
MG;Itueta;-19.3923977847;-41.2256319128;5267;45.51;44.048;2.392;0.152;0.0;1.994;5.848;0.0;0.057
MG;Ituiutaba;-18.9730676809;-49.4622351892;90058;65.702;20.039;4.693;0.988;0.0;2.347;6.148;0.0;0.082
MG;Itumirim;-21.3137963381;-44.875787846;5885;89.55;8.088;0.187;0.068;0.0;1.291;0.629;0.0;0.187
MG;Iturama;-19.7319475242;-50.2019735754;33209;68.918;20.413;1.394;0.605;0.0;3.532;5.035;0.024;0.078
MG;Itutinga;-21.2960563593;-44.6588381542;3760;80.399;13.883;1.223;0.0;0.0;2.048;2.447;0.0;0.0
MG;Jaboticatubas;-19.5222886182;-43.747333633;18121;66.624;25.942;0.993;0.331;0.0;1.805;4.177;0.0;0.127
MG;Jacinto;-16.1411618529;-40.2914288341;9799;68.282;22.686;1.031;0.347;0.0;1.582;5.98;0.051;0.041
MG;Jacuí;-21.0176021589;-46.7420103807;6616;83.993;12.288;0.559;0.091;0.0;1.587;1.436;0.0;0.045
MG;Jacutinga;-22.2866380298;-46.6123411663;22487;60.604;33.522;0.173;0.294;0.036;2.588;2.784;0.0;0.0
MG;Jaguaraçu;-19.6470726974;-42.7529990592;2733;53.568;34.87;0.768;0.0;0.0;3.879;6.915;0.0;0.0
MG;Jaíba;-15.3429340536;-43.670328876;31251;66.836;28.431;0.0;0.0;0.032;1.654;2.672;0.0;0.374
MG;Jampruca;-18.4615985742;-41.8101692474;3782;66.579;29.64;0.0;0.0;0.0;0.502;3.279;0.0;0.0
MG;Janaúba;-15.7990284584;-43.3076829438;61004;74.225;19.115;0.285;0.192;0.0;2.536;3.251;0.062;0.334
MG;Januária;-15.487872814;-44.3598053349;55551;76.229;18.167;0.652;0.176;0.0;2.668;1.944;0.036;0.128
MG;Japaraíba;-20.1416175951;-45.5041178059;3895;88.447;10.116;0.359;0.0;0.0;0.745;0.334;0.0;0.0
MG;Japonvar;-16.0009569336;-44.2761272372;7091;85.178;13.129;0.042;0.099;0.0;0.465;1.086;0.0;0.0
MG;Jeceaba;-20.5330334383;-43.9852319173;5509;84.807;12.906;0.272;0.0;0.0;1.017;0.944;0.0;0.054
MG;Jenipapo de Minas;-17.0804230781;-42.2560474559;5312;84.375;12.387;0.0;0.132;0.0;1.694;1.412;0.0;0.0
MG;Jequeri;-20.4463030375;-42.6822636839;11016;80.02;17.447;0.209;0.118;0.0;0.817;1.344;0.0;0.045
MG;Jequitaí;-17.2163725571;-44.4416872766;5713;69.596;20.602;0.105;0.0;0.0;3.203;6.336;0.0;0.158
MG;Jequitibá;-19.2376735102;-44.0280763937;5249;71.023;22.08;0.953;0.057;0.0;3.182;2.629;0.0;0.076
MG;Jequitinhonha;-16.4417689424;-41.0071154424;21019;71.721;21.324;0.271;0.533;0.0;1.275;4.791;0.086;0.0
MG;Jesuânia;-21.9984256961;-45.2908769704;4511;76.258;20.239;0.355;0.089;0.0;0.754;2.305;0.0;0.0
MG;Joaíma;-16.654729638;-41.0230530137;11925;67.287;26.34;0.134;0.0;0.0;1.535;4.679;0.0;0.025
MG;Joanésia;-19.1686956741;-42.6747016823;3939;65.778;27.9;0.0;0.076;0.0;3.656;2.589;0.0;0.0
MG;João Monlevade;-19.8056386938;-43.1745712713;71003;65.373;26.933;1.355;0.265;0.0;1.931;4.111;0.01;0.023
MG;João Pinheiro;-17.7418529396;-46.1754635513;40827;79.109;18.341;0.46;0.171;0.0;0.796;1.029;0.0;0.093
MG;Joaquim Felício;-17.7552943066;-44.1736047178;3386;68.252;23.538;0.295;0.266;0.0;3.721;3.839;0.0;0.089
MG;Jordânia;-15.9010651064;-40.1800141591;9008;59.503;29.174;0.089;0.0;0.0;4.984;6.05;0.0;0.2
MG;José Gonçalves de Minas;-16.9071819766;-42.6071746086;3471;83.578;14.434;0.086;0.0;0.0;0.634;1.268;0.0;0.0
MG;José Raydan;-18.2174949412;-42.5005902688;3740;74.652;21.551;0.0;0.0;0.0;0.936;2.861;0.0;0.0
MG;Josenópolis;-16.5445254003;-42.5131370187;3187;78.004;19.046;0.0;0.094;0.0;0.847;2.008;0.0;0.0
MG;Nova União;-19.688103368;-43.5799944147;5164;68.493;28.06;0.639;0.116;0.0;1.665;1.026;0.0;0.0
MG;Juatuba;-19.9557908623;-44.3413314409;26556;53.92;33.744;0.941;0.388;0.09;4.236;6.417;0.03;0.233
MG;Juiz de Fora;-21.7609243087;-43.3488172725;485937;56.798;25.298;5.286;1.18;0.0;3.62;7.723;0.044;0.05
MG;Juramento;-16.851270455;-43.5901936206;3332;75.12;20.438;0.21;0.0;0.0;3.241;0.69;0.3;0.0
MG;Juruaia;-21.2493559381;-46.5805964847;9710;72.338;24.48;0.268;0.062;0.0;1.05;1.74;0.0;0.062
MG;Juvenília;-14.2635945629;-44.15958971;5006;69.497;22.992;0.0;0.0;0.0;0.719;6.712;0.0;0.08
MG;Ladainha;-17.6244796697;-41.7404499397;12504;75.648;18.746;0.392;0.12;0.784;1.248;3.063;0.0;0.0
MG;Lagamar;-18.1769616223;-46.8125356351;6000;77.0;20.3;0.267;0.0;0.0;0.433;2.0;0.0;0.0
MG;Lagoa da Prata;-20.0237653293;-45.5416920321;45459;73.913;21.129;0.601;0.106;0.0;1.612;2.633;0.0;0.007
MG;Lagoa dos Patos;-16.9784492005;-44.5783346323;2876;77.712;16.725;0.139;0.0;0.0;1.46;3.964;0.0;0.0
MG;Lagoa Dourada;-20.918598617;-44.07111644;11199;90.83;6.911;0.607;0.071;0.0;0.214;1.322;0.0;0.045
MG;Lagoa Formosa;-18.7755725804;-46.406528792;16841;83.51;11.626;0.511;0.344;0.0;1.194;2.161;0.0;0.653
MG;Lagoa Grande;-17.8380469909;-46.5179054004;7861;82.928;12.683;1.272;0.28;0.0;0.89;1.895;0.0;0.051
MG;Lagoa Santa;-19.6258505201;-43.8952876969;65785;54.544;31.424;3.49;0.575;0.0;4.156;5.763;0.036;0.012
MG;Lajinha;-20.1641701468;-41.6452930379;17989;55.061;36.945;0.295;0.078;0.0;1.034;6.537;0.0;0.05
MG;Lambari;-21.9743155557;-45.3524788135;18263;65.077;24.591;1.265;0.778;0.0;4.227;4.008;0.0;0.055
MG;Lamim;-20.7920574263;-43.4744670606;2894;94.644;4.63;0.276;0.0;0.0;0.242;0.0;0.0;0.207
MG;Laranjal;-21.3636296129;-42.4806742916;5377;82.816;12.051;0.688;0.074;0.0;0.967;3.403;0.0;0.0
MG;Lassance;-17.8951151805;-44.5793585587;6240;71.955;18.173;0.545;0.144;0.0;1.218;7.436;0.529;0.0
MG;Lavras;-21.2428702373;-44.9999311091;92695;67.606;19.7;2.82;0.612;0.023;3.391;5.785;0.0;0.065
MG;Leandro Ferreira;-19.719223472;-45.0262837853;2824;82.365;11.544;0.248;0.0;0.0;1.877;3.966;0.0;0.0
MG;Leme do Prado;-17.0838668462;-42.6956826242;3822;77.813;19.623;0.0;0.0;0.0;0.811;1.753;0.0;0.0
MG;Leopoldina;-21.5307293645;-42.6418441295;45186;60.773;24.457;3.366;1.768;0.0;2.946;6.491;0.031;0.168
MG;Liberdade;-22.0243587048;-44.3151409364;4330;84.804;12.517;0.739;0.231;0.069;0.6;1.039;0.0;0.0
MG;Lima Duarte;-21.8410955181;-43.796383224;15355;76.659;15.663;1.316;0.352;0.0;1.615;4.311;0.0;0.085
MG;Limeira do Oeste;-19.5477771593;-50.5752903742;7505;72.258;20.573;1.066;0.147;0.0;1.812;4.064;0.0;0.08
MG;Lontra;-15.902058353;-44.3061148191;7584;75.804;19.633;0.158;0.0;0.0;1.437;2.967;0.0;0.0
MG;Luisburgo;-20.4383761083;-42.1064719036;5961;63.966;28.871;0.403;0.0;0.0;1.392;5.368;0.0;0.0
MG;Luislândia;-16.1153114862;-44.586048427;5378;85.98;11.9;0.112;0.0;0.0;0.576;1.376;0.056;0.0
MG;Luminárias;-21.5123199002;-44.9061064797;5024;81.31;7.962;6.489;0.06;0.0;0.955;3.165;0.0;0.06
MG;Luz;-19.7962466219;-45.6838812681;15980;82.059;14.481;0.557;0.044;0.0;1.446;1.339;0.0;0.075
MG;Machacalis;-17.0773703529;-40.7204221322;5709;71.571;24.68;0.123;0.0;0.0;1.139;2.4;0.053;0.035
MG;Machado;-21.6783538965;-45.9217640832;33255;71.201;22.89;0.893;0.277;0.027;2.24;2.093;0.0;0.379
MG;Madre de Deus de Minas;-21.4773220689;-44.3408859115;4627;90.231;7.391;0.562;0.0;0.0;0.994;0.821;0.0;0.0
MG;Malacacheta;-17.84162254;-42.076076701;15380;77.055;16.066;0.559;0.059;0.0;1.645;4.59;0.026;0.0
MG;Mamonas;-15.0516469178;-42.9559643493;5383;90.804;8.174;0.093;0.056;0.0;0.223;0.65;0.0;0.0
MG;Manga;-14.7559221144;-43.9367615224;16229;74.213;20.1;0.129;0.111;0.0;1.959;3.038;0.0;0.45
MG;Manhuaçu;-20.2586800833;-42.0338482904;79350;58.349;32.546;1.045;0.127;0.0;3.428;4.238;0.021;0.246
MG;Manhumirim;-20.3639991115;-41.9626798074;18066;63.13;29.082;1.295;0.188;0.0;1.55;4.722;0.0;0.033
MG;Mantena;-18.780699875;-40.9785257407;23351;39.917;46.097;0.0;0.0;0.0;2.612;11.263;0.0;0.111
MG;Maravilhas;-19.5146797201;-44.6760761302;6528;87.408;10.417;0.414;0.0;0.0;0.95;0.812;0.0;0.0
MG;Mar de Espanha;-21.8668933766;-43.0084067544;11172;62.764;26.235;1.128;1.387;0.0;2.095;6.14;0.0;0.251
MG;Maria da Fé;-22.3072187776;-45.3710536908;12464;86.072;11.361;0.321;0.257;0.0;1.003;0.947;0.0;0.04
MG;Mariana;-20.3744932309;-43.4161404121;53343;70.127;20.456;1.027;0.264;0.0;2.175;5.748;0.184;0.019
MG;Marilac;-18.5049724111;-42.0816889526;3695;73.451;20.027;0.0;0.081;0.0;2.246;1.867;0.0;2.327
MG;Mário Campos;-20.0536364124;-44.1858252962;13638;44.911;42.074;0.814;0.455;0.117;6.401;5.155;0.0;0.073
MG;Maripá de Minas;-21.692262751;-42.9683499275;3009;64.008;25.789;2.393;0.997;0.266;3.091;3.456;0.0;0.0
MG;Marliéria;-19.7064561098;-42.7373790359;4041;49.122;37.837;0.173;0.0;0.0;2.97;9.899;0.0;0.0
MG;Marmelópolis;-22.4465170978;-45.1600478025;2795;75.42;19.356;0.215;0.107;0.0;1.467;3.435;0.0;0.0
MG;Martinho Campos;-19.3297423483;-45.2386503971;12199;73.276;18.895;1.172;0.377;0.0;1.73;4.427;0.0;0.123
MG;Martins Soares;-20.258229196;-41.8757909082;7192;59.302;33.968;0.139;0.07;0.0;0.654;5.868;0.0;0.0
MG;Mata Verde;-15.6876678048;-40.7385334085;8048;57.107;28.119;0.373;0.124;0.0;3.579;10.624;0.0;0.075
MG;Materlândia;-18.4727736734;-43.0573759059;3502;82.324;15.391;0.0;0.257;0.0;1.114;0.914;0.0;0.0
MG;Mateus Leme;-19.9908681368;-44.4289912352;32788;55.526;33.497;1.33;0.506;0.0;5.066;4.014;0.0;0.061
MG;Matias Barbosa;-21.8694792711;-43.3191619888;12624;62.674;21.443;2.693;0.951;0.0;6.868;5.299;0.0;0.071
MG;Matias Cardoso;-14.8502838777;-43.9178264366;7500;72.053;24.573;0.12;0.133;0.0;1.827;1.293;0.0;0.0
MG;Matipó;-20.2871482525;-42.3414864061;15856;61.302;29.793;0.246;0.246;0.0;1.526;6.673;0.0;0.214
MG;Mato Verde;-15.397321553;-42.8665147238;10621;83.457;12.937;0.857;0.047;0.0;0.829;1.685;0.0;0.188
MG;Matozinhos;-19.561910281;-44.0839745679;32954;59.814;29.884;1.311;0.37;0.0;3.444;4.558;0.052;0.567
MG;Matutina;-19.2266120633;-45.9835170335;3393;84.822;11.435;1.002;0.088;0.0;0.56;2.093;0.0;0.0
MG;Medeiros;-19.9933078776;-46.2266888204;3398;84.373;10.006;1.471;0.0;0.0;1.883;2.266;0.0;0.0
MG;Medina;-16.224795621;-41.4763090669;17640;77.154;17.625;0.669;0.051;0.0;1.514;2.988;0.0;0.0
MG;Mendes Pimentel;-18.6617777406;-41.4056151687;5021;57.021;37.463;0.06;0.0;0.0;1.095;4.242;0.0;0.119
MG;Mercês;-21.1920649247;-43.3410701614;9367;88.31;6.064;0.576;2.519;0.0;1.014;1.324;0.0;0.192
MG;Mesquita;-19.2243458125;-42.6056610568;4465;66.069;27.368;0.0;0.314;0.0;1.321;4.927;0.0;0.0
MG;Minas Novas;-17.2154581636;-42.5967587107;21412;76.088;17.644;0.098;0.177;0.0;3.704;2.288;0.0;0.0
MG;Minduri;-21.6775434808;-44.6092928195;3353;68.297;27.021;0.418;0.447;0.0;1.312;2.267;0.239;0.0
MG;Mirabela;-16.2584529385;-44.1606437772;11931;64.043;31.121;0.084;0.0;0.0;1.551;2.908;0.0;0.293
MG;Miradouro;-20.8944190662;-42.3461498563;8022;78.185;19.571;0.461;0.075;0.0;0.748;0.785;0.0;0.175
MG;Miraí;-21.1939817415;-42.6160395903;12066;60.89;34.535;0.597;0.307;0.0;0.945;2.727;0.0;0.0
MG;Miravânia;-14.7478394007;-44.4120754278;3451;79.571;19.154;0.0;0.0;0.0;0.377;0.898;0.0;0.0
MG;Moeda;-20.330268843;-44.0475686705;4552;73.243;17.575;0.571;0.0;0.066;3.01;5.382;0.0;0.154
MG;Moema;-19.8386998979;-45.4253101337;6744;81.45;11.507;2.758;0.044;0.0;1.601;2.58;0.0;0.059
MG;Monjolos;-18.3236856183;-44.1193167724;1954;77.687;15.916;0.256;0.0;0.0;0.716;5.322;0.0;0.102
MG;Monsenhor Paulo;-21.7617721381;-45.5450741387;7408;78.024;17.643;0.405;1.134;0.0;2.011;0.783;0.0;0.0
MG;Montalvânia;-14.4203647786;-44.3636205826;12255;84.251;12.713;0.057;0.171;0.0;0.481;2.26;0.0;0.065
MG;Monte Alegre de Minas;-18.8691667166;-48.877116909;17722;59.073;21.877;6.664;0.564;0.051;2.663;8.961;0.0;0.147
MG;Monte Azul;-15.1553385887;-42.873165494;18020;78.485;19.534;0.211;0.05;0.0;0.45;1.271;0.0;0.0
MG;Monte Belo;-21.3271458475;-46.3682455768;11697;83.278;14.337;0.137;0.145;0.0;0.949;1.154;0.0;0.0
MG;Monte Carmelo;-18.7290384401;-47.4959724312;42043;63.661;26.884;2.643;0.283;0.0;2.44;4.02;0.0;0.069
MG;Monte Formoso;-16.86649383;-41.2545787418;3804;71.451;23.764;0.0;0.0;0.0;0.21;4.574;0.0;0.0
MG;Monte Santo de Minas;-21.1904748351;-46.9771185471;18519;71.386;17.776;3.499;0.427;0.0;3.272;3.569;0.0;0.07
MG;Montes Claros;-16.72270664;-43.8654224344;359676;62.515;28.82;0.912;0.271;0.003;2.948;4.46;0.031;0.041
MG;Monte Sião;-22.4335488212;-46.5737026934;21422;73.172;21.683;1.032;0.121;0.089;1.657;2.245;0.0;0.0
MG;Montezuma;-15.1711441585;-42.5074736992;6022;82.132;14.729;0.365;0.133;0.0;1.046;1.544;0.0;0.05
MG;Morada Nova de Minas;-18.6074447216;-45.3555023481;7982;67.627;19.632;1.065;0.852;0.0;3.846;6.916;0.063;0.0
MG;Morro da Garça;-18.5472184629;-44.6035310348;2135;81.593;12.693;0.047;0.0;0.0;0.703;4.871;0.094;0.0
MG;Morro do Pilar;-19.2183422251;-43.3748041823;2793;90.655;7.984;0.0;0.0;0.0;1.146;0.107;0.0;0.107
MG;Munhoz;-22.612782689;-46.3603709348;6477;67.222;26.478;0.139;0.262;0.0;2.331;3.428;0.0;0.139
MG;Muriaé;-21.1320467915;-42.3610748979;91944;53.287;35.62;0.88;0.169;0.013;3.409;6.562;0.0;0.062
MG;Mutum;-19.8071892243;-41.4391385241;24037;54.216;34.543;0.42;0.166;0.0;1.186;9.294;0.0;0.175
MG;Muzambinho;-21.3730127527;-46.5268046885;19440;75.849;15.36;2.459;0.648;0.0;2.695;2.989;0.0;0.0
MG;Nacip Raydan;-18.4579241927;-42.2517915937;2182;66.682;27.085;0.0;0.0;0.0;0.55;5.683;0.0;0.0
MG;Nanuque;-17.8389933519;-40.3517388336;30698;50.629;34.566;0.652;0.085;0.0;4.124;9.76;0.0;0.186
MG;Naque;-19.2235434749;-42.3347084489;5357;40.732;33.825;0.0;0.0;0.0;9.894;15.456;0.037;0.056
MG;Natalândia;-16.5038364836;-46.4975343553;3057;73.634;20.772;0.458;0.0;0.0;1.276;3.762;0.0;0.098
MG;Natércia;-22.1184737389;-45.5182345057;4262;88.221;7.86;0.422;0.258;0.0;1.126;2.112;0.0;0.0
MG;Nazareno;-21.2176969672;-44.6172346644;7274;84.369;12.895;0.371;0.0;0.0;1.512;0.852;0.0;0.0
MG;Nepomuceno;-21.234576935;-45.2374291198;22142;79.586;16.552;0.271;0.135;0.0;1.355;2.1;0.0;0.0
MG;Ninheira;-15.3238019192;-41.7487889594;9371;76.321;19.763;0.0;0.0;0.0;1.281;2.497;0.0;0.139
MG;Nova Belém;-18.4940908208;-41.1036878324;2756;52.903;37.663;0.0;0.0;0.0;0.617;8.055;0.0;0.762
MG;Nova Era;-19.7644230686;-43.0354568497;15308;65.038;28.573;0.653;0.085;0.0;1.947;3.704;0.0;0.0
MG;Nova Lima;-19.9838929939;-43.8497833626;97918;62.254;22.347;2.553;0.509;0.012;4.59;7.603;0.034;0.098
MG;Nova Módica;-18.4416056135;-41.501336274;3220;65.714;28.012;0.155;0.0;0.0;0.839;5.28;0.0;0.0
MG;Nova Ponte;-19.1688916493;-47.6705707497;12619;55.488;28.156;2.076;0.246;0.0;2.861;11.039;0.0;0.135
MG;Nova Porteirinha;-15.8022101967;-43.3025512295;5773;81.275;15.832;0.052;0.0;0.0;1.039;1.542;0.0;0.26
MG;Nova Resende;-21.1266519126;-46.4170291046;14407;79.441;17.276;0.833;0.41;0.0;0.909;0.972;0.0;0.16
MG;Nova Serrana;-19.8758673806;-44.9855787363;88937;58.286;31.13;0.622;0.225;0.0;3.32;6.366;0.051;0.0
MG;Novo Cruzeiro;-17.4748888552;-41.8753915421;23427;79.677;16.848;0.132;0.043;0.0;1.498;1.801;0.0;0.0
MG;Novo Oriente de Minas;-17.4091656809;-41.2220966101;8867;66.573;28.86;0.045;0.0;0.0;0.744;3.778;0.0;0.0
MG;Novorizonte;-16.0195385668;-42.416780837;4006;76.086;21.792;0.0;0.075;0.0;0.075;1.972;0.0;0.0
MG;Olaria;-21.8647729424;-43.9309268802;1751;85.266;11.136;0.742;0.343;0.0;0.742;1.77;0.0;0.0
MG;Olhos-d'Água;-17.4018999265;-43.5714109825;4606;54.168;23.665;0.13;0.087;0.0;17.738;4.082;0.13;0.0
MG;Olímpio Noronha;-22.0669598145;-45.2641356959;2273;81.522;14.166;0.264;0.176;0.0;2.684;1.188;0.0;0.0
MG;Oliveira;-20.6975157762;-44.8264108665;35286;82.724;12.022;1.219;0.609;0.0;1.006;2.386;0.0;0.034
MG;Oliveira Fortes;-21.3394932743;-43.4625438692;1776;89.077;7.883;0.169;0.0;0.0;0.845;2.027;0.0;0.0
MG;Onça de Pitangui;-19.7455244846;-44.80838218;2624;81.631;15.32;1.105;0.0;0.0;0.724;1.22;0.0;0.0
MG;Oratórios;-20.4309959521;-42.8063392208;4326;67.06;27.092;0.116;0.0;0.0;0.994;4.739;0.0;0.0
MG;Orizânia;-20.5041213742;-42.2029460821;7218;63.411;32.447;0.0;0.0;0.0;1.122;2.979;0.0;0.042
MG;Ouro Branco;-20.5235831235;-43.6947707969;33675;66.355;23.145;2.007;0.241;0.0;3.157;5.027;0.0;0.068
MG;Ouro Fino;-22.2835244239;-46.3800808288;28799;67.874;25.699;0.972;0.351;0.0;1.99;3.063;0.0;0.052
MG;Ouro Preto;-20.3867763679;-43.5064475197;66240;77.714;12.655;1.052;0.442;0.041;1.922;6.081;0.0;0.092
MG;Ouro Verde de Minas;-18.069339095;-41.2687094923;4984;56.421;32.043;0.0;0.441;0.0;1.986;7.163;0.12;1.826
MG;Padre Carvalho;-16.3651032683;-42.5207448266;4350;82.391;16.552;0.0;0.069;0.0;0.529;0.207;0.0;0.253
MG;Padre Paraíso;-17.0763186514;-41.4849648092;14858;65.359;29.917;0.148;0.054;0.0;1.501;2.894;0.0;0.128
MG;Paineiras;-18.9022172144;-45.5387576862;3842;72.046;20.458;2.837;0.0;0.0;1.041;2.967;0.0;0.651
MG;Pains;-20.3709172455;-45.6608131833;7333;85.068;12.914;0.682;0.068;0.0;0.532;0.736;0.0;0.0
MG;Pai Pedro;-15.5370659875;-43.0705559756;4855;77.92;18.455;0.0;0.0;0.0;0.412;3.213;0.0;0.0
MG;Paiva;-21.2878522493;-43.4188333733;1328;87.349;7.982;0.753;0.0;0.0;0.753;3.163;0.0;0.0
MG;Palma;-21.3725611559;-42.3158258828;5112;74.726;18.232;0.254;0.313;0.0;0.802;5.203;0.0;0.469
MG;Palmópolis;-16.7344674967;-40.4203975984;5551;74.113;21.582;0.0;0.0;0.0;2.396;1.91;0.0;0.0
MG;Papagaios;-19.4555367596;-44.7447017251;12174;87.827;8.912;0.14;0.32;0.0;1.298;1.503;0.0;0.0
MG;Paracatu;-17.2197419102;-46.875418891;81028;63.851;26.192;2.877;0.243;0.0;1.897;4.867;0.072;0.001
MG;Pará de Minas;-19.8647379639;-44.6053801879;85782;77.013;16.249;1.257;0.248;0.0;2.434;2.749;0.017;0.033
MG;Paraguaçu;-21.5473160268;-45.7326954708;19125;82.369;13.6;0.643;0.199;0.0;1.72;1.469;0.0;0.0
MG;Paraisópolis;-22.5551927715;-45.781703528;18283;83.821;8.806;0.541;0.268;0.0;3.025;3.539;0.0;0.0
MG;Paraopeba;-19.2814289521;-44.4031168703;21177;73.679;20.093;0.812;0.024;0.0;2.328;3.032;0.0;0.033
MG;Passabém;-19.3509824792;-43.1438137395;1432;84.218;15.014;0.0;0.0;0.14;0.279;0.349;0.0;0.0
MG;Passa Quatro;-22.3897981316;-44.9696386731;13815;78.176;13.42;0.413;0.232;0.0;2.208;5.516;0.0;0.036
MG;Passa Tempo;-20.6523877473;-44.493417199;7689;88.152;9.234;0.65;0.052;0.13;1.131;0.65;0.0;0.0
MG;Passa-Vinte;-22.2089768784;-44.2310487921;1999;78.639;18.209;0.55;0.4;0.0;0.55;1.651;0.0;0.0
MG;Passos;-20.7192119019;-46.611412568;98160;70.392;21.426;1.852;0.538;0.0;2.713;2.965;0.031;0.084
MG;Patis;-16.0792763597;-44.0827053067;4239;70.158;27.082;0.0;0.0;0.0;0.071;2.689;0.0;0.0
MG;Patos de Minas;-18.5925708199;-46.5159156766;141292;71.245;18.927;2.003;0.488;0.013;3.807;3.427;0.022;0.067
MG;Patrocínio;-18.9408129613;-46.9974382402;78418;68.345;23.723;2.068;0.212;0.0;1.742;3.795;0.038;0.077
MG;Patrocínio do Muriaé;-21.1517112745;-42.2126532983;4932;71.046;22.019;1.196;0.061;0.0;2.494;3.062;0.122;0.0
MG;Paula Cândido;-20.870161533;-42.9831550987;7737;81.401;14.334;0.414;0.0;0.0;1.124;2.52;0.0;0.207
MG;Paulistas;-18.4317377127;-42.8726250989;3854;84.743;12.584;0.519;0.13;0.0;0.571;1.453;0.0;0.0
MG;Pavão;-17.4326895767;-41.0001132091;7024;71.071;16.259;0.513;0.441;0.0;1.523;9.553;0.071;0.569
MG;Peçanha;-18.5468889888;-42.5631862675;15419;79.85;17.894;0.175;0.065;0.0;0.48;1.511;0.0;0.026
MG;Pedra Azul;-16.0059227891;-41.2817519782;21307;72.258;19.867;0.925;0.61;0.0;2.605;3.736;0.0;0.0
MG;Pedra Bonita;-20.5200184906;-42.3321344917;6269;54.283;36.88;0.048;0.0;0.048;0.479;8.263;0.0;0.0
MG;Pedra do Anta;-20.5960112648;-42.7159333248;3008;76.762;18.551;0.0;0.0;0.0;1.363;3.324;0.0;0.0
MG;Pedra do Indaiá;-20.2535964014;-45.2098100906;3707;88.535;9.846;0.135;0.054;0.0;0.108;1.322;0.0;0.0
MG;Pedra Dourada;-20.8299461552;-42.154538669;2437;60.279;27.862;0.287;0.0;0.0;3.324;8.248;0.0;0.0
MG;Pedralva;-22.2542260031;-45.4659715176;9573;89.878;6.685;0.606;0.042;0.0;0.731;1.818;0.0;0.24
MG;Pedras de Maria da Cruz;-15.5990124532;-44.3924439592;8948;72.128;23.458;0.0;0.112;0.0;0.458;3.576;0.0;0.268
MG;Pedrinópolis;-19.2277204067;-47.4606173926;2959;79.182;14.769;2.028;0.0;0.0;0.676;3.346;0.0;0.0
MG;Pedro Leopoldo;-19.618395891;-44.0458839603;55264;57.153;28.63;4.567;0.358;0.0;4.837;3.755;0.043;0.657
MG;Pedro Teixeira;-21.7068071497;-43.7454590572;1650;80.182;13.879;0.848;0.0;0.0;0.788;4.303;0.0;0.0
MG;Pequeri;-21.8369041285;-43.1262861746;2970;58.586;30.202;0.976;0.37;0.0;1.818;8.047;0.0;0.0
MG;Pequi;-19.6279870911;-44.6534418965;3637;74.759;20.264;0.632;0.467;0.0;1.072;2.805;0.0;0.0
MG;Perdigão;-19.9551229354;-45.0793625823;10476;70.943;23.835;0.277;0.105;0.0;1.107;3.732;0.0;0.0
MG;Perdizes;-19.3386575249;-47.2920084471;14612;66.432;16.466;9.499;1.157;0.0;2.197;4.25;0.0;0.0
MG;Perdões;-21.0945188676;-45.0930878294;18912;70.368;25.492;0.645;0.212;0.0;1.703;1.581;0.0;0.0
MG;Periquito;-19.1544849011;-42.234724628;5613;36.219;45.288;0.0;0.0;0.0;1.015;17.477;0.0;0.0
MG;Pescador;-18.353628729;-41.6016228176;3124;77.721;18.694;0.192;0.0;0.0;0.416;2.881;0.0;0.096
MG;Piau;-21.5046175294;-43.3291251743;2527;80.135;13.059;0.277;0.0;0.0;4.59;1.939;0.0;0.0
MG;Piedade de Caratinga;-19.759212625;-42.0742639716;7384;58.667;33.749;0.244;0.0;0.0;0.785;6.487;0.0;0.068
MG;Piedade de Ponte Nova;-20.2476646154;-42.7352388987;3467;72.83;24.776;0.0;0.0;0.0;0.721;1.673;0.0;0.0
MG;Piedade do Rio Grande;-21.4697328736;-44.2025017472;4112;89.713;7.928;0.0;0.0;0.0;0.681;1.678;0.0;0.0
MG;Piedade dos Gerais;-20.4610103538;-44.2279160102;4523;83.33;12.514;0.133;0.0;0.0;1.901;2.122;0.0;0.0
MG;Pimenta;-20.4831953924;-45.7990870292;7644;84.236;9.092;1.635;0.131;0.0;1.4;3.506;0.0;0.0
MG;Pingo-d'Água;-19.7286082528;-42.4086657784;4095;53.358;34.774;0.0;0.0;0.0;0.708;11.062;0.0;0.098
MG;Pintópolis;-16.0549897299;-45.1495068806;6083;86.553;11.31;0.099;0.0;0.0;0.921;1.118;0.0;0.0
MG;Piracema;-20.5089958628;-44.478471775;6057;80.469;15.783;0.38;0.099;0.0;1.866;1.403;0.0;0.0
MG;Pirajuba;-19.9085049086;-48.6966380638;4779;68.027;18.791;6.005;0.46;0.0;2.239;4.478;0.0;0.0
MG;Piranga;-20.6851438162;-43.2873455534;15199;89.052;9.402;0.072;0.276;0.0;0.191;0.967;0.0;0.039
MG;Piranguçu;-22.5264938454;-45.493271705;5388;86.396;10.969;0.204;0.111;0.0;0.52;1.8;0.0;0.0
MG;Piranguinho;-22.4118730678;-45.5347391786;7962;79.415;15.185;1.319;0.678;0.0;1.897;1.344;0.0;0.163
MG;Pirapetinga;-21.6559720072;-42.3484310466;9747;52.406;36.586;0.913;0.677;0.0;1.036;8.269;0.041;0.072
MG;Pirapora;-17.3495820956;-44.9510653805;47907;59.484;30.697;0.996;0.52;0.008;2.463;5.644;0.115;0.073
MG;Piraúba;-21.2765501293;-43.0181308109;10374;74.214;17.968;1.928;0.414;0.0;1.706;3.499;0.0;0.27
MG;Pitangui;-19.6805972413;-44.8901188907;23415;76.19;20.278;0.7;0.077;0.0;0.876;1.879;0.0;0.0
MG;Piumhi;-20.4708828676;-45.9605686668;32070;69.663;21.531;2.95;0.178;0.0;3.062;2.541;0.0;0.075
MG;Planura;-20.138663202;-48.6999188552;9744;49.189;33.816;2.176;1.129;0.0;2.309;10.868;0.123;0.39
MG;Poço Fundo;-21.78469255;-45.9649695632;14765;86.739;9.766;0.522;0.332;0.0;0.935;1.68;0.0;0.027
MG;Poços de Caldas;-21.7873635786;-46.566410045;146404;60.112;26.37;2.47;1.02;0.014;4.049;5.818;0.008;0.14
MG;Pocrane;-19.6201444044;-41.6290012533;7418;60.663;32.799;0.229;0.0;0.0;1.051;5.257;0.0;0.0
MG;Pompéu;-19.2209571771;-45.0018708585;26936;74.514;15.359;2.558;0.616;0.033;0.768;5.936;0.0;0.215
MG;Ponte Nova;-20.4166434225;-42.9096842699;51602;69.757;21.21;1.707;0.496;0.0;2.829;2.794;1.048;0.157
MG;Ponto Chique;-16.6330397392;-45.0631345096;3193;76.918;18.133;0.47;0.0;0.0;1.441;3.038;0.0;0.0
MG;Ponto dos Volantes;-16.7545196333;-41.5078082034;9446;75.27;21.649;0.042;0.074;0.0;0.614;2.35;0.0;0.0
MG;Porteirinha;-15.746837727;-43.0285226494;33097;77.433;17.902;0.483;0.094;0.033;1.278;2.671;0.0;0.106
MG;Porto Firme;-20.6682669694;-43.0914109084;9557;85.278;10.516;0.314;0.105;0.0;0.502;3.286;0.0;0.0
MG;Poté;-17.8013694473;-41.7883855249;12036;69.276;22.757;0.174;0.224;0.0;2.601;4.819;0.0;0.15
MG;Pouso Alegre;-22.2303029952;-45.9371442758;134206;64.751;22.989;2.254;1.253;0.01;3.548;5.153;0.007;0.036
MG;Pouso Alto;-22.1909422926;-44.9753435743;5881;76.467;19.537;0.459;0.0;0.0;2.194;1.343;0.0;0.0
MG;Prados;-21.0560144581;-44.0732802772;8114;89.524;6.261;0.431;0.542;0.0;0.37;2.872;0.0;0.0
MG;Prata;-19.3082112063;-48.9238460695;24683;65.349;16.931;5.279;1.061;0.0;2.994;7.848;0.138;0.401
MG;Pratápolis;-20.744184454;-46.8609173417;7576;77.534;15.232;0.436;0.436;0.0;2.666;3.696;0.0;0.0
MG;Pratinha;-19.7569452523;-46.3784486441;3112;61.311;16.131;19.73;0.096;0.0;1.446;1.285;0.0;0.0
MG;Presidente Bernardes;-20.765677501;-43.1900555792;4424;92.654;6.42;0.0;0.045;0.0;0.203;0.678;0.0;0.0
MG;Presidente Juscelino;-18.6407817384;-44.0541822752;3106;83.355;13.393;0.0;0.0;0.0;1.803;1.449;0.0;0.0
MG;Presidente Kubitschek;-18.6154898026;-43.5574479487;2668;78.748;18.741;0.0;0.0;0.0;0.712;1.687;0.0;0.112
MG;Presidente Olegário;-18.4147419739;-46.417788688;16678;71.357;10.931;0.726;0.096;0.228;12.058;4.545;0.06;0.0
MG;Alto Jequitibá;-20.4229271109;-41.9671751127;7356;46.452;45.827;0.829;0.068;0.0;1.359;5.397;0.0;0.068
MG;Prudente de Morais;-19.4835603824;-44.1583906671;9928;56.628;28.606;1.884;0.262;0.0;6.537;6.033;0.0;0.05
MG;Quartel Geral;-19.2676900955;-45.558863386;2872;79.248;16.156;0.522;0.139;0.0;1.045;2.82;0.0;0.07
MG;Queluzito;-20.7423844777;-43.8800273028;1600;86.938;10.75;0.688;0.0;0.0;0.562;1.062;0.0;0.0
MG;Raposos;-19.9655987692;-43.8047741981;14328;59.359;32.768;0.391;0.216;0.0;3.057;4.209;0.0;0.0
MG;Raul Soares;-20.101958852;-42.4541675367;20920;77.835;17.06;0.679;0.038;0.0;1.138;3.25;0.0;0.0
MG;Recreio;-21.5337846188;-42.4713945673;10058;66.504;23.414;1.054;1.173;0.0;1.223;5.617;0.0;1.014
MG;Reduto;-20.2426797035;-41.9851988576;6742;63.898;28.953;0.208;0.104;0.0;1.276;5.562;0.0;0.0
MG;Resende Costa;-20.9173692443;-44.2394035043;10091;83.797;9.801;1.972;0.565;0.0;1.14;2.061;0.0;0.664
MG;Resplendor;-19.3254839309;-41.2539671082;15064;41.39;38.629;0.212;0.046;0.876;2.848;15.049;0.0;0.949
MG;Ressaquinha;-21.055300917;-43.7587060939;4057;92.433;5.94;0.37;0.0;0.0;0.518;0.592;0.0;0.148
MG;Riachinho;-16.2168261724;-46.0027468183;5985;81.704;14.486;0.184;0.0;0.0;1.721;1.688;0.084;0.134
MG;Riacho dos Machados;-15.9980341607;-43.0445637318;7560;72.513;22.235;0.0;0.053;0.0;1.349;3.849;0.0;0.0
MG;Ribeirão das Neves;-19.7660220155;-44.0858236491;285181;40.808;40.608;0.804;0.41;0.011;6.103;11.129;0.045;0.081
MG;Ribeirão Vermelho;-21.190414325;-45.0647821085;3611;77.375;19.053;0.637;0.111;0.0;1.329;1.495;0.0;0.0
MG;Rio Acima;-20.0951301629;-43.7908543768;9068;57.08;31.606;1.125;0.232;0.0;4.124;5.801;0.0;0.033
MG;Rio Casca;-20.2265128665;-42.6522301992;11343;78.806;17.72;0.67;0.141;0.0;0.705;1.957;0.0;0.0
MG;Rio Doce;-20.2446457034;-42.8956813088;2261;80.849;15.745;1.061;0.088;0.0;0.0;2.256;0.0;0.0
MG;Rio do Prado;-16.6094078455;-40.5718939338;4087;74.798;21.899;0.0;0.0;0.0;1.101;2.006;0.0;0.196
MG;Rio Espera;-20.8580800986;-43.4653334003;4964;90.31;8.118;0.121;0.0;0.0;0.564;0.886;0.0;0.0
MG;Rio Manso;-20.2616823652;-44.3102050446;5028;74.443;18.158;1.014;0.0;0.0;2.824;3.162;0.0;0.398
MG;Rio Novo;-21.4832491499;-43.1286689153;7577;76.297;16.933;2.019;0.04;0.0;2.112;2.508;0.0;0.092
MG;Rio Paranaíba;-19.1912383018;-46.2427530916;12768;82.417;11.717;1.457;0.141;0.0;1.245;2.961;0.0;0.063
MG;Rio Pardo de Minas;-15.6130780189;-42.5412319787;24493;78.471;18.458;0.045;0.0;0.0;0.886;2.139;0.0;0.0
MG;Rio Piracicaba;-19.9549411681;-43.1798237457;13011;72.746;22.873;0.223;0.184;0.023;1.699;2.06;0.0;0.192
MG;Rio Pomba;-21.2721906098;-43.1778056454;15523;77.807;12.601;1.301;0.863;0.032;2.442;4.954;0.0;0.0
MG;Rio Preto;-22.0869222525;-43.8294656656;4611;77.315;15.485;1.388;0.477;0.0;1.084;4.251;0.0;0.0
MG;Rio Vermelho;-18.3011105692;-43.0224390981;11226;78.746;17.37;0.784;0.089;0.0;0.659;2.352;0.0;0.0
MG;Ritápolis;-21.0232532704;-44.3234775238;4533;85.55;7.854;2.228;0.088;0.044;1.235;3.0;0.0;0.0
MG;Rochedo de Minas;-21.6314596315;-43.0220685054;2015;65.856;26.551;0.199;0.0;0.0;4.119;3.275;0.0;0.0
MG;Rodeiro;-21.2007050792;-42.8686762586;7502;64.29;24.687;3.346;0.52;0.0;2.066;5.092;0.0;0.0
MG;Romaria;-18.8834800349;-47.5817549005;2971;84.281;12.622;0.0;0.101;0.0;0.64;2.356;0.0;0.0
MG;Rosário da Limeira;-20.9812982014;-42.5060599702;4204;75.928;17.65;0.071;0.119;0.0;1.618;4.615;0.0;0.0
MG;Rubelita;-16.4029664157;-42.2647623324;5116;90.481;8.444;0.0;0.0;0.0;0.195;0.821;0.0;0.059
MG;Rubim;-16.3729735167;-40.5369414739;9193;71.261;19.189;0.098;0.098;0.065;2.676;6.451;0.109;0.054
MG;Sabará;-19.8924945121;-43.8255570903;113478;48.52;36.646;1.871;0.63;0.01;3.861;8.333;0.003;0.128
MG;Sabinópolis;-18.6718146532;-43.0882036429;12573;76.354;20.942;0.183;0.072;0.0;1.201;1.249;0.0;0.0
MG;Sacramento;-19.8635763394;-47.4365553164;23314;64.824;9.745;15.004;0.926;0.0;3.226;6.112;0.0;0.163
MG;Salinas;-16.1698557321;-42.2935064723;35417;78.273;17.237;0.776;0.152;0.0;0.737;2.685;0.0;0.138
MG;Salto da Divisa;-15.9975707022;-39.9507560236;5326;55.126;25.591;0.188;0.113;0.0;2.61;16.373;0.0;0.0
MG;Santa Bárbara;-19.9655911927;-43.405220988;26526;72.306;21.021;0.426;0.302;0.0;1.689;4.256;0.0;0.0
MG;Santa Bárbara do Leste;-19.9757926674;-42.1408405819;7360;67.826;25.136;0.095;0.068;0.0;0.897;5.53;0.38;0.068
MG;Santa Bárbara do Monte Verde;-21.9572670151;-43.7017741664;2696;75.964;19.177;0.408;1.224;0.0;0.964;2.263;0.0;0.0
MG;Santa Bárbara do Tugúrio;-21.2462083895;-43.5589487843;3774;90.673;7.737;0.159;0.0;0.0;0.424;1.007;0.0;0.0
MG;Santa Cruz de Minas;-21.1194710322;-44.2232578484;7134;71.04;19.863;1.486;0.631;0.0;1.612;5.285;0.0;0.084
MG;Santa Cruz de Salinas;-16.0943556353;-41.7503545267;3494;90.641;6.754;0.258;0.0;0.0;0.401;1.574;0.0;0.372
MG;Santa Cruz do Escalvado;-20.2382772553;-42.8184528533;4207;80.366;17.019;0.214;0.0;0.0;0.38;2.02;0.0;0.0
MG;Santa Efigênia de Minas;-18.8198378232;-42.4393126686;3528;65.278;23.781;0.0;0.0;0.0;0.794;10.147;0.0;0.0
MG;Santa Fé de Minas;-16.6873734528;-45.4136331222;3011;78.944;17.702;0.996;0.0;0.0;0.631;1.096;0.0;0.631
MG;Santa Helena de Minas;-16.9363075336;-40.6862886421;4930;60.081;20.426;0.0;0.061;15.72;1.217;2.495;0.0;0.0
MG;Santa Juliana;-19.3112989337;-47.5271443344;13510;70.777;16.425;1.769;0.377;0.0;2.531;8.12;0.0;0.0
MG;Santa Luzia;-19.7676168525;-43.8500072606;191006;44.233;38.532;2.092;0.707;0.017;4.652;9.672;0.0;0.095
MG;Santa Margarida;-20.3779254268;-42.2525357803;14018;61.321;34.049;0.264;0.0;0.0;0.956;3.41;0.0;0.0
MG;Santa Maria de Itabira;-19.4590107743;-43.1101498441;9110;79.33;19.023;0.055;0.066;0.0;0.351;1.175;0.0;0.0
MG;Santa Maria do Salto;-16.2475726794;-40.146933015;4185;60.693;26.762;0.884;0.765;0.0;2.151;8.746;0.0;0.0
MG;Santa Maria do Suaçuí;-18.1922522025;-42.4178024505;11232;83.565;14.343;0.445;0.0;0.0;0.659;0.899;0.045;0.045
MG;Santana da Vargem;-21.2489621802;-45.5071210487;5981;80.455;16.452;0.451;0.0;0.0;1.338;1.204;0.0;0.1
MG;Santana de Cataguases;-21.2840280786;-42.5546049491;3167;67.193;23.619;0.853;0.095;0.0;2.494;5.747;0.0;0.0
MG;Santana de Pirapama;-19.0068859969;-44.0381025081;6380;87.994;10.408;0.0;0.031;0.0;1.019;0.549;0.0;0.0
MG;Santana do Deserto;-21.9496920444;-43.1723178337;3294;61.02;29.205;1.275;0.213;0.0;1.609;6.679;0.0;0.0
MG;Santana do Garambéu;-21.6018318574;-44.11087343;1913;91.061;7.893;0.366;0.0;0.0;0.261;0.418;0.0;0.0
MG;Santana do Jacaré;-20.9016774924;-45.1280485696;3772;78.924;18.452;0.159;0.0;0.0;0.928;1.458;0.0;0.08
MG;Santana do Manhuaçu;-20.1085461651;-41.9234974642;7725;72.544;20.557;0.0;0.078;0.0;1.696;5.074;0.052;0.0
MG;Santana do Paraíso;-19.3690985236;-42.552582949;38261;45.691;41.771;0.274;0.366;0.0;6.639;5.123;0.0;0.136
MG;Santana do Riacho;-19.1700918689;-43.7114593034;4691;67.214;19.271;1.62;0.192;0.0;2.025;9.678;0.0;0.0
MG;Santana dos Montes;-20.7897348515;-43.705998279;3116;84.66;11.746;0.096;0.096;0.0;2.599;0.578;0.0;0.225
MG;Santa Rita de Caldas;-22.0264354861;-46.3386257814;7670;83.429;11.356;0.248;0.0;0.0;2.581;2.269;0.0;0.117
MG;Santa Rita de Jacutinga;-22.1484611222;-44.1004418544;4250;85.247;11.388;1.082;0.212;0.0;0.871;1.129;0.0;0.071
MG;Santa Rita de Minas;-19.8752101702;-42.1317808369;5856;60.895;33.043;0.154;0.051;0.0;1.52;4.15;0.0;0.188
MG;Santa Rita de Ibitipoca;-21.5612300794;-43.9167605188;2941;92.86;6.596;0.0;0.0;0.0;0.0;0.476;0.0;0.068
MG;Santa Rita do Itueto;-19.3598130147;-41.3792782175;5057;58.849;31.105;0.87;0.079;0.0;0.573;8.523;0.0;0.0
MG;Santa Rita do Sapucaí;-22.2533298264;-45.7039881925;35789;72.193;17.885;3.026;0.235;0.0;2.973;3.655;0.0;0.034
MG;Santa Rosa da Serra;-19.532621138;-45.9706644274;2966;63.452;26.096;0.438;0.0;0.0;1.382;8.631;0.0;0.0
MG;Santa Vitória;-18.8439479826;-50.1234651115;18433;65.687;22.411;2.604;0.206;0.0;3.89;5.056;0.0;0.146
MG;Santo Antônio do Amparo;-20.9462485658;-44.9186749352;15291;83.265;13.55;1.066;0.065;0.0;1.073;0.909;0.072;0.0
MG;Santo Antônio do Aventureiro;-21.7558281759;-42.8116372461;3384;74.97;15.691;0.266;1.123;0.0;1.478;6.472;0.0;0.0
MG;Santo Antônio do Grama;-20.3125002779;-42.613898797;3679;83.202;12.884;0.054;0.326;0.0;0.761;2.772;0.0;0.0
MG;Santo Antônio do Itambé;-18.4689716455;-43.3037794095;3512;80.695;16.6;0.797;0.057;0.0;0.142;1.708;0.0;0.0
MG;Santo Antônio do Jacinto;-16.5376834097;-40.1753373252;9043;65.985;26.263;0.055;0.0;0.0;1.603;6.027;0.0;0.066
MG;Santo Antônio do Monte;-20.0872192489;-45.2939359191;23966;83.756;13.34;0.1;0.092;0.0;1.323;1.16;0.138;0.092
MG;Santo Antônio do Retiro;-15.3426335373;-42.6243765157;5765;78.161;19.532;0.0;0.0;0.0;0.225;2.082;0.0;0.0
MG;Santo Antônio do Rio Abaixo;-19.2256798038;-43.2530571824;1635;89.052;8.93;0.122;0.0;0.0;0.734;1.162;0.0;0.0
MG;Santo Hipólito;-18.28781019;-44.2216982205;2444;74.877;16.817;0.409;0.082;0.0;2.823;4.992;0.0;0.0
MG;Santos Dumont;-21.4575319947;-43.5537521653;37774;70.104;22.055;2.361;1.181;0.0;1.212;2.954;0.077;0.056
MG;São Bento Abade;-21.5790480165;-45.0753606267;4042;71.648;23.676;0.223;0.099;0.0;1.262;3.093;0.0;0.0
MG;São Brás do Suaçuí;-20.6265040685;-43.9526746479;3563;78.108;14.37;0.112;0.196;0.0;4.07;3.143;0.0;0.0
MG;São Domingos das Dores;-19.5294460673;-42.0095079969;4870;84.066;12.957;0.349;0.0;0.0;0.0;2.628;0.0;0.0
MG;São Domingos do Prata;-19.8710279004;-42.9603634004;15598;77.991;16.739;1.41;0.231;0.051;1.289;2.237;0.0;0.051
MG;São Félix de Minas;-18.5861055945;-41.4903528288;2840;39.754;52.148;0.0;0.0;0.0;0.915;7.183;0.0;0.0
MG;São Francisco;-15.9525638056;-44.8613127424;44859;81.112;15.631;0.129;0.076;0.0;1.489;1.447;0.069;0.047
MG;São Francisco de Paula;-20.7135317999;-44.9826306199;5551;84.039;14.214;0.18;0.0;0.0;1.009;0.45;0.108;0.0
MG;São Francisco de Sales;-19.8651143583;-49.7655663179;5030;77.038;16.302;2.107;0.06;0.0;1.948;2.286;0.0;0.258
MG;São Francisco do Glória;-20.7923014187;-42.2682205327;4282;78.935;17.702;0.093;0.304;0.0;0.56;2.405;0.0;0.0
MG;São Geraldo;-20.9208475279;-42.8376641332;9075;71.317;22.303;0.54;0.275;0.0;1.873;3.647;0.0;0.044
MG;São Geraldo da Piedade;-18.8440313419;-42.2891350679;2949;69.651;23.839;0.0;0.441;0.0;1.458;4.612;0.0;0.0
MG;São Geraldo do Baixio;-18.9188085164;-41.3636282369;2772;47.33;39.394;0.108;0.0;0.0;0.433;12.734;0.0;0.0
MG;São Gonçalo do Abaeté;-18.341112928;-45.8342461504;6377;67.916;26.909;0.204;0.0;0.0;0.361;4.61;0.0;0.0
MG;São Gonçalo do Pará;-19.9856847319;-44.8571889838;10345;76.858;17.032;0.822;0.329;0.0;1.634;3.248;0.0;0.077
MG;São Gonçalo do Rio Abaixo;-19.8318007018;-43.3480400193;10323;72.653;21.796;0.378;0.329;0.0;2.141;2.528;0.0;0.174
MG;São Gonçalo do Sapucaí;-21.8919051421;-45.5946377949;20911;78.906;17.115;0.679;0.215;0.043;1.344;1.698;0.0;0.0
MG;São Gotardo;-19.3127001913;-46.0531440401;35276;72.185;18.653;0.916;0.153;0.0;1.267;6.764;0.062;0.0
MG;São João Batista do Glória;-20.6390368456;-46.5034614693;6767;75.809;18.398;0.828;0.0;0.0;2.557;2.409;0.0;0.0
MG;São João da Lagoa;-16.8520551567;-44.3490885622;4149;89.732;9.014;0.0;0.0;0.0;0.651;0.603;0.0;0.0
MG;São João da Mata;-21.9348528245;-45.9265298076;2617;70.157;26.404;0.115;0.0;0.0;0.955;2.369;0.0;0.0
MG;São João da Ponte;-15.9245130655;-44.0089551085;20850;83.621;14.297;0.101;0.177;0.0;1.132;0.671;0.0;0.0
MG;São João das Missões;-14.8825334839;-44.0812622895;10558;73.319;19.009;0.0;0.009;0.019;2.898;4.319;0.0;0.426
MG;São João del-Rei;-21.1355089743;-44.2609727347;81181;78.634;11.508;2.23;0.865;0.0;1.901;4.468;0.0;0.395
MG;São João do Manhuaçu;-20.395499866;-42.1521577505;9526;44.846;44.972;0.0;0.031;0.0;2.761;7.39;0.0;0.0
MG;São João do Manteninha;-18.7278374866;-41.1587484426;4682;47.522;36.672;0.0;0.0;0.0;1.239;14.566;0.0;0.0
MG;São João do Oriente;-19.3376661343;-42.156459895;6261;51.541;35.346;0.08;0.0;0.495;4.009;8.529;0.0;0.0
MG;São João do Pacuí;-16.5383751446;-44.5295709891;3475;73.266;22.331;0.0;0.0;0.0;3.079;1.324;0.0;0.0
MG;São João do Paraíso;-15.3184380951;-42.0114224428;20946;78.416;16.762;0.129;0.0;0.0;1.012;3.528;0.048;0.105
MG;São João Evangelista;-18.5451868295;-42.7760481434;13377;79.951;15.168;0.374;0.12;0.0;1.63;2.542;0.067;0.15
MG;São João Nepomuceno;-21.5356970636;-43.0112857685;22552;67.329;23.625;1.61;0.661;0.0;2.532;4.111;0.133;0.0
MG;São Joaquim de Bicas;-20.0634684606;-44.2662730161;29765;37.961;39.294;1.529;0.457;0.111;6.212;12.827;0.0;1.609
MG;São José da Barra;-20.7220909662;-46.3193295709;6749;71.462;20.581;1.052;0.044;0.0;3.615;3.245;0.0;0.0
MG;São José da Lapa;-19.6986268215;-43.9599562982;22567;48.93;33.212;1.71;0.12;0.0;5.561;10.161;0.071;0.235
MG;São José da Safira;-18.3251174568;-42.1464105249;3279;61.269;28.057;0.0;0.0;0.0;0.915;9.759;0.0;0.0
MG;São José da Varginha;-19.7048059868;-44.561059733;3982;77.825;18.885;0.628;0.05;0.0;0.854;1.758;0.0;0.0
MG;São José do Alegre;-22.3290552486;-45.5301876075;3636;77.475;19.279;0.358;0.055;0.0;1.65;1.183;0.0;0.0
MG;São José do Divino;-18.483263322;-41.3912087844;3026;61.864;28.222;0.0;0.0;0.0;3.073;6.841;0.0;0.0
MG;São José do Goiabal;-19.927983217;-42.7098601269;4831;73.711;22.19;0.6;0.0;0.0;2.38;1.076;0.0;0.041
MG;São José do Jacuri;-18.2758107503;-42.6666267692;5462;81.051;15.544;0.128;0.055;0.0;1.007;2.215;0.0;0.0
MG;São José do Mantimento;-20.0059989819;-41.7490728164;2380;65.504;30.882;0.168;0.0;0.168;1.471;1.807;0.0;0.0
MG;São Lourenço;-22.1177686714;-45.0533731031;40039;64.03;21.224;3.529;0.5;0.0;5.834;4.86;0.0;0.022
MG;São Miguel do Anta;-20.7059175905;-42.7208990463;5699;85.822;10.493;0.737;0.053;0.0;0.439;2.457;0.0;0.0
MG;São Pedro da União;-21.1334584955;-46.6213268893;4342;79.756;15.223;0.368;0.069;0.0;3.04;1.474;0.0;0.069
MG;São Pedro dos Ferros;-20.1719098245;-42.5239009348;6368;80.057;15.609;0.644;0.094;0.0;1.319;1.822;0.0;0.455
MG;São Pedro do Suaçuí;-18.3655057595;-42.6002319397;4522;67.028;27.797;0.066;0.0;0.0;1.305;3.804;0.0;0.0
MG;São Romão;-16.3686392158;-45.0691351971;8920;84.428;13.722;0.191;0.0;0.0;0.964;0.695;0.0;0.0
MG;São Roque de Minas;-20.2506708115;-46.3689949346;6393;75.395;14.844;3.738;0.156;0.0;1.924;3.942;0.0;0.0
MG;São Sebastião da Bela Vista;-22.1550057868;-45.7547892089;5499;59.211;33.952;0.655;0.109;0.0;1.218;4.692;0.0;0.164
MG;São Sebastião da Vargem Alegre;-21.0738303381;-42.6386658919;2773;66.534;29.535;0.397;0.072;0.0;0.974;2.488;0.0;0.0
MG;São Sebastião do Anta;-19.5001070899;-41.9795988985;5365;72.582;21.957;0.0;0.0;0.0;3.336;2.125;0.0;0.0
MG;São Sebastião do Maranhão;-18.0913715113;-42.5657456967;8934;75.095;23.495;0.0;0.0;0.0;0.537;0.873;0.0;0.0
MG;São Sebastião do Oeste;-20.2740951952;-45.003133987;7513;78.624;15.719;0.453;0.053;0.0;1.477;3.674;0.0;0.0
MG;São Sebastião do Paraíso;-20.9180654486;-46.9864718256;63234;67.385;21.452;3.525;0.84;0.0;2.605;4.11;0.0;0.084
MG;São Sebastião do Rio Preto;-19.2857666703;-43.1747344223;1130;83.628;13.628;0.0;0.265;0.0;0.354;2.124;0.0;0.0
MG;São Sebastião do Rio Verde;-22.2150562279;-44.9777360534;2051;84.3;11.897;0.878;0.0;0.0;1.121;1.804;0.0;0.0
MG;São Tiago;-20.9009463499;-44.5039924427;9921;87.562;9.011;0.272;0.0;0.0;1.562;1.593;0.0;0.0
MG;São Tomás de Aquino;-20.784994387;-47.0967829719;5945;84.003;11.825;1.06;0.168;0.0;0.992;1.901;0.0;0.05
MG;São Tomé das Letras;-21.7207227802;-44.9870084546;6073;73.061;7.838;0.889;0.955;0.033;5.006;11.806;0.0;0.412
MG;São Vicente de Minas;-21.6974718375;-44.4546835036;6032;80.156;10.262;0.746;0.448;0.0;5.802;2.586;0.0;0.0
MG;Sapucaí-Mirim;-22.7515963809;-45.7409257376;5534;75.678;17.42;0.199;0.072;0.0;2.692;3.939;0.0;0.0
MG;Sardoá;-18.7832653469;-42.3661292229;4489;57.719;21.586;0.0;0.067;0.0;16.886;3.52;0.0;0.223
MG;Sarzedo;-20.0345349208;-44.1458673613;31731;41.656;40.85;0.69;0.416;0.0;7.044;9.325;0.0;0.019
MG;Setubinha;-17.5970190167;-42.1664383108;8392;75.381;22.069;0.0;0.06;0.0;0.417;2.073;0.0;0.0
MG;Sem-Peixe;-20.1025363692;-42.8419017302;2241;84.828;14.101;0.089;0.0;0.0;0.134;0.848;0.0;0.0
MG;Senador Amaral;-22.5887215666;-46.1802335938;5312;77.297;15.719;0.207;0.169;0.0;2.259;4.236;0.0;0.113
MG;Senador Cortes;-21.8025169575;-42.9443320994;1934;65.512;24.664;1.189;0.62;0.155;0.776;7.084;0.0;0.0
MG;Senador Firmino;-20.9180596003;-43.1041303933;6864;89.86;6.672;0.102;0.073;0.0;1.209;2.083;0.0;0.0
MG;Senador José Bento;-22.1666066777;-46.1794726958;1907;79.392;16.571;0.42;0.0;0.0;0.262;3.356;0.0;0.0
MG;Senador Modestino Gonçalves;-17.9460246708;-43.2229754715;3599;86.413;10.225;0.056;0.083;0.0;1.139;2.084;0.0;0.0
MG;Senhora de Oliveira;-20.7938997632;-43.337731994;4995;89.79;8.428;0.08;0.0;0.0;0.48;1.221;0.0;0.0
MG;Senhora do Porto;-18.89800802;-43.0817557208;2696;76.187;19.473;0.0;0.0;0.0;0.631;3.709;0.0;0.0
MG;Senhora dos Remédios;-21.0330829642;-43.5863819522;9329;91.543;6.271;0.386;0.172;0.0;0.504;1.126;0.0;0.0
MG;Sericita;-20.4715553545;-42.4820072656;6424;69.318;27.039;0.093;0.0;0.0;0.669;2.88;0.0;0.0
MG;Seritinga;-21.9113492777;-44.5214453518;1619;77.393;15.689;0.247;0.0;0.0;4.941;1.544;0.0;0.185
MG;Serra Azul de Minas;-18.362279725;-43.1744593091;3305;75.976;17.912;0.0;0.514;0.0;3.994;1.513;0.0;0.091
MG;Serra da Saudade;-19.4405622458;-45.7965895747;751;89.348;10.519;0.0;0.0;0.0;0.0;0.133;0.0;0.0
MG;Serra dos Aimorés;-17.7857470183;-40.2431685749;6054;57.103;26.99;1.074;0.182;0.0;7.582;7.07;0.0;0.0
MG;Serra do Salitre;-19.1117957635;-46.6921087262;9973;72.837;22.25;0.211;0.16;0.0;1.093;3.219;0.0;0.231
MG;Serrania;-21.546680652;-46.0431449358;6744;62.174;33.897;0.652;0.193;0.0;1.853;1.231;0.0;0.0
MG;Serranópolis de Minas;-15.8087837821;-42.8743863931;3891;87.612;10.846;0.103;0.0;0.0;0.077;1.362;0.0;0.0
MG;Serranos;-21.8887817979;-44.5067541647;1777;88.689;10.298;0.113;0.0;0.0;0.788;0.113;0.0;0.0
MG;Serro;-18.6044422453;-43.3886312681;19452;83.056;13.012;0.298;0.098;0.0;0.715;2.822;0.0;0.0
MG;Sete Lagoas;-19.4582874188;-44.2395946156;201690;67.618;20.97;2.715;0.569;0.015;2.96;5.013;0.026;0.113
MG;Silveirânia;-21.1646375385;-43.2178784698;2055;87.64;6.667;0.389;0.0;0.0;1.217;4.088;0.0;0.0
MG;Silvianópolis;-22.0279972639;-45.8324471456;5513;79.956;16.905;0.707;0.381;0.0;0.943;1.106;0.0;0.0
MG;Simão Pereira;-21.9648567892;-43.3149558126;2623;65.879;26.191;2.059;0.839;0.0;3.812;1.22;0.0;0.0
MG;Simonésia;-20.1220295974;-42.0038567487;16861;72.718;22.211;0.291;0.053;0.0;1.299;3.428;0.0;0.0
MG;Sobrália;-19.2355492879;-42.0986538397;4564;61.459;29.448;0.416;0.066;0.0;2.213;6.135;0.0;0.263
MG;Soledade de Minas;-22.0592064058;-45.041022642;4993;67.254;24.554;0.621;0.2;0.0;4.707;2.664;0.0;0.0
MG;Tabuleiro;-21.3575776594;-43.2456052646;3610;86.787;9.529;0.332;0.0;0.0;1.053;2.188;0.0;0.111
MG;Taiobeiras;-15.8115214377;-42.2279155456;28769;76.916;17.477;0.838;0.198;0.0;1.735;2.836;0.0;0.0
MG;Taparuba;-19.7614695843;-41.6158581306;3011;51.876;36.699;0.232;0.199;0.0;2.424;8.569;0.0;0.0
MG;Tapira;-19.9255792183;-46.8219153622;3541;75.318;19.966;0.706;0.085;0.0;1.469;2.457;0.0;0.0
MG;Tapiraí;-19.8858056069;-46.0185702098;1493;82.384;14.334;1.072;0.0;0.0;2.21;0.0;0.0;0.0
MG;Taquaraçu de Minas;-19.6738480484;-43.6871427897;3758;70.303;24.88;0.479;0.0;0.0;2.342;1.996;0.0;0.0
MG;Tarumirim;-19.2814948728;-42.0077345774;12949;73.272;23.23;0.139;0.1;0.0;0.927;2.24;0.0;0.093
MG;Teixeiras;-20.6490665251;-42.8626438044;10985;81.757;14.119;0.919;0.055;0.0;0.865;2.285;0.0;0.0
MG;Teófilo Otoni;-17.862539808;-41.5096351658;120653;55.176;32.511;1.346;0.238;0.216;3.497;6.804;0.151;0.062
MG;Timóteo;-19.5840503585;-42.6439423108;71942;42.8;42.946;0.751;0.221;0.013;5.435;7.646;0.076;0.113
MG;Tiradentes;-21.1070434368;-44.1726923811;6860;71.837;13.936;2.289;0.773;0.0;3.455;7.711;0.0;0.0
MG;Tiros;-19.0039173801;-45.9635510992;6970;86.786;11.263;0.301;0.187;0.0;0.846;0.531;0.0;0.086
MG;Tocantins;-21.175549526;-43.0186995084;14383;82.215;12.995;0.535;0.334;0.0;1.745;2.141;0.0;0.035
MG;Tocos do Moji;-22.3716455947;-46.0964468007;3493;91.869;5.898;0.401;0.286;0.0;0.916;0.63;0.0;0.0
MG;Toledo;-22.7433948081;-46.3789726565;6305;72.752;20.238;0.777;0.27;0.0;2.887;3.077;0.0;0.0
MG;Tombos;-20.9025892251;-42.0146816211;7683;70.272;20.552;2.252;0.403;0.0;1.913;4.608;0.0;0.0
MG;Três Corações;-21.6959657769;-45.2549368732;65844;68.767;23.595;1.341;0.551;0.0;2.05;3.601;0.0;0.094
MG;Três Marias;-18.205921224;-45.2257352467;25322;66.938;25.476;1.082;0.154;0.0;2.666;3.538;0.0;0.146
MG;Três Pontas;-21.3687699217;-45.515474797;49025;78.894;16.863;0.718;0.712;0.0;1.146;1.581;0.0;0.086
MG;Tumiritinga;-18.9766076612;-41.6379804794;5157;51.057;36.843;0.039;0.039;0.0;3.219;8.804;0.0;0.0
MG;Tupaciguara;-18.5993525644;-48.6937358802;22563;57.315;22.98;7.26;1.192;0.035;1.582;8.886;0.0;0.749
MG;Turmalina;-17.2864120943;-42.7304145448;17500;66.469;21.691;0.446;0.0;0.0;5.634;5.76;0.0;0.0
MG;Turvolândia;-21.8793890057;-45.7967357927;4307;68.586;27.42;0.163;0.0;0.0;2.136;1.579;0.0;0.116
MG;Ubá;-21.1185969515;-42.9367864644;91068;69.611;20.753;2.801;0.647;0.0;2.412;3.716;0.046;0.014
MG;Ubaí;-16.2974045209;-44.7870862055;10181;85.159;12.828;0.0;0.0;0.0;0.373;1.64;0.0;0.0
MG;Ubaporanga;-19.6413620049;-42.1092163271;11326;74.227;20.775;0.433;0.044;0.0;1.36;3.161;0.0;0.0
MG;Uberaba;-19.7135346071;-47.9836248956;297132;52.214;17.014;14.58;2.893;0.04;4.869;8.185;0.062;0.143
MG;Uberlândia;-18.9189986093;-48.2779501847;625539;48.49;28.538;5.982;1.042;0.007;5.924;9.846;0.021;0.149
MG;Umburatiba;-17.2536072103;-40.5726450205;2352;52.338;33.716;0.0;0.17;0.0;1.19;12.585;0.0;0.0
MG;Unaí;-16.3590084925;-46.8999565953;75226;71.322;22.416;0.819;0.203;0.0;1.616;3.369;0.017;0.237
MG;União de Minas;-19.5297366441;-50.3308029414;3374;74.155;20.539;0.622;0.267;0.0;0.504;3.912;0.0;0.0
MG;Uruana de Minas;-16.0600251971;-46.2562288734;2869;69.502;22.133;0.279;0.139;0.0;2.858;5.089;0.0;0.0
MG;Urucânia;-20.3508704157;-42.7412284517;9239;65.895;30.631;0.195;0.054;0.0;1.526;1.699;0.0;0.0
MG;Urucuia;-16.132091017;-45.7370281844;14598;79.799;18.338;0.13;0.0;0.0;1.0;0.63;0.041;0.062
MG;Vargem Alegre;-19.6007202041;-42.2998154823;5109;52.907;35.878;0.196;0.059;0.0;4.15;6.812;0.0;0.0
MG;Vargem Bonita;-20.3267766484;-46.3724569794;1912;61.506;28.975;4.55;0.0;0.0;0.628;4.341;0.0;0.0
MG;Vargem Grande do Rio Pardo;-15.4024006159;-42.3092908663;4003;86.685;12.316;0.0;0.0;0.0;0.3;0.525;0.0;0.175
MG;Varginha;-21.5570800391;-45.4318861443;120226;71.712;19.158;1.69;0.493;0.0;3.101;3.612;0.145;0.09
MG;Varjão de Minas;-18.3837044638;-46.0335015457;5991;79.019;19.947;0.05;0.0;0.0;0.234;0.751;0.0;0.0
MG;Várzea da Palma;-17.5975701771;-44.7303465827;29592;78.653;16.335;0.794;0.294;0.0;2.234;1.426;0.189;0.074
MG;Varzelândia;-15.7088710523;-44.0279481432;16183;75.425;20.25;0.111;0.0;0.0;1.934;2.249;0.0;0.031
MG;Vazante;-17.9910384302;-46.9019668858;17284;76.672;18.52;1.279;0.121;0.0;1.585;1.417;0.058;0.347
MG;Verdelândia;-15.5945423473;-43.6060222624;6441;80.376;16.147;0.0;0.0;0.0;0.652;2.826;0.0;0.0
MG;Veredinha;-17.3939690803;-42.73593024;4546;86.296;11.219;0.132;0.0;0.0;1.452;0.902;0.0;0.0
MG;Veríssimo;-19.6693578326;-48.3037105803;3009;60.253;17.581;15.321;1.861;0.0;4.154;0.831;0.0;0.0
MG;Vermelho Novo;-20.0347660883;-42.2683458174;4323;89.359;8.328;0.069;0.069;0.0;0.948;1.226;0.0;0.0
MG;Vespasiano;-19.6930304398;-43.9199151867;111237;44.286;37.595;1.294;0.673;0.016;6.566;9.506;0.01;0.054
MG;Viçosa;-20.752072007;-42.8794773757;68174;74.1;14.266;1.825;0.508;0.0;2.476;6.715;0.026;0.084
MG;Vieiras;-20.8653406932;-42.2458035423;3309;82.623;13.146;0.604;0.0;0.0;1.995;1.632;0.0;0.0
MG;Mathias Lobato;-18.5795889083;-41.9233604609;2642;53.142;30.28;0.0;0.0;0.0;2.99;13.588;0.0;0.0
MG;Virgem da Lapa;-16.802148857;-42.3432810666;10518;78.351;17.304;0.067;0.181;0.0;2.206;1.892;0.0;0.0
MG;Virgínia;-22.3369720668;-45.095425163;7974;88.237;9.18;0.263;0.075;0.0;0.765;1.48;0.0;0.0
MG;Virginópolis;-18.8251403925;-42.7148044703;9060;79.536;16.755;0.155;0.0;0.0;1.49;2.064;0.0;0.0
MG;Virgolândia;-18.4760617048;-42.3108100373;4047;78.972;17.149;0.0;0.0;0.0;1.013;2.866;0.0;0.0
MG;Visconde do Rio Branco;-21.0119895771;-42.839389391;34281;69.33;20.749;1.867;0.782;0.0;2.862;4.384;0.0;0.026
MG;Volta Grande;-21.7707111492;-42.5412849474;3926;61.997;27.84;2.038;1.248;0.0;2.089;4.738;0.0;0.051
MG;Wenceslau Braz;-22.5290130397;-45.3567739531;2121;77.463;19.048;0.283;0.189;0.0;0.99;2.027;0.0;0.0
ES;Afonso Cláudio;-20.0770400099;-41.1254597172;26866;53.395;39.232;0.249;0.0;0.037;0.916;6.164;0.0;0.007
ES;Águia Branca;-18.9873613695;-40.7366381674;8447;75.577;18.433;0.0;0.189;0.0;1.03;4.664;0.047;0.059
ES;Água Doce do Norte;-18.5455464913;-40.9764559119;10489;39.861;47.011;0.0;0.0;0.0;2.24;10.84;0.038;0.01
ES;Alegre;-20.7632651351;-41.5364883188;25762;50.532;30.887;5.458;0.974;0.0;3.963;8.183;0.0;0.004
ES;Alfredo Chaves;-20.6303475372;-40.7600496464;12337;81.632;15.92;0.349;0.138;0.0;0.454;1.346;0.0;0.162
ES;Alto Rio Novo;-19.0574996056;-41.0186843433;6482;36.624;46.637;0.015;0.0;0.0;0.818;15.643;0.0;0.262
ES;Anchieta;-20.8056132242;-40.6476589422;25899;56.307;29.797;0.741;0.266;0.0;3.286;8.406;0.664;0.533
ES;Apiacá;-21.1564478853;-41.5633797609;6389;60.244;29.3;0.235;0.313;0.0;2.676;7.184;0.0;0.047
ES;Aracruz;-19.8232777404;-40.2762233764;80949;46.535;35.239;0.508;0.287;0.35;4.264;12.509;0.042;0.266
ES;Atilio Vivacqua;-20.9158966202;-41.1912419095;9078;56.543;36.506;0.066;0.154;0.0;0.595;6.07;0.0;0.066
ES;Baixo Guandu;-19.5142461286;-41.0120677359;26626;47.206;40.851;0.278;0.21;0.0;1.258;10.08;0.0;0.116
ES;Barra de São Francisco;-18.7590890533;-40.890398624;36723;37.941;47.94;0.24;0.0;0.0;1.375;12.208;0.0;0.297
ES;Boa Esperança;-18.5387151622;-40.3029556431;11790;62.002;28.931;0.0;0.042;0.0;1.527;7.498;0.0;0.0
ES;Bom Jesus do Norte;-21.1293417884;-41.6758105078;9033;56.759;30.643;0.852;0.487;0.0;3.277;7.882;0.0;0.1
ES;Brejetuba;-20.1570341862;-41.2896765285;11035;43.453;35.415;0.399;0.0;0.0;2.048;18.423;0.0;0.263
ES;Cachoeiro de Itapemirim;-20.8501123497;-41.1119188104;162946;55.286;34.014;0.781;0.332;0.007;1.741;7.74;0.007;0.093
ES;Cariacica;-20.2946777965;-40.3905591047;305032;37.284;41.391;0.329;0.378;0.0;4.678;15.818;0.034;0.089
ES;Castelo;-20.6020650861;-41.202212704;32664;79.862;14.049;1.108;0.67;0.028;0.585;3.435;0.0;0.263
ES;Colatina;-19.5362700836;-40.630317554;105375;63.537;27.876;0.455;0.223;0.02;1.769;6.01;0.004;0.107
ES;Conceição da Barra;-18.5984623009;-39.7274744194;23530;42.792;37.28;0.421;0.276;0.0;4.658;14.513;0.0;0.059
ES;Conceição do Castelo;-20.3655811138;-41.2453480412;10405;75.502;18.981;0.058;0.163;0.0;1.836;3.268;0.0;0.192
ES;Divino de São Lourenço;-20.6204706519;-41.6799763283;4422;41.995;37.766;2.194;0.226;0.09;5.54;12.053;0.0;0.136
ES;Domingos Martins;-20.3642385224;-40.6593963546;31224;52.943;41.225;0.231;0.17;0.0;1.131;4.301;0.0;0.0
ES;Dores do Rio Preto;-20.6928939053;-41.8495773625;5796;55.694;28.106;3.796;0.173;0.0;2.07;10.162;0.0;0.0
ES;Ecoporanga;-18.3752523795;-40.8300811593;19222;59.25;34.242;0.026;0.057;0.0;1.608;4.817;0.0;0.0
ES;Fundão;-19.9334471177;-40.403765444;15784;57.774;29.555;0.443;0.266;0.076;3.212;8.363;0.0;0.31
ES;Governador Lindenberg;-19.2528074444;-40.4577660614;9633;85.757;13.433;0.093;0.0;0.0;0.363;0.353;0.0;0.0
ES;Guaçuí;-20.7753378053;-41.6794962927;25332;48.271;36.199;4.015;0.967;0.0;1.358;9.044;0.0;0.146
ES;Guarapari;-20.6659745796;-40.4950210195;108885;46.894;34.09;1.191;0.578;0.017;4.057;13.098;0.0;0.075
ES;Ibatiba;-20.2340203463;-41.5072079995;21762;40.116;40.98;0.685;0.152;0.0;1.452;16.276;0.0;0.34
ES;Ibiraçu;-19.8318799981;-40.3716661789;10203;62.707;23.581;0.255;0.098;0.0;2.842;10.36;0.049;0.108
ES;Ibitirama;-20.5387309666;-41.6594124009;8079;38.965;51.145;1.646;0.371;0.0;2.872;4.914;0.0;0.087
ES;Iconha;-20.7971447539;-40.8112210453;11015;78.348;17.158;0.0;0.045;0.0;1.616;2.814;0.0;0.018
ES;Irupi;-20.3485970393;-41.6475278615;11766;38.467;43.651;2.057;0.0;0.0;1.725;14.006;0.0;0.093
ES;Itaguaçu;-19.8025077112;-40.8565984866;12161;57.89;37.546;0.033;0.016;0.0;1.085;3.33;0.0;0.099
ES;Itapemirim;-21.0110996273;-40.8361451168;34475;29.363;51.635;1.23;0.16;0.015;2.509;15.089;0.0;0.0
ES;Itarana;-19.872348006;-40.8797910822;9464;57.555;38.24;0.19;0.042;0.0;1.279;2.694;0.0;0.0
ES;Iúna;-20.3485995138;-41.5328886935;24491;40.411;38.929;1.654;0.245;0.0;1.629;17.084;0.0;0.049
ES;Jaguaré;-18.9004359095;-40.0861409924;24464;64.188;25.879;0.012;0.262;0.004;0.801;8.604;0.0;0.249
ES;Jerônimo Monteiro;-20.7976978983;-41.4029345745;10140;53.481;31.42;2.347;0.562;0.0;1.331;10.71;0.0;0.148
ES;João Neiva;-19.7529585989;-40.3808804853;12449;67.604;24.869;0.177;0.129;0.0;1.333;5.888;0.0;0.0
ES;Laranja da Terra;-19.8986934504;-41.0552443545;9967;24.832;72.881;0.0;0.0;0.0;0.401;1.886;0.0;0.0
ES;Linhares;-19.3981059345;-40.0653057987;142922;50.789;32.634;0.346;0.304;0.209;3.145;12.452;0.055;0.066
ES;Mantenópolis;-18.8611789662;-41.1177374788;11118;41.428;42.175;0.0;0.0;0.0;2.24;14.103;0.054;0.0
ES;Marataízes;-21.0429962753;-40.8301872857;36340;26.299;53.897;1.117;0.325;0.0;2.336;16.015;0.011;0.0
ES;Marechal Floriano;-20.426708592;-40.6803834329;15321;61.497;30.664;0.255;0.098;0.0;1.815;5.528;0.0;0.144
ES;Marilândia;-19.4128127578;-40.5509510036;10978;80.097;16.67;0.0;0.455;0.0;0.337;2.441;0.0;0.0
ES;Mimoso do Sul;-21.0653735082;-41.3644252659;21701;71.278;19.902;0.525;0.051;0.0;1.475;6.732;0.0;0.037
ES;Montanha;-18.1268566472;-40.3634208796;16360;61.663;27.414;0.031;0.073;0.0;4.181;6.528;0.0;0.11
ES;Mucurici;-18.0972363796;-40.5179268365;4765;65.142;23.484;0.273;0.0;0.0;1.679;9.129;0.0;0.294
ES;Muniz Freire;-20.4565455935;-41.4175137804;15751;67.259;25.548;0.819;0.235;0.0;1.321;4.704;0.0;0.114
ES;Muqui;-20.9536923095;-41.3462139984;12086;70.04;22.116;0.612;0.141;0.0;2.085;4.989;0.0;0.017
ES;Nova Venécia;-18.7129060016;-40.401547877;42865;64.64;26.523;0.341;0.042;0.0;2.377;5.853;0.065;0.159
ES;Pancas;-19.2244197861;-40.8560031007;16585;40.639;48.936;0.181;0.0;0.0;1.767;8.478;0.0;0.0
ES;Pedro Canário;-18.2971915039;-39.9549369519;18265;44.238;38.067;0.011;0.35;0.0;3.192;13.978;0.0;0.164
ES;Pinheiros;-18.4133233436;-40.2177280802;20466;58.404;27.504;0.049;0.015;0.0;4.163;9.738;0.0;0.127
ES;Piúma;-20.8376088997;-40.7279809404;19389;49.652;36.65;1.124;0.083;0.0;2.048;10.3;0.026;0.119
ES;Ponto Belo;-18.1291260855;-40.5381337771;5642;62.637;29.174;0.177;0.106;0.0;1.028;6.611;0.0;0.266
ES;Presidente Kennedy;-21.1001484085;-41.0518956306;11656;29.607;46.397;0.18;0.154;0.0;2.788;20.796;0.0;0.077
ES;Rio Bananal;-19.2770864859;-40.3224784283;16695;77.43;16.466;0.036;0.21;0.0;0.875;4.984;0.0;0.0
ES;Rio Novo do Sul;-20.8645861497;-40.9362283555;9694;59.325;34.372;0.021;0.052;0.0;1.475;4.735;0.0;0.021
ES;Santa Leopoldina;-20.0988906925;-40.5332096123;11524;55.666;35.977;0.217;0.486;0.0;2.282;5.371;0.0;0.0
ES;Santa Maria de Jetibá;-20.0288140582;-40.7416178006;35943;21.35;73.528;0.067;0.092;0.0;1.452;3.511;0.0;0.0
ES;Santa Teresa;-19.9377143169;-40.5989977217;20305;69.845;21.241;1.123;0.443;0.0;1.138;6.127;0.0;0.084
ES;São Domingos do Norte;-19.14816851;-40.6218777327;7563;64.591;24.078;0.0;0.0;0.0;0.648;10.538;0.0;0.145
ES;São Gabriel da Palha;-19.0219647532;-40.5295995076;28247;65.083;28.049;0.106;0.081;0.0;1.023;5.622;0.0;0.035
ES;São José do Calçado;-21.0261302467;-41.6560878498;9557;52.412;37.376;0.387;0.283;0.0;1.245;7.722;0.0;0.575
ES;São Mateus;-18.7184469679;-39.8582005956;106752;49.541;33.147;0.563;0.343;0.0;4.993;11.186;0.087;0.141
ES;São Roque do Canaã;-19.7253072048;-40.6431387555;9818;77.602;18.751;0.244;0.0;0.0;0.866;1.823;0.0;0.713
ES;Serra;-20.1567698424;-40.2752170367;447310;35.668;40.106;0.729;0.58;0.018;7.009;15.763;0.054;0.074
ES;Sooretama;-19.1919496279;-40.0964908071;22218;44.401;35.156;0.0;0.176;0.0;4.276;15.992;0.0;0.0
ES;Vargem Alta;-20.6716781988;-41.0071483602;16889;71.603;23.329;0.562;0.515;0.0;0.959;3.032;0.0;0.0
ES;Venda Nova do Imigrante;-20.3315181774;-41.1290532111;20925;73.534;21.41;0.746;0.54;0.0;0.468;3.235;0.0;0.067
ES;Viana;-20.3908625112;-40.4956243355;63141;37.111;41.03;0.337;0.22;0.057;2.9;18.278;0.0;0.067
ES;Vila Pavão;-18.6208034523;-40.6024114108;7783;43.171;49.737;0.039;0.0;0.0;1.092;5.962;0.0;0.0
ES;Vila Valério;-18.9936174389;-40.3905897774;11887;59.99;34.466;0.042;0.126;0.0;0.547;4.593;0.0;0.236
ES;Vila Velha;-20.3383741042;-40.2939566369;413793;44.824;36.463;1.512;0.764;0.053;5.034;11.225;0.062;0.063
ES;Vitória;-20.3201537929;-40.3222087267;287821;49.012;27.991;2.576;0.772;0.008;4.729;14.794;0.015;0.102
RJ;Angra dos Reis;-23.0091159353;-44.3196272623;144716;35.112;38.755;1.232;0.898;0.191;5.88;17.713;0.073;0.145
RJ;Aperibé;-21.6194217698;-42.1049166541;9748;41.957;42.911;1.149;0.277;0.0;1.282;12.32;0.0;0.103
RJ;Araruama;-22.8774383874;-42.3410960232;113218;33.185;38.327;3.212;1.804;0.004;4.609;18.648;0.085;0.127
RJ;Areal;-22.2369120036;-43.1010698052;10301;57.276;25.939;5.805;0.767;0.0;1.912;8.3;0.0;0.0
RJ;Armação dos Búzios;-22.7577637929;-41.8877494681;34778;25.554;33.262;1.878;0.949;0.0;16.171;21.818;0.104;0.265
RJ;Arraial do Cabo;-22.9676382776;-42.0283359676;27445;35.657;35.114;1.902;1.585;0.0;7.116;18.189;0.138;0.299
RJ;Barra do Piraí;-22.4695962921;-43.8284524538;81802;44.587;34.296;4.973;3.697;0.0;3.625;8.607;0.006;0.209
RJ;Barra Mansa;-22.5453011339;-44.1724313737;150129;48.524;35.693;2.451;0.966;0.007;3.942;8.316;0.007;0.094
RJ;Belford Roxo;-22.7645559675;-43.3996249708;417579;26.702;36.259;1.5;2.353;0.014;5.933;27.017;0.009;0.213
RJ;Bom Jardim;-22.1533052283;-42.4172114823;24740;61.718;26.746;0.966;0.408;0.0;2.021;8.141;0.0;0.0
RJ;Bom Jesus do Itabapoana;-21.1344974419;-41.677679795;30871;62.032;29.779;0.849;0.282;0.0;2.131;4.927;0.0;0.0
RJ;Cabo Frio;-22.8807646671;-42.0200748019;193923;29.019;41.802;2.694;1.502;0.003;8.291;16.353;0.061;0.275
RJ;Cachoeiras de Macacu;-22.4675708722;-42.6631643573;49894;24.773;45.062;1.205;1.07;0.032;4.674;23.051;0.02;0.114
RJ;Cambuci;-21.5772767097;-41.9086360047;13121;52.603;33.679;0.998;0.175;0.0;1.654;10.83;0.0;0.061
RJ;Carapebus;-22.1825947274;-41.6640105959;12052;39.363;42.043;0.398;0.29;0.0;5.02;12.778;0.0;0.108
RJ;Comendador Levy Gasparian;-22.0333589384;-43.2172237156;7632;53.053;31.053;3.066;0.786;0.039;3.001;8.884;0.0;0.118
RJ;Campos dos Goytacazes;-21.7518986321;-41.3304764919;419925;43.457;36.625;1.99;0.725;0.0;3.512;13.485;0.049;0.158
RJ;Cantagalo;-21.9818398588;-42.365977599;17066;58.116;32.087;1.318;0.164;0.0;2.889;5.426;0.0;0.0
RJ;Cardoso Moreira;-21.4961573567;-41.6132963462;11439;37.398;43.754;0.97;0.149;0.0;2.124;15.561;0.0;0.044
RJ;Carmo;-21.9293117801;-42.6097176407;15274;57.182;28.1;4.439;0.805;0.072;3.352;5.971;0.0;0.079
RJ;Casimiro de Abreu;-22.4795365026;-42.2042105444;39828;26.16;45.044;1.931;1.263;0.168;7.465;17.935;0.0;0.035
RJ;Conceição de Macabu;-22.0878715265;-41.8677585057;18301;35.911;46.456;0.601;0.29;0.0;3.814;12.606;0.0;0.322
RJ;Cordeiro;-22.0277765631;-42.3630305379;18265;52.943;31.021;1.095;0.361;0.0;2.19;11.996;0.274;0.12
RJ;Duas Barras;-22.0589060899;-42.5150976315;9656;63.95;27.133;0.59;0.104;0.0;3.034;5.033;0.0;0.155
RJ;Duque de Caxias;-22.7852532497;-43.3098880717;700635;29.579;40.441;1.813;2.213;0.016;6.394;19.217;0.02;0.307
RJ;Engenheiro Paulo de Frontin;-22.5436846647;-43.679476829;10926;36.83;39.868;3.606;2.37;0.0;3.871;13.408;0.0;0.046
RJ;Guapimirim;-22.5195957941;-42.9783297043;44830;32.11;36.728;2.532;1.762;0.0;5.36;20.776;0.216;0.515
RJ;Iguaba Grande;-22.8390569837;-42.2221245423;24992;36.812;37.464;4.585;2.065;0.0;7.114;11.68;0.0;0.28
RJ;Itaboraí;-22.7458630174;-42.8603434262;195679;26.764;44.242;1.483;1.683;0.025;5.771;19.925;0.01;0.098
RJ;Itaguaí;-22.8712507684;-43.7750406349;100333;24.536;42.312;2.187;1.865;0.0;8.647;20.153;0.209;0.091
RJ;Italva;-21.425103278;-41.6909647605;12545;46.297;37.593;0.159;0.12;0.0;2.001;13.83;0.0;0.0
RJ;Itaocara;-21.6705026733;-42.0777295246;20453;52.511;37.466;0.528;0.259;0.0;2.078;7.158;0.0;0.0
RJ;Itaperuna;-21.2105910848;-41.8862031767;89744;51.969;38.844;0.808;0.425;0.0;2.276;5.001;0.536;0.142
RJ;Itatiaia;-22.4970145997;-44.5627719942;26996;48.974;32.268;2.534;1.204;0.0;4.312;10.394;0.022;0.293
RJ;Japeri;-22.6448185711;-43.653785801;83169;18.969;41.518;1.266;1.353;0.023;5.686;31.019;0.0;0.167
RJ;Laje do Muriaé;-21.2057208352;-42.1311744192;6483;72.343;23.754;0.555;0.031;0.0;0.663;2.653;0.0;0.0
RJ;Macaé;-22.3687049744;-41.7750642855;211487;30.272;38.856;2.523;1.675;0.0;6.327;20.217;0.019;0.11
RJ;Macuco;-21.9902295051;-42.2570738797;4774;60.85;32.991;0.356;0.126;0.0;1.005;4.671;0.0;0.0
RJ;Magé;-22.6543487574;-43.0402461327;197484;29.757;39.058;2.328;2.321;0.016;6.088;20.228;0.079;0.125
RJ;Mangaratiba;-22.9617119412;-44.0411265454;36449;41.513;33.381;3.377;2.324;0.0;6.294;12.508;0.337;0.266
RJ;Maricá;-22.9169553374;-42.8198241148;174199;35.64;31.916;4.283;3.257;0.014;6.674;18.109;0.061;0.045
RJ;Mendes;-22.5174226019;-43.7214868877;15472;47.512;31.082;2.986;1.668;0.0;4.246;11.957;0.336;0.213
RJ;Mesquita;-22.7680879226;-43.4292237631;145100;30.165;38.3;2.644;3.596;0.009;6.377;18.704;0.042;0.162
RJ;Miguel Pereira;-22.4554266084;-43.4746761215;23791;33.95;37.476;5.498;2.455;0.113;5.452;14.913;0.08;0.063
RJ;Miracema;-21.4111632992;-42.1984114072;23693;66.176;26.248;0.755;0.76;0.0;1.849;4.09;0.122;0.0
RJ;Natividade;-21.043756989;-41.9764403133;13324;62.174;30.651;2.101;0.353;0.0;1.996;2.642;0.0;0.083
RJ;Nilópolis;-22.8075142239;-43.4166099809;128430;32.059;32.876;3.025;3.713;0.009;5.913;22.211;0.023;0.171
RJ;Niterói;-22.8964523851;-43.0758231673;433965;44.939;22.161;5.949;3.064;0.01;6.662;16.964;0.169;0.082
RJ;Nova Friburgo;-22.2864614592;-42.532771263;170245;45.768;29.419;2.936;1.723;0.013;5.496;14.397;0.19;0.058
RJ;Nova Iguaçu;-22.7598348263;-43.4503453299;683655;27.248;40.239;2.288;2.702;0.016;7.457;19.819;0.029;0.204
RJ;Paracambi;-22.6097271621;-43.709384563;36820;27.488;46.765;1.38;1.882;0.0;4.264;18.194;0.0;0.027
RJ;Paraíba do Sul;-22.1619815422;-43.2895444648;36865;52.725;30.503;2.751;1.356;0.0;3.13;9.125;0.0;0.41
RJ;Paraty;-23.2194136073;-44.710858502;39142;34.038;34.983;1.528;1.553;0.335;6.747;20.564;0.059;0.194
RJ;Paty do Alferes;-22.4274146332;-43.4248709167;25747;28.578;47.986;2.194;0.998;0.0;2.517;17.431;0.0;0.295
RJ;Petrópolis;-22.510598612;-43.1773365767;248303;48.062;29.143;3.833;1.47;0.029;4.571;12.675;0.144;0.073
RJ;Pinheiral;-22.5156739858;-44.000354557;21369;41.097;35.28;4.366;2.593;0.0;4.23;12.336;0.066;0.033
RJ;Piraí;-22.6287569098;-43.8993511858;24042;43.233;34.935;2.641;2.246;0.0;3.968;12.345;0.0;0.632
RJ;Porciúncula;-20.962607627;-42.0401563585;15128;59.003;27.73;1.481;0.628;0.0;2.122;8.818;0.0;0.218
RJ;Porto Real;-22.4329484238;-44.296900735;17648;49.779;38.611;1.513;0.612;0.0;3.621;5.814;0.0;0.051
RJ;Quatis;-22.4099186617;-44.2627113016;11956;58.046;27.81;2.392;1.915;0.033;3.622;6.097;0.042;0.042
RJ;Queimados;-22.7174304901;-43.5556695471;120982;23.112;44.617;1.299;1.421;0.035;8.249;21.111;0.0;0.158
RJ;Quissamã;-22.1066401655;-41.4725094001;19305;45.548;34.095;1.119;1.528;0.0;4.646;12.577;0.197;0.29
RJ;Resende;-22.4711835861;-44.4436134229;114341;55.552;28.746;2.379;0.746;0.01;5.039;7.388;0.061;0.08
RJ;Rio Bonito;-22.7112715026;-42.6259978412;49621;31.791;43.937;1.207;0.399;0.0;4.095;18.339;0.022;0.21
RJ;Rio Claro;-22.731726834;-44.1394056377;15435;62.825;29.77;1.114;0.266;0.0;2.034;3.745;0.0;0.246
RJ;Rio das Flores;-22.1718622438;-43.5764329481;7827;62.106;22.09;1.993;1.61;0.0;5.992;6.209;0.0;0.0
RJ;Rio das Ostras;-22.5239411858;-41.9369671272;135667;30.266;39.952;3.206;2.138;0.0;7.298;16.944;0.03;0.164
RJ;Rio de Janeiro;-22.8766521182;-43.227875125;5523357;43.621;25.481;5.114;3.554;0.019;5.964;16.095;0.052;0.099
RJ;Santa Maria Madalena;-21.9660944707;-42.0144449928;9082;59.833;25.699;2.169;0.319;0.0;2.378;9.601;0.0;0.0
RJ;Santo Antônio de Pádua;-21.5359771209;-42.1779115575;36628;48.73;37.733;0.661;0.246;0.0;1.971;10.517;0.0;0.142
RJ;São Francisco de Itabapoana;-21.4801381323;-41.1177197286;38950;34.716;42.634;0.141;0.2;0.0;3.065;19.104;0.0;0.139
RJ;São Fidélis;-21.6436265466;-41.7555923123;34334;37.054;38.225;0.743;0.3;0.0;3.396;20.012;0.0;0.271
RJ;São Gonçalo;-22.829547313;-43.032335062;791743;35.213;35.591;2.339;2.825;0.025;5.396;18.327;0.043;0.242
RJ;São João da Barra;-21.6404577524;-41.0503481455;32103;67.218;22.331;1.153;0.607;0.0;2.246;6.389;0.034;0.022
RJ;São João de Meriti;-22.8023308086;-43.371884603;384795;27.829;33.428;2.299;2.293;0.023;8.618;25.148;0.114;0.247
RJ;São José de Ubá;-21.3602211098;-41.9412319414;6267;55.736;33.03;0.0;0.128;0.0;0.734;10.26;0.0;0.112
RJ;São José do Vale do Rio Preto;-22.1497395105;-42.9233683013;19133;39.163;47.06;1.218;0.0;0.031;3.439;9.089;0.0;0.0
RJ;São Pedro da Aldeia;-22.8372031948;-42.1035286702;90414;28.85;42.493;2.12;1.355;0.0;6.221;18.752;0.007;0.202
RJ;São Sebastião do Alto;-21.9544634109;-42.1302196785;6822;65.04;28.921;0.381;0.132;0.0;2.082;3.445;0.0;0.0
RJ;Sapucaia;-21.9939558652;-42.9141753605;15719;52.917;36.485;1.444;0.337;0.0;1.291;7.373;0.0;0.153
RJ;Saquarema;-22.931127416;-42.49669405;78823;34.816;33.05;3.843;2.695;0.032;6.98;18.364;0.095;0.126
RJ;Seropédica;-22.743011068;-43.7019252212;69515;19.658;46.288;1.09;1.705;0.0;8.696;22.427;0.03;0.106
RJ;Silva Jardim;-22.6543301984;-42.3898259274;18483;20.581;46.692;0.952;0.601;0.0;6.157;24.839;0.0;0.179
RJ;Sumidouro;-22.0506694108;-42.6786255811;13268;42.388;45.485;0.354;0.038;0.0;1.357;10.326;0.0;0.053
RJ;Tanguá;-22.7339374343;-42.7211719484;26928;25.914;43.427;0.201;0.271;0.0;3.535;26.571;0.033;0.048
RJ;Teresópolis;-22.4090049456;-42.9629567139;145865;39.056;33.982;2.463;1.229;0.0;5.235;17.847;0.0;0.189
RJ;Trajano de Moraes;-22.0613797048;-42.0548152486;9154;47.684;32.456;0.765;0.568;0.0;3.223;14.584;0.0;0.721
RJ;Três Rios;-22.117448001;-43.2116094443;68614;50.87;33.572;3.721;1.322;0.016;3.069;7.175;0.01;0.245
RJ;Valença;-22.2447194312;-43.7048436783;60564;59.147;20.613;4.907;3.32;0.0;3.477;8.503;0.0;0.031
RJ;Varre-Sai;-20.9292976639;-41.8632953883;8821;75.32;20.304;0.419;0.363;0.0;1.383;2.131;0.0;0.079
RJ;Vassouras;-22.409007573;-43.6638740245;29883;50.718;28.257;3.41;2.597;0.007;5.374;9.537;0.0;0.1
RJ;Volta Redonda;-22.5099676008;-44.0935218847;233186;43.402;34.666;4.494;1.317;0.006;5.163;10.585;0.244;0.123
SP;Adamantina;-21.68831148;-51.0733647496;31185;69.331;17.431;1.526;4.829;0.0;3.322;3.396;0.0;0.164
SP;Adolfo;-21.2327297773;-49.6497214256;3818;55.238;36.276;1.205;0.105;0.0;3.536;3.536;0.0;0.105
SP;Aguaí;-22.059684;-46.9796931093;28040;62.764;25.82;1.491;0.728;0.039;3.506;5.556;0.068;0.029
SP;Águas da Prata;-21.934829;-46.7167667096;6582;65.679;20.146;4.786;0.152;0.0;2.674;6.563;0.0;0.0
SP;Águas de Lindóia;-22.4738220362;-46.6317788359;16184;64.1;22.201;2.156;0.624;0.043;3.256;7.359;0.0;0.26
SP;Águas de Santa Bárbara;-22.8691494094;-49.2386077671;6339;60.593;23.789;2.887;0.836;0.047;4.102;7.746;0.0;0.0
SP;Águas de São Pedro;-22.5973395539;-47.883974741;2563;52.009;17.05;5.579;2.458;0.0;10.808;12.095;0.0;0.0
SP;Agudos;-22.474037;-48.9901562879;32817;42.137;41.795;1.262;0.524;0.0;5.424;8.48;0.037;0.341
SP;Alambari;-23.5538988927;-47.8935883872;5407;54.281;36.379;0.777;0.222;0.0;5.012;3.329;0.0;0.0
SP;Alfredo Marcondes;-21.9527411236;-51.4129380665;3951;74.842;20.602;0.278;0.177;0.0;1.266;2.759;0.0;0.076
SP;Altair;-20.5233048816;-49.0601107542;3016;69.065;25.829;0.564;0.398;0.0;1.724;2.42;0.0;0.0
SP;Altinópolis;-21.0245826446;-47.3732802929;14763;67.54;23.261;1.023;0.589;0.0;3.19;4.342;0.0;0.054
SP;Alto Alegre;-21.5816894572;-50.1635967961;3484;69.231;25.947;1.292;0.172;0.0;2.44;0.918;0.0;0.0
SP;Alumínio;-23.5333730478;-47.2590569185;15046;59.252;30.261;0.445;0.226;0.027;3.642;5.776;0.0;0.372
SP;Álvares Florence;-20.3198762474;-49.9111848125;3559;69.935;23.462;0.646;0.393;0.0;2.416;3.147;0.0;0.0
SP;Álvares Machado;-22.077778995;-51.468797273;23610;61.931;28.759;0.682;0.322;0.0;2.516;5.743;0.0;0.047
SP;Álvaro de Carvalho;-22.076374634;-49.7206090203;4414;46.806;26.325;0.295;0.929;0.0;5.052;20.594;0.0;0.0
SP;Alvinlândia;-22.4450101516;-49.7630330294;2528;44.304;45.57;0.0;0.079;0.158;5.696;4.035;0.158;0.0
SP;Americana;-22.7408835;-47.3303629264;211660;54.024;29.445;2.957;0.95;0.005;5.522;6.991;0.0;0.105
SP;Américo Brasiliense;-21.7300365;-48.1066045618;28858;58.005;26.568;1.594;0.925;0.035;4.113;8.715;0.0;0.045
SP;Américo de Campos;-20.2964019436;-49.7270268374;5298;70.159;23.82;0.925;0.0;0.0;2.152;2.888;0.0;0.057
SP;Amparo;-22.6993886263;-46.7650856905;60784;67.482;17.177;3.03;1.783;0.0;3.343;7.125;0.026;0.033
SP;Analândia;-22.1287854993;-47.6607664159;3997;50.813;33.525;1.826;0.4;0.0;2.752;10.683;0.0;0.0
SP;Andradina;-20.901463515;-51.3788477948;53116;51.721;32.785;3.56;0.367;0.0;4.965;6.525;0.0;0.077
SP;Angatuba;-23.483987;-48.4067596165;20850;68.566;24.197;0.0;0.0;0.0;3.64;3.559;0.0;0.038
SP;Anhembi;-22.7863209396;-48.1269268306;4936;62.52;30.308;0.243;0.446;0.0;3.302;3.059;0.061;0.061
SP;Anhumas;-22.2932371758;-51.3860744233;3520;76.136;19.773;0.284;0.227;0.085;1.79;1.705;0.0;0.0
SP;Aparecida;-22.848154;-45.2294293381;28800;77.014;17.969;0.538;0.809;0.0;1.604;2.031;0.035;0.0
SP;Aparecida d'Oeste;-20.4508453725;-50.8856157062;3676;63.085;25.245;5.277;0.0;0.0;1.931;4.461;0.0;0.0
SP;Apiaí;-24.513316;-48.8486599046;21381;53.295;35.812;0.935;0.271;0.0;2.161;7.525;0.0;0.0
SP;Araçariguama;-23.4300408482;-47.0715476362;18321;45.702;36.052;0.884;0.284;0.0;5.48;11.599;0.0;0.0
SP;Araçatuba;-21.205476;-50.4392260728;177604;47.343;35.428;3.408;0.871;0.031;5.444;7.291;0.016;0.168
SP;Araçoiaba da Serra;-23.5073197972;-47.5872429386;29048;53.25;31.049;3.35;0.596;0.034;5.023;6.482;0.0;0.217
SP;Aramina;-20.0899442071;-47.786013041;4799;63.93;21.213;8.273;1.0;0.0;2.646;2.855;0.0;0.083
SP;Arandu;-23.1334071156;-49.0509758715;6001;59.057;30.812;0.717;0.267;0.0;4.916;4.233;0.0;0.0
SP;Arapeí;-22.6747987233;-44.4481065568;2083;60.778;29.381;0.384;0.192;0.0;2.832;6.433;0.0;0.0
SP;Araraquara;-21.7903595;-48.1744399375;215344;55.213;23.426;5.64;2.262;0.054;4.721;8.585;0.047;0.052
SP;Araras;-22.3570865197;-47.3858295275;115906;54.094;30.42;2.247;0.671;0.0;4.578;7.875;0.046;0.069
SP;Arco-Íris;-21.773914025;-50.4649108683;1773;57.078;39.312;0.226;0.113;0.169;1.128;1.974;0.0;0.0
SP;Arealva;-22.0247674993;-48.9204148014;7270;62.077;29.271;1.183;0.481;0.0;1.582;5.186;0.0;0.22
SP;Areias;-22.5821938859;-44.6994320051;3121;72.829;21.307;0.673;0.0;0.0;3.717;1.474;0.0;0.0
SP;Areiópolis;-22.6739404492;-48.6655945585;8811;50.301;38.963;0.102;0.045;0.0;2.236;8.296;0.0;0.057
SP;Ariranha;-21.1861274429;-48.7883365641;6820;66.877;24.164;2.346;0.674;0.0;1.848;3.871;0.0;0.22
SP;Artur Nogueira;-22.5713430105;-47.1643011503;44958;53.501;30.575;0.827;0.665;0.0;5.361;8.897;0.0;0.173
SP;Arujá;-23.395826741;-46.3204896001;75507;45.36;31.01;2.606;1.454;0.0;9.239;10.109;0.023;0.199
SP;Aspásia;-20.1581899859;-50.7269626714;1623;67.652;28.281;0.986;0.308;0.0;0.246;2.095;0.0;0.431
SP;Assis;-22.66283502;-50.41751004;89953;57.606;32.311;1.129;0.563;0.0;2.816;5.482;0.047;0.047
SP;Atibaia;-23.116308;-46.5550625007;139346;52.006;24.403;4.289;1.8;0.0;7.695;9.654;0.057;0.096
SP;Auriflama;-20.6873348995;-50.5539593332;12213;52.632;38.058;3.832;0.106;0.0;1.981;3.308;0.0;0.082
SP;Avaí;-22.1567721163;-49.3368150412;3878;43.347;46.441;0.438;0.284;1.753;1.109;6.395;0.0;0.232
SP;Avanhandava;-21.4608705607;-49.9426973012;9942;53.4;34.812;1.549;0.553;0.0;3.007;6.578;0.0;0.101
SP;Avaré;-23.1031935;-48.9232631944;81214;59.028;27.242;2.176;0.696;0.009;4.289;6.491;0.0;0.07
SP;Bady Bassitt;-20.9185637796;-49.4485737093;23663;53.476;30.82;3.706;0.968;0.0;4.856;5.959;0.216;0.0
SP;Balbinos;-21.901523782;-49.3564734994;3733;39.78;27.029;1.018;2.063;0.0;0.563;29.547;0.0;0.0
SP;Bálsamo;-20.7382637782;-49.57932769;8600;60.744;30.988;2.558;0.326;0.0;2.209;3.174;0.0;0.0
SP;Bananal;-22.6826159993;-44.323330129;8817;58.104;27.231;1.463;0.476;0.0;2.019;10.627;0.0;0.079
SP;Barão de Antonina;-23.6271105197;-49.5660638969;3067;70.297;25.693;0.13;0.163;0.619;1.337;1.695;0.065;0.0
SP;Barbosa;-21.259025922;-49.9539885165;4911;44.268;40.867;0.529;1.018;0.0;2.81;10.446;0.0;0.061
SP;Bariri;-22.071978;-48.7415247712;27860;70.219;23.963;1.22;0.19;0.0;1.145;3.263;0.0;0.0
SP;Barra Bonita;-22.4911455;-48.5632292276;31066;65.319;20.675;4.188;0.692;0.0;3.805;5.237;0.0;0.084
SP;Barra do Chapéu;-24.4714259993;-49.0271391368;4478;36.177;47.767;0.201;0.0;0.0;5.315;10.272;0.0;0.268
SP;Barra do Turvo;-24.759386656;-48.5023434528;5971;45.453;40.697;0.184;0.151;0.0;2.311;11.07;0.067;0.067
SP;Barretos;-20.558455515;-48.5673778395;107943;60.741;25.446;3.113;1.211;0.025;3.697;5.681;0.033;0.053
SP;Barrinha;-21.1917435;-48.1628135185;27645;46.482;35.243;0.633;0.362;0.029;3.476;13.738;0.0;0.036
SP;Barueri;-23.508902;-46.8746528865;271879;46.33;32.679;1.817;1.247;0.004;6.392;11.427;0.025;0.08
SP;Bastos;-21.92103747;-50.7348708619;18970;57.396;32.23;0.148;0.063;0.0;3.31;6.637;0.0;0.216
SP;Batatais;-20.8919295;-47.5861067269;51783;64.67;21.524;2.7;0.701;0.0;5.133;5.251;0.0;0.021
SP;Bauru;-22.3251225;-49.0830008671;335460;43.941;35.931;3.769;1.478;0.038;6.592;8.202;0.003;0.047
SP;Bebedouro;-20.94981552;-48.4773621747;67578;56.825;30.187;3.183;0.728;0.0;2.798;6.267;0.0;0.012
SP;Bento de Abreu;-21.2691080212;-50.8118522148;2258;57.086;35.252;0.753;0.0;0.0;0.709;6.2;0.0;0.0
SP;Bernardino de Campos;-23.013553004;-49.4740434847;10329;64.44;26.063;2.304;0.358;0.048;1.781;5.005;0.0;0.0
SP;Bertioga;-23.8540145;-46.1365383351;55210;45.202;28.77;2.324;1.627;0.221;7.622;14.007;0.045;0.183
SP;Bilac;-21.4025711352;-50.4811104805;6515;64.666;25.05;1.32;0.184;0.0;4.068;4.559;0.0;0.153
SP;Birigui;-21.2923922882;-50.339328517;105388;50.943;32.788;2.679;0.58;0.008;5.665;7.202;0.067;0.068
SP;Biritiba-Mirim;-23.5710333875;-46.0412122248;25945;48.977;32.076;1.283;2.598;0.0;4.182;10.572;0.093;0.22
SP;Boa Esperança do Sul;-21.9924841634;-48.390596907;11203;58.074;24.618;1.866;1.187;0.25;2.446;11.559;0.0;0.0
SP;Bocaina;-22.1339225457;-48.5204936244;9913;66.125;27.459;1.957;0.444;0.0;2.068;1.866;0.0;0.081
SP;Bofete;-23.10252;-48.2600330588;9204;55.563;32.225;0.717;0.13;0.0;2.216;8.29;0.0;0.858
SP;Boituva;-23.2819440035;-47.671473498;53421;54.179;29.301;1.838;0.753;0.0;5.361;8.388;0.069;0.11
SP;Bom Jesus dos Perdões;-23.1308374287;-46.4664928426;19256;57.281;24.688;1.771;2.43;0.068;4.097;9.665;0.0;0.0
SP;Bom Sucesso de Itararé;-24.3182628407;-49.1437619226;2999;63.454;28.943;0.433;0.0;0.0;0.7;6.069;0.0;0.4
SP;Borá;-22.2701171067;-50.5448809992;786;60.814;32.697;0.254;0.509;0.0;1.399;3.181;0.0;1.145
SP;Boracéia;-22.1932056544;-48.7792182832;4078;62.261;29.598;0.0;0.736;0.0;3.482;3.752;0.0;0.172
SP;Borborema;-21.6215379942;-49.0726402479;12729;73.446;20.921;0.896;0.322;0.0;1.147;3.268;0.0;0.0
SP;Borebi;-22.5678331169;-48.9715958405;2311;38.035;48.291;1.168;0.0;0.0;7.962;4.543;0.0;0.0
SP;Botucatu;-22.8883815;-48.4412893844;128230;50.452;32.413;2.256;1.192;0.009;5.429;8.023;0.017;0.21
SP;Bragança Paulista;-22.9568955;-46.542333374;156366;55.142;27.214;2.46;1.162;0.041;6.051;7.468;0.271;0.193
SP;Braúna;-21.5010212085;-50.3181656103;4665;58.156;25.573;0.879;0.107;0.0;7.16;8.124;0.0;0.0
SP;Brejo Alegre;-21.1661284994;-50.1872585083;2278;44.469;37.796;0.132;0.176;0.0;5.443;11.984;0.0;0.0
SP;Brodowski;-20.9901403802;-47.6563979569;22078;62.94;22.642;2.659;0.765;0.0;3.134;7.859;0.0;0.0
SP;Brotas;-22.286516985;-48.1268333241;21022;63.419;27.276;1.774;0.533;0.043;2.992;3.867;0.0;0.095
SP;Buri;-23.799381419;-48.5974149738;17214;49.227;37.777;0.482;0.523;0.0;4.078;7.912;0.0;0.0
SP;Buritama;-21.0670395669;-50.1492812528;15301;53.735;29.88;3.392;0.301;0.0;3.804;8.856;0.0;0.033
SP;Buritizal;-20.1931482216;-47.7088600395;3854;56.331;25.843;5.708;0.415;0.0;3.347;8.355;0.0;0.0
SP;Cabrália Paulista;-22.4550869581;-49.3324468331;3762;46.624;31.074;2.02;0.372;0.0;6.592;13.317;0.0;0.0
SP;Cabreúva;-23.3126743948;-47.1336583734;40602;46.835;34.681;0.754;0.286;0.0;3.739;13.625;0.03;0.052
SP;Caçapava;-23.1006637527;-45.7077303651;84268;61.83;25.994;1.728;1.056;0.017;3.382;5.784;0.02;0.189
SP;Cachoeira Paulista;-22.6647543761;-45.0106304149;27624;71.043;20.993;2.219;0.413;0.0;1.589;3.631;0.0;0.112
SP;Caconde;-21.5287380375;-46.646834879;15144;78.883;14.963;2.476;0.132;0.0;1.334;2.04;0.0;0.172
SP;Cafelândia;-21.8097052866;-49.6003544059;14630;56.979;31.606;2.495;0.349;0.0;2.447;5.701;0.0;0.424
SP;Caiabu;-22.0123252566;-51.2359531355;3310;75.529;20.634;0.332;0.091;0.0;0.544;2.87;0.0;0.0
SP;Caieiras;-23.3621160547;-46.7441014177;83617;47.797;32.364;1.852;0.898;0.014;6.228;10.744;0.041;0.061
SP;Caiuá;-21.8299102734;-51.9868926967;5028;57.776;31.205;0.298;0.955;0.0;4.435;5.251;0.0;0.08
SP;Cajamar;-23.3609713847;-46.8829201466;79560;44.818;32.888;1.266;1.145;0.0;6.555;13.262;0.026;0.04
SP;Cajati;-24.7263609722;-48.104999809;24397;19.9;53.277;1.037;0.119;0.0;7.025;17.969;0.0;0.672
SP;Cajobi;-20.8790925179;-48.8101223647;8145;67.489;24.543;1.044;0.565;0.0;2.222;4.138;0.0;0.0
SP;Cajuru;-21.2747175;-47.3042661168;20933;66.001;26.36;0.75;0.463;0.0;2.451;3.975;0.0;0.0
SP;Campina do Monte Alegre;-23.5840768383;-48.4803990199;5231;60.83;28.618;1.434;0.172;0.0;3.001;5.888;0.0;0.057
SP;Campinas;-22.9073425;-47.060156273;1012968;50.427;27.753;3.356;1.353;0.011;5.695;11.174;0.03;0.2
SP;Campo Limpo Paulista;-23.2093964295;-46.7638192328;67804;45.555;34.336;1.658;1.826;0.0;5.775;10.414;0.18;0.257
SP;Campos do Jordão;-22.7400919139;-45.5892017004;41129;62.175;27.302;1.403;0.593;0.078;3.523;4.902;0.0;0.024
SP;Campos Novos Paulista;-22.5997489993;-50.0017947249;4220;61.682;30.545;0.474;0.0;0.0;2.749;4.55;0.0;0.0
SP;Cananéia;-25.01690807;-47.9284828144;10767;33.566;35.999;2.294;0.752;0.984;4.579;21.129;0.0;0.697
SP;Canas;-22.690669066;-45.0569757405;4216;59.417;34.108;0.332;0.166;0.0;2.491;3.06;0.0;0.427
SP;Cândido Mota;-22.7469255;-50.3883931718;26104;64.787;28.394;0.747;0.375;0.0;2.973;2.724;0.0;0.0
SP;Cândido Rodrigues;-21.3226135828;-48.6340393108;2621;70.584;22.358;1.183;0.076;0.0;2.48;2.556;0.0;0.763
SP;Canitar;-23.0098372188;-49.7854319545;5328;42.849;45.815;0.788;0.0;0.0;3.134;7.414;0.0;0.0
SP;Capão Bonito;-24.00680097;-48.3514345179;40623;53.809;36.516;1.142;0.421;0.025;3.176;4.82;0.0;0.091
SP;Capela do Alto;-23.4699029553;-47.7361184436;19897;61.316;29.919;0.518;0.623;0.156;2.141;5.327;0.0;0.0
SP;Capivari;-22.9995489146;-47.5022061547;43905;58.294;30.776;1.239;0.713;0.0;2.663;5.781;0.0;0.535
SP;Caraguatatuba;-23.6220065;-45.4108183822;116823;41.874;31.665;3.006;2.143;0.009;6.6;14.532;0.057;0.115
SP;Carapicuíba;-23.5352495;-46.8414454319;335964;46.854;31.594;1.212;1.324;0.052;4.669;14.108;0.013;0.175
SP;Cardoso;-20.08099151;-49.9149423029;10199;60.957;29.915;1.294;0.069;0.0;3.049;4.677;0.0;0.039
SP;Casa Branca;-21.77798699;-47.0797582048;24995;62.132;27.317;2.388;1.016;0.0;1.976;5.169;0.0;0.0
SP;Cássia dos Coqueiros;-21.2850004285;-47.167105877;2521;73.741;17.057;1.309;1.904;0.0;0.992;4.998;0.0;0.0
SP;Castilho;-20.8720265541;-51.4894070558;17490;60.852;29.514;0.76;0.189;0.0;2.447;6.238;0.0;0.0
SP;Catanduva;-21.1395385;-48.975870939;103340;55.325;29.509;6.155;0.578;0.0;3.767;4.567;0.052;0.045
SP;Catiguá;-21.0485799994;-49.0577421525;6219;58.0;32.385;1.045;0.434;0.0;4.052;4.084;0.0;0.0
SP;Cedral;-20.9042319223;-49.2728415459;11140;57.379;28.016;2.711;0.844;0.171;4.075;6.804;0.0;0.0
SP;Cerqueira César;-23.0347974993;-49.1653301709;18782;60.004;26.669;1.81;0.921;0.0;2.928;7.486;0.0;0.181
SP;Cerquilho;-23.1686725;-47.7375313251;39561;63.138;23.126;1.749;0.341;0.0;4.919;6.618;0.0;0.109
SP;Cesário Lange;-23.2247318359;-47.9521106554;16665;54.293;28.473;0.204;0.204;0.0;12.745;4.08;0.0;0.0
SP;Charqueada;-22.5088824121;-47.7757002035;13539;56.112;33.407;0.746;0.148;0.0;2.12;7.305;0.0;0.162
SP;Clementina;-21.5603100368;-50.4503486922;6064;60.356;30.458;1.27;0.94;0.0;2.704;4.123;0.0;0.148
SP;Colina;-20.7187344994;-48.539738329;16062;60.958;20.614;4.072;0.76;0.0;4.271;9.214;0.112;0.0
SP;Colômbia;-20.1715588433;-48.6874841798;5735;56.251;30.201;1.046;0.139;0.035;2.86;9.468;0.0;0.0
SP;Conchal;-22.330076448;-47.1743757426;24271;53.376;30.378;0.77;0.033;0.0;3.185;12.06;0.0;0.198
SP;Conchas;-23.0129580806;-48.0098921336;13477;66.328;23.87;0.683;0.275;0.0;4.111;4.734;0.0;0.0
SP;Cordeirópolis;-22.4817070323;-47.4582829254;21069;63.738;27.082;0.56;0.294;0.256;2.079;5.98;0.0;0.009
SP;Coroados;-21.3540528503;-50.2872958479;4741;57.034;37.271;1.034;0.0;0.0;2.426;1.877;0.0;0.359
SP;Coronel Macedo;-23.6322349818;-49.3189123964;3812;75.105;20.094;0.105;0.0;0.0;1.705;2.991;0.0;0.0
SP;Corumbataí;-22.2189967502;-47.6266101304;3655;57.866;28.016;0.301;0.575;0.0;6.457;6.785;0.0;0.0
SP;Cosmópolis;-22.6457848859;-47.1967707768;52584;41.256;38.922;1.227;0.411;0.0;6.399;11.739;0.0;0.046
SP;Cosmorama;-20.4770346589;-49.7788596931;7694;70.237;20.886;1.885;0.247;0.0;1.69;5.056;0.0;0.0
SP;Cotia;-23.603514;-46.9318463279;236402;48.85;28.594;2.805;1.313;0.016;6.226;12.005;0.094;0.097
SP;Cravinhos;-21.3404305;-47.7300423481;29489;61.681;22.941;1.685;0.895;0.044;4.819;7.935;0.0;0.0
SP;Cristais Paulista;-20.4024919994;-47.4238064521;8042;63.243;18.503;6.74;0.224;0.0;5.521;5.708;0.0;0.062
SP;Cruzália;-22.745498929;-50.7936661596;1899;69.247;29.542;0.158;0.0;0.0;0.79;0.211;0.0;0.053
SP;Cruzeiro;-22.5777498804;-44.9617319606;66253;63.208;26.631;1.89;0.379;0.0;2.975;4.816;0.014;0.088
SP;Cubatão;-23.883839;-46.4200317683;97259;46.234;34.004;0.873;0.738;0.0;4.868;13.24;0.023;0.02
SP;Cunha;-23.0747501474;-44.9580269035;19643;67.301;25.566;0.397;0.158;0.0;1.98;4.429;0.0;0.168
SP;Descalvado;-21.909083;-47.6206639719;28338;69.885;18.823;2.026;0.505;0.0;3.158;5.537;0.0;0.067
SP;Diadema;-23.689295;-46.6233813932;346896;48.892;29.05;1.688;1.852;0.027;6.515;11.842;0.044;0.091
SP;Dirce Reis;-20.4644127943;-50.6060559888;1458;62.894;28.189;0.686;0.0;0.0;2.675;5.418;0.0;0.137
SP;Divinolândia;-21.661621506;-46.7368697868;10030;81.496;12.004;1.645;0.299;0.0;1.605;2.891;0.0;0.06
SP;Dobrada;-21.5148043304;-48.4002427193;7627;57.9;30.326;1.141;0.302;0.0;1.639;8.693;0.0;0.0
SP;Dois Córregos;-22.367316;-48.3826759875;21642;71.227;20.64;0.966;0.36;0.0;2.375;4.177;0.0;0.254
SP;Dolcinópolis;-20.1228706611;-50.515363084;1985;75.063;20.806;1.411;0.151;0.0;0.856;1.713;0.0;0.0
SP;Dourado;-22.1131671964;-48.3162358063;7297;73.359;15.979;1.151;0.822;0.0;3.495;5.194;0.0;0.0
SP;Dracena;-21.486137535;-51.5340496601;40792;66.587;24.341;2.27;0.088;0.0;2.559;4.104;0.0;0.051
SP;Duartina;-22.4148813758;-49.4050454106;11032;57.959;30.366;1.505;0.082;0.0;3.807;6.1;0.0;0.181
SP;Dumont;-21.2333259994;-47.9708434494;8345;64.853;24.038;0.683;0.048;0.0;3.799;6.579;0.0;0.0
SP;Echaporã;-22.4249969993;-50.2070061462;5408;65.311;27.441;0.684;0.0;0.0;2.626;3.809;0.0;0.129
SP;Eldorado;-24.5253866111;-48.1032284225;11124;32.165;43.644;1.366;0.144;0.566;4.486;17.575;0.0;0.054
SP;Elias Fausto;-23.0425367212;-47.3767742396;15367;52.138;29.895;0.534;0.286;0.0;3.338;13.809;0.0;0.0
SP;Elisiário;-21.1644290185;-49.1108358902;2779;61.929;31.558;1.223;0.468;0.0;1.691;3.131;0.0;0.0
SP;Embaúba;-20.9826680549;-48.8326202921;2091;66.188;25.634;2.152;0.0;0.0;1.148;4.782;0.0;0.096
SP;Embu das Artes;-23.6473125;-46.8508599937;216395;49.155;28.125;1.144;1.439;0.044;5.464;14.54;0.005;0.084
SP;Embu-Guaçu;-23.8318291038;-46.8171088725;58110;45.144;32.378;1.958;1.282;0.021;4.731;14.297;0.052;0.138
SP;Emilianópolis;-21.8313089781;-51.4804314281;2689;73.633;24.284;0.0;0.0;0.0;0.595;1.488;0.0;0.0
SP;Engenheiro Coelho;-22.4911899525;-47.2130797305;16844;42.621;47.34;0.095;0.178;0.0;1.787;7.92;0.059;0.0
SP;Espírito Santo do Pinhal;-22.1970535;-46.7455142899;35856;67.185;21.603;2.85;0.786;0.0;3.762;3.732;0.0;0.081
SP;Espírito Santo do Turvo;-22.6949734921;-49.4298252858;3558;59.584;31.619;0.0;0.0;0.0;1.518;7.139;0.141;0.0
SP;Estrela d'Oeste;-20.286082204;-50.405466848;8410;59.536;27.348;2.342;0.19;0.0;1.367;8.633;0.583;0.0
SP;Estrela do Norte;-22.490598902;-51.664176191;2382;78.38;19.06;0.0;0.0;0.0;0.966;1.595;0.0;0.0
SP;Euclides da Cunha Paulista;-22.5549969202;-52.5908983803;6959;61.431;28.294;0.0;0.23;0.0;1.767;8.22;0.0;0.057
SP;Fartura;-23.3889609139;-49.5120533767;14694;76.786;17.225;0.946;0.034;0.075;2.314;2.518;0.102;0.0
SP;Fernandópolis;-20.28238299;-50.2487484306;63360;54.864;30.59;4.733;0.753;0.0;3.335;5.693;0.032;0.0
SP;Fernando Prestes;-21.26712199;-48.6922730532;5338;68.79;23.08;1.967;0.262;0.0;1.649;4.253;0.0;0.0
SP;Fernão;-22.3591383191;-49.5198412112;1440;54.722;33.611;1.181;0.0;0.0;1.389;9.097;0.0;0.0
SP;Ferraz de Vasconcelos;-23.5415445;-46.3665526716;154514;36.125;38.6;1.07;1.624;0.015;8.89;13.503;0.08;0.093
SP;Flora Rica;-21.6767339356;-51.3823008411;1339;61.987;30.62;0.224;0.0;0.0;1.12;6.049;0.0;0.0
SP;Floreal;-20.6740312279;-50.1456890087;2504;68.77;22.244;2.117;0.0;0.0;1.917;4.952;0.0;0.0
SP;Flórida Paulista;-21.6134276152;-51.1688764668;11672;63.263;29.669;0.745;1.388;0.0;1.037;3.821;0.0;0.077
SP;Florínea;-22.9035687788;-50.7248224734;3516;51.877;35.666;0.796;1.706;0.0;6.57;3.385;0.0;0.0
SP;Franca;-20.536097;-47.4023316257;309777;59.921;22.14;6.471;0.783;0.014;3.919;6.64;0.039;0.071
SP;Francisco Morato;-23.2758255;-46.7325267047;140639;41.528;34.111;0.911;1.61;0.039;5.367;16.395;0.007;0.032
SP;Franco da Rocha;-23.3203025;-46.7278746686;125625;43.694;30.56;1.229;1.463;0.006;6.627;15.975;0.025;0.42
SP;Gabriel Monteiro;-21.5289801353;-50.5554608419;2467;80.016;11.35;0.365;0.122;0.0;3.202;4.945;0.0;0.0
SP;Gália;-22.2940192483;-49.5521113298;5706;53.172;32.475;2.594;0.368;0.0;2.804;8.447;0.0;0.14
SP;Garça;-22.21070949;-49.6565299351;37274;56.082;31.153;1.704;0.545;0.0;3.235;7.158;0.054;0.07
SP;Gastão Vidigal;-20.7952394994;-50.1902197322;2893;75.458;18.562;0.795;0.899;0.0;2.005;2.281;0.0;0.0
SP;Gavião Peixoto;-21.8403669023;-48.4954592027;4047;58.34;34.865;1.903;0.395;0.0;1.458;2.718;0.0;0.321
SP;General Salgado;-20.6483693167;-50.3618137021;9196;58.873;30.948;3.338;0.196;0.0;1.631;5.013;0.0;0.0
SP;Getulina;-21.7998305975;-49.9292835723;9264;65.177;25.777;0.702;0.237;0.043;2.288;5.775;0.0;0.0
SP;Glicério;-21.3797778057;-50.2084167281;3644;59.577;27.497;1.18;0.494;0.0;2.305;8.946;0.0;0.0
SP;Guaiçara;-21.6221429994;-49.798761691;9756;49.477;42.23;1.015;0.349;0.051;2.962;3.864;0.0;0.051
SP;Guaimbê;-21.9109206589;-49.8971777502;4829;49.865;40.63;1.139;0.062;0.0;4.825;3.127;0.0;0.352
SP;Guaíra;-20.320144335;-48.31447049;34863;71.514;17.996;1.552;1.119;0.0;2.263;5.542;0.0;0.014
SP;Guapiaçu;-20.7964486249;-49.2191458577;18995;59.879;29.097;2.543;0.405;0.0;3.169;4.907;0.0;0.0
SP;Guapiara;-24.1825265;-48.5276813218;14929;65.296;25.233;1.393;0.0;0.0;1.085;6.933;0.0;0.06
SP;Guará;-20.4275570617;-47.8245929502;16331;52.74;29.765;2.896;0.704;0.0;3.037;10.697;0.0;0.159
SP;Guaraçaí;-21.0328813876;-51.209106345;6760;73.343;19.734;1.124;0.074;0.059;1.331;4.334;0.0;0.0
SP;Guaraci;-20.4988092129;-48.944502595;9202;63.888;18.529;2.858;0.706;0.0;3.184;10.661;0.087;0.087
SP;Guarani d'Oeste;-20.0757055718;-50.3415338817;1759;68.505;22.683;2.388;0.227;0.0;3.411;2.786;0.0;0.0
SP;Guarantã;-21.8951462015;-49.5948218474;5619;51.575;38.957;0.481;0.053;0.0;2.296;6.158;0.0;0.481
SP;Guararapes;-21.253446495;-50.6426390483;27521;52.887;32.909;2.002;0.149;0.0;4.913;6.947;0.0;0.193
SP;Guararema;-23.4152330198;-46.0410534648;27358;45.266;32.82;3.498;1.897;0.0;7.903;8.294;0.0;0.322
SP;Guaratinguetá;-22.8174250893;-45.1916001284;104596;65.637;23.088;2.296;0.78;0.0;3.829;4.312;0.0;0.057
SP;Guareí;-23.3731401918;-48.1845381753;13458;48.618;34.775;0.401;0.684;0.0;4.8;8.523;0.0;2.199
SP;Guariba;-21.357996;-48.2340567272;32873;51.982;31.485;0.925;0.98;0.0;2.656;11.706;0.0;0.268
SP;Guarujá;-23.995149;-46.2490342794;250347;47.094;28.657;2.523;1.369;0.034;6.681;13.266;0.28;0.096
SP;Guarulhos;-23.468506;-46.5310840857;1123376;43.365;30.078;2.475;1.889;0.044;6.578;15.348;0.049;0.173
SP;Guatapará;-21.4918946536;-48.0377293575;6377;50.071;29.026;0.094;0.408;0.0;6.461;13.941;0.0;0.0
SP;Guzolândia;-20.6501686873;-50.6614595041;3755;48.522;36.591;1.891;0.16;0.0;5.06;7.776;0.0;0.0
SP;Herculândia;-22.0037471807;-50.3855215981;7999;50.006;41.755;0.225;0.263;0.0;3.038;4.713;0.0;0.0
SP;Holambra;-22.6417496242;-47.0592869062;13225;63.917;19.357;2.079;0.665;0.038;1.951;11.992;0.0;0.0
SP;Hortolândia;-22.858395;-47.2210966098;206359;40.635;39.594;1.033;1.016;0.005;5.892;11.634;0.02;0.171
SP;Iacanga;-21.8919776027;-49.0169299189;9180;58.399;35.73;0.327;0.73;0.0;1.743;2.952;0.0;0.12
SP;Iacri;-21.8550610869;-50.6891999324;5450;63.963;30.844;0.514;0.275;0.0;0.917;3.284;0.0;0.202
SP;Iaras;-22.8718922796;-49.1561791517;7222;51.274;39.837;1.412;0.0;0.0;1.343;6.134;0.0;0.0
SP;Ibaté;-21.955602;-48.0023882087;27885;50.253;35.238;0.412;0.43;0.129;2.431;10.913;0.0;0.194
SP;Ibirá;-21.0805374994;-49.2388615313;10339;64.523;22.314;3.327;0.251;0.0;3.424;6.122;0.0;0.039
SP;Ibirarema;-22.8145429597;-50.0791253946;5616;61.378;27.511;0.125;0.053;0.0;3.704;6.891;0.0;0.338
SP;Ibitinga;-21.7570829843;-48.827694693;52629;59.741;29.208;1.571;1.005;0.0;3.515;4.917;0.0;0.042
SP;Ibiúna;-23.6526325;-47.2204911875;65380;52.303;30.824;1.383;0.329;0.0;5.236;9.763;0.0;0.162
SP;Icém;-20.3435051211;-49.1961201915;7001;68.719;19.926;3.714;0.329;0.0;2.343;4.528;0.057;0.386
SP;Iepê;-22.6631014713;-51.0774138909;6734;66.38;29.433;0.327;0.0;0.0;2.005;1.797;0.059;0.0
SP;Igaraçu do Tietê;-22.511149;-48.5570661014;20426;62.357;27.852;0.876;0.162;0.0;2.864;4.577;1.106;0.206
SP;Igarapava;-20.039612535;-47.7510665713;23178;61.282;19.851;6.627;1.307;0.0;1.471;9.462;0.0;0.0
SP;Igaratá;-23.204843;-46.1563144239;9263;64.839;26.32;1.08;0.874;0.0;2.31;4.577;0.0;0.0
SP;Iguape;-24.7069541964;-47.5531374088;25685;41.203;37.975;1.398;0.467;0.588;4.991;13.339;0.039;0.0
SP;Ilhabela;-23.7886525;-45.3540566669;30517;47.469;27.05;2.694;1.455;0.026;8.225;13.032;0.033;0.016
SP;Ilha Comprida;-24.7392399404;-47.5543169659;11907;48.711;26.909;3.662;1.109;0.076;11.363;8.13;0.0;0.042
SP;Ilha Solteira;-20.4293725;-51.3448906576;22985;48.149;32.46;4.246;0.131;0.078;4.355;10.459;0.0;0.122
SP;Indaiatuba;-23.081646;-47.2123089403;225057;54.853;23.217;3.847;1.445;0.015;5.566;10.984;0.0;0.072
SP;Indiana;-22.1720934487;-51.2517585134;4495;67.675;26.741;1.046;0.0;0.0;1.379;3.159;0.0;0.0
SP;Indiaporã;-19.9775429994;-50.288981042;3627;63.055;26.496;1.103;0.0;0.0;2.04;7.306;0.0;0.0
SP;Inúbia Paulista;-21.7699119903;-50.964374894;3237;65.029;26.166;0.958;0.093;0.0;2.595;5.036;0.0;0.124
SP;Ipaussu;-23.0529129993;-49.6268069783;11998;63.144;28.88;1.517;0.242;0.0;2.042;4.134;0.0;0.042
SP;Iperó;-23.3502773903;-47.6898938935;31518;40.447;43.505;0.898;1.961;0.0;3.623;9.541;0.0;0.025
SP;Ipeúna;-22.4372995022;-47.7190959711;5948;53.245;35.541;1.042;0.0;0.0;5.33;4.842;0.0;0.0
SP;Ipiguá;-20.6616455289;-49.3881423817;5900;54.729;29.746;3.051;1.644;0.0;3.949;6.881;0.0;0.0
SP;Iporanga;-24.5844601783;-48.5896007141;3490;43.238;42.693;0.43;0.143;0.0;2.607;10.659;0.0;0.229
SP;Ipuã;-20.441482601;-48.0173850385;12682;67.552;16.519;3.564;0.631;0.0;3.462;8.272;0.0;0.0
SP;Iracemápolis;-22.5830369343;-47.5222466342;19345;61.618;28.25;0.672;0.129;0.0;3.164;5.924;0.0;0.243
SP;Irapuã;-21.2764371764;-49.4081517822;6053;67.785;23.294;0.149;0.0;0.0;2.016;6.757;0.0;0.0
SP;Irapuru;-21.5674762353;-51.3501727308;6482;61.2;29.852;0.71;0.633;0.0;3.595;3.687;0.0;0.324
SP;Itaberá;-23.8598114701;-49.1371332859;15725;64.261;26.054;2.207;0.121;0.0;1.475;5.851;0.0;0.032
SP;Itaí;-23.419055385;-49.0810322485;21798;62.382;26.016;0.817;0.317;0.0;3.698;6.643;0.0;0.128
SP;Itajobi;-21.3157070587;-49.0543110798;15065;72.101;22.197;0.903;0.146;0.0;2.064;2.483;0.073;0.033
SP;Itaju;-21.9846724208;-48.8050217363;3135;56.172;23.86;0.861;0.638;0.0;14.482;3.987;0.0;0.0
SP;Itanhaém;-24.1861206668;-46.7909914829;98907;42.485;27.499;4.151;3.376;0.164;5.542;16.405;0.126;0.252
SP;Itaóca;-24.6425942348;-48.8428556815;2959;49.037;32.849;11.896;0.135;0.0;3.92;2.163;0.0;0.0
SP;Itapecerica da Serra;-23.715357;-46.8505519669;136794;48.569;30.353;1.096;0.901;0.046;5.339;13.338;0.081;0.276
SP;Itapetininga;-23.5878725;-48.0461428955;137926;53.247;35.0;1.339;0.728;0.0;3.097;6.206;0.03;0.354
SP;Itapeva;-23.9834379993;-48.8773891591;78047;44.489;40.446;2.179;0.888;0.027;3.704;7.929;0.01;0.328
SP;Itapevi;-23.546934;-46.9333728635;197848;39.481;34.638;0.834;1.232;0.039;7.726;15.871;0.125;0.054
SP;Itapira;-22.4360054993;-46.8212480111;64276;63.763;21.831;2.093;0.451;0.02;3.599;8.187;0.0;0.058
SP;Itapirapuã Paulista;-24.5715534993;-49.1721656553;3676;48.667;43.199;0.272;0.0;0.0;0.299;7.563;0.0;0.0
SP;Itápolis;-21.5947039944;-48.8133919855;35009;75.475;16.79;1.854;0.528;0.043;0.974;4.336;0.0;0.0
SP;Itaporanga;-23.7034999432;-49.4843963121;12388;76.469;17.525;0.509;0.065;0.161;2.954;1.792;0.0;0.525
SP;Itapuí;-22.232127625;-48.7188741595;11787;67.515;25.087;0.255;0.925;0.0;2.639;3.58;0.0;0.0
SP;Itapura;-20.6398257756;-51.5099693695;3505;50.556;29.501;1.227;0.0;0.0;2.111;16.605;0.0;0.0
SP;Itaquaquecetuba;-23.4768975;-46.351603141;314630;36.303;37.477;0.854;1.233;0.007;7.62;16.18;0.051;0.276
SP;Itararé;-24.11213796;-49.3361197139;38689;49.084;39.691;1.933;0.796;0.0;1.92;6.431;0.0;0.145
SP;Itariri;-24.2920056339;-47.1757260566;13331;34.476;43.373;1.328;1.283;0.18;4.696;14.665;0.0;0.0
SP;Itatiba;-23.0048529993;-46.8375578529;107196;58.777;22.171;2.657;2.434;0.0;5.028;8.832;0.001;0.1
SP;Itatinga;-23.1042734017;-48.6133802693;16652;56.252;36.626;0.522;0.066;0.0;2.901;3.633;0.0;0.0
SP;Itirapina;-22.2539679738;-47.8198848666;14455;49.768;31.034;1.211;0.906;0.0;2.733;10.986;3.085;0.277
SP;Itirapuã;-20.6424265297;-47.2199528849;5003;70.877;22.566;1.079;0.2;0.0;3.138;2.139;0.0;0.0
SP;Itobi;-21.7349018191;-46.9734186542;7099;70.911;22.609;1.169;0.747;0.0;1.254;3.31;0.0;0.0
SP;Itu;-23.2654425;-47.299749836;147360;58.028;26.487;1.669;1.028;0.008;3.603;9.005;0.0;0.171
SP;Itupeva;-23.1534096262;-47.0557011521;60682;52.124;27.652;2.383;0.862;0.0;9.904;6.954;0.059;0.061
SP;Ituverava;-20.3362879659;-47.7804156554;33480;58.581;29.194;3.626;0.352;0.0;2.873;5.278;0.0;0.096
SP;Jaborandi;-20.6872244994;-48.4134449206;5559;66.757;24.033;1.025;0.252;0.0;3.274;4.659;0.0;0.0
SP;Jaboticabal;-21.2544714994;-48.3203497513;64336;55.171;25.616;5.38;1.822;0.0;3.44;8.519;0.0;0.053
SP;Jacareí;-23.3048804993;-45.9695932044;211342;53.691;30.152;2.433;1.469;0.006;4.808;7.34;0.015;0.087
SP;Jaci;-20.8840851331;-49.5733446115;6578;67.27;20.888;1.551;0.319;0.0;3.177;6.719;0.0;0.076
SP;Jacupiranga;-24.698150281;-48.0047045115;13884;29.026;47.45;1.657;0.238;0.0;4.127;17.171;0.0;0.331
SP;Jaguariúna;-22.7067819582;-46.9823434663;51977;57.577;27.041;1.86;0.945;0.0;4.36;8.025;0.0;0.192
SP;Jales;-20.2678530475;-50.550356199;43698;55.65;32.05;4.023;0.087;0.0;3.867;4.206;0.025;0.092
SP;Jambeiro;-23.2565768668;-45.6936551246;5567;62.637;26.28;0.79;0.467;0.0;3.754;6.071;0.0;0.0
SP;Jandira;-23.529939;-46.9052211417;101957;40.922;36.989;0.724;1.368;0.024;7.028;12.938;0.0;0.007
SP;Jardinópolis;-21.022457;-47.7653529285;39489;55.296;29.35;2.041;0.912;0.0;4.791;7.61;0.0;0.0
SP;Jarinu;-23.1030625;-46.7382709354;32348;61.058;25.192;1.422;1.153;0.0;5.759;5.014;0.142;0.26
SP;Jaú;-22.29579099;-48.5581413878;118653;65.455;25.608;1.757;0.673;0.046;2.477;3.739;0.009;0.237
SP;Jeriquara;-20.3120415893;-47.5887439166;3297;46.8;29.481;9.857;0.425;0.0;5.065;7.401;0.0;0.971
SP;Joanópolis;-22.9306782182;-46.2734166101;11307;65.375;24.33;1.079;1.813;0.0;2.724;4.581;0.0;0.097
SP;João Ramalho;-22.2510460551;-50.7685353084;3776;58.925;34.057;0.318;0.0;0.0;4.582;2.119;0.0;0.0
SP;José Bonifácio;-21.053719035;-49.686282716;32213;67.529;26.887;1.248;0.447;0.0;1.499;2.21;0.0;0.18
SP;Júlio Mesquita;-22.0131689993;-49.7907942838;3685;54.953;34.22;0.733;0.081;0.0;2.714;7.191;0.0;0.109
SP;Jumirim;-23.0825599993;-47.7981735119;2613;66.743;30.387;0.344;0.995;0.0;0.995;0.536;0.0;0.0
SP;Jundiaí;-23.187668;-46.885273968;394364;59.087;22.118;3.296;1.279;0.015;5.753;8.326;0.018;0.107
SP;Junqueirópolis;-21.5112757497;-51.4340119505;18262;63.164;28.874;1.396;0.701;0.181;2.141;3.269;0.0;0.274
SP;Juquiá;-24.320703079;-47.6353419677;14911;33.002;49.071;0.738;0.04;0.0;5.238;11.629;0.0;0.282
SP;Juquitiba;-23.9356892015;-47.0815940723;23676;48.311;33.963;1.601;1.229;0.0;3.586;11.176;0.0;0.135
SP;Lagoinha;-23.0869213515;-45.1908108204;4595;85.571;11.143;0.392;0.087;0.0;1.132;1.61;0.065;0.0
SP;Laranjal Paulista;-23.0540116065;-47.8337807103;23131;69.154;20.639;0.636;0.255;0.0;2.62;6.623;0.0;0.073
SP;Lavínia;-21.1648565655;-51.0405016571;9190;47.965;31.632;1.61;1.023;0.0;5.843;11.393;0.0;0.533
SP;Lavrinhas;-22.5700964742;-44.8931102794;6157;70.57;23.388;0.374;0.357;0.0;2.03;3.281;0.0;0.0
SP;Leme;-22.185436005;-47.3887079696;86107;59.921;26.167;1.447;0.787;0.023;3.899;7.722;0.0;0.034
SP;Lençóis Paulista;-22.597507;-48.7986819725;58475;54.064;35.513;1.124;0.121;0.0;3.887;5.238;0.0;0.053
SP;Limeira;-22.562194;-47.4019395233;258518;53.287;33.844;1.641;0.5;0.015;3.589;7.024;0.055;0.044
SP;Lindóia;-22.5204881922;-46.6614836163;6202;66.64;19.848;1.629;1.483;0.0;3.579;6.82;0.0;0.0
SP;Lins;-21.6723465;-49.7514233867;66109;50.694;35.457;2.75;0.531;0.0;5.672;4.712;0.02;0.165
SP;Lorena;-22.7316930326;-45.1242481442;74706;64.384;27.109;1.424;1.19;0.0;2.253;3.593;0.031;0.016
SP;Lourdes;-20.9653905383;-50.226660096;1734;58.881;26.413;7.324;0.519;0.0;1.153;5.017;0.0;0.692
SP;Louveira;-23.0867785;-46.946440218;44547;57.694;26.498;2.009;0.269;0.0;3.994;9.323;0.0;0.213
SP;Lucélia;-21.723415646;-51.0183491422;18118;61.811;29.38;1.689;0.254;0.0;2.119;4.747;0.0;0.0
SP;Lucianópolis;-22.4316399993;-49.5231791245;2117;52.811;37.459;0.709;0.094;0.0;2.267;6.471;0.0;0.189
SP;Luís Antônio;-21.5517065252;-47.7002799448;10648;52.77;33.264;0.347;0.488;0.0;4.236;8.612;0.047;0.235
SP;Luiziânia;-21.6736029646;-50.3276394896;4060;67.069;25.542;0.074;1.207;0.0;2.389;3.719;0.0;0.0
SP;Lupércio;-22.4138153922;-49.8203246999;3470;61.643;28.473;0.692;0.231;0.0;1.527;7.435;0.0;0.0
SP;Lutécia;-22.3434442872;-50.3893271159;2332;67.839;23.671;0.815;0.172;0.0;1.415;5.66;0.0;0.429
SP;Macatuba;-22.5055496288;-48.711405387;14751;58.308;31.774;0.427;0.129;0.0;2.502;6.657;0.0;0.203
SP;Macaubal;-20.8013135396;-49.9634978203;6716;75.7;18.836;1.161;0.134;0.0;1.4;2.77;0.0;0.0
SP;Macedônia;-20.1499979847;-50.1976284842;3560;61.601;30.815;1.742;0.0;0.0;2.191;3.652;0.0;0.0
SP;Magda;-20.6434813111;-50.2275370471;2861;65.537;27.753;0.384;0.0;0.0;2.097;4.229;0.0;0.0
SP;Mairinque;-23.547458;-47.1844826262;43834;52.863;31.948;1.314;1.177;0.0;4.677;7.957;0.021;0.043
SP;Mairiporã;-23.322459383;-46.5901958731;81777;50.594;27.165;2.328;2.054;0.028;6.065;11.503;0.021;0.241
SP;Manduri;-23.0033460899;-49.3181131206;8804;69.877;22.49;0.591;0.239;0.0;1.499;5.248;0.0;0.057
SP;Marabá Paulista;-22.1103314993;-51.9684674847;4166;62.074;26.02;0.864;1.152;0.0;1.272;8.617;0.0;0.0
SP;Maracaí;-22.6104153368;-50.6689682495;11147;63.255;30.977;0.224;0.0;0.0;2.332;2.655;0.0;0.556
SP;Marapoama;-21.2587619256;-49.1400008103;2905;52.014;40.62;1.446;0.241;0.0;2.96;2.375;0.0;0.344
SP;Mariápolis;-21.7944933665;-51.1828975551;3123;72.558;20.813;0.224;0.0;0.0;1.089;5.315;0.0;0.0
SP;Marília;-22.214933;-49.9516456431;209456;53.344;31.292;3.166;0.538;0.034;4.996;6.486;0.054;0.089
SP;Marinópolis;-20.4393989125;-50.8256772948;1697;65.704;23.276;6.895;0.295;0.0;1.12;2.711;0.0;0.0
SP;Martinópolis;-22.147832475;-51.1707680575;22102;62.84;28.73;0.475;0.199;0.0;2.991;4.479;0.0;0.285
SP;Matão;-21.6029945063;-48.3677476994;70605;63.542;22.357;2.906;0.979;0.0;3.668;6.433;0.016;0.099
SP;Mauá;-23.6693345;-46.4582620122;367521;45.844;33.467;1.581;1.122;0.005;7.012;10.853;0.003;0.113
SP;Mendonça;-21.1801561723;-49.5820189989;5430;65.249;25.617;1.068;0.442;0.0;3.168;4.088;0.0;0.368
SP;Meridiano;-20.3541099032;-50.1818318399;4075;62.92;25.742;1.595;0.0;0.0;0.957;8.785;0.0;0.0
SP;Mesópolis;-19.967037103;-50.6220802654;1728;63.137;26.215;0.231;0.231;0.0;0.579;9.606;0.0;0.0
SP;Miguelópolis;-20.1771292326;-48.0293341827;17191;67.535;23.489;1.344;0.361;0.0;2.879;3.99;0.0;0.401
SP;Mineiros do Tietê;-22.4116968008;-48.4518023093;9923;63.66;27.673;1.582;0.544;0.0;1.471;4.968;0.0;0.101
SP;Miracatu;-24.2839294654;-47.4571039991;15962;40.246;43.954;0.576;0.476;0.564;5.413;8.451;0.044;0.276
SP;Mira Estrela;-19.9805160524;-50.1384271964;2785;66.32;24.883;2.837;0.144;0.0;3.734;2.083;0.0;0.0
SP;Mirandópolis;-21.132086985;-51.1056403918;25518;55.714;30.375;1.274;0.858;0.0;6.105;5.428;0.0;0.247
SP;Mirante do Paranapanema;-22.2905585945;-51.9057943059;14065;67.053;27.003;0.292;0.491;0.0;2.041;3.093;0.0;0.028
SP;Mirassol;-20.8170045;-49.5121392179;55691;59.916;24.704;5.03;1.675;0.031;4.464;4.18;0.0;0.0
SP;Mirassolândia;-20.6168572198;-49.4655198425;4107;59.435;33.674;1.875;0.73;0.0;0.414;3.75;0.0;0.122
SP;Mococa;-21.46899051;-47.0071709787;60272;70.096;22.745;1.548;0.095;0.0;2.303;3.196;0.0;0.018
SP;Mogi das Cruzes;-23.5227065;-46.1967600843;393932;42.769;32.274;3.36;2.228;0.023;8.317;10.921;0.023;0.084
SP;Mogi Guaçu;-22.3657201895;-46.9444740881;135616;57.038;31.617;1.288;0.751;0.0;3.721;5.5;0.007;0.078
SP;Mogi Mirim;-22.4326955;-46.9563671266;82417;61.075;24.763;2.563;0.897;0.0;4.435;6.102;0.025;0.141
SP;Mombuca;-22.9268278834;-47.5675240048;3136;57.526;32.366;0.0;0.67;0.0;1.403;8.036;0.0;0.0
SP;Monções;-20.8503257038;-50.0963061315;1734;68.973;20.646;0.692;0.0;0.0;1.153;8.535;0.0;0.0
SP;Mongaguá;-24.094116145;-46.6199927254;54560;41.226;25.295;4.866;8.847;0.392;5.559;13.404;0.346;0.064
SP;Monte Alegre do Sul;-22.6811286599;-46.6811943005;7734;70.959;15.71;2.379;2.612;0.0;3.633;4.629;0.0;0.078
SP;Monte Alto;-21.263863995;-48.49665126;42685;62.98;25.194;3.32;0.611;0.0;2.615;5.262;0.0;0.019
SP;Monte Aprazível;-20.7721401376;-49.7141161614;19894;64.919;25.812;1.292;1.116;0.0;3.373;3.122;0.0;0.367
SP;Monte Azul Paulista;-20.9038412259;-48.6429712833;16263;60.395;28.26;2.324;0.141;0.0;2.429;6.426;0.0;0.025
SP;Monte Castelo;-21.2989594493;-51.5654932487;3712;62.365;31.519;0.808;0.0;0.0;0.943;4.364;0.0;0.0
SP;Monteiro Lobato;-22.9550105792;-45.848151985;3621;68.71;15.521;1.077;0.552;0.193;3.176;10.771;0.0;0.0
SP;Monte Mor;-22.9455219993;-47.3132692483;55716;43.316;39.719;0.669;0.626;0.005;5.776;9.656;0.036;0.196
SP;Morro Agudo;-20.7326629994;-48.0575938253;24498;60.564;30.986;0.743;0.155;0.0;3.388;4.037;0.0;0.127
SP;Morungaba;-22.8810309327;-46.7913443946;11970;64.244;23.651;0.927;0.718;0.042;3.083;7.043;0.292;0.0
SP;Motuca;-21.5076094412;-48.1506612544;3548;54.369;28.974;1.635;2.17;0.0;0.874;11.979;0.0;0.0
SP;Murutinga do Sul;-20.9942980893;-51.2771381855;3368;67.102;20.724;1.752;0.831;0.0;2.227;7.156;0.0;0.208
SP;Nantes;-22.6201175825;-51.2385874976;2303;67.086;30.352;0.0;0.0;0.0;0.868;1.563;0.0;0.13
SP;Narandiba;-22.4042831999;-51.5242398508;4848;69.554;25.0;0.0;0.309;0.0;2.248;2.888;0.0;0.0
SP;Natividade da Serra;-23.3757869834;-45.4464004707;6172;64.793;27.349;0.259;0.065;0.0;2.56;4.974;0.0;0.0
SP;Nazaré Paulista;-23.178695811;-46.402590215;16019;58.312;26.325;1.367;1.33;0.0;4.145;8.521;0.0;0.0
SP;Neves Paulista;-20.8439161558;-49.6304748513;8680;69.297;18.594;3.226;1.29;0.0;3.041;4.505;0.0;0.046
SP;Nhandeara;-20.6948234994;-50.0402744955;8923;68.822;20.576;4.617;0.437;0.0;2.062;3.485;0.0;0.0
SP;Nipoã;-20.9139024276;-49.7808986511;4081;65.768;29.503;1.152;0.466;0.0;1.323;1.715;0.074;0.0
SP;Nova Aliança;-21.0137347172;-49.5071383479;5892;64.07;25.153;1.494;0.153;0.0;2.766;6.28;0.0;0.085
SP;Nova Campina;-24.1232104179;-48.905738479;7229;32.812;56.26;0.0;0.194;0.0;4.482;6.183;0.0;0.069
SP;Nova Canaã Paulista;-20.386895026;-50.9480524385;1869;73.408;20.653;0.375;0.107;0.0;2.033;3.264;0.0;0.161
SP;Nova Castilho;-20.7656546201;-50.3439061762;925;67.676;28.757;1.73;0.0;0.0;0.757;1.081;0.0;0.0
SP;Nova Europa;-21.7789228839;-48.5621404277;8150;62.282;29.374;1.35;1.092;0.0;2.012;3.767;0.0;0.123
SP;Nova Granada;-20.5331539994;-49.3200928761;16913;64.335;24.508;2.708;0.958;0.0;3.329;4.103;0.0;0.059
SP;Nova Guataporanga;-21.3299371412;-51.6498328904;1900;69.211;21.789;0.895;0.0;0.0;4.684;3.421;0.0;0.0
SP;Nova Independência;-21.1045420015;-51.4904465281;4063;48.437;34.679;0.468;0.665;0.074;2.437;13.241;0.0;0.0
SP;Novais;-20.9903581964;-48.9170637097;3784;54.968;33.695;0.211;0.185;0.0;3.039;7.902;0.0;0.0
SP;Nova Luzitânia;-20.8566109994;-50.2658273723;2527;64.82;22.477;0.673;0.514;0.0;3.759;7.756;0.0;0.0
SP;Nova Odessa;-22.7827946609;-47.2936346144;54568;50.695;36.214;1.42;0.746;0.0;4.752;6.095;0.024;0.055
SP;Novo Horizonte;-21.4684749894;-49.2217495337;33959;65.111;27.38;2.017;0.424;0.0;2.303;2.653;0.0;0.112
SP;Nuporanga;-20.7339997348;-47.7491054639;6473;71.188;20.485;1.066;0.0;0.0;2.456;4.727;0.0;0.077
SP;Ocauçu;-22.4388604479;-49.9273728304;3763;80.707;15.307;0.585;0.0;0.0;0.904;2.498;0.0;0.0
SP;Óleo;-22.9445847775;-49.3409507526;2246;72.885;22.974;0.356;0.223;0.0;1.603;1.87;0.0;0.089
SP;Olímpia;-20.737283985;-48.9134917258;48498;59.51;24.9;2.584;0.495;0.0;2.81;9.528;0.0;0.173
SP;Onda Verde;-20.6127221201;-49.2992147943;4151;54.951;33.655;1.229;0.482;0.0;3.276;6.239;0.169;0.0
SP;Oriente;-22.1485994118;-50.0935854637;5403;68.814;22.58;1.592;0.444;0.0;4.146;2.369;0.0;0.056
SP;Orindiúva;-20.180196743;-49.351818481;5222;69.437;22.846;0.862;0.153;0.0;4.232;2.317;0.0;0.153
SP;Orlândia;-20.720421495;-47.8863838221;34100;68.243;19.261;2.481;0.358;0.0;3.672;5.698;0.0;0.287
SP;Osasco;-23.533612;-46.7888101443;639174;49.391;28.968;2.23;1.338;0.012;4.821;13.009;0.011;0.22
SP;Oscar Bressane;-22.3178820549;-50.2841261658;2248;79.804;17.571;0.756;0.0;0.0;0.756;1.112;0.0;0.0
SP;Osvaldo Cruz;-21.7970835;-50.8731391103;28216;66.218;25.528;0.758;0.245;0.0;2.41;4.756;0.0;0.085
SP;Ourinhos;-22.9772675;-49.8685798359;91721;57.503;31.422;1.524;0.528;0.0;3.343;5.607;0.0;0.073
SP;Ouroeste;-19.995592107;-50.3775846522;9108;60.507;29.666;1.965;0.516;0.0;2.591;4.754;0.0;0.0
SP;Ouro Verde;-21.4911659171;-51.6993207217;6731;63.274;28.554;0.624;0.312;0.0;1.664;5.571;0.0;0.0
SP;Pacaembu;-21.5600784994;-51.2652015199;13845;55.262;26.876;1.17;0.845;0.0;3.922;11.853;0.036;0.036
SP;Palestina;-20.3905874703;-49.4337823999;10135;65.802;24.48;1.441;0.76;0.0;2.625;4.894;0.0;0.0
SP;Palmares Paulista;-21.0824706914;-48.8012846265;8437;60.164;29.88;1.079;0.225;0.0;2.963;5.63;0.0;0.059
SP;Palmeira d'Oeste;-20.4162173247;-50.7659878049;8099;67.873;20.583;3.815;0.062;0.0;1.79;5.766;0.0;0.111
SP;Palmital;-22.785592;-50.2187909877;17546;71.874;19.429;0.946;0.16;0.0;2.206;5.386;0.0;0.0
SP;Panorama;-21.3601835579;-51.8565741615;12926;49.575;37.134;0.967;0.132;0.0;1.911;10.212;0.0;0.07
SP;Paraguaçu Paulista;-22.41771102;-50.5750285305;36102;53.16;36.38;0.753;0.211;0.0;5.285;4.13;0.0;0.08
SP;Paraibuna;-23.3862615659;-45.6628640606;15514;74.668;17.855;0.413;0.425;0.0;2.269;4.286;0.0;0.084
SP;Paraíso;-21.0157929994;-48.7725289127;5450;65.45;22.991;3.064;1.028;0.0;3.284;4.128;0.0;0.055
SP;Paranapanema;-23.3869279993;-48.7236769841;16671;58.323;33.297;0.762;0.0;0.0;2.747;4.811;0.0;0.06
SP;Paranapuã;-20.0998059525;-50.586718918;3526;56.183;32.672;0.936;0.0;0.0;1.475;7.998;0.0;0.737
SP;Parapuã;-21.7798391438;-50.7938438431;9476;65.872;22.393;0.865;0.496;0.0;3.081;7.292;0.0;0.0
SP;Pardinho;-23.0803183239;-48.3728766837;6234;52.47;32.772;1.829;0.529;0.0;4.315;8.085;0.0;0.0
SP;Pariquera-Açu;-24.712546631;-47.8799976029;16759;34.167;42.234;1.235;0.424;0.561;3.723;17.489;0.0;0.167
SP;Parisi;-20.3021911754;-50.0126178308;2555;64.618;21.879;2.387;0.0;0.0;3.523;7.593;0.0;0.0
SP;Patrocínio Paulista;-20.6411534023;-47.2830600903;12630;69.85;21.14;1.037;0.911;0.0;1.861;5.154;0.0;0.048
SP;Paulicéia;-21.309275558;-51.8471399509;6842;49.912;36.802;0.395;0.95;0.0;3.142;8.769;0.0;0.029
SP;Paulínia;-22.7599217;-47.154385801;96935;53.89;27.04;3.667;0.573;0.028;5.44;9.273;0.0;0.09
SP;Paulistânia;-22.574300748;-49.3990383461;1817;59.824;30.325;0.0;0.165;0.0;0.055;9.631;0.0;0.0
SP;Paulo de Faria;-20.0293000278;-49.3995518864;6637;62.558;22.586;3.059;0.979;0.0;4.369;6.358;0.0;0.09
SP;Pederneiras;-22.3554915;-48.7796809636;39358;53.499;35.045;0.874;0.249;0.0;3.646;6.294;0.0;0.394
SP;Pedra Bela;-22.7913843519;-46.4420309473;5835;72.031;20.96;0.583;0.034;0.0;1.354;4.781;0.0;0.257
SP;Pedranópolis;-20.2476466672;-50.1123902829;2525;62.297;27.723;2.851;0.594;0.0;1.941;4.594;0.0;0.0
SP;Pedregulho;-20.2568709994;-47.4817949691;13617;56.885;17.64;11.251;0.242;0.0;4.024;9.892;0.0;0.066
SP;Pedreira;-22.743771;-46.8978020903;38485;68.333;20.174;1.26;0.66;0.0;2.539;7.034;0.0;0.0
SP;Pedrinhas Paulista;-22.8112152136;-50.7921656555;2514;71.44;22.196;0.239;0.0;0.0;1.472;4.654;0.0;0.0
SP;Pedro de Toledo;-24.2728006735;-47.2290763497;9771;44.704;35.564;1.3;0.911;0.0;3.295;13.868;0.0;0.358
SP;Penápolis;-21.418383015;-50.073036275;54535;58.458;26.986;2.292;0.596;0.0;5.321;6.183;0.117;0.046
SP;Pereira Barreto;-20.6366689994;-51.1066610199;21212;52.824;35.777;1.975;0.424;0.0;2.475;6.525;0.0;0.0
SP;Pereiras;-23.0728523359;-47.967866773;7602;65.614;25.717;0.987;0.474;0.303;4.815;2.026;0.0;0.066
SP;Peruíbe;-24.319508884;-46.9973018645;60143;42.53;31.044;4.265;2.542;0.234;9.163;9.384;0.1;0.737
SP;Piacatu;-21.5953916792;-50.5994257172;4923;64.798;28.072;0.305;0.366;0.0;1.788;4.55;0.0;0.122
SP;Piedade;-23.714202223;-47.4180151509;46750;56.122;31.433;1.029;0.475;0.0;2.845;7.998;0.0;0.098
SP;Pilar do Sul;-23.814612;-47.7155077158;24094;55.632;31.103;0.581;0.307;0.0;5.134;7.242;0.0;0.0
SP;Pindamonhangaba;-22.9266687259;-45.4620488462;144175;57.742;28.651;2.236;1.005;0.017;3.92;6.206;0.006;0.218
SP;Pindorama;-21.1859884886;-48.9056375353;13054;64.294;25.103;4.481;0.406;0.0;2.176;3.348;0.038;0.153
SP;Pinhalzinho;-22.7807960685;-46.5905773189;13567;68.667;22.142;1.99;0.877;0.0;3.612;2.676;0.0;0.037
SP;Piquerobi;-21.8849896988;-51.7316269038;2927;68.808;22.515;0.102;0.068;0.0;2.255;6.115;0.0;0.137
SP;Piquete;-22.6111668852;-45.1835694245;11178;75.174;19.95;0.707;0.438;0.0;2.228;1.44;0.0;0.063
SP;Piracaia;-23.050499;-46.3587552005;23231;66.463;22.22;1.042;1.007;0.0;2.686;6.582;0.0;0.0
SP;Piracicaba;-22.723722;-47.6468462362;374287;52.162;30.874;2.322;0.809;0.013;4.29;9.377;0.087;0.068
SP;Piraju;-23.192991495;-49.3839744897;26073;74.345;17.413;0.986;0.188;0.0;3.697;3.302;0.0;0.069
SP;Pirajuí;-21.993447;-49.4566424334;20287;54.503;29.995;1.878;0.764;0.0;2.317;10.268;0.0;0.276
SP;Pirangi;-21.0996316626;-48.6698419326;9710;70.309;21.658;2.122;0.093;0.0;1.679;3.924;0.0;0.216
SP;Pirapora do Bom Jesus;-23.3975233079;-47.0009675687;15544;40.067;37.764;0.708;1.171;0.0;3.577;16.662;0.032;0.019
SP;Pirapozinho;-22.276675485;-51.4995842901;22402;62.419;31.037;0.536;0.121;0.0;2.464;3.388;0.0;0.036
SP;Pirassununga;-21.994049295;-47.4251728817;65271;59.452;23.393;3.311;1.685;0.0;5.194;6.936;0.0;0.029
SP;Piratininga;-22.4120659448;-49.1372522168;13180;47.716;36.472;2.921;0.781;0.0;4.385;7.724;0.0;0.0
SP;Pitangueiras;-21.0109994994;-48.2222657515;29382;53.352;29.402;2.876;0.286;0.0;2.559;11.524;0.0;0.0
SP;Planalto;-21.0323282025;-49.9257197992;3868;59.281;28.025;0.827;0.207;0.0;1.655;9.54;0.0;0.465
SP;Platina;-22.6334572583;-50.2089345358;2632;49.962;40.464;0.076;0.0;0.0;6.459;3.04;0.0;0.0
SP;Poá;-23.5286265677;-46.3462203887;90974;38.379;38.145;2.872;1.408;0.032;6.146;12.469;0.13;0.419
SP;Poloni;-20.7858577506;-49.8138949067;4958;66.983;22.388;3.489;0.524;0.0;2.138;4.478;0.0;0.0
SP;Pompeia;-22.1061456541;-50.1760280549;17864;61.089;25.661;1.45;0.123;0.0;4.736;6.863;0.0;0.078
SP;Pongaí;-21.7361764725;-49.3608700749;3056;63.94;25.0;3.076;0.098;0.0;1.996;4.81;0.0;1.08
SP;Pontal;-21.02571;-48.0378373025;32669;55.257;28.449;1.185;1.053;0.04;4.123;9.832;0.0;0.061
SP;Pontalinda;-20.4408338429;-50.5246020157;3596;69.661;24.472;0.417;0.306;0.0;2.197;2.948;0.0;0.0
SP;Pontes Gestal;-20.1823631062;-49.7035523558;2106;54.701;34.188;0.57;0.237;0.0;3.466;6.838;0.0;0.0
SP;Populina;-19.9443331307;-50.5368531154;3705;51.498;29.258;6.694;0.459;0.0;2.105;9.987;0.0;0.0
SP;Porangaba;-23.1753874993;-48.1267674358;9311;57.362;30.491;1.332;0.709;0.0;4.683;5.166;0.043;0.215
SP;Porto Feliz;-23.214412268;-47.5245965731;49725;49.376;36.358;1.004;0.537;0.0;4.863;7.783;0.034;0.046
SP;Porto Ferreira;-21.858362505;-47.4814096434;46826;57.252;26.895;1.723;0.483;0.0;4.899;8.7;0.0;0.047
SP;Potim;-22.8406202063;-45.2559743129;17846;62.686;26.594;0.773;1.586;0.0;3.183;2.925;0.0;2.253
SP;Potirendaba;-21.0450947211;-49.3781831999;16215;64.274;26.716;1.856;0.327;0.0;2.245;4.366;0.0;0.216
SP;Pracinha;-21.8519276207;-51.0870772105;2417;62.35;28.341;0.331;3.351;0.124;2.234;3.269;0.0;0.0
SP;Pradópolis;-21.3580490113;-48.065583022;15070;59.177;25.05;0.153;0.332;0.0;2.322;12.966;0.0;0.0
SP;Praia Grande;-24.0030215;-46.4120495836;306369;46.374;26.69;4.205;3.161;0.047;6.657;12.802;0.024;0.041
SP;Pratânia;-22.8114679845;-48.6646855775;4401;44.285;36.855;0.295;0.159;0.0;7.771;10.589;0.045;0.0
SP;Presidente Alves;-22.1036743192;-49.4391492872;3367;44.936;45.916;0.564;0.178;0.0;2.049;5.465;0.0;0.891
SP;Presidente Bernardes;-22.0089907788;-51.5575701918;13263;71.334;20.29;0.43;0.317;0.0;1.244;5.534;0.716;0.136
SP;Presidente Epitácio;-21.768781995;-52.115275827;34915;57.706;30.686;1.532;0.266;0.0;3.082;6.63;0.0;0.097
SP;Presidente Prudente;-22.1227435;-51.3867655819;200370;60.537;28.68;1.471;0.536;0.015;3.662;4.955;0.084;0.06
SP;Presidente Venceslau;-21.875939505;-51.8402588051;31877;64.542;26.822;1.44;0.461;0.0;2.748;3.946;0.0;0.041
SP;Promissão;-21.5388674994;-49.8577352348;30952;49.044;40.792;2.016;0.527;0.048;1.942;5.525;0.045;0.061
SP;Quadra;-23.3015749993;-48.0526853361;2995;61.803;30.584;1.035;0.267;0.0;2.705;3.606;0.0;0.0
SP;Quatá;-22.2494047984;-50.6979473894;11467;56.03;33.086;0.244;0.035;0.0;1.622;8.328;0.0;0.654
SP;Queiroz;-21.799094434;-50.2409284561;2810;59.146;32.669;0.0;0.214;0.0;2.456;5.374;0.142;0.0
SP;Queluz;-22.5418444993;-44.7784773101;7959;69.355;22.93;0.264;0.151;0.0;3.681;3.48;0.075;0.063
SP;Quintana;-22.0719198264;-50.3115952429;6102;61.39;29.318;0.377;0.066;0.0;2.917;5.932;0.0;0.0
SP;Rafard;-23.0115563539;-47.5311606809;7859;50.477;32.79;1.692;0.191;0.0;6.12;8.64;0.0;0.089
SP;Rancharia;-22.22845101;-50.8902116859;25128;56.94;34.364;1.349;0.581;0.0;1.663;5.102;0.0;0.0
SP;Redenção da Serra;-23.2726554993;-45.5364956107;3998;79.865;15.583;0.225;0.775;0.0;1.401;2.076;0.0;0.075
SP;Regente Feijó;-22.2202340929;-51.3031489767;17816;72.064;20.869;1.252;0.32;0.0;0.864;4.563;0.0;0.067
SP;Reginópolis;-21.8867609386;-49.2297976711;7017;55.109;29.471;0.214;0.57;0.0;4.375;8.479;1.568;0.214
SP;Registro;-24.494251428;-47.8410547517;52376;33.869;39.146;2.774;0.577;0.061;5.38;17.754;0.12;0.319
SP;Restinga;-20.6038028263;-47.4830902375;5532;57.068;30.622;1.88;0.09;0.0;3.868;6.381;0.0;0.09
SP;Ribeira;-24.6574894993;-49.0083019948;2741;44.4;41.335;1.35;0.219;0.0;0.109;12.587;0.0;0.0
SP;Ribeirão Bonito;-22.064934664;-48.1777057541;9667;57.95;28.406;1.097;0.29;0.0;1.231;11.027;0.0;0.0
SP;Ribeirão Branco;-24.2202684576;-48.7654774815;15847;54.3;36.411;0.385;0.0;0.0;2.228;6.676;0.0;0.0
SP;Ribeirão Corrente;-20.4606601744;-47.5907050925;3956;66.684;24.242;0.91;0.581;0.0;2.578;4.752;0.0;0.253
SP;Ribeirão do Sul;-22.7857347997;-49.9341678147;4145;82.654;14.524;0.072;0.0;0.0;0.893;1.785;0.0;0.072
SP;Ribeirão dos Índios;-21.8385000397;-51.6006345172;1834;77.754;18.866;0.218;0.0;0.0;2.017;1.145;0.0;0.0
SP;Ribeirão Grande;-24.1012003107;-48.367071156;6576;78.117;19.009;0.426;0.0;0.0;0.426;2.023;0.0;0.0
SP;Ribeirão Pires;-23.707423;-46.4153443749;102793;48.373;29.669;2.232;1.602;0.0;7.093;10.907;0.053;0.071
SP;Ribeirão Preto;-21.1848345;-47.8054759155;621091;53.075;22.925;6.041;1.454;0.02;5.291;11.031;0.046;0.117
SP;Riversul;-23.8313350066;-49.4366967189;4878;73.903;19.414;0.164;0.123;0.0;1.845;4.408;0.0;0.144
SP;Rifaina;-20.0829324994;-47.4291988991;3571;49.51;27.163;6.021;0.504;0.0;4.144;12.658;0.0;0.0
SP;Rincão;-21.5891894994;-48.0723300667;8013;63.409;23.0;3.157;1.223;0.162;5.429;3.619;0.0;0.0
SP;Rinópolis;-21.7278909994;-50.7248383217;8277;68.974;20.998;0.387;0.181;0.0;1.655;7.503;0.0;0.302
SP;Rio Claro;-22.4125115;-47.5635332384;178573;50.457;32.06;2.07;1.012;0.021;6.061;8.171;0.063;0.085
SP;Rio das Pedras;-22.8428607225;-47.6044848862;27295;50.812;40.073;0.945;0.176;0.0;3.711;4.206;0.0;0.077
SP;Rio Grande da Serra;-23.744515;-46.393692674;38514;45.204;34.006;0.932;1.706;0.0;6.92;11.089;0.109;0.034
SP;Riolândia;-19.977734338;-49.6811591029;9311;73.01;20.632;1.042;0.558;0.129;2.374;2.094;0.0;0.161
SP;Rosana;-22.5811754993;-53.0586544794;15441;54.75;30.367;2.098;0.123;0.0;4.223;8.374;0.039;0.026
SP;Roseira;-22.8968185475;-45.3093777871;9373;72.314;17.305;0.416;0.117;0.0;6.348;3.329;0.0;0.171
SP;Rubiácea;-21.3005239895;-50.7269079995;2318;49.827;43.917;0.69;0.173;0.0;1.769;3.624;0.0;0.0
SP;Rubinéia;-20.1717745;-50.997484555;3439;58.273;32.044;1.745;0.0;0.0;3.46;4.391;0.0;0.087
SP;Sabino;-21.4602138337;-49.5808185602;4587;62.154;30.543;1.09;0.349;0.0;3.161;2.703;0.0;0.0
SP;Sagres;-21.8811386706;-50.9571547112;2167;63.036;30.088;0.738;0.0;0.0;0.323;5.676;0.0;0.138
SP;Sales;-21.3444533768;-49.4987686686;5742;61.738;30.843;0.453;0.348;0.0;3.413;3.204;0.0;0.0
SP;Sales Oliveira;-20.777882152;-47.8423493399;10116;70.739;17.339;3.213;0.247;0.0;2.956;5.506;0.0;0.0
SP;Salesópolis;-23.5317929884;-45.8471769296;13346;72.456;16.005;3.177;0.869;0.082;2.563;4.848;0.0;0.0
SP;Salmourão;-21.6253627328;-50.8606720043;4198;75.417;19.843;0.858;0.405;0.0;0.786;2.692;0.0;0.0
SP;Saltinho;-22.8433674978;-47.6782883888;7283;67.61;25.058;0.989;0.261;0.0;2.513;3.213;0.0;0.357
SP;Salto;-23.2040738058;-47.2924156291;117284;58.542;24.793;1.83;1.04;0.0;4.618;9.127;0.017;0.033
SP;Salto de Pirapora;-23.649132225;-47.5746801202;38413;36.37;43.342;1.406;0.833;0.057;5.488;12.493;0.0;0.01
SP;Salto Grande;-22.8905072542;-49.981077759;7873;61.616;29.646;1.207;0.127;0.0;3.366;3.976;0.0;0.064
SP;Sandovalina;-22.45854174;-51.7599517361;3144;71.056;24.141;0.0;0.0;0.0;0.827;3.976;0.0;0.0
SP;Santa Adélia;-21.24327;-48.8059484186;12457;69.278;23.344;2.256;0.112;0.0;1.758;3.067;0.0;0.185
SP;Santa Albertina;-20.030702622;-50.7305643708;5626;61.998;24.76;1.44;0.0;0.0;3.253;8.212;0.036;0.302
SP;Santa Bárbara d'Oeste;-22.7553935;-47.4139547662;163091;55.983;32.007;1.148;0.741;0.007;4.719;5.314;0.025;0.056
SP;Santa Branca;-23.3957580349;-45.8876482871;12462;63.609;27.708;1.396;1.091;0.0;1.765;4.381;0.048;0.0
SP;Santa Clara d'Oeste;-20.0913919359;-50.9302211545;2266;62.842;26.214;1.589;0.177;0.0;1.942;6.575;0.0;0.662
SP;Santa Cruz da Conceição;-22.1276819651;-47.457163695;3873;65.84;20.682;3.227;2.324;0.0;2.246;5.68;0.0;0.0
SP;Santa Cruz da Esperança;-21.291168377;-47.4337805615;1857;62.197;29.187;0.915;0.915;0.0;4.308;2.477;0.0;0.0
SP;Santa Cruz das Palmeiras;-21.827568;-47.2494144219;25410;70.405;22.29;0.244;0.386;0.0;1.661;4.943;0.0;0.071
SP;Santa Cruz do Rio Pardo;-22.9057225;-49.6246088693;40843;73.361;21.201;0.82;0.507;0.0;1.834;2.179;0.0;0.098
SP;Santa Ernestina;-21.462921503;-48.3936499289;5379;60.29;27.979;0.297;0.242;0.0;2.937;8.031;0.0;0.223
SP;Santa Fé do Sul;-20.211693165;-50.9267774238;30835;53.815;30.472;3.995;0.409;0.0;4.858;6.353;0.062;0.036
SP;Santa Gertrudes;-22.4553269563;-47.5307087162;20467;54.776;34.885;0.704;0.406;0.0;3.469;5.673;0.0;0.088
SP;Santa Isabel;-23.3180885;-46.2270128418;46668;49.449;34.195;1.922;1.824;0.0;5.027;7.384;0.0;0.199
SP;Santa Lúcia;-21.6865678511;-48.0853360131;6191;62.074;26.668;0.662;0.581;0.0;1.712;8.302;0.0;0.0
SP;Santa Maria da Serra;-22.5694102578;-48.1590141415;4548;59.807;28.936;0.242;0.396;0.0;1.495;9.125;0.0;0.0
SP;Santa Mercedes;-21.3469107456;-51.7589742421;2576;57.453;33.23;0.194;0.0;0.0;0.815;8.307;0.0;0.0
SP;Santana da Ponte Pensa;-20.2526022557;-50.7984038446;1532;59.334;27.154;2.089;0.131;0.0;3.198;7.507;0.0;0.587
SP;Santana de Parnaíba;-23.449453;-46.9220925056;132961;46.059;30.304;3.151;0.814;0.0;6.006;13.618;0.01;0.04
SP;Santa Rita d'Oeste;-20.1418014734;-50.8309473882;2461;75.457;17.107;2.966;0.244;0.0;1.707;2.519;0.0;0.0
SP;Santa Rita do Passa Quatro;-21.70714401;-47.4789808518;22436;61.379;25.713;3.797;1.195;0.0;3.882;4.034;0.0;0.0
SP;Santa Rosa de Viterbo;-21.4852725;-47.3672689283;20874;61.287;25.822;1.696;0.436;0.0;2.75;7.962;0.0;0.048
SP;Santa Salete;-20.243845188;-50.6884618812;1480;61.959;31.959;0.676;0.338;0.0;2.838;2.23;0.0;0.0
SP;Santo Anastácio;-21.97302102;-51.6498922118;16102;64.303;26.506;0.956;0.292;0.0;4.49;3.453;0.0;0.0
SP;Santo André;-23.65751;-46.5308742576;669991;51.188;26.183;3.892;1.913;0.011;6.19;10.23;0.184;0.207
SP;Santo Antônio da Alegria;-21.0899640291;-47.15593097;5941;73.876;18.465;2.037;0.017;0.0;1.633;3.939;0.0;0.034
SP;Santo Antônio de Posse;-22.6047968523;-46.9159099001;20297;56.181;22.585;0.729;0.498;0.0;2.498;17.416;0.0;0.094
SP;Santo Antônio do Aracanguá;-20.9324968425;-50.4967350523;7379;56.945;35.831;0.556;0.461;0.0;3.28;2.846;0.0;0.081
SP;Santo Antônio do Jardim;-22.1185234999;-46.6823066318;5466;75.101;16.173;2.049;0.768;0.0;2.708;3.202;0.0;0.0
SP;Santo Antônio do Pinhal;-22.8311934023;-45.6792788633;6309;70.17;15.708;1.553;0.349;0.206;3.376;8.543;0.095;0.0
SP;Santo Expedito;-21.8468050512;-51.3909209814;2659;66.792;25.085;0.527;0.226;0.0;3.009;4.363;0.0;0.0
SP;Santópolis do Aguapeí;-21.6393116638;-50.5046924736;3396;61.19;30.624;0.589;0.324;0.0;2.473;4.505;0.0;0.294
SP;Santos;-23.9337375;-46.3313708492;380662;58.981;14.39;7.67;2.132;0.032;6.233;10.45;0.063;0.049
SP;São Bento do Sapucaí;-22.6852869533;-45.7371389869;10412;80.167;12.38;1.172;0.797;0.0;2.334;3.15;0.0;0.0
SP;São Bernardo do Campo;-23.7103045;-46.5502572477;720874;51.161;26.187;3.662;1.803;0.019;6.044;10.954;0.076;0.093
SP;São Caetano do Sul;-23.614705;-46.5715146086;149276;57.021;18.65;6.39;2.372;0.005;6.144;9.217;0.095;0.106
SP;São Carlos;-22.0159985;-47.8892376847;225922;54.918;23.775;3.677;1.302;0.028;5.384;10.829;0.038;0.048
SP;São Francisco;-20.3584138176;-50.7000971573;2361;66.709;22.66;4.447;0.551;0.0;1.017;4.49;0.127;0.0
SP;São João da Boa Vista;-21.972011;-46.7963507818;82546;61.78;22.58;3.327;1.194;0.093;5.41;5.553;0.027;0.035
SP;São João das Duas Pontes;-20.3887717266;-50.3807219077;2307;76.983;18.986;0.65;0.0;0.0;0.52;2.861;0.0;0.0
SP;São João de Iracema;-20.5126154921;-50.3515975169;1624;55.911;32.82;1.478;0.369;0.0;5.172;4.249;0.0;0.0
SP;São João do Pau d'Alho;-21.2683639994;-51.6666651612;2017;77.59;16.559;1.785;0.0;0.0;2.132;1.587;0.0;0.347
SP;São Joaquim da Barra;-20.583165555;-47.8632680707;43056;63.529;23.39;2.785;0.917;0.0;3.205;5.953;0.023;0.197
SP;São José da Bela Vista;-20.5944195311;-47.6409895015;6621;63.404;24.86;0.483;0.0;0.0;4.002;7.25;0.0;0.0
SP;São José do Barreiro;-22.6464898966;-44.5783409613;3372;76.453;15.925;1.008;0.0;0.0;1.868;4.745;0.0;0.0
SP;São José do Rio Pardo;-21.5961025;-46.8882658895;46132;79.14;14.244;1.591;0.67;0.0;1.613;2.673;0.0;0.069
SP;São José do Rio Preto;-20.8126365;-49.381347685;427130;51.042;28.552;5.934;1.272;0.036;5.093;7.893;0.018;0.16
SP;São José dos Campos;-23.1840615;-45.8841754015;612019;58.626;25.444;2.452;0.774;0.014;4.878;7.776;0.004;0.032
SP;São Lourenço da Serra;-23.8490857161;-46.9417497174;14020;54.979;26.976;1.298;1.32;0.407;4.615;10.371;0.0;0.036
SP;São Luiz do Paraitinga;-23.2218715102;-45.3095445048;9237;77.937;15.73;1.191;0.281;0.0;1.375;3.367;0.0;0.119
SP;São Manuel;-22.736459985;-48.5687632813;32921;62.222;28.055;1.488;1.203;0.058;2.014;4.857;0.033;0.07
SP;São Miguel Arcanjo;-23.87949;-47.9955891464;27931;59.643;28.789;0.294;0.125;0.0;4.934;5.847;0.09;0.279
SP;São Paulo;-23.5673865;-46.5703831821;10165250;50.725;23.174;3.776;2.292;0.036;6.307;13.493;0.067;0.13
SP;São Pedro;-22.548888;-47.9140329971;33956;48.124;32.489;4.067;0.613;0.0;5.266;9.235;0.0;0.206
SP;São Pedro do Turvo;-22.7512564292;-49.7414761629;6252;65.067;27.799;0.288;0.272;0.0;2.175;4.399;0.0;0.0
SP;São Roque;-23.530359;-47.1354230127;70212;55.076;26.141;2.819;1.705;0.0;4.971;9.108;0.0;0.181
SP;São Sebastião;-23.8066876521;-45.4026801405;70567;45.302;28.818;2.188;1.247;0.313;7.528;14.426;0.04;0.139
SP;São Sebastião da Grama;-21.7084207919;-46.8241276258;9334;73.752;19.991;1.371;0.182;0.0;0.986;3.664;0.0;0.054
SP;São Simão;-21.4797233722;-47.55335254;12076;63.117;23.675;2.551;1.275;0.0;2.021;7.362;0.0;0.0
SP;São Vicente;-23.967373;-46.3844908173;290977;45.719;27.917;3.424;2.393;0.011;6.572;13.803;0.063;0.097
SP;Sarapuí;-23.6415065708;-47.827195985;9028;61.874;26.385;0.698;0.31;0.0;5.394;3.821;0.0;1.518
SP;Sarutaiá;-23.2744959258;-49.4831286343;3269;59.865;33.038;0.122;0.092;0.0;2.57;4.313;0.0;0.0
SP;Sebastianópolis do Sul;-20.6568804994;-49.9209224971;2755;75.027;19.819;0.508;0.0;0.0;1.96;2.686;0.0;0.0
SP;Serra Azul;-21.3102876657;-47.5632499203;11569;53.591;29.968;1.798;0.717;0.0;4.426;8.341;1.055;0.104
SP;Serrana;-21.209477985;-47.5977620963;38234;62.314;22.47;1.295;0.387;0.0;3.513;9.858;0.0;0.165
SP;Serra Negra;-22.6126935219;-46.7017913807;26795;62.926;21.829;3.695;2.157;0.0;3.915;5.415;0.0;0.063
SP;Sertãozinho;-21.137021505;-47.991148431;110815;50.891;29.686;2.237;1.347;0.034;6.013;9.746;0.0;0.045
SP;Sete Barras;-24.3886037822;-47.9272169635;10963;38.466;42.653;1.678;0.164;0.365;2.198;14.157;0.0;0.319
SP;Severínia;-20.8093857878;-48.8015339794;12742;62.494;26.142;0.377;0.157;0.0;2.865;7.432;0.0;0.534
SP;Silveiras;-22.6614243464;-44.8489961032;5421;80.852;15.255;0.387;0.369;0.0;0.996;1.716;0.0;0.424
SP;Socorro;-22.5920299519;-46.5292115918;36017;65.128;21.662;1.716;1.519;0.0;3.079;6.591;0.022;0.283
SP;Sorocaba;-23.499323;-47.4578532532;637891;47.883;32.559;3.232;0.997;0.029;5.419;9.693;0.015;0.172
SP;Sud Mennucci;-20.6929434994;-50.920526559;6472;64.509;28.353;0.788;0.185;0.0;1.947;3.986;0.0;0.232
SP;Sumaré;-22.822145;-47.2658027321;243821;44.392;34.191;1.033;1.111;0.005;7.061;12.122;0.005;0.08
SP;Suzano;-23.5368275;-46.3078104673;266084;39.382;36.123;2.008;1.784;0.033;7.92;12.604;0.054;0.091
SP;Suzanápolis;-20.503344267;-51.0282225865;3032;54.815;33.344;0.198;0.0;0.0;3.826;7.817;0.0;0.0
SP;Tabapuã;-20.9576006761;-49.0326214092;10084;68.683;20.567;3.947;0.119;0.0;2.182;4.145;0.0;0.357
SP;Tabatinga;-21.7325145;-48.686787614;12830;64.139;23.804;1.177;0.959;0.117;3.071;6.633;0.0;0.101
SP;Taboão da Serra;-23.6233285;-46.7857800342;239811;52.469;24.535;2.142;2.244;0.014;6.218;12.055;0.082;0.241
SP;Taciba;-22.3882662616;-51.2847734241;5416;72.046;24.852;0.055;0.0;0.0;0.572;2.474;0.0;0.0
SP;Taguaí;-23.4498141186;-49.4057711156;10947;66.429;23.669;0.375;0.475;0.0;5.161;3.7;0.0;0.192
SP;Taiaçu;-21.1467362736;-48.5119552221;5008;66.713;24.581;0.359;0.24;0.0;1.458;6.649;0.0;0.0
SP;Taiúva;-21.1295562883;-48.4539353423;5923;70.758;21.56;1.165;0.709;0.0;1.992;3.816;0.0;0.0
SP;Tambaú;-21.703033;-47.2716155131;18881;65.071;20.698;2.066;0.985;0.0;5.699;5.482;0.0;0.0
SP;Tanabi;-20.6251121361;-49.6488201994;22356;63.92;26.879;1.664;0.613;0.0;3.064;3.744;0.0;0.116
SP;Tapiraí;-23.9731482668;-47.5052882352;6907;32.431;44.39;1.332;0.434;0.623;4.459;16.158;0.174;0.0
SP;Tapiratiba;-21.4718854023;-46.7455152107;10580;75.076;17.647;2.769;0.227;0.0;1.304;2.977;0.0;0.0
SP;Taquaral;-21.0726085;-48.4086549184;2355;72.187;19.618;0.637;0.0;0.0;0.085;7.473;0.0;0.0
SP;Taquaritinga;-21.410008;-48.5067421829;46439;61.031;24.949;2.489;1.021;0.0;3.058;7.41;0.019;0.024
SP;Taquarituba;-23.5320605077;-49.2440885384;21524;66.414;24.633;1.152;0.256;0.0;2.263;5.12;0.163;0.0
SP;Taquarivaí;-23.9192571497;-48.697328637;5871;66.071;26.708;0.477;0.085;0.0;1.329;5.331;0.0;0.0
SP;Tarabai;-22.3016682955;-51.5595725756;5708;67.677;25.245;0.473;0.053;0.0;2.067;4.205;0.0;0.28
SP;Tarumã;-22.7447711943;-50.5765651351;12847;55.344;38.881;0.218;0.047;0.0;3.394;1.985;0.0;0.132
SP;Tatuí;-23.3485765;-47.8494640337;108512;43.536;40.785;1.134;0.699;0.0;6.294;7.486;0.01;0.055
SP;Taubaté;-23.0265555;-45.5566086967;273836;60.542;24.403;2.367;1.177;0.039;4.998;6.303;0.025;0.145
SP;Tejupá;-23.3405917463;-49.3774419611;3585;72.748;21.339;0.139;0.0;0.0;1.423;4.24;0.0;0.112
SP;Teodoro Sampaio;-22.531007;-52.1711948222;19067;61.195;33.162;0.729;0.184;0.0;2.061;2.628;0.0;0.042
SP;Terra Roxa;-20.7878416567;-48.3415361372;7010;66.79;25.292;0.243;0.057;0.0;3.638;3.723;0.0;0.257
SP;Tietê;-23.097889485;-47.711472528;33464;69.02;21.073;0.899;0.371;0.0;2.884;5.752;0.0;0.0
SP;Timburi;-23.202363383;-49.6035428949;2211;70.556;20.76;0.271;0.0;0.0;3.076;5.337;0.0;0.0
SP;Torre de Pedra;-23.2437695273;-48.1982388399;1819;25.014;59.428;0.55;0.275;0.0;4.178;10.555;0.0;0.0
SP;Torrinha;-22.4274936147;-48.1721575851;8249;77.779;16.851;0.509;0.23;0.0;1.188;2.849;0.109;0.485
SP;Trabiju;-22.0380736471;-48.3401833938;1484;64.555;21.968;0.472;1.887;0.0;3.302;7.008;0.0;0.809
SP;Tremembé;-22.9604152054;-45.5507468823;45520;55.134;24.508;2.036;1.52;0.0;5.2;7.726;0.0;3.875
SP;Três Fronteiras;-20.2280128034;-50.8848827855;6006;56.394;32.95;1.848;0.599;0.0;2.997;5.211;0.0;0.0
SP;Tuiuti;-22.8147561552;-46.6970238595;6052;68.225;24.025;0.578;1.14;0.0;5.271;0.76;0.0;0.0
SP;Tupã;-21.93482151;-50.5140064217;57126;55.304;32.108;3.407;0.187;0.0;2.466;6.246;0.0;0.282
SP;Tupi Paulista;-21.3863953177;-51.576720576;14438;64.829;22.891;2.161;1.205;0.0;1.364;7.501;0.048;0.0
SP;Turiúba;-20.9502350892;-50.1094417505;1625;72.554;19.015;2.892;0.308;0.0;1.231;3.323;0.0;0.677
SP;Turmalina;-20.0512686173;-50.4777294315;1550;74.903;16.903;1.806;0.323;0.452;1.742;3.871;0.0;0.0
SP;Ubarana;-21.1624709998;-49.7196723942;4648;60.327;29.41;0.237;0.108;0.0;2.496;6.992;0.0;0.43
SP;Ubatuba;-23.4359649805;-45.0720914755;80977;40.846;32.465;2.446;1.588;0.228;7.381;14.755;0.026;0.264
SP;Ubirajara;-22.5238354502;-49.6632716656;4395;55.631;39.477;0.068;0.068;0.0;1.388;3.094;0.0;0.273
SP;Uchoa;-20.9533463993;-49.177669535;9291;66.871;21.074;3.552;1.098;0.0;3.52;3.885;0.0;0.0
SP;União Paulista;-20.8877689994;-49.8973935791;1371;75.638;21.007;0.802;0.219;0.0;0.584;1.751;0.0;0.0
SP;Urânia;-20.2462640967;-50.6418001541;7929;68.432;24.555;1.526;0.277;0.0;1.967;3.241;0.0;0.0
SP;Uru;-21.7863136524;-49.2832016014;1220;55.902;33.852;0.574;0.164;0.0;0.492;9.016;0.0;0.0
SP;Urupês;-21.2004188127;-49.2907298494;12328;70.271;22.721;1.444;0.3;0.0;1.687;3.577;0.0;0.0
SP;Valentim Gentil;-20.4233702919;-50.0858682817;12288;60.807;25.952;4.264;0.236;0.0;4.159;4.5;0.0;0.081
SP;Valinhos;-22.971244;-46.9966300276;112915;56.034;23.886;3.504;1.188;0.0;6.619;8.626;0.038;0.105
SP;Valparaíso;-21.2255752829;-50.869308119;21318;49.249;41.134;0.919;0.291;0.0;1.858;6.511;0.0;0.038
SP;Vargem;-22.8848804238;-46.4116002331;9114;61.773;27.573;0.658;0.307;0.0;4.246;5.047;0.208;0.187
SP;Vargem Grande do Sul;-21.835866;-46.8956089148;35382;63.73;27.254;1.786;0.5;0.0;2.758;3.589;0.0;0.382
SP;Vargem Grande Paulista;-23.6153025;-47.0196477841;43785;50.855;25.797;1.82;1.304;0.0;6.176;13.945;0.075;0.027
SP;Várzea Paulista;-23.2144665;-46.8298902239;100852;52.595;31.229;0.598;0.899;0.044;3.574;10.908;0.029;0.125
SP;Vera Cruz;-22.2247483148;-49.8217816546;9052;71.465;20.261;0.829;0.243;0.0;3.005;3.922;0.0;0.276
SP;Vinhedo;-23.0305383241;-46.9764763091;67737;57.999;24.179;3.571;0.688;0.034;6.121;7.346;0.0;0.062
SP;Viradouro;-20.872314;-48.2966628796;15288;54.86;34.386;0.451;0.347;0.039;4.729;5.115;0.0;0.072
SP;Vista Alegre do Alto;-21.1671540847;-48.6301713572;6986;62.625;27.526;0.344;0.172;0.0;1.847;7.486;0.0;0.0
SP;Vitória Brasil;-20.1987385745;-50.4808069702;1620;68.642;28.765;0.062;0.309;0.0;1.296;0.926;0.0;0.0
SP;Votorantim;-23.541871206;-47.449738058;111679;44.777;38.78;1.198;0.94;0.025;5.126;9.033;0.0;0.121
SP;Votuporanga;-20.41947;-49.9746720152;85695;54.61;28.843;5.52;0.547;0.0;4.488;5.872;0.074;0.047
SP;Zacarias;-21.050110435;-50.0557395185;2382;65.617;25.483;0.252;0.168;0.0;2.897;4.786;0.0;0.798
SP;Chavantes;-23.0320056319;-49.7139361487;10665;55.809;35.565;0.572;0.056;0.0;2.757;5.045;0.0;0.197
SP;Estiva Gerbi;-22.2745889131;-46.9536026904;9861;59.842;30.392;1.116;0.081;0.0;4.006;4.462;0.101;0.0
PR;Abatiá;-23.3004940371;-50.3125265829;6296;81.925;14.311;0.238;0.032;0.842;0.794;1.858;0.0;0.0
PR;Adrianópolis;-24.6616897055;-48.9917545384;5430;38.877;47.551;0.221;0.092;0.0;3.131;9.374;0.0;0.755
PR;Agudos do Sul;-25.9906180906;-49.3387018846;8773;66.636;26.388;0.388;0.296;0.0;2.018;4.274;0.0;0.0
PR;Almirante Tamandaré;-25.3133776023;-49.3003198184;101636;52.994;33.071;0.975;0.988;0.003;4.446;7.381;0.036;0.105
PR;Altamira do Paraná;-24.8010001635;-52.7098074467;3136;81.633;16.39;0.0;0.096;0.0;0.128;1.69;0.064;0.0
PR;Altônia;-23.8708814058;-53.8919738559;16535;74.345;21.76;0.538;0.0;0.0;0.581;2.655;0.0;0.121
PR;Alto Paraná;-23.1271208306;-52.3216824441;12012;76.457;17.99;0.316;0.042;0.0;2.431;2.764;0.0;0.0
PR;Alto Piquiri;-24.0190125564;-53.4412490789;8463;79.251;15.609;0.106;0.083;0.0;1.111;3.639;0.0;0.201
PR;Alvorada do Sul;-22.7803787674;-51.2292163306;9137;78.636;17.292;0.438;0.317;0.0;0.711;2.539;0.066;0.0
PR;Amaporã;-23.0973702882;-52.7867873506;4147;73.668;19.87;0.096;0.434;0.0;3.931;1.736;0.0;0.265
PR;Ampére;-25.9170684653;-53.4732567447;16958;84.556;12.879;0.035;0.242;0.0;1.28;0.979;0.0;0.029
PR;Anahy;-24.6475824586;-53.1333198287;2576;83.385;12.267;0.0;0.116;0.0;0.776;3.455;0.0;0.0
PR;Andirá;-23.0517516547;-50.2264075987;17616;70.595;21.861;0.29;0.182;0.0;2.259;4.78;0.0;0.034
PR;Ângulo;-23.192903865;-51.9173646798;2790;68.1;26.165;0.43;0.0;0.0;1.971;3.333;0.0;0.0
PR;Antonina;-25.4301661323;-48.7129000617;15742;41.304;41.666;0.883;1.531;0.0;4.326;10.151;0.019;0.121
PR;Antônio Olinto;-25.98670578;-50.197947244;6194;86.003;11.043;0.113;0.42;0.0;1.405;1.017;0.0;0.0
PR;Apucarana;-23.551592985;-51.4599851424;113680;63.371;27.566;0.719;0.16;0.017;3.126;4.715;0.288;0.039
PR;Arapongas;-23.413516532;-51.4382797347;104084;65.012;26.896;0.665;0.364;0.009;2.912;4.035;0.0;0.108
PR;Arapoti;-24.1465691652;-49.8248285017;22079;66.701;29.123;0.0;0.0;0.0;1.024;3.062;0.0;0.091
PR;Arapuã;-24.3087023864;-51.7913175643;3130;83.45;14.249;0.0;0.0;0.0;0.383;1.917;0.0;0.0
PR;Araruna;-23.9282009506;-52.4996181031;12642;77.456;20.171;0.0;0.071;0.0;0.997;1.21;0.0;0.095
PR;Araucária;-25.591645;-49.4019396967;130119;55.032;31.646;0.951;1.034;0.0;4.131;7.035;0.063;0.107
PR;Ariranha do Ivaí;-24.3832887448;-51.5879178389;2080;82.404;16.01;0.0;0.0;0.0;0.192;1.394;0.0;0.0
PR;Assaí;-23.3727179051;-50.8416234863;12271;64.648;25.018;0.587;0.187;0.0;4.531;4.955;0.0;0.073
PR;Assis Chateaubriand;-24.4085300849;-53.5212369274;32324;78.038;17.021;0.269;0.22;0.096;1.355;3.001;0.0;0.0
PR;Astorga;-23.236711965;-51.6696792625;22386;67.252;27.115;0.518;0.058;0.0;2.636;2.35;0.0;0.071
PR;Atalaia;-23.1515870955;-52.0557011365;3575;78.881;15.497;0.0;0.0;0.0;3.608;1.762;0.0;0.252
PR;Balsa Nova;-25.5784978075;-49.6317559904;11574;67.66;26.896;0.622;0.259;0.026;1.832;2.67;0.0;0.035
PR;Bandeirantes;-23.0924805;-50.3718730229;27493;70.858;24.053;0.291;0.24;0.0;1.87;2.55;0.0;0.138
PR;Barbosa Ferraz;-24.0277154653;-52.0071166854;9592;75.334;20.757;0.198;0.104;0.052;0.521;3.034;0.0;0.0
PR;Barracão;-26.2526028442;-53.6350002653;8398;71.469;22.815;0.322;0.119;0.0;1.739;3.537;0.0;0.0
PR;Barra do Jacaré;-23.1205927281;-50.1877367616;2481;82.144;16.123;0.0;0.0;0.0;0.766;0.967;0.0;0.0
PR;Bela Vista da Caroba;-25.8794933223;-53.6660426285;3554;75.295;23.467;0.0;0.0;0.0;0.0;1.238;0.0;0.0
PR;Bela Vista do Paraíso;-22.9920875312;-51.1941450329;13083;74.608;20.76;0.764;0.038;0.0;1.223;2.606;0.0;0.0
PR;Bituruna;-26.1607944758;-51.5565252575;13187;77.387;19.383;0.0;0.083;0.045;1.213;1.888;0.0;0.0
PR;Boa Esperança;-24.2394931592;-52.7927774593;4026;82.812;14.903;0.05;0.099;0.0;1.093;1.043;0.0;0.0
PR;Boa Esperança do Iguaçu;-25.6358731594;-53.2171600749;2137;89.518;9.92;0.0;0.0;0.0;0.187;0.374;0.0;0.0
PR;Boa Ventura de São Roque;-24.8785175862;-51.539373837;5491;85.613;12.821;0.109;0.0;0.0;0.364;1.038;0.0;0.055
PR;Boa Vista da Aparecida;-25.4304049443;-53.411736489;6831;81.745;15.883;0.19;0.029;0.0;0.805;1.303;0.0;0.044
PR;Bocaiúva do Sul;-25.2149015837;-49.1057874828;11302;57.105;36.586;0.186;0.487;0.0;1.77;3.283;0.0;0.584
PR;Bom Jesus do Sul;-26.1928749693;-53.5995999695;3453;77.701;19.693;0.174;0.145;0.0;0.521;1.651;0.0;0.116
PR;Bom Sucesso;-23.707437018;-51.7644654447;5657;73.961;18.773;0.301;0.141;0.0;1.379;5.445;0.0;0.0
PR;Bom Sucesso do Sul;-26.0745371403;-52.8319762721;2782;91.014;8.16;0.0;0.0;0.0;0.539;0.288;0.0;0.0
PR;Borrazópolis;-23.9378541947;-51.5844090969;6918;81.946;15.033;0.101;0.043;0.0;0.694;2.139;0.0;0.043
PR;Braganey;-24.8148946326;-53.121073665;4285;87.211;12.252;0.0;0.0;0.0;0.0;0.537;0.0;0.0
PR;Brasilândia do Sul;-24.1938462812;-53.5240418136;3202;80.949;16.084;0.0;0.125;0.0;0.25;2.592;0.0;0.0
PR;Cafeara;-22.788235241;-51.7150055085;2331;82.282;17.503;0.0;0.0;0.0;0.0;0.215;0.0;0.0
PR;Cafelândia;-24.6156669761;-53.3249164784;16195;81.71;13.961;0.148;0.049;0.025;1.476;2.556;0.0;0.074
PR;Cafezal do Sul;-23.9047044712;-53.5110648542;3948;73.81;21.378;0.0;0.025;0.0;0.279;4.509;0.0;0.0
PR;Califórnia;-23.6661438838;-51.3580855531;7529;80.077;16.656;0.159;0.0;0.0;0.89;2.218;0.0;0.0
PR;Cambará;-23.04126648;-50.0775707226;20311;75.595;18.975;0.862;0.054;0.0;1.295;3.067;0.0;0.153
PR;Cambé;-23.281632;-51.2777284423;94176;61.632;28.993;0.922;0.396;0.0;2.906;5.078;0.034;0.039
PR;Cambira;-23.6006118802;-51.5816306134;8221;72.072;19.584;0.243;0.036;0.0;2.36;5.705;0.0;0.0
PR;Campina da Lagoa;-24.594956582;-52.8135641546;13660;75.227;21.545;0.095;0.037;0.0;0.307;2.753;0.037;0.0
PR;Campina do Simão;-25.1025784698;-51.8147865321;3374;86.9;9.188;3.112;0.059;0.0;0.415;0.326;0.0;0.0
PR;Campina Grande do Sul;-25.303247505;-49.0534658724;41069;50.108;36.027;0.509;0.487;0.0;4.271;8.598;0.0;0.0
PR;Campo Bonito;-25.0396344828;-52.9968696037;3501;82.634;15.253;0.0;0.086;0.0;0.628;1.4;0.0;0.0
PR;Campo do Tenente;-25.9810056577;-49.6903769402;6326;71.198;26.431;0.0;0.063;0.0;0.569;1.739;0.0;0.0
PR;Campo Largo;-25.4594905;-49.5288414503;118604;68.323;21.541;0.81;0.782;0.011;3.05;5.466;0.0;0.016
PR;Campo Magro;-25.3679565;-49.427664968;26141;61.731;26.759;0.811;1.526;0.038;2.731;6.388;0.015;0.0
PR;Campo Mourão;-24.0412231967;-52.3811150856;86768;62.815;28.169;0.627;0.091;0.005;1.873;5.622;0.589;0.21
PR;Cândido de Abreu;-24.5646691199;-51.3325805084;13262;78.352;18.926;0.0;0.0;0.0;0.98;1.742;0.0;0.0
PR;Candói;-25.5679318458;-52.0554464048;12723;83.149;15.012;0.165;0.055;0.0;0.762;0.739;0.094;0.024
PR;Cantagalo;-25.374317386;-52.1266876349;9355;80.534;15.895;0.0;0.064;0.396;0.898;2.149;0.0;0.064
PR;Capanema;-25.6829774174;-53.800178695;17938;76.77;19.707;0.312;0.139;0.0;0.552;2.481;0.0;0.039
PR;Capitão Leônidas Marques;-25.4794684845;-53.6172110108;12692;81.224;16.073;0.15;0.0;0.0;1.521;1.032;0.0;0.0
PR;Carambeí;-24.95087298;-50.1130915115;19583;59.991;34.239;0.342;0.056;0.0;3.702;1.67;0.0;0.0
PR;Carlópolis;-23.427723925;-49.7187235299;14658;73.448;19.791;0.0;0.041;0.0;2.674;3.977;0.0;0.068
PR;Cascavel;-24.9537975;-53.459722182;301525;64.224;24.87;1.177;0.329;0.019;2.652;6.116;0.004;0.611
PR;Castro;-24.7954175;-50.0028111278;62229;60.812;31.707;1.006;0.288;0.0;1.684;4.34;0.029;0.133
PR;Catanduvas;-25.1964932495;-53.1537063668;9020;84.191;14.246;0.111;0.0;0.0;0.41;0.931;0.0;0.111
PR;Centenário do Sul;-22.8149823509;-51.59352956;9467;70.508;22.975;0.222;0.18;0.0;1.489;4.532;0.0;0.095
PR;Cerro Azul;-24.8189473028;-49.2603168259;13864;48.882;43.898;0.0;0.115;0.0;1.269;5.431;0.0;0.404
PR;Céu Azul;-25.1497612093;-53.8572693831;9751;71.48;25.392;0.113;0.0;0.0;1.261;1.754;0.0;0.0
PR;Chopinzinho;-25.8546838488;-52.5339602075;18260;82.552;14.096;0.153;0.066;0.016;0.843;2.043;0.0;0.23
PR;Cianorte;-23.6538131528;-52.6091508906;69326;65.255;26.057;0.658;0.101;0.0;2.891;5.024;0.0;0.014
PR;Cidade Gaúcha;-23.3741973866;-52.9405251491;9895;74.907;20.0;0.051;0.172;0.0;1.354;3.517;0.0;0.0
PR;Clevelândia;-26.4052052934;-52.3529862012;12865;72.219;21.64;0.591;0.49;0.124;2.06;2.798;0.0;0.078
PR;Colombo;-25.2943402945;-49.2274379773;200402;50.113;33.747;0.545;1.141;0.052;4.033;10.295;0.017;0.056
PR;Colorado;-22.83789753;-51.9744162121;20306;70.501;23.372;0.621;0.025;0.0;1.669;3.767;0.0;0.044
PR;Congonhinhas;-23.5469021022;-50.554428047;7205;74.24;21.402;0.0;0.25;0.0;2.054;1.985;0.0;0.069
PR;Conselheiro Mairinck;-23.6215617142;-50.1717730024;3020;57.02;24.801;0.166;0.132;0.0;2.02;15.861;0.0;0.0
PR;Contenda;-25.6807663096;-49.5316118697;16504;72.564;21.443;0.709;0.412;0.0;0.891;3.466;0.0;0.515
PR;Corbélia;-24.799649516;-53.296527777;15159;79.57;16.294;0.178;0.336;0.033;1.214;2.375;0.0;0.0
PR;Cornélio Procópio;-23.1832575;-50.6514844783;40478;67.563;25.624;0.973;0.356;0.0;3.071;2.359;0.0;0.054
PR;Coronel Domingos Soares;-26.2265477684;-52.0345386762;4746;71.408;23.451;0.063;0.0;0.0;2.866;2.212;0.0;0.0
PR;Coronel Vivida;-25.9781534981;-52.5670866354;20254;72.909;21.843;0.094;0.0;0.0;1.837;3.318;0.0;0.0
PR;Corumbataí do Sul;-24.0974123852;-52.1241853004;3327;72.408;21.641;0.15;0.0;0.0;0.751;4.719;0.0;0.331
PR;Cruzeiro do Iguaçu;-25.6165692703;-53.1268226638;3593;85.054;12.051;0.083;0.083;0.0;1.225;1.503;0.0;0.0
PR;Cruzeiro do Oeste;-23.7769048607;-53.0818216076;20973;60.559;34.068;0.091;0.134;0.0;1.969;3.18;0.0;0.0
PR;Cruzeiro do Sul;-22.9651754195;-52.1639776695;3963;73.833;21.045;1.186;0.0;0.0;0.934;2.927;0.0;0.076
PR;Cruz Machado;-26.0172688782;-51.3477095246;14062;84.831;12.132;0.441;0.0;0.0;1.166;1.429;0.0;0.0
PR;Cruzmaltina;-23.9933276019;-51.444246649;2540;79.055;18.622;0.512;0.0;0.0;0.157;1.654;0.0;0.0
PR;Curitiba;-25.432956;-49.2718478851;1587476;55.464;25.516;2.708;1.338;0.007;4.787;9.963;0.092;0.124
PR;Curiúva;-24.0358255893;-50.4594055245;11843;68.521;25.787;0.0;0.008;0.0;1.461;4.146;0.0;0.076
PR;Diamante do Norte;-22.6572061502;-52.8641112387;4630;62.721;32.959;0.259;0.259;0.0;1.425;2.376;0.0;0.0
PR;Diamante do Sul;-25.0351919283;-52.6881907613;2758;73.459;22.009;1.16;0.0;0.0;0.943;2.429;0.0;0.0
PR;Diamante d'Oeste;-24.9421618556;-54.1036264277;3937;65.126;21.92;0.102;0.0;5.309;0.864;6.68;0.0;0.0
PR;Dois Vizinhos;-25.74601002;-53.0548359924;38751;79.939;15.037;0.359;0.201;0.085;0.748;3.631;0.0;0.0
PR;Douradina;-23.3819072162;-53.2964486552;7963;79.643;17.694;0.226;0.0;0.0;1.808;0.628;0.0;0.0
PR;Doutor Camargo;-23.555901327;-52.2227214971;5621;73.937;21.775;0.053;0.125;0.0;1.655;2.455;0.0;0.0
PR;Enéas Marques;-25.9407559827;-53.1661852682;5247;91.1;7.452;0.057;0.0;0.0;0.343;0.991;0.0;0.057
PR;Engenheiro Beltrão;-23.8011440704;-52.2600351548;11057;74.993;21.299;0.217;0.136;0.0;1.845;1.049;0.0;0.461
PR;Esperança Nova;-23.7246547649;-53.810495039;1639;78.707;16.595;0.0;0.0;0.0;0.305;4.393;0.0;0.0
PR;Entre Rios do Oeste;-24.7081421702;-54.2448936715;3983;71.504;25.96;0.0;0.0;0.0;0.703;1.833;0.0;0.0
PR;Espigão Alto do Iguaçu;-25.4266700617;-52.8382134987;4061;75.868;16.474;0.0;0.0;5.442;0.0;2.044;0.0;0.172
PR;Farol;-24.0990946187;-52.6262151802;2667;85.302;13.423;0.0;0.0;0.0;0.0;1.275;0.0;0.0
PR;Faxinal;-24.0039270722;-51.3201059318;14016;62.193;30.415;0.863;0.043;0.093;1.434;4.959;0.0;0.0
PR;Fazenda Rio Grande;-25.6414002187;-49.3232931947;125286;48.335;35.518;0.599;1.292;0.049;4.272;9.843;0.01;0.083
PR;Fênix;-23.9206947066;-51.984464487;3949;70.879;21.322;0.127;0.0;0.0;2.684;4.989;0.0;0.0
PR;Fernandes Pinheiro;-25.412242298;-50.5474142544;5407;78.472;18.291;0.277;0.0;0.0;0.74;1.997;0.0;0.222
PR;Figueira;-23.8434107619;-50.4092010912;7135;63.196;28.844;0.21;0.07;0.0;0.953;6.153;0.0;0.575
PR;Floraí;-23.3198456636;-52.302984373;4276;83.536;14.406;0.0;0.047;0.0;1.333;0.608;0.0;0.07
PR;Flor da Serra do Sul;-26.2552988459;-53.3085976819;3786;74.485;23.534;0.0;0.264;0.0;0.396;1.321;0.0;0.0
PR;Floresta;-23.6102671395;-52.0830848515;8924;60.97;30.603;0.056;0.078;0.045;3.362;4.886;0.0;0.0
PR;Florestópolis;-22.8591043044;-51.3838226518;9971;72.51;25.103;0.05;0.211;0.0;1.023;0.993;0.0;0.11
PR;Flórida;-23.0878019097;-51.955828091;2318;72.347;25.841;0.0;0.0;0.0;0.733;1.079;0.0;0.0
PR;Formosa do Oeste;-24.2941972137;-53.3161610107;6747;85.297;12.094;0.726;0.044;0.0;0.845;0.993;0.0;0.0
PR;Foz do Iguaçu;-25.5424932795;-54.5871024886;247225;51.708;29.421;1.457;0.912;0.035;6.918;8.647;0.019;0.884
PR;Francisco Alves;-24.0675754044;-53.8440159672;6965;68.141;25.14;0.115;0.215;0.0;2.297;3.719;0.0;0.373
PR;Francisco Beltrão;-26.07845;-53.0561357215;83717;73.199;19.08;0.516;0.308;0.0;1.863;4.949;0.065;0.02
PR;Foz do Jordão;-25.7334396203;-52.1256275318;4196;67.564;28.313;0.0;0.143;0.0;1.907;2.026;0.048;0.0
PR;General Carneiro;-26.4258025266;-51.3168589232;9309;78.139;18.713;0.0;0.215;0.0;0.526;2.353;0.0;0.054
PR;Godoy Moreira;-24.1928594486;-51.9243682163;2673;80.434;17.209;0.224;0.0;0.0;0.112;2.02;0.0;0.0
PR;Goioerê;-24.1891883939;-53.0273189133;24912;71.235;24.221;0.309;0.389;0.0;0.915;2.73;0.0;0.201
PR;Goioxim;-25.2015403111;-52.0055879662;5619;85.62;12.333;0.053;0.053;0.0;0.641;1.299;0.0;0.0
PR;Grandes Rios;-24.1461940122;-51.5087423991;4910;76.212;22.281;0.0;0.041;0.0;0.244;1.222;0.0;0.0
PR;Guaíra;-24.08527548;-54.2467577204;27561;50.038;37.354;0.446;0.229;2.144;3.498;6.194;0.0;0.098
PR;Guairaçá;-22.9382439477;-52.6910396164;5680;70.511;24.736;0.141;0.088;0.0;1.549;2.975;0.0;0.0
PR;Guamiranga;-25.1899094536;-50.8098759007;6812;76.674;21.741;0.0;0.161;0.0;1.042;0.382;0.0;0.0
PR;Guapirama;-23.5166402424;-50.042613744;3982;70.392;20.417;0.0;0.0;0.0;1.607;7.484;0.1;0.0
PR;Guaporema;-23.3429843451;-52.7782437829;1947;71.803;18.541;0.0;0.0;0.0;0.257;9.399;0.0;0.0
PR;Guaraci;-22.9744292673;-51.6503853709;4154;68.223;27.949;0.072;0.0;0.0;1.3;2.455;0.0;0.0
PR;Guaraniaçu;-25.0986499166;-52.8696324396;11926;80.622;15.11;0.428;0.067;0.0;1.249;2.524;0.0;0.0
PR;Guarapuava;-25.39359198;-51.4634310777;156115;72.591;20.792;0.566;0.411;0.0;2.234;3.387;0.0;0.019
PR;Guaraqueçaba;-25.3004374744;-48.3260489326;6400;33.234;52.797;0.469;0.031;0.547;0.594;12.25;0.016;0.062
PR;Guaratuba;-25.874241975;-48.5757259604;36330;49.791;33.152;1.863;1.206;0.0;7.074;6.914;0.0;0.0
PR;Honório Serpa;-26.142966207;-52.3830290562;4215;86.145;11.839;0.0;0.0;0.0;1.423;0.593;0.0;0.0
PR;Ibaiti;-23.849821485;-50.1906662736;25145;60.943;31.708;0.219;0.151;0.0;2.756;4.184;0.0;0.04
PR;Ibema;-25.1128670712;-53.0231216934;5308;78.429;19.103;0.641;0.0;0.0;0.603;1.225;0.0;0.0
PR;Ibiporã;-23.269331475;-51.058033674;45195;61.852;30.711;0.387;0.117;0.0;2.584;4.348;0.0;0.0
PR;Icaraíma;-23.396711428;-53.6255701623;7869;74.088;20.485;0.127;0.051;0.0;2.58;2.478;0.0;0.191
PR;Iguaraçu;-23.1947806087;-51.8247742046;4604;53.975;38.705;0.434;0.239;0.065;1.803;4.778;0.0;0.0
PR;Iguatu;-24.7112618444;-53.0860050754;1923;82.839;14.509;0.572;0.0;0.104;0.416;1.56;0.0;0.0
PR;Imbaú;-24.4427970837;-50.7493089935;11894;61.064;31.411;0.16;0.891;0.101;2.875;3.413;0.0;0.084
PR;Imbituva;-25.2306130382;-50.5974729665;25523;63.582;33.993;0.063;0.509;0.0;0.592;1.226;0.0;0.035
PR;Inácio Martins;-25.572162687;-51.0749452987;8242;72.689;22.313;0.133;0.061;0.704;1.104;2.803;0.097;0.097
PR;Inajá;-22.7491161251;-52.2023437503;2223;62.213;29.06;0.675;0.0;0.0;0.945;7.108;0.0;0.0
PR;Indianópolis;-23.4797105012;-52.7010569082;3901;80.082;17.226;0.128;0.0;0.0;1.538;1.025;0.0;0.0
PR;Ipiranga;-25.0130228282;-50.5812401344;12149;86.056;11.919;0.313;0.0;0.0;1.235;0.477;0.0;0.0
PR;Iporã;-24.0025804985;-53.7180991714;13665;71.387;24.252;0.124;0.0;0.0;1.303;2.817;0.0;0.117
PR;Iracema do Oeste;-24.4290304153;-53.3581105552;2078;84.456;14.533;0.337;0.0;0.0;0.337;0.337;0.0;0.0
PR;Irati;-25.4737362989;-50.6580481228;51909;79.813;14.082;0.668;0.665;0.0;2.154;2.568;0.0;0.05
PR;Iretama;-24.4211415594;-52.1015766223;9316;80.775;15.586;0.311;0.408;0.0;1.02;1.9;0.0;0.0
PR;Itaguajé;-22.6147826757;-51.9693404489;3865;76.429;20.414;0.0;0.0;0.0;1.734;1.423;0.0;0.0
PR;Itaipulândia;-25.138480651;-54.3050007423;9824;67.915;26.16;0.051;0.0;0.397;0.916;4.499;0.0;0.061
PR;Itambaracá;-23.0147685089;-50.4090904668;5245;70.353;23.165;0.057;0.0;0.0;1.907;4.519;0.0;0.0
PR;Itambé;-23.6600985811;-51.9900043143;5449;78.271;17.233;0.239;0.037;0.0;1.927;2.294;0.0;0.0
PR;Itapejara d'Oeste;-25.9708780516;-52.8139296045;10655;84.702;12.464;0.141;0.235;0.0;1.417;1.042;0.0;0.0
PR;Itaperuçu;-25.214469525;-49.3428643437;26276;54.772;33.38;0.027;0.209;0.008;3.22;8.114;0.0;0.27
PR;Itaúna do Sul;-22.7268769277;-52.8850248105;3123;68.236;22.991;0.448;0.192;0.0;2.722;5.411;0.0;0.0
PR;Ivaí;-25.0082625825;-50.8614257041;11347;82.357;14.057;0.141;0.0;0.0;2.459;0.872;0.0;0.115
PR;Ivaiporã;-24.24194802;-51.6745520468;29019;68.741;24.339;0.41;0.1;0.0;2.016;4.363;0.0;0.031
PR;Ivaté;-23.409588874;-53.3738794058;5989;79.212;17.315;0.0;0.083;0.0;1.102;2.288;0.0;0.0
PR;Ivatuba;-23.6182744113;-52.217669279;2425;58.186;38.227;0.0;0.577;0.124;0.412;2.474;0.0;0.0
PR;Jaboti;-23.7357406012;-50.0734525499;4792;71.327;23.811;0.334;0.188;0.0;0.647;3.694;0.0;0.0
PR;Jacarezinho;-23.160116475;-49.9785725343;34952;67.481;24.954;0.687;0.137;0.04;1.868;4.832;0.0;0.0
PR;Jaguapitã;-23.1177827566;-51.5406168454;13030;60.737;30.898;0.629;0.269;0.0;3.361;4.068;0.0;0.038
PR;Jaguariaíva;-24.2530565;-49.712186302;29949;49.454;40.365;0.474;0.017;0.0;2.23;7.383;0.0;0.077
PR;Jandaia do Sul;-23.6011789161;-51.6433953622;18965;76.567;19.42;0.791;0.206;0.0;2.014;0.96;0.042;0.0
PR;Janiópolis;-24.1414499418;-52.78255178;5226;84.252;11.558;0.0;0.0;0.0;1.167;3.023;0.0;0.0
PR;Japira;-23.8074805268;-50.1385951194;4324;72.04;22.456;0.139;0.0;0.0;1.018;4.348;0.0;0.0
PR;Japurá;-23.4685877726;-52.5566276715;8188;80.899;14.46;0.269;0.0;0.0;0.476;3.896;0.0;0.0
PR;Jardim Alegre;-24.1811374456;-51.6943350084;10623;77.681;19.486;0.104;0.0;0.0;0.791;1.939;0.0;0.0
PR;Jardim Olinda;-22.5526316002;-52.0381409641;1178;69.44;26.316;0.0;0.17;0.17;0.679;3.226;0.0;0.0
PR;Jataizinho;-23.2572651215;-50.9740548451;10235;62.052;27.171;0.02;0.44;0.0;2.882;7.162;0.0;0.274
PR;Jesuítas;-24.3772489097;-53.38811488;9306;80.937;14.872;0.408;0.0;0.0;1.913;1.87;0.0;0.0
PR;Joaquim Távora;-23.5004885244;-49.9244568128;10276;75.302;19.463;0.088;0.029;0.0;1.596;3.523;0.0;0.0
PR;Jundiaí do Sul;-23.4379094511;-50.2493535652;2886;78.656;19.161;0.45;0.0;0.0;0.0;1.733;0.0;0.0
PR;Juranda;-24.4163906494;-52.8444864983;6769;76.791;19.811;0.0;0.0;0.0;0.827;2.571;0.0;0.0
PR;Jussara;-23.6163267088;-52.4730408047;5873;64.056;26.596;0.051;0.0;0.0;1.873;7.424;0.0;0.0
PR;Kaloré;-23.8234388794;-51.6651419267;4072;90.054;8.423;0.0;0.196;0.0;0.958;0.368;0.0;0.0
PR;Lapa;-25.765102485;-49.7185958084;39575;80.397;13.622;0.725;1.114;0.0;1.493;2.648;0.0;0.0
PR;Laranjal;-24.888301584;-52.4716661791;4741;83.695;14.385;0.759;0.19;0.0;0.253;0.548;0.0;0.169
PR;Laranjeiras do Sul;-25.4016815102;-52.4088474233;27679;79.439;14.242;0.069;0.101;0.289;2.356;3.439;0.0;0.065
PR;Leópolis;-23.0799224937;-50.7551249729;3316;80.006;15.561;0.513;0.0;0.0;1.357;2.563;0.0;0.0
PR;Lidianópolis;-24.1067664133;-51.6541506163;3481;75.639;20.253;0.891;0.086;0.0;1.953;1.178;0.0;0.0
PR;Lindoeste;-25.255985126;-53.5771259363;4445;76.535;20.63;0.0;0.067;0.0;0.967;1.8;0.0;0.0
PR;Loanda;-22.9302286219;-53.1344689598;20156;66.357;27.634;0.923;0.104;0.0;1.994;2.421;0.0;0.566
PR;Lobato;-23.0041580769;-51.9537492142;4071;67.87;25.448;0.221;0.0;0.0;1.916;4.544;0.0;0.0
PR;Londrina;-23.312156;-51.1627734239;492243;54.165;32.409;1.232;0.578;0.023;4.627;6.835;0.0;0.13
PR;Luiziana;-24.2800814127;-52.2819056183;5770;72.6;23.328;0.243;0.0;0.0;1.352;2.322;0.0;0.156
PR;Lunardelli;-24.0780463607;-51.7445483868;4350;74.207;21.586;0.0;0.0;0.0;0.805;3.402;0.0;0.0
PR;Lupionópolis;-22.751994523;-51.6568728402;4247;66.306;27.408;0.188;0.0;0.0;1.813;4.285;0.0;0.0
PR;Mallet;-25.8737880845;-50.8275686221;11783;91.598;7.358;0.0;0.042;0.0;0.501;0.501;0.0;0.0
PR;Mamborê;-24.3218130807;-52.5290941575;11848;72.189;22.839;0.211;0.143;0.0;0.954;3.663;0.0;0.0
PR;Mandaguaçu;-23.3427891418;-52.0942530606;26918;58.522;32.268;0.282;0.037;0.03;3.08;5.695;0.0;0.085
PR;Mandaguari;-23.517452;-51.6812520884;32136;62.593;30.029;0.327;0.377;0.0;2.713;3.961;0.0;0.0
PR;Mandirituba;-25.7596206131;-49.322782597;23708;69.525;23.76;0.553;0.346;0.004;2.375;3.176;0.042;0.219
PR;Manfrinópolis;-26.1437768725;-53.3125829631;2414;87.034;11.64;0.0;0.0;0.0;0.456;0.87;0.0;0.0
PR;Mangueirinha;-25.9429813416;-52.1763258294;14181;72.632;23.419;0.085;0.423;0.0;1.707;1.692;0.0;0.042
PR;Manoel Ribas;-24.5217308774;-51.6690785951;12156;84.781;11.772;0.074;0.041;1.201;1.308;0.814;0.0;0.008
PR;Marechal Cândido Rondon;-24.559254495;-54.0600078165;48392;53.379;40.174;0.616;0.06;0.021;1.362;4.317;0.0;0.072
PR;Maria Helena;-23.6176096561;-53.2048192712;5176;73.841;22.044;0.193;0.116;0.0;1.546;2.26;0.0;0.0
PR;Marialva;-23.484758535;-51.7980569139;36316;69.418;24.491;0.799;0.292;0.0;1.9;3.07;0.03;0.0
PR;Marilândia do Sul;-23.7457790925;-51.3092905257;7515;74.172;20.053;0.053;0.186;0.0;1.623;3.766;0.0;0.146
PR;Marilena;-22.7318252451;-53.0371858842;6328;68.647;24.162;0.142;0.047;0.095;2.197;4.709;0.0;0.0
PR;Mariluz;-24.0037326298;-53.1515258189;8498;69.875;25.783;0.153;0.0;0.0;0.753;3.271;0.0;0.165
PR;Maringá;-23.42228;-51.9398818703;364964;59.271;27.893;1.537;0.38;0.003;4.025;6.857;0.024;0.009
PR;Mariópolis;-26.3558427427;-52.5577480021;5511;81.945;16.222;0.272;0.0;0.0;0.944;0.617;0.0;0.0
PR;Maripá;-24.4172088393;-53.833477783;5729;58.457;39.064;0.07;0.035;0.0;0.576;1.728;0.07;0.0
PR;Marmeleiro;-26.148697193;-53.0261839783;13702;81.521;15.136;0.175;0.321;0.029;0.92;1.825;0.073;0.0
PR;Marquinho;-25.1122123613;-52.2569829528;3877;91.334;6.629;0.0;0.0;0.155;0.077;1.806;0.0;0.0
PR;Marumbi;-23.7063690371;-51.6410803665;4121;81.315;14.244;0.194;0.146;0.0;1.432;2.669;0.0;0.0
PR;Matelândia;-25.2379210129;-53.9743873417;15770;71.103;25.079;0.127;0.07;0.0;1.021;2.575;0.0;0.025
PR;Matinhos;-25.8164097029;-48.5337711878;34362;50.276;29.882;2.183;1.959;0.0;4.38;11.161;0.0;0.16
PR;Mato Rico;-24.7073171879;-52.1462585798;2878;87.908;11.049;0.0;0.0;0.0;0.799;0.243;0.0;0.0
PR;Mauá da Serra;-23.9012964431;-51.2264634714;7880;55.99;35.47;0.0;0.063;0.0;2.335;6.142;0.0;0.0
PR;Medianeira;-25.2924975;-54.0917821269;47314;68.675;23.433;0.459;0.161;0.0;1.477;5.753;0.032;0.011
PR;Mercedes;-24.4488897646;-54.1644357172;5205;53.429;43.401;0.0;0.0;0.0;0.884;2.286;0.0;0.0
PR;Mirador;-23.2574075418;-52.7769349283;1900;69.842;25.895;0.0;0.0;0.0;0.211;3.947;0.0;0.105
PR;Miraselva;-22.9660925761;-51.4857072491;1746;79.84;19.301;0.344;0.0;0.0;0.344;0.0;0.0;0.172
PR;Missal;-25.0911596681;-54.2431753258;9903;81.874;13.834;0.0;0.05;0.0;1.323;2.918;0.0;0.0
PR;Moreira Sales;-24.0447582369;-53.0134465697;9979;74.396;23.61;0.13;0.1;0.0;0.681;0.922;0.0;0.16
PR;Morretes;-25.4784816834;-48.8315391963;15891;42.666;40.293;0.862;0.478;0.05;2.744;12.636;0.0;0.271
PR;Munhoz de Melo;-23.1456928031;-51.7757579076;3440;76.366;19.68;0.174;0.0;0.0;2.326;1.453;0.0;0.0
PR;Nossa Senhora das Graças;-22.9105625093;-51.795147524;3206;69.682;23.706;0.218;0.218;0.0;1.154;5.022;0.0;0.0
PR;Nova Aliança do Ivaí;-23.1774555298;-52.6019227273;1159;77.998;17.429;0.0;0.0;0.0;1.381;3.192;0.0;0.0
PR;Nova América da Colina;-23.3326866675;-50.7144428466;2911;66.781;26.554;0.0;0.0;0.0;4.225;2.302;0.0;0.137
PR;Nova Aurora;-24.528485329;-53.2575255396;11903;81.652;15.492;0.202;0.059;0.0;1.185;1.411;0.0;0.0
PR;Nova Cantu;-24.670778845;-52.5709921605;5932;84.777;12.256;0.084;0.084;0.0;0.843;1.955;0.0;0.0
PR;Nova Esperança;-23.1842513922;-52.2048663634;23462;64.035;30.398;0.32;0.0;0.0;2.063;3.184;0.0;0.0
PR;Nova Esperança do Sudoeste;-25.8987792083;-53.2642073186;4869;88.971;9.694;0.0;0.0;0.0;0.842;0.267;0.0;0.226
PR;Nova Fátima;-23.4323585709;-50.5623142176;6424;69.007;26.806;0.0;0.0;0.0;1.214;2.973;0.0;0.0
PR;Nova Laranjeiras;-25.3067459166;-52.5393704515;10099;81.969;11.516;0.475;0.0;1.208;4.0;0.832;0.0;0.0
PR;Nova Londrina;-22.7638686048;-52.9863126299;11217;71.356;24.793;0.303;0.205;0.0;0.972;2.077;0.0;0.294
PR;Nova Olímpia;-23.4711009791;-53.091232951;5146;71.57;23.455;0.0;0.0;0.0;0.525;4.45;0.0;0.0
PR;Nova Santa Bárbara;-23.5854238549;-50.764147122;3624;66.694;30.298;0.0;0.083;0.0;1.821;1.104;0.0;0.0
PR;Nova Santa Rosa;-24.4647645333;-53.9551160843;7274;38.48;58.29;0.0;0.0;0.0;1.43;1.732;0.069;0.0
PR;Nova Prata do Iguaçu;-25.631877091;-53.3479572462;10953;90.797;7.843;0.0;0.0;0.0;0.493;0.84;0.0;0.027
PR;Nova Tebas;-24.4383252112;-51.9503961104;6035;80.083;18.492;0.0;0.05;0.0;0.298;1.011;0.0;0.066
PR;Novo Itacolomi;-23.7653137693;-51.506959428;2768;84.176;10.332;0.0;0.0;0.0;1.842;3.649;0.0;0.0
PR;Ortigueira;-24.2120106689;-50.9269295381;20644;58.758;33.472;0.048;0.053;0.01;1.758;5.648;0.092;0.16
PR;Ourizona;-23.4045682216;-52.1950387277;2838;71.036;21.071;0.0;0.951;0.0;1.374;5.567;0.0;0.0
PR;Ouro Verde do Oeste;-24.7707942898;-53.8995380842;5853;78.609;15.018;0.376;0.103;0.0;0.359;5.245;0.29;0.0
PR;Paiçandu;-23.4576987575;-52.0524118316;39255;62.57;30.86;0.138;0.132;0.0;3.077;3.182;0.0;0.041
PR;Palmas;-26.481472515;-51.9887738877;40555;75.054;20.291;0.286;0.239;0.002;1.314;1.618;0.027;1.169
PR;Palmeira;-25.4185679015;-50.003246821;29418;62.601;29.645;1.265;0.122;0.0;1.434;4.885;0.0;0.048
PR;Palmital;-24.8822436773;-52.2129972267;11201;78.377;18.114;0.0;0.0;0.0;1.812;1.42;0.0;0.277
PR;Palotina;-24.279409485;-53.8387717239;30000;72.01;22.663;0.27;0.18;0.0;2.503;2.26;0.0;0.113
PR;Paraíso do Norte;-23.2871611665;-52.6035431384;11448;75.629;21.27;0.026;0.044;0.07;1.197;1.721;0.0;0.044
PR;Paranacity;-22.9268100521;-52.1559887289;8338;71.156;22.547;1.187;0.0;0.0;1.727;3.262;0.0;0.12
PR;Paranaguá;-25.5068415;-48.5247328367;125027;38.033;40.167;0.872;0.735;0.007;7.061;12.888;0.027;0.21
PR;Paranapoema;-22.655621575;-52.0807237218;2085;61.727;34.436;0.0;0.0;0.0;1.966;1.871;0.0;0.0
PR;Paranavaí;-23.081879475;-52.46240167;80192;64.478;26.12;1.038;0.203;0.0;2.717;5.279;0.0;0.166
PR;Pato Bragado;-24.6256440145;-54.231395741;4955;67.528;30.535;0.0;0.081;0.0;0.666;0.868;0.323;0.0
PR;Pato Branco;-26.229958515;-52.6773619977;79824;72.598;19.779;1.129;0.243;0.036;1.601;4.39;0.0;0.224
PR;Paula Freitas;-26.2201021597;-50.9347363363;4961;82.463;14.836;0.121;0.081;0.181;0.947;1.371;0.0;0.0
PR;Paulo Frontin;-26.0456075777;-50.8331964537;5654;87.018;11.726;0.0;0.088;0.0;0.159;1.008;0.0;0.0
PR;Peabiru;-23.9141264298;-52.3478961546;11581;72.187;21.527;0.674;0.026;0.0;2.081;3.445;0.06;0.0
PR;Perobal;-23.8945617453;-53.4115002038;6244;69.218;25.609;0.0;0.0;0.0;1.249;3.924;0.0;0.0
PR;Pérola;-23.7974787687;-53.6732521305;10384;71.109;22.381;0.501;0.125;0.0;2.427;3.457;0.0;0.0
PR;Pérola d'Oeste;-25.8282656767;-53.7401084726;5518;80.355;18.05;0.0;0.0;0.0;0.0;1.595;0.0;0.0
PR;Piên;-26.0969563766;-49.4282437422;11631;80.096;16.886;0.077;0.387;0.0;0.696;1.857;0.0;0.0
PR;Pinhais;-25.4421978879;-49.1991974196;111600;50.234;29.573;1.447;1.357;0.008;5.336;11.601;0.0;0.444
PR;Pinhalão;-23.7873547289;-50.0626030635;5772;75.641;21.535;0.364;0.052;0.0;0.641;1.715;0.0;0.052
PR;Pinhal de São Bento;-26.0327285547;-53.4830904422;2423;88.692;9.616;0.124;0.0;0.0;0.0;1.568;0.0;0.0
PR;Pinhão;-25.69629501;-51.6482701915;25072;76.699;18.826;0.084;0.355;0.0;1.954;2.018;0.0;0.064
PR;Piraí do Sul;-24.5323575;-49.9413309936;20306;72.673;22.619;0.138;0.182;0.0;1.359;2.97;0.0;0.059
PR;Piraquara;-25.4465503565;-49.0653056139;101586;39.165;36.158;0.742;1.526;0.074;5.429;13.288;3.578;0.04
PR;Pitanga;-24.7527477534;-51.7631540084;29095;85.967;10.565;0.272;0.052;0.0;1.399;1.629;0.0;0.117
PR;Pitangueiras;-23.2303038464;-51.5857680569;2669;70.288;27.763;0.0;0.0;0.0;1.012;0.937;0.0;0.0
PR;Planaltina do Paraná;-23.0188101883;-52.9178407026;3527;79.388;18.769;0.085;0.0;0.0;0.567;1.191;0.0;0.0
PR;Planalto;-25.7121014978;-53.7708574303;12678;77.268;20.082;0.0;0.0;0.039;0.899;1.712;0.0;0.0
PR;Ponta Grossa;-25.092547;-50.1614420593;310022;59.922;28.01;2.042;0.688;0.003;3.576;5.534;0.137;0.088
PR;Pontal do Paraná;-25.5941510149;-48.4483270302;26808;52.604;28.674;1.537;1.861;0.164;5.192;9.904;0.0;0.063
PR;Porecatu;-22.7562094968;-51.3775989928;10363;63.746;30.947;0.299;0.0;0.0;1.911;3.098;0.0;0.0
PR;Porto Amazonas;-25.5415727121;-49.889720865;3595;62.754;32.156;0.111;0.0;0.0;1.725;3.255;0.0;0.0
PR;Porto Barreiro;-25.5451856384;-52.4047867627;2692;87.11;11.776;0.0;0.0;0.223;0.52;0.371;0.0;0.0
PR;Porto Rico;-22.7783515586;-53.2679681115;2788;63.989;29.053;0.251;0.323;0.0;1.04;5.344;0.0;0.0
PR;Porto Vitória;-26.1634752042;-51.2366947364;3089;74.037;23.147;0.647;0.453;0.0;0.68;0.939;0.0;0.097
PR;Prado Ferreira;-23.0339140303;-51.4432261434;3210;53.458;27.508;0.0;0.685;0.093;10.997;7.259;0.0;0.0
PR;Pranchita;-26.0156642887;-53.7426226396;5021;78.57;16.212;0.0;0.08;0.0;3.067;2.071;0.0;0.0
PR;Presidente Castelo Branco;-23.2815496047;-52.1577262527;3801;68.166;26.703;0.0;0.0;0.0;2.026;3.104;0.0;0.0
PR;Primeiro de Maio;-22.8525332551;-51.027751997;9037;72.524;22.286;0.697;0.133;0.0;0.697;3.663;0.0;0.0
PR;Prudentópolis;-25.2160205;-50.9835750906;43059;88.23;9.406;0.32;0.0;0.0;0.815;1.182;0.0;0.046
PR;Quarto Centenário;-24.2790209178;-53.0752885849;3659;84.395;13.829;0.191;0.0;0.0;0.929;0.656;0.0;0.0
PR;Quatiguá;-23.5641609208;-49.9152641615;7126;77.898;18.846;0.154;0.0;0.0;1.333;1.431;0.0;0.337
PR;Quatro Barras;-25.3737448472;-49.0851888348;21003;44.66;36.242;1.805;1.433;0.0;6.375;9.318;0.014;0.152
PR;Quatro Pontes;-24.5732085848;-53.9726991275;3917;76.206;21.419;0.357;0.0;0.0;0.0;1.889;0.128;0.0
PR;Quedas do Iguaçu;-25.4567808508;-52.9098324023;26264;81.972;14.038;0.419;0.0;0.0;1.39;2.182;0.0;0.0
PR;Querência do Norte;-23.0865285793;-53.487040706;9155;73.85;22.851;0.0;0.0;0.0;1.507;1.791;0.0;0.0
PR;Quinta do Sol;-23.8438884262;-52.1351287636;4378;66.743;29.466;0.228;0.069;0.0;1.165;2.33;0.0;0.0
PR;Quitandinha;-25.8683083493;-49.4966829869;16042;74.286;21.132;0.193;0.162;0.0;1.34;2.78;0.0;0.106
PR;Ramilândia;-25.1189865236;-54.0272370318;3584;70.843;23.214;0.056;0.0;0.0;1.116;4.771;0.0;0.0
PR;Rancho Alegre;-23.075714921;-50.916392163;3167;65.519;30.407;0.095;0.0;0.0;2.147;1.768;0.0;0.063
PR;Rancho Alegre d'Oeste;-24.3090100124;-52.9511258398;2296;81.751;16.028;0.0;0.0;0.0;1.829;0.261;0.0;0.131
PR;Realeza;-25.7625799506;-53.532574359;16893;83.33;12.348;0.397;0.379;0.0;0.841;2.705;0.0;0.0
PR;Rebouças;-25.6263927558;-50.6812544333;12582;80.583;17.271;0.215;0.207;0.0;0.684;1.009;0.0;0.032
PR;Renascença;-26.1562209295;-52.9721620117;5933;81.628;15.203;0.051;0.152;0.0;1.079;1.888;0.0;0.0
PR;Reserva;-24.651648;-50.8505958054;21159;79.536;17.491;0.132;0.0;0.0;1.016;1.824;0.0;0.0
PR;Reserva do Iguaçu;-25.830958036;-52.0287624631;5430;64.457;31.473;0.074;0.092;0.0;0.35;3.462;0.092;0.0
PR;Ribeirão Claro;-23.1962854622;-49.7563505191;10812;72.198;21.485;0.305;0.046;0.0;2.137;3.755;0.028;0.046
PR;Ribeirão do Pinhal;-23.4082575023;-50.3580609525;11399;75.726;18.958;0.132;0.272;0.0;2.667;2.246;0.0;0.0
PR;Rio Azul;-25.7161131775;-50.787172982;12177;89.628;8.426;0.049;0.485;0.0;0.599;0.813;0.0;0.0
PR;Rio Bom;-23.7620982803;-51.4153647878;2848;74.052;21.629;0.0;0.0;0.0;2.212;2.037;0.0;0.07
PR;Rio Bonito do Iguaçu;-25.4869088092;-52.526889783;11859;81.786;16.924;0.0;0.396;0.396;0.337;0.16;0.0;0.0
PR;Rio Branco do Ivaí;-24.3202776013;-51.3120655883;3262;71.858;26.364;0.0;0.0;0.0;0.766;1.012;0.0;0.0
PR;Rio Branco do Sul;-25.1901653516;-49.3167138828;32094;49.508;32.483;0.084;0.0;0.0;10.058;7.855;0.0;0.012
PR;Rio Negro;-26.10040797;-49.7976853768;27294;77.347;16.172;1.323;0.363;0.0;1.231;3.565;0.0;0.0
PR;Rolândia;-23.313592485;-51.3627803564;61817;58.981;30.459;0.946;0.362;0.018;3.227;5.971;0.0;0.036
PR;Roncador;-24.595107188;-52.2760525504;9767;84.284;14.18;0.0;0.0;0.0;0.983;0.553;0.0;0.0
PR;Rondon;-23.4126599794;-52.7624923119;7953;78.712;14.9;0.0;0.0;0.0;1.132;5.256;0.0;0.0
PR;Rosário do Ivaí;-24.2535525559;-51.2499448251;4816;76.848;18.688;0.0;0.083;0.0;1.08;3.301;0.0;0.0
PR;Sabáudia;-23.3183956216;-51.5567020219;7621;62.853;30.075;0.367;0.315;0.0;2.572;3.818;0.0;0.0
PR;Salgado Filho;-26.1704605187;-53.3621154226;3549;76.923;22.288;0.0;0.0;0.0;0.31;0.479;0.0;0.0
PR;Salto do Itararé;-23.6057567382;-49.6307500934;4547;78.953;16.23;0.0;0.088;0.0;1.364;3.365;0.0;0.0
PR;Salto do Lontra;-25.7767652429;-53.3149351018;13203;90.76;7.741;0.038;0.0;0.0;0.78;0.682;0.0;0.0
PR;Santa Amélia;-23.2681573189;-50.4234587704;2978;74.849;22.398;0.302;0.0;0.604;0.772;1.075;0.0;0.0
PR;Santa Cecília do Pavão;-23.5128957121;-50.7828651431;2936;57.289;32.357;0.647;0.0;0.0;2.486;7.119;0.102;0.0
PR;Santa Cruz de Monte Castelo;-22.9585816078;-53.2973064205;7519;72.643;21.878;0.306;0.12;0.0;2.181;2.766;0.066;0.04
PR;Santa Fé;-23.0361147582;-51.8063020532;10035;72.008;23.597;0.05;0.03;0.0;1.276;2.77;0.0;0.269
PR;Santa Helena;-24.8570958306;-54.3364531523;22095;71.609;23.879;0.783;0.109;0.407;0.335;2.878;0.0;0.0
PR;Santa Inês;-22.6387065306;-51.9027683828;1537;84.19;11.256;0.0;0.0;0.0;4.164;0.39;0.0;0.0
PR;Santa Isabel do Ivaí;-23.0010888094;-53.1959475094;7835;77.549;18.277;0.128;0.0;0.0;1.723;2.323;0.0;0.0
PR;Santa Izabel do Oeste;-25.8143812184;-53.4836175358;12249;88.546;9.584;0.008;0.245;0.0;0.71;0.906;0.0;0.0
PR;Santa Lúcia;-25.4113199198;-53.5711436726;3197;79.794;18.799;0.0;0.0;0.0;0.188;1.22;0.0;0.0
PR;Santa Maria do Oeste;-24.9341839969;-51.8677097951;8590;82.945;15.553;0.07;0.058;0.0;0.687;0.349;0.0;0.338
PR;Santa Mariana;-23.1464274393;-50.5210713512;9768;74.509;20.455;0.532;0.297;0.0;1.28;2.928;0.0;0.0
PR;Santa Mônica;-23.1054239388;-53.111272873;2868;73.396;21.165;0.209;0.139;0.0;0.802;4.289;0.0;0.0
PR;Santana do Itararé;-23.7531325857;-49.6331966315;4820;84.979;13.195;0.0;0.041;0.0;0.851;0.851;0.0;0.083
PR;Santa Tereza do Oeste;-25.058721901;-53.6272357311;11110;74.599;19.055;0.504;0.0;0.0;1.827;2.97;0.0;1.044
PR;Santa Terezinha de Itaipu;-25.4421605134;-54.3995187311;21136;65.727;27.522;0.823;0.199;0.0;1.973;3.657;0.0;0.099
PR;Santo Antônio da Platina;-23.297048833;-50.0773459027;38679;65.661;27.121;0.796;0.0;0.0;2.045;4.235;0.0;0.142
PR;Santo Antônio do Caiuá;-22.7339747692;-52.3446578438;2192;86.542;9.489;0.228;0.0;0.0;1.916;1.825;0.0;0.0
PR;Santo Antônio do Paraíso;-23.4947194368;-50.646828163;1907;75.564;21.29;0.0;0.367;0.0;1.259;1.049;0.0;0.472
PR;Santo Antônio do Sudoeste;-26.0749754786;-53.7230834339;20348;67.633;19.904;0.059;0.0;0.0;8.6;3.804;0.0;0.0
PR;Santo Inácio;-22.7000685756;-51.7952999014;5301;72.383;24.995;0.0;0.038;0.0;1.679;0.905;0.0;0.0
PR;São Carlos do Ivaí;-23.3088474514;-52.4771145894;5708;73.791;21.128;0.526;0.158;0.0;0.788;3.556;0.0;0.053
PR;São Jerônimo da Serra;-23.7234034036;-50.738480427;9346;56.548;33.801;0.053;0.16;0.021;3.253;6.088;0.0;0.075
PR;São João;-25.8246629361;-52.7294732188;10320;82.965;15.291;0.058;0.0;0.0;0.32;1.366;0.0;0.0
PR;São João do Caiuá;-22.8544043258;-52.3397510426;4840;70.992;22.066;0.165;0.0;0.0;2.583;4.194;0.0;0.0
PR;São João do Ivaí;-23.9930894815;-51.8202792052;9491;70.172;23.401;0.084;0.0;0.0;1.96;4.383;0.0;0.0
PR;São João do Triunfo;-25.6918750639;-50.3080640619;11913;80.307;15.487;1.007;0.109;0.0;0.562;2.527;0.0;0.0
PR;São Jorge d'Oeste;-25.7149480996;-52.9201031661;8228;82.657;14.475;0.146;0.061;0.0;1.045;1.616;0.0;0.0
PR;São Jorge do Ivaí;-23.4354578614;-52.2943419624;4649;80.254;16.434;0.065;0.086;0.0;0.71;2.452;0.0;0.0
PR;São Jorge do Patrocínio;-23.7582479653;-53.8833305621;5703;79.046;17.377;0.824;0.0;0.0;0.351;2.139;0.0;0.263
PR;São José da Boa Vista;-23.9154659755;-49.6511522911;5253;78.431;18.751;0.0;0.057;0.0;0.571;2.189;0.0;0.0
PR;São José das Palmeiras;-24.8340818674;-54.059918279;3403;72.083;23.949;0.264;0.323;0.0;1.146;2.233;0.0;0.0
PR;São José dos Pinhais;-25.537702;-49.2000824657;284529;53.115;30.243;1.129;1.267;0.021;4.794;9.338;0.013;0.081
PR;São Manoel do Paraná;-23.3961302642;-52.6470195624;1904;80.357;17.279;0.0;0.263;0.0;0.998;0.998;0.0;0.105
PR;São Mateus do Sul;-25.869599505;-50.3906242547;36788;80.888;15.07;0.677;0.307;0.0;1.011;2.003;0.0;0.043
PR;São Miguel do Iguaçu;-25.3488942673;-54.242120554;25013;73.026;20.405;0.24;0.412;1.119;1.727;3.014;0.0;0.056
PR;São Pedro do Iguaçu;-24.9309309249;-53.8598616787;5030;77.356;18.29;0.0;0.0;0.0;0.815;3.121;0.417;0.0
PR;São Pedro do Ivaí;-23.8678134423;-51.8569627583;7686;81.733;14.832;0.0;0.312;0.0;1.327;1.795;0.0;0.0
PR;São Pedro do Paraná;-22.8251294492;-53.2229371405;2337;71.416;25.289;0.171;0.0;0.0;1.712;1.412;0.0;0.0
PR;São Sebastião da Amoreira;-23.460645861;-50.7624009771;7078;66.375;25.261;0.311;0.0;0.0;2.317;5.736;0.0;0.0
PR;São Tomé;-23.5355113618;-52.5924836676;4573;70.741;24.251;0.153;0.0;0.022;1.137;3.696;0.0;0.0
PR;Sapopema;-23.907287461;-50.5796466311;5859;75.798;19.56;0.119;0.034;0.0;0.888;3.601;0.0;0.0
PR;Sarandi;-23.44317201;-51.8736820362;101058;52.955;36.045;0.508;0.359;0.024;3.423;6.646;0.042;0.0
PR;Saudade do Iguaçu;-25.6936611646;-52.614339374;5206;78.486;17.441;0.423;0.0;0.058;0.884;2.708;0.0;0.0
PR;Sengés;-24.1168102194;-49.4730192946;14754;45.94;41.921;0.156;0.102;0.0;3.03;8.642;0.0;0.21
PR;Serranópolis do Iguaçu;-25.3798841828;-54.058376584;4436;79.937;15.622;0.0;0.0;0.0;0.158;0.902;0.0;3.381
PR;Sertaneja;-23.0369370349;-50.8171022996;5026;64.803;26.681;0.378;0.0;0.0;3.044;5.094;0.0;0.0
PR;Sertanópolis;-23.0584819756;-51.0422435335;14065;66.882;27.501;0.498;0.32;0.0;2.112;2.688;0.0;0.0
PR;Siqueira Campos;-23.6877083828;-49.8314969708;19851;75.926;16.956;0.111;0.277;0.0;2.861;3.808;0.06;0.0
PR;Sulina;-25.6996322445;-52.7165965204;3029;84.351;14.427;0.0;0.0;0.0;0.528;0.693;0.0;0.0
PR;Tamarana;-23.7151771916;-51.0985602005;9145;50.312;36.468;0.098;0.197;2.941;4.09;5.785;0.066;0.044
PR;Tamboara;-23.2018206531;-52.5006292918;4264;73.757;21.435;0.211;0.07;0.0;2.462;2.064;0.0;0.0
PR;Tapejara;-23.7324791909;-52.864113184;13719;60.726;34.354;0.175;0.066;0.0;1.451;3.193;0.0;0.036
PR;Tapira;-23.3171088651;-53.0753253067;5058;75.069;17.22;0.0;0.059;0.0;0.712;6.801;0.0;0.138
PR;Teixeira Soares;-25.3800492077;-50.4656469824;8246;67.609;26.886;0.061;0.461;0.0;1.104;3.881;0.0;0.0
PR;Telêmaco Borba;-24.32868597;-50.6231227231;64473;49.995;39.072;0.405;0.307;0.0;2.285;7.876;0.016;0.045
PR;Terra Boa;-23.7668332666;-52.4621421589;15300;74.712;20.092;0.15;0.196;0.0;0.837;3.98;0.033;0.0
PR;Terra Rica;-22.7243649693;-52.6246705736;12977;66.094;26.323;0.154;0.0;0.0;2.628;4.801;0.0;0.0
PR;Terra Roxa;-24.1674835261;-54.098513636;15684;70.683;21.302;0.319;0.026;0.752;1.932;4.858;0.0;0.128
PR;Tibagi;-24.5132880678;-50.4114701228;17015;72.348;22.204;0.176;0.0;0.0;1.011;4.261;0.0;0.0
PR;Tijucas do Sul;-25.9201804802;-49.1822439413;15127;72.414;20.572;0.245;0.588;0.0;2.142;3.92;0.0;0.119
PR;Toledo;-24.732077;-53.7414114912;130798;67.236;24.641;0.882;0.151;0.0;2.32;4.688;0.008;0.073
PR;Tomazina;-23.7790448564;-49.9551515411;7422;84.937;11.937;0.445;0.162;0.499;0.364;1.657;0.0;0.0
PR;Três Barras do Paraná;-25.4194083195;-53.1874988005;9624;84.518;13.092;0.062;0.104;0.0;1.247;0.977;0.0;0.0
PR;Tunas do Paraná;-24.9723811901;-49.0860587994;5139;31.232;52.676;0.078;0.525;0.0;1.537;13.874;0.0;0.078
PR;Tuneiras do Oeste;-23.8640306293;-52.8745678467;7042;65.692;32.051;0.0;0.0;0.0;0.838;1.363;0.0;0.057
PR;Tupãssi;-24.5798134089;-53.5144953148;7153;77.003;19.6;0.266;0.252;0.0;0.419;2.461;0.0;0.0
PR;Turvo;-25.0401268031;-51.5327643273;12201;80.452;17.671;0.0;0.0;0.246;0.754;0.861;0.0;0.016
PR;Ubiratã;-24.541034885;-52.9945060158;21723;78.378;17.82;0.193;0.092;0.0;0.976;2.449;0.0;0.092
PR;Umuarama;-23.76395;-53.3084598048;101974;67.093;25.355;0.683;0.529;0.0;2.387;3.857;0.0;0.097
PR;União da Vitória;-26.2284345;-51.090609523;47846;72.723;19.544;0.727;0.823;0.0;2.044;4.059;0.025;0.054
PR;Uniflor;-23.0860486572;-52.160010824;1892;80.867;17.389;0.317;0.0;0.0;0.106;1.321;0.0;0.0
PR;Uraí;-23.2001591025;-50.7973651802;9306;73.544;20.943;0.763;0.129;0.0;1.687;2.934;0.0;0.0
PR;Wenceslau Braz;-23.8704228528;-49.8029847824;16593;72.603;21.111;0.036;0.181;0.0;1.47;4.598;0.0;0.0
PR;Ventania;-24.244165856;-50.2476172237;8317;72.418;22.7;0.577;0.18;0.0;2.14;1.755;0.0;0.228
PR;Vera Cruz do Oeste;-25.063170189;-53.8800300706;7196;75.32;22.707;0.0;0.111;0.069;1.209;0.5;0.0;0.083
PR;Verê;-25.8806316036;-52.9085930798;6983;90.749;7.762;0.0;0.115;0.0;0.215;1.16;0.0;0.0
PR;Alto Paraíso;-23.5081307379;-53.7328931508;2616;77.599;19.687;0.0;0.0;0.0;1.185;1.529;0.0;0.0
PR;Doutor Ulysses;-24.5678364522;-49.4197717989;4918;38.064;56.161;0.0;0.02;0.0;0.285;5.47;0.0;0.0
PR;Virmond;-25.3787659851;-52.2025433047;3303;89.313;9.416;0.091;0.0;0.0;0.787;0.394;0.0;0.0
PR;Vitorino;-26.2643442874;-52.7770814458;7997;77.742;18.82;0.263;0.575;0.0;0.438;2.163;0.0;0.0
PR;Xambrê;-23.7383943961;-53.4869406946;5068;79.854;16.121;0.138;0.0;0.138;1.204;2.545;0.0;0.0
SC;Abdon Batista;-27.6089871233;-51.025272211;2308;92.678;6.369;0.0;0.0;0.0;0.217;0.737;0.0;0.0
SC;Abelardo Luz;-26.5630310224;-52.3364823833;14645;70.133;25.401;0.362;0.157;0.0;0.737;3.045;0.048;0.116
SC;Agrolândia;-27.400516588;-49.8256533877;9502;60.798;36.866;0.0;0.232;0.0;1.547;0.558;0.0;0.0
SC;Agronômica;-27.2697161071;-49.7183688908;5280;81.155;14.924;0.852;0.436;0.0;1.326;1.307;0.0;0.0
SC;Água Doce;-27.0040916589;-51.5590965553;5689;82.317;15.961;0.158;0.246;0.0;0.475;0.844;0.0;0.0
SC;Águas de Chapecó;-27.0762129125;-52.9872510057;5241;72.925;24.404;0.0;0.076;0.0;0.744;1.851;0.0;0.0
SC;Águas Frias;-26.880227543;-52.8594194494;2480;91.694;8.024;0.0;0.081;0.0;0.0;0.202;0.0;0.0
SC;Águas Mornas;-27.7065971917;-48.8405384028;5969;75.792;18.429;0.704;0.888;0.168;1.391;2.496;0.0;0.134
SC;Alfredo Wagner;-27.705396332;-49.3438123012;9169;71.938;24.637;0.273;0.556;0.0;1.549;1.047;0.0;0.0
SC;Alto Bela Vista;-27.4311378753;-51.9110368541;1667;44.511;55.009;0.12;0.0;0.0;0.24;0.12;0.0;0.0
SC;Anchieta;-26.5356808607;-53.3332701772;5280;82.576;12.633;0.322;0.0;0.0;1.004;3.409;0.0;0.057
SC;Angelina;-27.5822573521;-48.9834760642;4766;66.03;32.9;0.21;0.105;0.0;0.357;0.357;0.0;0.042
SC;Anita Garibaldi;-27.6837772901;-51.1311938713;7249;85.681;11.767;0.372;0.041;0.0;0.897;1.09;0.0;0.152
SC;Anitápolis;-27.9098868973;-49.1315993662;3176;81.203;13.382;0.819;0.0;0.0;1.732;2.739;0.0;0.126
SC;Antônio Carlos;-27.5133710516;-48.7649600268;9726;83.045;10.971;0.823;0.0;0.0;2.015;3.146;0.0;0.0
SC;Apiúna;-27.0418125981;-49.3916376288;8541;82.098;14.073;0.492;0.503;0.059;1.171;1.604;0.0;0.0
SC;Arabutã;-27.1574036959;-52.1485992607;3842;22.801;76.471;0.0;0.0;0.0;0.0;0.729;0.0;0.0
SC;Araquari;-26.3759515541;-48.6927074119;37498;45.496;40.93;0.584;0.395;0.629;4.76;7.086;0.0;0.12
SC;Araranguá;-28.9357520142;-49.4809665236;62591;62.728;26.544;1.44;1.008;0.021;2.913;5.28;0.0;0.067
SC;Armazém;-28.2587054679;-49.0129110848;7679;84.269;12.593;0.313;0.039;0.0;0.286;2.5;0.0;0.0
SC;Arroio Trinta;-26.9325648567;-51.3341239239;3182;86.486;12.351;0.251;0.094;0.0;0.314;0.503;0.0;0.0
SC;Arvoredo;-27.0735335582;-52.4577888412;2227;82.353;15.986;0.18;0.0;0.0;0.988;0.359;0.0;0.135
SC;Ascurra;-26.9547758425;-49.3863634278;7253;75.913;18.544;0.607;0.303;0.0;2.496;1.779;0.358;0.0
SC;Atalanta;-27.4205360018;-49.7794566741;2829;72.888;24.107;0.071;0.0;0.0;2.863;0.071;0.0;0.0
SC;Aurora;-27.2990294946;-49.6436279075;5875;70.009;26.706;0.0;0.0;0.0;1.055;2.23;0.0;0.0
SC;Balneário Arroio do Silva;-28.9804024548;-49.4057027991;13925;57.817;26.88;2.205;1.968;0.036;4.969;6.054;0.072;0.0
SC;Balneário Camboriú;-26.9918186053;-48.634617477;125728;54.367;23.556;3.668;1.344;0.045;4.868;12.094;0.015;0.042
SC;Balneário Barra do Sul;-26.4564295671;-48.606645876;13149;48.855;38.452;1.361;0.791;0.0;4.654;5.803;0.0;0.084
SC;Balneário Gaivota;-29.1645212685;-49.5908937824;13648;62.559;22.208;2.308;2.118;0.044;3.964;6.8;0.0;0.0
SC;Bandeirante;-26.7689379013;-53.6410495866;2741;79.059;15.87;0.0;0.0;0.0;3.904;1.167;0.0;0.0
SC;Barra Bonita;-26.6522935999;-53.4413025406;1485;85.387;14.141;0.0;0.0;0.0;0.404;0.067;0.0;0.0
SC;Barra Velha;-26.6343614083;-48.6838642743;39088;57.987;30.201;0.985;1.837;0.031;3.774;5.16;0.0;0.026
SC;Bela Vista do Toldo;-26.2762282783;-50.4647882385;5094;86.199;12.485;0.196;0.0;0.0;0.648;0.412;0.0;0.059
SC;Belmonte;-26.8445863475;-53.5809772315;2319;84.562;13.325;0.172;0.129;0.0;0.604;1.207;0.0;0.0
SC;Benedito Novo;-26.777507569;-49.3644027494;9323;40.899;54.929;0.064;0.107;0.0;1.18;2.757;0.0;0.064
SC;Biguaçu;-27.4943227435;-48.654488929;66973;59.964;22.77;1.659;1.524;0.36;3.219;10.206;0.122;0.175
SC;Blumenau;-26.9161077053;-49.0576308844;320353;60.925;26.303;1.533;0.624;0.027;3.679;6.809;0.074;0.025
SC;Bocaina do Sul;-27.7431983069;-49.9458979108;3057;86.686;9.781;1.079;0.458;0.0;0.818;1.178;0.0;0.0
SC;Bombinhas;-27.1442546993;-48.5213451348;21806;48.661;28.254;2.284;0.977;0.0;7.929;11.731;0.165;0.0
SC;Bom Jardim da Serra;-28.337947191;-49.6249777453;3499;81.109;16.405;0.2;0.314;0.0;1.258;0.714;0.0;0.0
SC;Bom Jesus;-26.7359234356;-52.3930159598;2397;70.254;26.867;0.292;0.0;0.0;0.834;1.669;0.083;0.0
SC;Bom Jesus do Oeste;-26.6918115546;-53.0953502802;1925;71.636;27.221;0.0;0.0;0.0;0.935;0.208;0.0;0.0
SC;Bom Retiro;-27.7986710014;-49.4898337661;7231;81.593;13.428;1.245;0.221;0.0;0.899;2.614;0.0;0.0
SC;Botuverá;-27.2021068612;-49.0784843619;4692;86.871;9.058;0.192;0.0;0.0;2.536;1.257;0.085;0.0
SC;Braço do Norte;-28.2800388673;-49.1645477089;29376;84.545;9.542;0.899;0.443;0.0;2.563;1.998;0.0;0.01
SC;Braço do Trombudo;-27.3642513451;-49.890907936;3510;48.632;48.917;0.085;0.0;0.0;1.396;0.969;0.0;0.0
SC;Brunópolis;-27.3183621508;-50.835920772;2211;79.964;17.458;0.0;0.0;0.09;0.633;1.854;0.0;0.0
SC;Brusque;-27.0983102262;-48.9151630055;123576;66.61;24.8;0.893;0.415;0.009;2.62;4.387;0.213;0.053
SC;Caçador;-26.7753476727;-51.019034759;63317;71.371;21.275;0.788;0.329;0.0;1.707;4.506;0.0;0.024
SC;Caibi;-27.0730539326;-53.2505271956;5534;82.382;14.872;0.235;0.072;0.0;0.235;2.205;0.0;0.0
SC;Calmon;-26.6046771771;-51.0966349046;2805;44.492;32.656;0.107;0.0;0.0;15.651;6.988;0.0;0.107
SC;Camboriú;-27.0264564992;-48.6499958521;87834;48.868;33.028;1.198;0.723;0.0;4.504;11.568;0.109;0.001
SC;Capão Alto;-27.9416852818;-50.5114792926;2308;81.456;16.118;0.173;0.173;0.0;0.477;1.603;0.0;0.0
SC;Campo Alegre;-26.1906592825;-49.2633444821;10927;79.94;16.702;0.394;0.229;0.0;1.446;1.29;0.0;0.0
SC;Campo Belo do Sul;-27.8966573873;-50.7619937519;6342;88.284;10.028;0.237;0.221;0.0;0.773;0.41;0.0;0.047
SC;Campo Erê;-26.394551141;-53.0901551703;8204;74.342;21.136;0.549;0.061;0.0;1.755;1.975;0.0;0.183
SC;Campos Novos;-27.3990529792;-51.2236729932;32088;82.021;14.716;0.679;0.505;0.0;0.77;1.309;0.0;0.0
SC;Canelinha;-27.2724147946;-48.7892731277;11084;68.035;23.656;0.153;0.189;0.0;1.29;6.676;0.0;0.0
SC;Canoinhas;-26.1788070143;-50.3978487119;47747;73.835;20.186;1.573;0.316;0.0;1.433;2.306;0.027;0.325
SC;Capinzal;-27.3442784642;-51.6113627552;20336;76.48;17.594;0.585;0.172;0.0;2.606;2.252;0.0;0.31
SC;Capivari de Baixo;-28.4490455118;-48.9605750681;20878;65.452;26.391;0.642;1.7;0.0;2.606;3.209;0.0;0.0
SC;Catanduvas;-27.0720352216;-51.6589480986;9071;75.515;20.659;0.232;0.055;0.0;0.507;2.866;0.165;0.0
SC;Caxambu do Sul;-27.1612817849;-52.8804748929;4023;73.9;25.379;0.199;0.0;0.0;0.298;0.224;0.0;0.0
SC;Celso Ramos;-27.6347386054;-51.3359938248;2478;91.324;8.354;0.0;0.0;0.0;0.161;0.161;0.0;0.0
SC;Cerro Negro;-27.7958280677;-50.8700622647;2897;90.162;8.837;0.311;0.0;0.0;0.518;0.173;0.0;0.0
SC;Chapadão do Lageado;-27.5852982512;-49.5443259549;2559;90.582;8.284;0.0;0.0;0.0;0.43;0.703;0.0;0.0
SC;Chapecó;-27.1068370215;-52.6170311134;219586;62.218;24.742;1.485;0.567;0.09;3.654;7.167;0.019;0.059
SC;Cocal do Sul;-28.6030228653;-49.3271287199;15293;74.309;19.924;0.641;0.307;0.026;2.524;2.269;0.0;0.0
SC;Concórdia;-27.2336587801;-52.0239710697;71210;74.256;20.063;0.563;0.303;0.095;2.177;2.49;0.0;0.052
SC;Cordilheira Alta;-26.9850812923;-52.6032512708;4133;84.007;14.759;0.194;0.121;0.0;0.774;0.145;0.0;0.0
SC;Coronel Freitas;-26.9032514118;-52.7091514565;9145;83.204;12.838;0.12;0.12;0.12;0.328;3.127;0.0;0.142
SC;Coronel Martins;-26.5116375953;-52.6696992888;1835;84.687;13.025;0.0;0.0;0.0;0.599;1.526;0.0;0.163
SC;Corupá;-26.4319663158;-49.226737;13374;67.347;27.344;0.508;0.247;0.097;2.49;1.967;0.0;0.0
SC;Correia Pinto;-27.584808345;-50.3637605546;13492;68.87;27.32;0.578;0.163;0.0;1.141;1.927;0.0;0.0
SC;Criciúma;-28.6735722527;-49.3659395588;188117;60.746;27.721;1.084;0.733;0.005;3.827;5.786;0.074;0.023
SC;Cunha Porã;-26.8917270825;-53.173845572;9611;52.804;43.804;0.468;0.0;0.0;1.332;1.436;0.0;0.156
SC;Cunhataí;-26.9731396983;-53.0932904926;1748;90.503;9.153;0.0;0.0;0.0;0.343;0.0;0.0;0.0
SC;Curitibanos;-27.2829825065;-50.5826010353;34365;76.357;17.192;1.251;0.163;0.0;1.667;3.37;0.0;0.0
SC;Descanso;-26.817870221;-53.5046288706;7616;87.881;9.913;0.092;0.066;0.0;0.853;1.195;0.0;0.0
SC;Dionísio Cerqueira;-26.2664885337;-53.6313951228;12877;63.897;30.675;0.186;0.039;0.0;1.693;3.51;0.0;0.0
SC;Dona Emma;-26.9863006137;-49.7168977451;3657;70.386;26.196;0.0;0.0;0.0;1.121;2.297;0.0;0.0
SC;Doutor Pedrinho;-26.7204609555;-49.4792933619;3256;64.926;30.62;0.0;0.031;0.0;1.72;2.488;0.0;0.215
SC;Entre Rios;-26.7236210953;-52.5625339678;2832;59.11;36.97;0.0;0.0;0.0;1.236;2.684;0.0;0.0
SC;Ermo;-28.9850817923;-49.6434049775;1967;73.615;20.996;0.0;0.661;0.0;1.474;3.05;0.0;0.203
SC;Erval Velho;-27.2738954846;-51.4434329044;4295;83.935;14.622;0.07;0.0;0.0;0.582;0.792;0.0;0.0
SC;Faxinal dos Guedes;-26.8597867214;-52.2714153987;9732;71.609;25.534;0.339;0.319;0.0;0.617;1.418;0.0;0.164
SC;Flor do Sertão;-26.7794323288;-53.3448914355;1564;76.471;18.414;1.087;0.0;0.0;1.151;2.877;0.0;0.0
SC;Florianópolis;-27.5877955486;-48.5476373782;482147;53.204;14.462;5.781;2.087;0.036;5.785;18.418;0.14;0.088
SC;Formosa do Sul;-26.6485233783;-52.7934500253;2350;78.085;17.957;0.085;0.0;0.0;0.681;3.191;0.0;0.0
SC;Forquilhinha;-28.7424153509;-49.4688610534;26730;57.396;33.128;0.172;0.247;0.0;3.158;5.9;0.0;0.0
SC;Fraiburgo;-27.0234469627;-50.9250792352;28690;68.543;24.622;0.195;0.955;0.0;1.753;3.932;0.0;0.0
SC;Frei Rogério;-27.1747514992;-50.8064082491;2124;81.309;15.631;0.0;0.0;0.0;1.46;1.601;0.0;0.0
SC;Galvão;-26.4554762384;-52.6820020756;2799;82.744;12.755;0.0;0.0;0.0;3.751;0.75;0.0;0.0
SC;Garopaba;-28.0208959348;-48.6125566829;26125;63.541;12.999;3.69;1.179;0.0;6.894;11.621;0.038;0.038
SC;Garuva;-26.0220755061;-48.8498418594;15633;55.408;37.024;0.768;0.339;0.045;2.629;3.716;0.038;0.032
SC;Gaspar;-26.9183685142;-48.9677065681;63190;69.278;22.855;0.624;0.427;0.093;3.554;3.168;0.0;0.0
SC;Governador Celso Ramos;-27.3186459075;-48.5781665645;15018;62.565;25.083;0.712;0.446;0.0;4.961;6.213;0.0;0.02
SC;Grão Pará;-28.1839865262;-49.2199960405;5442;89.214;6.34;0.055;0.441;0.0;0.956;2.995;0.0;0.0
SC;Gravatal;-28.3291307178;-49.0394702582;10903;77.162;16.243;0.633;0.615;0.0;2.201;3.146;0.0;0.0
SC;Guabiruba;-27.0603252393;-48.983560448;21209;76.293;19.459;0.283;0.344;0.047;0.509;3.065;0.0;0.0
SC;Guaraciaba;-26.6003475708;-53.5220897182;9648;89.013;9.898;0.093;0.052;0.0;0.176;0.767;0.0;0.0
SC;Guaramirim;-26.4744451283;-48.9921042659;40062;66.257;26.284;0.247;0.352;0.055;2.244;4.368;0.027;0.165
SC;Guarujá do Sul;-26.384920604;-53.5254451083;4272;83.755;14.162;0.234;0.257;0.0;0.0;1.592;0.0;0.0
SC;Guatambú;-27.1369108659;-52.7838401343;7082;66.93;27.351;0.169;0.127;0.0;2.386;3.008;0.028;0.0
SC;Herval d'Oeste;-27.1703031847;-51.4962153103;19099;78.208;17.561;0.738;0.199;0.0;0.476;2.817;0.0;0.0
SC;Ibiam;-27.1805834764;-51.2394276983;1758;90.444;6.94;0.0;0.0;0.0;0.626;1.991;0.0;0.0
SC;Ibicaré;-27.0915490161;-51.368450262;2925;81.744;17.128;0.0;0.0;0.0;0.41;0.718;0.0;0.0
SC;Ibirama;-27.0535408849;-49.5220277592;17497;64.668;30.051;0.68;0.103;0.0;2.115;2.355;0.0;0.029
SC;Içara;-28.7070840092;-49.3008225783;51226;65.471;26.682;0.535;0.56;0.0;2.313;4.215;0.0;0.224
SC;Ilhota;-26.9046251832;-48.8250140064;14572;58.002;31.286;0.268;0.419;0.0;4.159;5.641;0.226;0.0
SC;Imaruí;-28.3438499095;-48.8146717195;10542;75.479;17.312;0.341;0.209;1.252;1.375;4.031;0.0;0.0
SC;Imbituba;-28.239951114;-48.6692841969;46366;62.787;18.643;2.269;0.917;0.0;4.615;10.644;0.03;0.095
SC;Imbuia;-27.4946042536;-49.427729345;5213;79.244;18.991;0.038;0.0;0.0;1.381;0.345;0.0;0.0
SC;Indaial;-26.9062559992;-49.24014046;62131;64.164;27.671;0.629;0.298;0.014;3.325;3.691;0.167;0.04
SC;Iomerê;-27.0010780508;-51.2406190979;2576;90.761;8.579;0.116;0.116;0.0;0.427;0.0;0.0;0.0
SC;Ipira;-27.4097088482;-51.7708536189;4051;57.492;41.348;0.074;0.123;0.0;0.79;0.173;0.0;0.0
SC;Iporã do Oeste;-26.9960166793;-53.5395118843;8288;82.601;15.794;0.0;0.06;0.0;0.555;0.989;0.0;0.0
SC;Ipuaçu;-26.6325600977;-52.4542969118;6354;63.865;30.217;0.0;0.0;0.0;2.408;3.478;0.0;0.031
SC;Ipumirim;-27.0683263638;-52.1405408668;6832;77.518;20.097;0.293;0.278;0.0;0.834;0.981;0.0;0.0
SC;Iraceminha;-26.8240650316;-53.276057794;3553;82.803;16.127;0.0;0.0;0.0;0.084;0.985;0.0;0.0
SC;Irani;-27.0161866891;-51.904107924;8831;72.245;22.229;0.136;0.045;0.0;1.042;4.224;0.079;0.0
SC;Irati;-26.6572269448;-52.8950113563;1816;86.509;12.115;0.0;0.0;0.0;1.377;0.0;0.0;0.0
SC;Irineópolis;-26.2366129371;-50.8039000498;8896;77.394;17.929;0.955;0.495;0.0;1.192;1.551;0.0;0.483
SC;Itá;-27.2817787175;-52.3291825163;6243;74.996;20.984;0.769;0.096;0.0;0.993;2.098;0.0;0.064
SC;Itaiópolis;-26.3371264112;-49.9087562022;19017;83.583;11.889;2.151;0.394;0.0;0.615;1.278;0.0;0.089
SC;Itajaí;-26.9074262398;-48.6570232083;228248;52.134;30.981;1.487;0.715;0.016;5.892;8.682;0.024;0.069
SC;Itapema;-27.0959378837;-48.6173993861;66420;57.71;25.903;2.591;1.156;0.005;5.036;7.444;0.0;0.155
SC;Itapiranga;-27.1753750895;-53.7148020649;14521;87.212;8.56;0.372;0.041;0.0;2.045;1.77;0.0;0.0
SC;Itapoá;-26.006047887;-48.6041676071;26697;58.085;26.606;2.869;0.603;0.0;4.746;6.858;0.037;0.195
SC;Ituporanga;-27.4148584907;-49.6034147011;22932;78.092;19.649;0.292;0.0;0.0;0.894;1.038;0.0;0.035
SC;Jaborá;-27.1728530869;-51.743353839;3742;85.382;12.4;0.294;0.0;0.0;1.55;0.374;0.0;0.0
SC;Jacinto Machado;-29.0014186138;-49.7617686564;9333;80.821;15.193;0.236;0.15;0.0;1.307;2.239;0.0;0.054
SC;Jaguaruna;-28.6249636892;-49.0491289861;17851;69.61;21.657;1.49;0.471;0.0;1.72;4.717;0.0;0.336
SC;Jaraguá do Sul;-26.4904843494;-49.0762988228;159327;61.768;29.063;1.027;0.464;0.014;2.782;4.71;0.11;0.063
SC;Jardinópolis;-26.7205694035;-52.858899256;1556;83.226;15.424;0.257;0.193;0.0;0.45;0.45;0.0;0.0
SC;Joaçaba;-27.1739445292;-51.5066897333;26784;75.25;16.988;1.165;0.261;0.037;1.449;4.85;0.0;0.0
SC;Joinville;-26.3045176487;-48.8494091432;540778;56.069;31.635;1.409;0.594;0.008;3.989;6.159;0.046;0.092
SC;José Boiteux;-26.9546826166;-49.6238066865;4958;57.2;40.883;0.0;0.0;0.262;0.766;0.686;0.0;0.202
SC;Jupiá;-26.393702818;-52.7343805408;2243;88.319;9.585;0.134;0.0;0.0;0.312;1.65;0.0;0.0
SC;Lacerdópolis;-27.2646000912;-51.5628663691;2021;88.768;9.104;1.039;0.198;0.0;0.247;0.643;0.0;0.0
SC;Lages;-27.8172594631;-50.3302224242;144073;67.699;21.615;2.039;0.832;0.0;2.849;4.859;0.029;0.078
SC;Laguna;-28.4835859539;-48.7813886218;38390;71.042;15.892;2.396;1.594;0.0;2.899;6.082;0.0;0.094
SC;Lajeado Grande;-26.8609423456;-52.5660348495;1475;86.373;11.864;0.0;0.136;0.0;1.627;0.0;0.0;0.0
SC;Laurentino;-27.2123881016;-49.755263661;6947;81.517;13.286;0.576;0.173;0.0;2.605;1.843;0.0;0.0
SC;Lauro Müller;-28.3935851653;-49.3943072672;12558;80.785;16.348;0.127;0.159;0.0;1.123;1.457;0.0;0.0
SC;Lebon Régis;-26.9291140112;-50.6918278644;9628;68.862;27.347;0.042;0.114;0.0;0.769;2.825;0.0;0.042
SC;Leoberto Leal;-27.5063895157;-49.289401499;2952;83.435;15.075;0.0;0.169;0.0;1.22;0.102;0.0;0.0
SC;Lindóia do Sul;-27.0474644815;-52.0809226442;4000;88.625;8.55;0.0;0.075;0.0;0.55;2.2;0.0;0.0
SC;Lontras;-27.1574865637;-49.5448293547;11035;72.27;22.755;0.77;0.19;0.0;1.377;2.574;0.0;0.063
SC;Luiz Alves;-26.7211107867;-48.9260467723;10093;81.908;12.722;0.04;0.515;0.0;2.031;2.784;0.0;0.0
SC;Luzerna;-27.1298960692;-51.4679460432;5166;71.08;25.358;0.755;0.0;0.0;1.394;1.413;0.0;0.0
SC;Macieira;-26.8552123885;-51.376121977;1547;91.92;7.563;0.0;0.129;0.0;0.0;0.388;0.0;0.0
SC;Mafra;-26.1152284943;-49.8010375283;48489;78.348;15.061;1.901;0.394;0.0;1.788;2.469;0.0;0.039
SC;Major Gercino;-27.4186604134;-48.9533539589;2799;75.491;18.149;0.0;0.25;3.215;1.715;1.179;0.0;0.0
SC;Major Vieira;-26.357526536;-50.3329868433;6509;86.695;11.645;0.108;0.384;0.0;0.446;0.661;0.0;0.061
SC;Maracajá;-28.850314607;-49.4543763246;6729;73.206;20.865;0.758;0.461;0.0;1.828;2.883;0.0;0.0
SC;Maravilha;-26.7616239473;-53.1748188159;24544;71.015;23.827;0.322;0.342;0.0;1.948;2.351;0.0;0.196
SC;Marema;-26.8004219088;-52.6271354101;1954;89.816;9.98;0.0;0.0;0.0;0.0;0.205;0.0;0.0
SC;Massaranduba;-26.5954580147;-48.9887446627;15101;44.447;25.157;0.344;0.344;0.0;23.912;5.728;0.066;0.0
SC;Matos Costa;-26.4741154352;-51.1574514436;2382;68.178;25.525;0.168;0.0;0.0;2.477;3.652;0.0;0.0
SC;Meleiro;-28.8324458209;-49.6298493602;6230;79.775;16.1;0.241;0.465;0.048;1.124;2.247;0.0;0.0
SC;Mirim Doce;-27.2012050831;-50.0685637124;2201;78.555;20.173;0.682;0.0;0.0;0.0;0.591;0.0;0.0
SC;Modelo;-26.7780420757;-53.0535007992;3605;79.362;19.473;0.0;0.083;0.0;0.638;0.444;0.0;0.0
SC;Mondaí;-27.1036116941;-53.3986840279;8808;51.181;46.038;0.0;0.0;0.0;1.226;1.499;0.0;0.057
SC;Monte Carlo;-27.2176788021;-50.974104678;7714;74.293;23.425;0.272;0.493;0.194;0.467;0.7;0.0;0.156
SC;Monte Castelo;-26.4563624722;-50.2262714329;6690;72.481;23.229;0.448;0.149;0.0;0.598;2.855;0.0;0.239
SC;Morro da Fumaça;-28.654787843;-49.2132565084;15969;67.744;25.631;0.401;0.169;0.081;1.904;3.901;0.1;0.069
SC;Morro Grande;-28.7997195367;-49.7187999838;2630;82.091;14.715;0.0;0.0;0.0;1.977;1.217;0.0;0.0
SC;Navegantes;-26.8974391193;-48.6491829025;74151;50.835;30.992;1.341;0.989;0.113;6.634;8.86;0.026;0.21
SC;Nova Erechim;-26.9012733981;-52.9112866654;4484;63.738;19.469;0.446;0.335;0.0;13.782;2.23;0.0;0.0
SC;Nova Itaberaba;-26.9428898836;-52.8112440549;3992;80.21;18.587;0.0;0.05;0.0;0.15;1.002;0.0;0.0
SC;Nova Trento;-27.2877711668;-48.9257954329;12119;80.444;12.938;0.908;0.239;0.0;1.799;3.532;0.0;0.14
SC;Nova Veneza;-28.6382326023;-49.5031235817;12175;86.817;10.218;0.329;0.435;0.0;0.764;1.396;0.0;0.041
SC;Novo Horizonte;-26.4461719902;-52.8340333905;2361;88.564;10.631;0.0;0.0;0.0;0.127;0.678;0.0;0.0
SC;Orleans;-28.3604689663;-49.2914262911;20845;83.608;13.49;0.787;0.144;0.0;1.017;0.955;0.0;0.0
SC;Otacílio Costa;-27.503846175;-50.1123146891;14890;75.95;20.369;0.484;0.255;0.0;1.256;1.686;0.0;0.0
SC;Ouro;-27.3424881724;-51.6205621782;6252;86.804;9.053;0.496;0.0;0.0;1.583;2.063;0.0;0.0
SC;Ouro Verde;-26.6959944196;-52.3100192014;1885;70.186;21.379;0.371;0.0;0.106;5.782;2.175;0.0;0.0
SC;Paial;-27.2551577941;-52.5010887493;1666;59.964;37.935;0.12;0.0;0.0;1.14;0.72;0.0;0.12
SC;Painel;-27.9145181854;-50.113009741;1944;81.584;15.484;0.36;0.0;0.0;0.103;2.469;0.0;0.0
SC;Palhoça;-27.6470436837;-48.6702879187;193129;57.292;20.585;3.041;2.129;0.05;5.286;11.342;0.207;0.069
SC;Palma Sola;-26.3465081338;-53.2799772512;6482;77.738;19.5;0.093;0.093;0.0;0.525;1.851;0.046;0.154
SC;Palmeira;-27.5822620705;-50.1590014056;2258;75.199;21.302;0.089;0.62;0.0;1.107;1.683;0.0;0.0
SC;Palmitos;-27.0702505492;-53.1622672929;13814;69.806;27.494;0.384;0.043;0.0;0.898;1.339;0.0;0.036
SC;Papanduva;-26.3939830708;-50.1632041973;16585;82.165;15.834;0.76;0.066;0.0;0.736;0.44;0.0;0.0
SC;Paraíso;-26.6152629708;-53.6753141317;3755;78.935;18.509;0.0;0.0;0.0;0.826;1.731;0.0;0.0
SC;Passo de Torres;-29.3234599051;-49.7251452725;11078;64.263;20.013;2.771;2.04;0.0;3.647;7.222;0.0;0.045
SC;Passos Maia;-26.7808891472;-52.0617238004;3416;86.622;11.915;0.088;0.0;0.0;0.615;0.761;0.0;0.0
SC;Paulo Lopes;-27.9498162326;-48.6814954136;7876;61.998;26.612;0.609;0.521;0.025;3.276;6.958;0.0;0.0
SC;Pedras Grandes;-28.4372176497;-49.1864875474;3790;79.578;15.515;0.0;0.317;0.0;2.401;2.19;0.0;0.0
SC;Penha;-26.7688610927;-48.6475729113;29388;55.073;30.223;1.936;1.13;0.0;7.023;4.614;0.0;0.0
SC;Peritiba;-27.3773092815;-51.9098146671;2675;77.981;21.308;0.075;0.224;0.0;0.411;0.0;0.0;0.0
SC;Pescaria Brava;-28.39698;-48.886735;8989;76.004;20.97;0.078;0.056;0.056;1.224;1.613;0.0;0.0
SC;Petrolândia;-27.528126833;-49.6948686231;5886;62.368;36.357;0.0;0.0;0.0;1.121;0.102;0.0;0.051
SC;Balneário Piçarras;-26.7691705385;-48.675051354;23393;52.486;29.205;2.595;1.338;0.0;6.686;7.583;0.047;0.06
SC;Pinhalzinho;-26.8488143342;-52.9822532451;19018;78.647;14.886;0.226;0.442;0.152;1.656;3.923;0.0;0.068
SC;Pinheiro Preto;-27.0451346161;-51.2305364835;2989;87.621;9.87;0.87;0.201;0.0;0.0;1.439;0.0;0.0
SC;Piratuba;-27.4159535517;-51.7586498276;5044;69.489;25.079;0.535;0.317;0.119;1.725;2.736;0.0;0.0
SC;Planalto Alegre;-27.0694597761;-52.8673520308;2583;73.79;24.7;0.0;0.0;0.0;0.542;0.968;0.0;0.0
SC;Pomerode;-26.7448263965;-49.1741975274;30326;36.441;57.067;0.818;0.508;0.013;2.143;2.945;0.026;0.04
SC;Ponte Alta;-27.4677840728;-50.3771006508;3868;73.552;22.079;0.181;0.078;0.0;1.861;2.249;0.0;0.0
SC;Ponte Alta do Norte;-27.1690291829;-50.4654042678;2684;75.112;22.839;0.335;0.112;0.0;1.528;0.075;0.0;0.0
SC;Ponte Serrada;-26.8749128276;-52.0145375125;9060;71.987;24.051;0.155;0.32;0.353;1.082;2.053;0.0;0.0
SC;Porto Belo;-27.1494662097;-48.6027567396;24151;55.455;25.109;2.476;2.749;0.0;5.408;8.803;0.0;0.0
SC;Porto União;-26.2300048981;-51.0816046336;29061;73.917;18.189;1.717;0.341;0.0;1.328;4.491;0.0;0.017
SC;Pouso Redondo;-27.2510862782;-49.9556521355;14664;74.379;22.484;0.109;0.061;0.0;1.616;1.159;0.0;0.191
SC;Praia Grande;-29.1957763636;-49.9605919763;7243;74.582;16.692;1.105;0.359;0.0;3.217;4.031;0.014;0.0
SC;Presidente Castello Branco;-27.2199421946;-51.8113755382;1487;79.623;19.771;0.269;0.067;0.269;0.0;0.0;0.0;0.0
SC;Presidente Getúlio;-27.0414082411;-49.6220861691;17386;72.38;23.847;0.299;0.029;0.0;1.587;1.841;0.017;0.0
SC;Presidente Nereu;-27.2873292141;-49.4032927711;2018;89.742;8.226;0.099;0.099;0.0;0.396;1.437;0.0;0.0
SC;Princesa;-26.4443352068;-53.5981058756;2604;81.912;17.281;0.154;0.0;0.0;0.499;0.154;0.0;0.0
SC;Quilombo;-26.7400555498;-52.7276095701;9596;77.241;19.706;0.0;0.0;0.0;1.323;1.73;0.0;0.0
SC;Rancho Queimado;-27.6772088641;-49.00843238;2907;47.575;45.029;0.55;0.585;0.0;2.167;4.094;0.0;0.0
SC;Rio das Antas;-26.8970674359;-51.0760199432;5415;72.909;22.789;0.166;0.037;0.0;1.256;2.844;0.0;0.0
SC;Rio do Campo;-26.9423084311;-50.139588913;5640;85.035;12.216;0.035;0.035;0.0;0.39;2.287;0.0;0.0
SC;Rio do Oeste;-27.191166518;-49.8028622167;6806;84.793;13.077;0.073;0.059;0.0;1.058;0.94;0.0;0.0
SC;Rio dos Cedros;-26.7491298162;-49.2723794436;9599;69.111;27.242;0.479;0.0;0.0;1.188;1.927;0.0;0.052
SC;Rio do Sul;-27.2179032254;-49.6432375291;63762;69.758;21.558;1.789;0.565;0.014;2.382;3.864;0.0;0.069
SC;Rio Fortuna;-28.1325913886;-49.1050938026;4245;95.548;3.463;0.071;0.071;0.0;0.4;0.448;0.0;0.0
SC;Rio Negrinho;-26.2553250279;-49.5172950756;34189;75.58;19.527;0.228;0.921;0.076;2.15;1.518;0.0;0.0
SC;Rio Rufino;-27.8632354792;-49.7775918043;2077;88.3;9.966;0.53;0.289;0.0;0.144;0.77;0.0;0.0
SC;Riqueza;-27.0675941646;-53.3252862115;4205;75.505;23.21;0.095;0.0;0.0;0.476;0.713;0.0;0.0
SC;Rodeio;-26.9435016684;-49.3047072335;11334;72.702;20.875;0.794;0.221;0.0;2.991;2.373;0.0;0.044
SC;Romelândia;-26.6794635631;-53.3201584;4326;80.143;17.406;0.162;0.254;0.0;0.393;1.641;0.0;0.0
SC;Salete;-26.9752443334;-50.0017307311;6540;83.517;12.844;0.887;0.0;0.0;1.101;1.606;0.046;0.0
SC;Saltinho;-26.6085589196;-53.0586312489;3175;79.78;17.008;0.189;0.0;0.0;0.63;2.394;0.0;0.0
SC;Salto Veloso;-26.9031646077;-51.405208078;3808;87.894;9.112;0.0;0.0;0.0;1.444;1.549;0.0;0.0
SC;Sangão;-28.6332229229;-49.1340298642;10810;71.471;23.987;0.157;0.5;0.0;1.739;2.146;0.0;0.0
SC;Santa Cecília;-26.9569007446;-50.4229016203;13127;73.238;20.355;0.404;0.152;0.061;4.449;1.341;0.0;0.0
SC;Santa Helena;-26.9398439236;-53.6199878739;2142;95.565;3.641;0.0;0.0;0.0;0.373;0.42;0.0;0.0
SC;Santa Rosa de Lima;-28.0356055728;-49.1250913029;1868;86.242;11.51;0.107;0.0;0.0;0.642;1.499;0.0;0.0
SC;Santa Rosa do Sul;-29.1352882186;-49.7176263736;8446;68.861;22.306;0.166;0.533;0.071;5.34;2.723;0.0;0.0
SC;Santa Terezinha;-26.780982354;-50.0055291871;7065;89.54;8.436;0.241;0.085;0.0;1.557;0.142;0.0;0.0
SC;Santa Terezinha do Progresso;-26.6197755739;-53.1998469617;2266;78.553;20.256;0.0;0.0;0.0;0.485;0.706;0.0;0.0
SC;Santiago do Sul;-26.6348090909;-52.6759494793;1446;83.402;14.039;0.0;0.0;0.0;1.936;0.484;0.0;0.138
SC;Santo Amaro da Imperatriz;-27.6897477585;-48.7802399214;23904;79.288;10.53;1.627;1.171;0.0;2.916;4.288;0.079;0.1
SC;São Bernardino;-26.4732782463;-52.9655387397;2307;85.046;13.437;0.0;0.0;0.0;0.303;1.214;0.0;0.0
SC;São Bento do Sul;-26.2494854185;-49.3869788951;72865;72.88;20.806;0.774;0.279;0.015;2.033;3.139;0.059;0.016
SC;São Bonifácio;-27.8964966985;-48.9293119586;2681;74.077;22.865;0.075;0.0;0.0;1.156;1.828;0.0;0.0
SC;São Carlos;-27.0786350779;-53.0173942733;8996;83.159;13.45;0.267;0.056;0.0;0.923;2.145;0.0;0.0
SC;São Cristóvão do Sul;-27.2829466734;-50.4346289331;5387;62.502;26.583;0.167;0.204;0.0;3.23;5.829;1.485;0.0
SC;São Domingos;-26.5578303695;-52.5372274685;8100;83.37;12.988;0.444;0.0;0.0;2.432;0.704;0.062;0.0
SC;São Francisco do Sul;-26.2440178842;-48.6375707582;46185;52.29;31.787;1.717;1.433;0.052;4.289;8.195;0.069;0.167
SC;São João do Oeste;-27.0974826254;-53.5959666797;5586;96.223;3.043;0.0;0.054;0.0;0.197;0.483;0.0;0.0
SC;São João Batista;-27.2958805567;-48.8570042802;28019;65.42;24.437;0.157;0.46;0.071;3.651;5.803;0.0;0.0
SC;São João do Itaperiú;-26.6174540463;-48.7677653868;3816;75.891;18.868;0.0;0.131;0.0;2.621;2.49;0.0;0.0
SC;São João do Sul;-29.2234797912;-49.8065713857;7507;76.089;17.317;0.426;1.026;0.0;2.717;2.424;0.0;0.0
SC;São Joaquim;-28.2947124992;-49.9367417605;22431;85.047;11.11;0.981;0.611;0.0;0.985;1.222;0.0;0.045
SC;São José;-27.5903120772;-48.6160227159;240161;56.971;19.875;4.233;2.287;0.022;5.351;11.196;0.031;0.034
SC;São José do Cedro;-26.4560602968;-53.5001241069;12505;86.357;10.516;0.472;0.056;0.0;1.088;1.327;0.0;0.184
SC;São José do Cerrito;-27.6685865188;-50.5813861763;7730;87.736;9.431;0.336;0.0;0.0;1.268;1.229;0.0;0.0
SC;São Lourenço do Oeste;-26.3551901646;-52.851333667;21573;80.624;14.509;0.579;0.13;0.0;1.998;1.989;0.051;0.121
SC;São Ludgero;-28.3268955251;-49.1756843247;11598;82.652;11.493;0.06;0.112;0.0;2.018;3.613;0.052;0.0
SC;São Martinho;-28.1644952896;-48.977786248;2991;85.189;14.343;0.0;0.0;0.0;0.0;0.468;0.0;0.0
SC;São Miguel da Boa Vista;-26.6944751453;-53.2545563767;1572;80.153;17.366;0.191;0.0;0.0;1.972;0.318;0.0;0.0
SC;São Miguel do Oeste;-26.7264271767;-53.5188394062;38790;75.36;17.448;1.039;0.188;0.0;2.212;3.679;0.0;0.075
SC;São Pedro de Alcântara;-27.5671700934;-48.7876695873;5282;70.125;11.908;2.007;0.719;0.0;1.231;14.01;0.0;0.0
SC;Saudades;-26.919756951;-52.9955697273;8884;84.14;12.787;0.169;0.0;0.0;1.351;1.553;0.0;0.0
SC;Schroeder;-26.4209759126;-49.0732596915;17181;53.286;41.156;0.256;0.198;0.0;1.502;3.469;0.0;0.134
SC;Seara;-27.1456976229;-52.302854828;16208;74.334;21.89;0.099;0.167;0.074;1.709;1.684;0.0;0.043
SC;Serra Alta;-26.7247733741;-53.0462763415;2906;87.096;12.147;0.0;0.206;0.0;0.206;0.344;0.0;0.0
SC;Siderópolis;-28.5951024182;-49.420540933;12123;77.06;18.139;0.495;0.602;0.0;2.367;1.336;0.0;0.0
SC;Sombrio;-29.1091327568;-49.6342103641;25807;59.313;24.776;0.821;1.236;0.0;7.959;5.77;0.074;0.05
SC;Sul Brasil;-26.7369362097;-52.9642047957;2497;86.664;12.495;0.0;0.0;0.0;0.36;0.481;0.0;0.0
SC;Taió;-27.1179373002;-50.0050964643;15969;68.063;28.762;0.263;0.0;0.0;1.634;1.277;0.0;0.0
SC;Tangará;-27.1010111042;-51.2459143753;7148;87.339;10.073;0.0;0.266;0.0;0.672;1.651;0.0;0.0
SC;Tigrinhos;-26.6894748378;-53.1575419839;2010;72.488;27.114;0.0;0.0;0.0;0.398;0.0;0.0;0.0
SC;Tijucas;-27.2394536072;-48.6320705639;44219;58.439;25.86;1.658;1.18;0.165;4.62;8.053;0.025;0.0
SC;Timbé do Sul;-28.8325174935;-49.8441177628;4742;75.453;15.542;0.0;0.063;0.0;1.624;7.318;0.0;0.0
SC;Timbó;-26.822902575;-49.2777122898;40932;53.506;37.394;0.254;0.606;0.027;3.088;4.991;0.051;0.083
SC;Timbó Grande;-26.617828491;-50.6746741365;6156;56.676;38.71;0.292;0.211;0.0;2.16;1.949;0.0;0.0
SC;Três Barras;-26.1140963368;-50.305419368;16546;66.046;29.27;0.949;0.066;0.0;1.438;2.055;0.0;0.175
SC;Treviso;-28.5184848579;-49.4559333789;3378;84.429;14.21;0.0;0.0;0.0;1.184;0.178;0.0;0.0
SC;Treze de Maio;-28.5581400375;-49.1448153072;6412;78.556;18.575;0.234;0.047;0.0;1.185;1.404;0.0;0.0
SC;Treze Tílias;-26.9985363059;-51.4146746651;7498;80.421;14.044;0.88;0.32;0.0;1.56;2.321;0.0;0.453
SC;Trombudo Central;-27.3030195291;-49.7924782341;6367;63.688;31.569;0.361;0.0;0.0;1.806;2.576;0.0;0.0
SC;Tubarão;-28.4800339479;-49.005268077;97405;71.774;19.193;1.269;0.43;0.0;3.012;4.275;0.0;0.047
SC;Tunápolis;-26.9722235915;-53.641459736;4326;93.296;4.993;0.069;0.116;0.139;0.601;0.786;0.0;0.0
SC;Turvo;-28.9247492174;-49.6808657451;11477;79.394;15.84;0.383;0.261;0.0;1.394;2.501;0.0;0.227
SC;União do Oeste;-26.7617370137;-52.8514964564;2434;86.278;12.613;0.0;0.0;0.0;0.288;0.822;0.0;0.0
SC;Urubici;-28.004554912;-49.5882056111;9419;77.598;16.0;1.295;0.053;0.212;1.667;3.174;0.0;0.0
SC;Urupema;-27.9526858098;-49.8732112424;2324;84.768;11.231;0.731;0.086;0.086;1.893;1.205;0.0;0.0
SC;Urussanga;-28.5199662039;-49.3191079186;18765;79.835;15.241;0.405;0.474;0.0;1.146;2.899;0.0;0.0
SC;Vargeão;-26.8639833174;-52.1541056501;3173;76.489;20.139;0.441;0.0;0.0;1.387;1.544;0.0;0.0
SC;Vargem;-27.4899701004;-50.9781506257;2291;91.838;7.42;0.0;0.0;0.0;0.131;0.611;0.0;0.0
SC;Vargem Bonita;-27.0032416045;-51.7447401814;3914;70.772;24.834;0.0;0.0;0.0;2.632;1.763;0.0;0.0
SC;Vidal Ramos;-27.3957786987;-49.3682191726;5401;90.168;7.869;0.0;0.611;0.0;0.0;1.352;0.0;0.0
SC;Videira;-27.006129068;-51.1517052828;48204;75.774;18.795;0.743;0.656;0.021;2.133;1.88;0.0;0.0
SC;Vitor Meireles;-26.8815776186;-49.830751961;4601;75.418;22.473;0.0;0.0;0.0;0.435;1.674;0.0;0.0
SC;Witmarsum;-26.9267427234;-49.8042033754;3706;74.447;22.099;0.054;0.0;0.0;1.727;1.43;0.243;0.0
SC;Xanxerê;-26.8745844992;-52.404667139;44457;68.228;25.443;0.996;0.506;0.0;2.24;2.587;0.0;0.0
SC;Xavantina;-27.0702501471;-52.3428505099;3328;76.773;8.474;0.0;0.0;0.0;14.483;0.0;0.0;0.27
SC;Xaxim;-26.9637194992;-52.5349325183;27620;73.382;22.364;0.199;0.579;0.033;1.799;1.644;0.0;0.0
SC;Zortéa;-27.4502514117;-51.5495663068;3321;78.591;15.808;0.0;0.09;0.0;2.59;2.921;0.0;0.0
SC;Balneário Rincão;-28.83444444;-49.23611111;13822;55.347;31.305;2.026;0.723;0.0;5.433;5.166;0.0;0.0
RS;Aceguá;-31.8640153043;-54.1647315364;3642;49.753;35.805;1.098;1.428;0.0;1.098;10.461;0.357;0.0
RS;Água Santa;-28.1750547485;-52.0346327892;3417;81.855;14.925;0.498;0.0;0.0;0.234;1.932;0.0;0.556
RS;Agudo;-29.6456633632;-53.2586916877;14336;52.03;44.754;0.398;0.942;0.0;0.405;1.472;0.0;0.0
RS;Ajuricaba;-28.2377290067;-53.77281889;6049;53.893;40.222;1.306;0.0;0.0;3.108;1.471;0.0;0.0
RS;Alecrim;-27.6610744578;-54.7670962217;5560;84.712;14.065;0.198;0.0;0.0;0.647;0.378;0.0;0.0
RS;Alegrete;-29.7820432091;-55.7958701453;64197;55.576;25.166;3.591;2.718;0.0;3.2;9.655;0.064;0.031
RS;Alegria;-27.8372999564;-54.0573664131;3285;75.677;22.861;0.0;0.0;0.0;0.152;1.309;0.0;0.0
RS;Almirante Tamandaré do Sul;-28.113726287;-52.9137145497;1752;84.874;13.47;0.0;0.0;0.0;0.742;0.913;0.0;0.0
RS;Alpestre;-27.2487687567;-53.0373660486;6402;89.3;9.544;0.0;0.187;0.0;0.594;0.375;0.0;0.0
RS;Alto Alegre;-28.7747455371;-52.9907552807;1615;92.198;7.307;0.0;0.0;0.0;0.372;0.124;0.0;0.0
RS;Alto Feliz;-29.3901391668;-51.3158156678;2775;81.874;16.108;0.0;0.0;0.0;1.153;0.865;0.0;0.0
RS;Alvorada;-29.9974930647;-51.0777294542;161021;49.202;20.907;2.612;8.987;0.043;3.915;14.299;0.035;0.0
RS;Amaral Ferrador;-30.8751476012;-52.251270397;4707;84.767;13.491;0.276;0.319;0.0;0.34;0.807;0.0;0.0
RS;Ametista do Sul;-27.3564254738;-53.192177262;6719;84.015;13.35;0.0;0.0;0.0;1.235;1.399;0.0;0.0
RS;André da Rocha;-28.6319772029;-51.5737379712;1012;83.696;14.625;0.296;0.0;0.0;0.692;0.494;0.0;0.198
RS;Anta Gorda;-28.9708843631;-52.0158234394;5392;92.192;6.435;0.037;0.056;0.0;0.835;0.389;0.0;0.056
RS;Antônio Prado;-28.8554376246;-51.2835769243;11763;87.741;8.459;0.663;0.4;0.0;1.122;1.615;0.0;0.0
RS;Arambaré;-30.90934555;-51.5013182506;3700;68.568;17.216;2.081;1.27;0.0;1.946;8.919;0.0;0.0
RS;Araricá;-29.6172435929;-50.9256766147;7341;57.54;37.365;0.327;0.667;0.0;1.839;2.261;0.0;0.0
RS;Aratiba;-27.3944441289;-52.3038319548;5864;91.797;6.736;0.443;0.102;0.0;0.802;0.119;0.0;0.0
RS;Arroio do Meio;-29.3988907191;-51.9474494916;19338;72.774;23.172;0.827;0.745;0.0;1.184;1.179;0.067;0.052
RS;Arroio do Sal;-29.592960744;-49.932957518;9810;65.117;18.236;2.742;2.905;0.0;3.405;7.38;0.061;0.153
RS;Arroio do Padre;-31.4406439931;-52.4333015044;2353;2.805;88.738;0.595;0.0;0.0;0.637;7.225;0.0;0.0
RS;Arroio dos Ratos;-30.0900131147;-51.7338068665;12845;60.599;24.617;3.021;3.153;0.0;1.222;7.388;0.0;0.0
RS;Arroio do Tigre;-29.3358596133;-53.0863955672;10781;81.634;17.837;0.288;0.046;0.0;0.074;0.121;0.0;0.0
RS;Arroio Grande;-32.2363441257;-53.0822483482;15583;48.508;15.036;3.08;4.531;0.0;1.919;26.927;0.0;0.0
RS;Arvorezinha;-28.8730493916;-52.1795119395;9164;92.58;6.275;0.044;0.065;0.0;0.611;0.371;0.0;0.055
RS;Augusto Pestana;-28.5133519891;-53.9894700807;6397;65.077;33.094;0.203;0.047;0.0;0.485;1.094;0.0;0.0
RS;Áurea;-27.6937866504;-52.0541756691;3096;93.056;6.331;0.0;0.0;0.0;0.614;0.0;0.0;0.0
RS;Bagé;-31.3305018415;-54.1070832852;103393;41.403;22.807;6.864;7.279;0.0;3.334;18.234;0.034;0.044
RS;Balneário Pinhal;-30.239750927;-50.2367010761;13241;53.606;19.153;3.837;6.873;0.0;5.679;10.815;0.0;0.038
RS;Barão;-29.3808640678;-51.4975376809;5701;77.092;18.576;0.088;0.053;0.0;2.0;2.193;0.0;0.0
RS;Barão de Cotegipe;-27.6170925671;-52.377750325;6349;87.951;9.718;0.284;0.0;0.0;1.229;0.772;0.0;0.047
RS;Barão do Triunfo;-30.3904838547;-51.7376694748;5320;78.083;18.91;0.207;0.432;0.0;0.62;1.654;0.0;0.094
RS;Barracão;-27.6802298714;-51.4601514584;4315;78.61;19.305;0.139;0.0;0.0;1.298;0.649;0.0;0.0
RS;Barra do Guarita;-27.1880699615;-53.7144126933;2684;71.647;21.61;0.82;0.0;0.0;0.522;5.216;0.0;0.186
RS;Barra do Quaraí;-30.2110754079;-57.5570603248;3579;39.983;32.719;0.447;3.632;0.0;2.682;19.866;0.0;0.671
RS;Barra do Ribeiro;-30.2926754999;-51.3008736006;10789;55.844;21.856;3.355;4.189;0.139;4.588;9.918;0.0;0.111
RS;Barra do Rio Azul;-27.4087577155;-52.4141049465;1572;96.374;3.435;0.0;0.191;0.0;0.0;0.0;0.0;0.0
RS;Barra Funda;-27.9238258452;-53.0362966696;2207;86.996;10.512;0.0;0.0;0.0;1.45;1.042;0.0;0.0
RS;Barros Cassal;-29.0877043607;-52.5877521245;8214;81.032;13.842;0.329;0.158;0.0;4.285;0.353;0.0;0.0
RS;Benjamin Constant do Sul;-27.5085835627;-52.6022250047;1760;73.75;24.659;0.0;0.0;0.0;0.568;1.023;0.0;0.0
RS;Bento Gonçalves;-29.1674019332;-51.5155603063;108584;73.466;16.692;1.554;1.217;0.0;2.141;4.93;0.0;0.0
RS;Boa Vista das Missões;-27.666111035;-53.3127563938;1702;77.438;21.387;0.235;0.176;0.0;0.235;0.529;0.0;0.0
RS;Boa Vista do Buricá;-27.6715669968;-54.1094812553;6162;88.851;9.559;0.357;0.0;0.049;0.276;0.909;0.0;0.0
RS;Boa Vista do Cadeado;-28.5774344755;-53.8137346351;2002;78.322;20.729;0.4;0.0;0.0;0.1;0.45;0.0;0.0
RS;Boa Vista do Incra;-28.818488034;-53.3887049606;1987;63.01;35.984;0.101;0.403;0.0;0.0;0.503;0.0;0.0
RS;Boa Vista do Sul;-29.3501193715;-51.6772718371;2544;94.222;4.56;0.039;0.0;0.0;0.472;0.708;0.0;0.0
RS;Bom Jesus;-28.6705776756;-50.43334927;9640;73.413;20.954;0.633;1.151;0.0;1.608;2.137;0.0;0.104
RS;Bom Princípio;-29.4944851149;-51.3555190974;11563;87.46;8.683;0.519;0.156;0.0;1.219;1.963;0.0;0.0
RS;Bom Progresso;-27.5467742042;-53.8667908856;1844;47.289;42.082;6.236;0.0;0.0;0.0;4.393;0.0;0.0
RS;Bom Retiro do Sul;-29.6074226199;-51.943846766;10782;64.932;30.041;0.547;0.38;0.0;1.846;2.254;0.0;0.0
RS;Boqueirão do Leão;-29.3051579179;-52.4280502645;5542;93.576;5.576;0.126;0.0;0.0;0.0;0.722;0.0;0.0
RS;Bossoroca;-28.7307243302;-54.9098109253;5270;60.323;28.159;4.269;0.398;0.0;5.218;1.632;0.0;0.0
RS;Bozano;-28.3662899402;-53.7724021388;1933;80.6;16.762;0.259;0.31;0.0;0.207;1.759;0.0;0.103
RS;Braga;-27.6191925075;-53.7443293821;2874;69.381;26.688;1.009;0.0;0.0;0.104;2.818;0.0;0.0
RS;Brochier;-29.5555279556;-51.5889159717;4467;61.742;34.744;0.381;0.381;0.0;0.336;2.418;0.0;0.0
RS;Butiá;-30.1161440126;-51.9614829532;16697;57.633;26.574;0.719;2.623;0.0;1.893;10.445;0.0;0.114
RS;Caçapava do Sul;-30.5147432341;-53.48756892;28932;66.563;17.265;3.339;1.552;0.0;2.098;9.184;0.0;0.0
RS;Cacequi;-29.8802876605;-54.8277276903;9890;60.617;22.791;4.196;4.408;0.0;1.891;6.097;0.0;0.0
RS;Cachoeira do Sul;-30.0458199797;-52.8934125585;71059;71.078;17.971;2.408;2.65;0.017;1.794;4.023;0.0;0.059
RS;Cachoeirinha;-29.9506294443;-51.0936769543;118842;49.68;24.046;3.277;4.938;0.029;4.039;13.989;0.0;0.0
RS;Cacique Doble;-27.768232466;-51.6641134498;4081;79.907;11.419;0.0;0.0;0.025;0.368;8.282;0.0;0.0
RS;Caibaté;-28.2910748192;-54.6378867042;4212;78.276;17.047;0.617;0.0;0.0;0.309;3.751;0.0;0.0
RS;Caiçara;-27.2809406646;-53.4318954851;4341;89.542;9.422;0.0;0.069;0.0;0.092;0.875;0.0;0.0
RS;Camaquã;-30.8507043893;-51.8146009062;54751;55.752;33.603;1.545;1.465;0.051;2.789;4.752;0.013;0.029
RS;Camargo;-28.5892375315;-52.2037989733;2615;90.937;6.616;0.115;0.268;0.0;0.421;1.644;0.0;0.0
RS;Cambará do Sul;-29.0481752734;-50.1437653843;5544;61.724;26.732;1.01;0.289;0.0;1.569;8.676;0.0;0.0
RS;Campestre da Serra;-28.7965122469;-51.0956640048;2928;85.929;10.451;0.171;0.0;0.0;2.22;1.23;0.0;0.0
RS;Campina das Missões;-27.9916900284;-54.8453289508;5302;91.739;5.583;0.151;0.094;0.0;1.245;1.188;0.0;0.0
RS;Campinas do Sul;-27.7116014161;-52.6331044778;4741;83.569;15.144;0.211;0.0;0.0;0.295;0.78;0.0;0.0
RS;Campo Bom;-29.6756850971;-51.0588699243;55313;61.987;28.914;1.289;0.564;0.0;2.43;4.816;0.0;0.0
RS;Campo Novo;-27.6744926102;-53.8028138687;4324;63.09;28.816;0.902;0.486;0.0;2.775;3.932;0.0;0.0
RS;Campos Borges;-28.8921317673;-52.9989147332;3199;86.808;11.504;0.313;0.25;0.0;0.594;0.531;0.0;0.0
RS;Candelária;-29.671285416;-52.7896684388;25769;57.876;36.796;0.761;0.617;0.0;2.484;1.467;0.0;0.0
RS;Cândido Godói;-27.9513180681;-54.7528340429;5690;71.476;26.397;0.0;0.07;0.0;1.283;0.773;0.0;0.0
RS;Candiota;-31.5610097236;-53.6778046425;9157;49.776;25.456;2.577;3.942;0.0;2.097;16.108;0.0;0.044
RS;Canela;-29.3579718504;-50.8148673494;42344;64.014;20.522;2.125;1.674;0.163;3.018;8.483;0.0;0.0
RS;Canguçu;-31.3938595243;-52.6762858321;44468;39.383;47.848;2.184;1.628;0.0;1.291;7.644;0.0;0.022
RS;Canoas;-29.9186967065;-51.1810297807;305505;54.572;20.146;3.523;5.481;0.028;4.309;11.896;0.038;0.007
RS;Canudos do Vale;-29.3235252963;-52.2323826172;1524;84.383;15.289;0.0;0.0;0.0;0.328;0.0;0.0;0.0
RS;Capão Bonito do Sul;-28.1259752949;-51.3951584627;1523;82.534;12.213;0.788;0.0;0.0;0.788;3.677;0.0;0.0
RS;Capão da Canoa;-29.7614666401;-50.0200224443;54717;58.673;19.901;3.343;3.915;0.0;5.576;8.418;0.042;0.133
RS;Capão do Cipó;-28.9316275196;-54.554699;2771;73.547;23.457;0.108;0.0;0.072;0.505;2.31;0.0;0.0
RS;Capão do Leão;-31.7668386566;-52.4870075721;22883;24.053;36.298;4.593;6.957;0.197;2.862;25.001;0.013;0.026
RS;Capivari do Sul;-30.1496596629;-50.5088079341;3497;66.486;19.502;0.772;1.83;0.2;7.921;3.289;0.0;0.0
RS;Capela de Santana;-29.701944852;-51.3217693454;9721;63.409;24.977;0.895;1.533;0.144;2.633;6.409;0.0;0.0
RS;Capitão;-29.2694996086;-51.9859688456;2551;88.083;10.545;0.118;0.51;0.0;0.274;0.47;0.0;0.0
RS;Carazinho;-28.2865105909;-52.7918973881;54204;67.283;25.945;0.946;1.092;0.055;2.111;2.524;0.044;0.0
RS;Caraá;-29.7786374562;-50.4357564296;6615;72.668;19.38;1.723;0.771;0.257;2.147;2.963;0.0;0.091
RS;Carlos Barbosa;-29.2982968059;-51.50381763;27063;84.632;11.662;0.547;0.395;0.0;0.794;1.969;0.0;0.0
RS;Carlos Gomes;-27.7148920751;-51.9175762299;1253;95.85;3.671;0.0;0.0;0.0;0.319;0.16;0.0;0.0
RS;Casca;-28.5598740168;-51.9832326574;8464;91.966;5.884;0.425;0.0;0.0;0.709;1.016;0.0;0.0
RS;Caseiros;-28.2735654703;-51.6926828223;2642;85.087;13.55;0.0;0.606;0.0;0.53;0.227;0.0;0.0
RS;Catuípe;-28.2542344725;-54.0123868477;7759;74.791;21.111;0.309;0.193;0.0;0.915;2.475;0.0;0.206
RS;Caxias do Sul;-29.1668990111;-51.1788602059;410867;68.369;17.068;2.733;2.329;0.009;3.496;5.934;0.021;0.042
RS;Centenário;-27.7628471304;-52.0020538458;2462;97.766;2.234;0.0;0.0;0.0;0.0;0.0;0.0;0.0
RS;Cerrito;-31.8526391268;-52.8148023323;5202;32.295;29.623;2.672;4.96;0.0;2.307;28.008;0.019;0.115
RS;Cerro Branco;-29.6562871949;-52.9419778017;3509;51.354;46.965;0.484;0.085;0.0;0.0;0.997;0.114;0.0
RS;Cerro Grande;-27.6079801347;-53.1659130765;2100;72.81;24.524;0.0;0.095;0.0;0.0;2.571;0.0;0.0
RS;Cerro Grande do Sul;-30.602028929;-51.7531032652;8077;69.246;27.089;0.854;0.21;0.0;0.755;1.845;0.0;0.0
RS;Cerro Largo;-28.147840877;-54.7399972399;12256;78.46;14.776;1.159;0.033;0.0;1.469;4.104;0.0;0.0
RS;Chapada;-28.0584504612;-53.0672769044;8558;79.072;18.93;0.28;0.0;0.0;0.678;1.04;0.0;0.0
RS;Charqueadas;-29.956800363;-51.6250060522;31395;47.683;23.536;4.294;5.81;0.0;2.994;15.547;0.137;0.0
RS;Charrua;-27.9528311011;-52.0294119535;2496;70.152;29.287;0.0;0.0;0.0;0.401;0.16;0.0;0.0
RS;Chiapetta;-27.917364754;-53.9457497024;3438;67.423;30.716;0.0;0.0;0.0;0.291;1.571;0.0;0.0
RS;Chuí;-33.6875668687;-53.4626751417;5477;35.603;7.431;3.232;4.528;0.0;11.393;37.758;0.0;0.055
RS;Chuvisca;-30.7574267112;-51.9785422226;4071;43.798;53.328;0.0;0.0;0.0;1.13;1.744;0.0;0.0
RS;Cidreira;-30.1811699862;-50.2090923339;15069;53.998;18.674;4.579;9.304;0.033;7.008;6.331;0.0;0.073
RS;Ciríaco;-28.3443025435;-51.883031292;3731;86.438;12.115;0.054;0.0;0.0;0.804;0.59;0.0;0.0
RS;Colinas;-29.3925368716;-51.8685755465;2182;40.651;54.033;0.642;0.229;0.0;0.779;3.666;0.0;0.0
RS;Colorado;-28.5229477599;-52.9931763195;2944;89.402;7.948;0.0;1.019;0.0;0.51;1.121;0.0;0.0
RS;Condor;-28.2052957753;-53.4889433309;5628;44.279;50.444;0.0;0.0;0.178;1.475;3.625;0.0;0.0
RS;Constantina;-27.7304110864;-52.9877388321;9084;79.668;17.536;0.374;0.066;0.0;0.319;2.037;0.0;0.0
RS;Coqueiro Baixo;-29.1792568013;-52.0946025596;1202;96.423;2.912;0.0;0.333;0.0;0.0;0.333;0.0;0.0
RS;Coqueiros do Sul;-28.1174283206;-52.7788008456;1987;53.749;43.785;0.705;0.101;0.0;0.604;1.057;0.0;0.0
RS;Coronel Barros;-28.3845408587;-54.0736624303;2530;30.87;65.415;0.158;0.316;0.0;1.028;2.213;0.0;0.0
RS;Coronel Bicaco;-27.7178730196;-53.7091281065;5374;74.432;21.902;0.167;0.093;0.0;2.121;1.005;0.0;0.279
RS;Coronel Pilar;-29.2727100754;-51.6849345966;1494;91.834;6.827;0.335;0.268;0.0;0.201;0.535;0.0;0.0
RS;Cotiporã;-28.9985764276;-51.6964336774;3518;92.496;5.941;0.085;0.341;0.0;0.455;0.682;0.0;0.0
RS;Coxilha;-28.1213417108;-52.3002778295;2321;78.242;20.767;0.259;0.388;0.086;0.129;0.129;0.0;0.0
RS;Crissiumal;-27.4980122694;-54.1000349062;11601;62.046;36.057;0.276;0.0;0.0;0.612;1.009;0.0;0.0
RS;Cristal;-30.9993451918;-52.0494104018;6383;50.666;39.041;0.235;0.642;0.251;1.614;7.489;0.0;0.063
RS;Cristal do Sul;-27.4536295672;-53.2491844953;2386;77.494;21.961;0.0;0.126;0.0;0.0;0.419;0.0;0.0
RS;Cruz Alta;-28.6424466085;-53.6052407621;51341;61.259;21.46;3.564;2.026;0.023;6.065;5.5;0.0;0.101
RS;Cruzaltense;-27.6648881086;-52.6481429882;1487;89.778;9.886;0.0;0.0;0.0;0.0;0.336;0.0;0.0
RS;Cruzeiro do Sul;-29.5082909687;-51.9915758852;10397;80.11;16.889;0.481;0.971;0.0;0.693;0.856;0.0;0.0
RS;David Canabarro;-28.3846115341;-51.8522490565;3897;93.328;5.337;0.205;0.0;0.0;0.924;0.205;0.0;0.0
RS;Derrubadas;-27.2653909363;-53.8651194603;2450;67.102;29.959;0.0;0.0;0.0;0.0;2.776;0.0;0.163
RS;Dezesseis de Novembro;-28.2268764435;-55.048208502;2275;61.231;24.659;6.066;0.352;0.0;6.066;1.626;0.0;0.0
RS;Dilermando de Aguiar;-29.7019639098;-54.2135603845;2510;70.319;18.805;2.629;2.311;0.0;1.952;3.984;0.0;0.0
RS;Dois Irmãos;-29.5841587789;-51.087619313;27004;73.871;17.668;1.418;0.096;0.019;2.433;4.414;0.0;0.081
RS;Dois Irmãos das Missões;-27.6575367314;-53.5308646235;1810;55.58;36.575;0.0;0.0;0.0;0.331;7.514;0.0;0.0
RS;Dois Lajeados;-28.9752053862;-51.8351029869;2802;92.969;4.747;0.25;0.107;0.0;0.892;1.035;0.0;0.0
RS;Dom Feliciano;-30.7085984263;-52.1039335797;11622;81.036;14.369;0.852;0.336;0.0;0.172;3.235;0.0;0.0
RS;Dom Pedro de Alcântara;-29.3701870791;-49.8495499617;2281;84.831;12.407;0.263;0.0;0.0;0.614;1.885;0.0;0.0
RS;Dom Pedrito;-30.9812670568;-54.6741301838;32809;55.012;25.438;4.093;3.776;0.0;1.433;10.159;0.0;0.088
RS;Dona Francisca;-29.6248524913;-53.3623331808;2769;77.718;20.621;0.289;0.361;0.0;0.506;0.506;0.0;0.0
RS;Doutor Maurício Cardoso;-27.5092126137;-54.3582679905;4034;62.345;36.217;0.223;0.0;0.0;0.421;0.793;0.0;0.0
RS;Doutor Ricardo;-29.099031061;-51.9849043921;1732;92.09;6.64;0.0;0.0;0.0;0.289;0.982;0.0;0.0
RS;Eldorado do Sul;-29.9992925946;-51.310418926;33923;47.794;26.469;3.254;3.806;0.032;5.778;12.699;0.032;0.136
RS;Encantado;-29.2399172072;-51.8730231344;20319;78.631;17.634;0.364;0.684;0.0;0.6;2.087;0.0;0.0
RS;Encruzilhada do Sul;-30.5436573248;-52.5220453899;21103;72.881;10.719;1.659;3.658;0.0;2.407;8.676;0.0;0.0
RS;Engenho Velho;-27.7085865197;-52.911920503;1093;81.061;16.56;0.366;0.0;0.0;0.0;2.013;0.0;0.0
RS;Entre-Ijuís;-28.3627942779;-54.2714318512;8099;58.637;36.116;1.939;0.247;0.0;1.803;1.148;0.0;0.111
RS;Entre Rios do Sul;-27.5288579316;-52.7350679521;2395;85.052;12.651;0.501;0.0;0.0;0.752;1.044;0.0;0.0
RS;Erebango;-27.8491959409;-52.299711403;2624;68.331;25.991;0.0;0.381;0.61;1.753;2.934;0.0;0.0
RS;Erechim;-27.6334058108;-52.2758768979;93333;73.496;18.747;1.445;0.704;0.024;2.081;3.432;0.0;0.072
RS;Ernestina;-28.4971546905;-52.5721762089;2717;74.015;24.144;0.847;0.221;0.0;0.515;0.258;0.0;0.0
RS;Herval;-32.0267435512;-53.3943378609;5502;51.763;21.301;2.872;3.126;0.0;2.072;18.866;0.0;0.0
RS;Erval Grande;-27.3933366745;-52.5701120524;4384;84.284;15.42;0.046;0.046;0.0;0.205;0.0;0.0;0.0
RS;Erval Seco;-27.5494171265;-53.5095730837;5937;58.262;37.814;0.101;0.0;0.556;0.118;3.15;0.0;0.0
RS;Esmeralda;-28.057276348;-51.1887936625;2808;75.107;21.047;1.425;0.142;0.0;1.246;1.033;0.0;0.0
RS;Esperança do Sul;-27.3599436088;-53.9927678151;2838;46.054;52.185;0.247;0.07;0.0;0.599;0.846;0.0;0.0
RS;Espumoso;-28.7314451425;-52.8419269709;13493;88.32;9.338;0.563;0.104;0.0;0.519;1.156;0.0;0.0
RS;Estação;-27.9090063415;-52.2704857967;5014;83.347;14.34;0.199;0.0;0.0;0.858;1.256;0.0;0.0
RS;Estância Velha;-29.6501479676;-51.174293925;41965;60.963;28.386;1.773;1.487;0.033;2.883;4.475;0.0;0.0
RS;Esteio;-29.8521862955;-51.1438373394;67104;57.77;20.359;3.311;4.77;0.052;3.825;9.742;0.042;0.128
RS;Estrela;-29.5034718768;-51.9702602942;28252;65.556;26.267;0.673;1.172;0.0;2.202;4.131;0.0;0.0
RS;Estrela Velha;-29.1796613617;-53.1602937787;2710;80.221;18.598;0.0;0.0;0.959;0.111;0.111;0.0;0.0
RS;Eugênio de Castro;-28.5250597626;-54.1481126185;2373;58.744;36.157;2.571;0.632;0.0;0.59;1.306;0.0;0.0
RS;Fagundes Varela;-28.8821343126;-51.6914487477;2346;94.373;4.604;0.256;0.085;0.0;0.554;0.128;0.0;0.0
RS;Farroupilha;-29.2236791868;-51.3483495738;62475;77.039;14.329;1.125;1.058;0.0;2.151;4.245;0.0;0.053
RS;Faxinal do Soturno;-29.5743295398;-53.4390648197;6008;76.332;19.075;0.649;0.133;0.0;1.448;2.364;0.0;0.0
RS;Faxinalzinho;-27.4254155069;-52.6705912422;2233;77.385;21.182;0.0;0.0;0.0;0.179;1.254;0.0;0.0
RS;Fazenda Vilanova;-29.5885745297;-51.8211830446;3725;69.02;26.98;0.0;0.188;0.0;1.611;2.201;0.0;0.0
RS;Feliz;-29.4539709262;-51.3101021354;12263;75.805;18.535;0.726;0.465;0.0;1.566;2.903;0.0;0.0
RS;Flores da Cunha;-29.0311421437;-51.1822205769;27459;81.729;12.568;0.692;0.812;0.0;1.865;2.334;0.0;0.0
RS;Floriano Peixoto;-27.8625092779;-52.0856070999;1536;86.003;13.997;0.0;0.0;0.0;0.0;0.0;0.0;0.0
RS;Fontoura Xavier;-28.9821677892;-52.3449531838;8480;87.972;7.925;1.474;0.071;0.0;1.84;0.719;0.0;0.0
RS;Formigueiro;-29.9976338154;-53.5002944149;5731;74.42;20.974;1.431;0.733;0.0;0.523;1.78;0.07;0.07
RS;Forquetinha;-29.3806337847;-52.0969170585;2186;44.282;54.895;0.0;0.0;0.0;0.823;0.0;0.0;0.0
RS;Fortaleza dos Valos;-28.787882971;-53.2355232639;3939;72.734;25.083;0.99;0.178;0.0;0.457;0.559;0.0;0.0
RS;Frederico Westphalen;-27.3588824124;-53.4007767389;28419;83.831;12.428;0.352;0.873;0.0;1.133;1.313;0.0;0.07
RS;Garibaldi;-29.2545491128;-51.5295484588;30625;84.212;10.919;0.767;0.549;0.0;1.544;1.972;0.0;0.036
RS;Garruchos;-28.1894767901;-55.6340719501;2436;62.972;28.695;1.929;0.78;0.0;1.067;4.557;0.0;0.0
RS;Gaurama;-27.5838577563;-52.1001384605;5158;89.24;9.209;0.291;0.194;0.0;0.601;0.465;0.0;0.0
RS;General Câmara;-29.9029837414;-51.7634306851;6772;71.382;20.068;3.027;3.101;0.0;1.122;1.299;0.0;0.0
RS;Gentil;-28.433848467;-52.0345235699;1507;83.079;16.058;0.332;0.0;0.0;0.0;0.332;0.199;0.0
RS;Getúlio Vargas;-27.8759119305;-52.2495741233;14832;77.144;18.824;1.706;0.034;0.007;1.254;1.032;0.0;0.0
RS;Giruá;-28.0297443729;-54.3508400777;14148;64.582;33.051;0.714;0.0;0.0;0.855;0.777;0.0;0.021
RS;Glorinha;-29.8771339613;-50.7862074319;6709;68.162;18.393;4.501;1.908;0.0;1.699;5.336;0.0;0.0
RS;Gramado;-29.3797375184;-50.8719457003;35215;63.331;19.733;2.263;0.758;0.043;4.561;9.192;0.0;0.119
RS;Gramado dos Loureiros;-27.4443850214;-52.918217983;1797;82.972;13.745;0.0;0.111;0.056;0.89;2.003;0.0;0.223
RS;Gramado Xavier;-29.2699362175;-52.577837757;2902;92.316;7.133;0.0;0.0;0.0;0.0;0.345;0.0;0.207
RS;Gravataí;-29.9455189133;-50.9907929748;233259;56.353;21.241;2.553;4.746;0.037;4.025;11.022;0.018;0.004
RS;Guabiju;-28.540671531;-51.6910473581;1297;93.909;5.32;0.771;0.0;0.0;0.0;0.0;0.0;0.0
RS;Guaíba;-30.1086019224;-51.3146836637;81791;52.486;22.319;3.481;6.38;0.026;3.741;11.441;0.0;0.126
RS;Guaporé;-28.8491336405;-51.8906506875;22365;82.45;11.581;0.742;0.796;0.0;0.894;3.537;0.0;0.0
RS;Guarani das Missões;-28.1417792573;-54.5605559297;6723;84.263;13.238;0.164;0.0;0.0;0.416;1.919;0.0;0.0
RS;Harmonia;-29.5490490868;-51.4140397047;4784;89.381;7.462;0.502;0.063;0.0;1.777;0.815;0.0;0.0
RS;Herveiras;-29.4570438109;-52.6501705958;2237;73.447;25.168;0.0;0.089;0.0;0.402;0.894;0.0;0.0
RS;Horizontina;-27.6300969137;-54.3087915109;16615;59.103;36.238;0.572;0.175;0.0;0.698;3.214;0.0;0.0
RS;Hulha Negra;-31.4050982484;-53.867824794;5160;48.818;38.314;1.395;0.95;0.0;1.492;8.973;0.0;0.058
RS;Humaitá;-27.5614898161;-53.9765055737;4219;80.137;18.109;0.64;0.047;0.0;0.166;0.901;0.0;0.0
RS;Ibarama;-29.4207443611;-53.1332000129;3366;90.79;8.051;1.04;0.059;0.0;0.0;0.059;0.0;0.0
RS;Ibiaçá;-28.0488495215;-51.8572520902;4077;73.485;8.634;0.147;0.221;0.0;0.123;17.39;0.0;0.0
RS;Ibiraiaras;-28.3692267294;-51.6353239892;6022;84.59;11.076;0.465;0.0;0.0;0.382;3.487;0.0;0.0
RS;Ibirapuitã;-28.6150204152;-52.5193855878;3297;73.794;24.052;0.152;0.091;0.0;0.849;1.062;0.0;0.0
RS;Ibirubá;-28.6276077824;-53.0883540195;19064;56.132;36.157;1.463;1.007;0.0;2.717;2.523;0.0;0.0
RS;Igrejinha;-29.5722204558;-50.7987107333;28608;54.46;34.368;0.877;0.874;0.0;1.706;7.578;0.0;0.136
RS;Ijuí;-28.388536541;-53.9180668357;74532;56.03;36.638;0.906;0.369;0.0;1.597;4.434;0.0;0.027
RS;Ilópolis;-28.9291527318;-52.1221574946;3715;90.175;8.802;0.0;0.108;0.0;0.081;0.834;0.0;0.0
RS;Imbé;-29.9747778207;-50.1305799407;23636;52.644;16.42;4.121;3.791;0.0;4.497;18.21;0.08;0.237
RS;Imigrante;-29.3521581198;-51.7701905101;2811;56.457;41.089;0.925;0.0;0.0;0.178;1.352;0.0;0.0
RS;Independência;-27.8473315581;-54.1881083346;5685;73.967;24.644;0.035;0.0;0.0;0.176;1.143;0.0;0.035
RS;Inhacorá;-27.8804544583;-54.0125455914;1764;61.961;36.565;0.0;0.0;0.0;0.68;0.794;0.0;0.0
RS;Ipê;-28.8183280318;-51.2799101922;4843;89.056;7.826;0.434;0.186;0.0;1.198;1.301;0.0;0.0
RS;Ipiranga do Sul;-27.9359842849;-52.4250606441;1561;93.209;5.317;0.256;0.128;0.0;0.192;0.769;0.0;0.128
RS;Iraí;-27.192281975;-53.2642960185;6532;75.383;19.718;0.796;0.061;0.0;1.347;1.806;0.0;0.888
RS;Itaara;-29.6028879547;-53.757849249;4945;65.541;20.243;3.68;2.487;0.0;3.62;4.429;0.0;0.0
RS;Itacurubi;-28.8022050331;-55.2327232641;2685;49.162;42.384;2.16;0.0;0.0;0.931;5.363;0.0;0.0
RS;Itapuca;-28.780295703;-52.1723668452;1730;96.185;3.642;0.0;0.0;0.0;0.116;0.058;0.0;0.0
RS;Itaqui;-29.1286368991;-56.557133497;30938;49.48;30.713;3.943;2.153;0.0;3.084;10.628;0.0;0.0
RS;Itati;-29.5002484955;-50.1017822614;2323;63.237;32.716;0.258;0.646;0.0;2.109;1.033;0.0;0.0
RS;Itatiba do Sul;-27.3832919401;-52.4524432547;2910;87.629;10.481;0.0;0.137;0.0;0.584;1.168;0.0;0.0
RS;Ivorá;-29.5195344843;-53.5808856194;1787;91.55;7.275;0.0;0.112;0.0;0.392;0.672;0.0;0.0
RS;Ivoti;-29.5941565229;-51.1595741943;20400;65.245;26.412;1.176;0.402;0.0;2.319;4.328;0.059;0.059
RS;Jaboticaba;-27.6312223863;-53.284389402;3387;70.328;27.547;0.295;0.177;0.0;1.211;0.443;0.0;0.0
RS;Jacuizinho;-29.0338163561;-53.0565506588;1828;77.681;19.967;0.547;0.0;0.0;0.766;1.039;0.0;0.0
RS;Jacutinga;-27.7284936336;-52.5431728064;3009;91.525;7.677;0.432;0.0;0.0;0.233;0.133;0.0;0.0
RS;Jaguarão;-32.5635686685;-53.3775229153;23679;50.686;8.366;8.59;6.115;0.0;3.273;22.843;0.127;0.0
RS;Jaguari;-29.4973467312;-54.6938466713;9653;85.528;8.961;1.481;0.518;0.0;0.974;2.538;0.0;0.0
RS;Jaquirana;-28.8805675913;-50.3580367222;3212;76.37;20.423;0.405;0.093;0.0;0.685;2.024;0.0;0.0
RS;Jari;-29.2900810968;-54.2199358203;2985;79.229;16.65;1.407;0.436;0.0;0.57;1.709;0.0;0.0
RS;Jóia;-28.6456235346;-54.115964897;6428;66.693;27.396;2.691;0.404;0.0;0.716;1.991;0.0;0.109
RS;Júlio de Castilhos;-29.2264491193;-53.6830996146;16100;79.888;13.068;1.348;1.366;0.0;1.323;2.882;0.056;0.068
RS;Lagoa Bonita do Sul;-29.4941314004;-53.0169831808;2039;89.112;10.299;0.098;0.098;0.0;0.0;0.392;0.0;0.0
RS;Lagoão;-29.2243164011;-52.7750289083;4699;90.615;7.406;0.192;0.043;0.0;1.149;0.596;0.0;0.0
RS;Lagoa dos Três Cantos;-28.5694681327;-52.8578352424;1539;55.166;42.495;0.0;0.0;0.0;1.105;1.235;0.0;0.0
RS;Lagoa Vermelha;-28.2088702462;-51.5272285291;24152;75.505;19.692;1.097;0.927;0.0;1.586;1.122;0.0;0.07
RS;Lajeado;-29.4654544025;-51.9678277005;81811;66.009;24.694;1.668;0.95;0.0;1.593;4.8;0.286;0.0
RS;Lajeado do Bugre;-27.6907694084;-53.1813871338;2249;30.325;53.179;0.089;0.0;0.0;0.356;15.829;0.0;0.222
RS;Lavras do Sul;-30.812009993;-53.8984766555;6388;67.94;17.235;5.448;1.205;0.0;1.518;6.23;0.423;0.0
RS;Liberato Salzano;-27.5964701639;-53.0748607372;4223;89.06;10.656;0.0;0.047;0.0;0.118;0.118;0.0;0.0
RS;Lindolfo Collor;-29.6008035858;-51.2081553216;5384;52.247;41.828;0.204;0.149;0.0;2.229;3.343;0.0;0.0
RS;Linha Nova;-29.4626386026;-51.2019020948;1545;25.631;59.159;0.0;0.129;0.0;12.88;2.201;0.0;0.0
RS;Machadinho;-27.5681399699;-51.6675073605;5069;86.388;11.955;0.158;0.0;0.0;0.552;0.947;0.0;0.0
RS;Maçambará;-29.1461441992;-56.0636134817;3869;58.18;35.151;2.61;0.207;0.0;0.414;3.438;0.0;0.0
RS;Mampituba;-29.2106494197;-49.9365135524;2742;83.005;11.05;0.109;0.511;0.0;0.328;4.996;0.0;0.0
RS;Manoel Viana;-29.5805371826;-55.4916625395;6040;65.679;19.735;3.245;0.993;0.0;2.815;7.434;0.05;0.05
RS;Maquiné;-29.6791370129;-50.2033948126;6576;75.213;14.051;0.912;0.715;0.973;2.798;5.338;0.0;0.0
RS;Maratá;-29.5553229676;-51.5555668833;2227;74.809;23.529;0.269;0.0;0.0;0.629;0.763;0.0;0.0
RS;Marau;-28.4484539273;-52.196776934;39328;78.084;14.748;0.328;0.519;0.0;3.6;2.479;0.0;0.242
RS;Marcelino Ramos;-27.4613912129;-51.9133189437;3920;77.143;21.378;0.306;0.077;0.0;0.102;0.995;0.0;0.0
RS;Mariana Pimentel;-30.3536222023;-51.5873429914;3517;74.552;17.998;0.512;1.137;0.0;3.099;2.701;0.0;0.0
RS;Mariano Moro;-27.3526127883;-52.1488918173;1695;93.982;4.779;0.0;0.0;0.0;0.177;1.062;0.0;0.0
RS;Marques de Souza;-29.3291373441;-52.0978044284;3582;40.899;56.449;0.363;0.0;0.0;1.424;0.865;0.0;0.0
RS;Mata;-29.5693917756;-54.4524354819;4252;75.941;18.25;0.917;0.282;0.0;0.282;4.327;0.0;0.0
RS;Mato Castelhano;-28.2757617412;-52.1972608812;2213;83.823;13.782;0.09;0.271;0.0;0.362;1.672;0.0;0.0
RS;Mato Leitão;-29.5248303378;-52.1330293263;4321;76.765;20.134;0.0;1.944;0.0;0.926;0.231;0.0;0.0
RS;Mato Queimado;-28.255815987;-54.6168368777;1611;89.944;8.007;0.0;0.0;0.0;0.0;2.048;0.0;0.0
RS;Maximiliano de Almeida;-27.6349406518;-51.801718197;3757;87.171;11.632;0.0;0.0;0.0;0.319;0.878;0.0;0.0
RS;Minas do Leão;-30.1224395107;-52.0512801986;6569;57.391;27.858;2.223;0.989;0.0;3.714;7.825;0.0;0.0
RS;Miraguaí;-27.4960764231;-53.6859940448;3882;53.4;43.483;0.283;0.103;0.0;0.232;2.499;0.0;0.0
RS;Montauri;-28.6532071851;-52.0761081911;1366;98.316;1.318;0.0;0.0;0.0;0.0;0.366;0.0;0.0
RS;Monte Alegre dos Campos;-28.6850717757;-50.7828337051;2785;85.135;13.716;0.251;0.18;0.0;0.0;0.718;0.0;0.0
RS;Monte Belo do Sul;-29.1599412231;-51.6315592454;2339;94.87;3.848;0.556;0.0;0.0;0.342;0.385;0.0;0.0
RS;Montenegro;-29.6881186099;-51.4612993757;56509;66.023;22.122;1.991;1.993;0.0;2.962;4.886;0.018;0.005
RS;Mormaço;-28.6933512202;-52.6928263151;2455;85.54;14.134;0.0;0.163;0.0;0.0;0.163;0.0;0.0
RS;Morrinhos do Sul;-29.36296363;-49.9327629743;2742;91.174;7.039;0.0;0.438;0.0;0.547;0.802;0.0;0.0
RS;Morro Redondo;-31.5822032274;-52.6577802014;5443;31.876;47.768;2.37;1.617;0.0;2.131;14.202;0.0;0.037
RS;Morro Reuter;-29.5393416586;-51.0800883478;5429;80.273;14.349;0.35;0.129;0.0;2.395;2.505;0.0;0.0
RS;Mostardas;-31.1082251074;-50.9191588511;10529;67.29;23.839;0.551;1.301;0.0;2.279;4.502;0.0;0.237
RS;Muçum;-29.1656148146;-51.8660555261;4104;82.505;14.742;0.463;0.536;0.0;0.56;1.194;0.0;0.0
RS;Muitos Capões;-28.3189128015;-51.1846023449;2489;74.608;9.0;0.763;0.201;0.0;14.504;0.924;0.0;0.0
RS;Muliterno;-28.3302653563;-51.7687012353;1520;81.184;14.276;1.118;0.0;0.0;0.066;3.355;0.0;0.0
RS;Não-Me-Toque;-28.4599067659;-52.8192794924;15659;71.109;26.592;0.255;0.255;0.16;0.396;1.233;0.0;0.0
RS;Nicolau Vergueiro;-28.5362148139;-52.4624006732;1718;84.284;14.668;0.0;0.0;0.0;0.582;0.466;0.0;0.0
RS;Nonoai;-27.3546645325;-52.7761885672;11768;65.449;31.152;0.501;0.204;0.025;1.419;1.037;0.212;0.0
RS;Nova Alvorada;-28.6765644328;-52.1671339173;2798;96.605;3.145;0.0;0.179;0.0;0.0;0.071;0.0;0.0
RS;Nova Araçá;-28.6581760371;-51.742164634;4366;80.989;7.513;0.137;0.916;0.0;2.13;8.314;0.0;0.0
RS;Nova Bassano;-28.7234686416;-51.7032314174;8644;90.791;7.242;0.0;0.359;0.0;0.301;1.249;0.0;0.058
RS;Nova Boa Vista;-27.9879676591;-52.9814768438;1839;84.611;14.682;0.054;0.0;0.0;0.109;0.544;0.0;0.0
RS;Nova Bréscia;-29.2165114325;-52.0179835406;2769;92.633;6.248;0.0;0.0;0.0;0.289;0.831;0.0;0.0
RS;Nova Candelária;-27.6120981609;-54.1041142398;2713;86.325;13.269;0.0;0.0;0.0;0.147;0.258;0.0;0.0
RS;Nova Esperança do Sul;-29.4045957086;-54.8358729019;4361;80.647;15.318;0.252;0.573;0.0;0.848;2.362;0.0;0.0
RS;Nova Hartz;-29.585747533;-50.9037934307;17056;54.731;38.086;0.246;0.551;0.0;1.935;4.45;0.0;0.0
RS;Nova Pádua;-29.0300464453;-51.3068246422;2138;94.06;3.695;0.374;0.281;0.0;1.403;0.187;0.0;0.0
RS;Nova Palma;-29.473025738;-53.4706351109;5054;90.423;7.539;0.079;0.0;0.0;0.97;0.989;0.0;0.0
RS;Nova Petrópolis;-29.3762088694;-51.106953924;20645;52.725;38.058;1.206;0.383;0.0;2.504;5.125;0.0;0.0
RS;Nova Prata;-28.7839447132;-51.608995692;22695;80.242;15.25;1.049;0.405;0.0;1.128;1.926;0.0;0.0
RS;Nova Ramada;-28.0826448724;-53.7069373379;1944;58.848;39.866;0.154;0.0;0.0;0.154;0.977;0.0;0.0
RS;Nova Roma do Sul;-28.984748912;-51.405157475;3161;94.495;4.872;0.0;0.0;0.0;0.19;0.443;0.0;0.0
RS;Nova Santa Rita;-29.8486155356;-51.275210689;24807;49.341;26.545;1.911;4.398;0.0;9.211;8.594;0.0;0.0
RS;Novo Cabrais;-29.7362546057;-52.9550860641;3207;62.27;36.576;0.187;0.0;0.0;0.249;0.717;0.0;0.0
RS;Novo Hamburgo;-29.6863260252;-51.1286052776;201731;55.087;32.56;1.817;1.001;0.057;2.786;6.618;0.005;0.069
RS;Novo Machado;-27.5784006506;-54.5033844145;2922;32.786;66.085;0.0;0.0;0.0;0.171;0.958;0.0;0.0
RS;Novo Tiradentes;-27.5635584345;-53.1857025891;1906;81.584;16.159;0.367;0.0;0.0;0.735;1.154;0.0;0.0
RS;Novo Xingu;-27.7481146921;-53.0641092995;1465;44.983;53.857;0.0;0.0;0.0;0.546;0.614;0.0;0.0
RS;Novo Barreiro;-27.906788467;-53.113498851;3755;63.222;34.967;0.0;0.0;0.0;0.905;0.905;0.0;0.0
RS;Osório;-29.8926970775;-50.2667978126;41598;55.248;16.539;2.906;2.185;0.149;9.085;13.443;0.0;0.445
RS;Paim Filho;-27.7033080739;-51.7615966409;3325;87.609;11.429;0.12;0.12;0.0;0.06;0.662;0.0;0.0
RS;Palmares do Sul;-30.2600666451;-50.5060519723;11406;64.641;18.28;1.157;5.225;0.132;4.366;6.198;0.0;0.0
RS;Palmeira das Missões;-27.9006208754;-53.3149539106;28896;60.143;32.402;1.062;0.336;0.0;1.585;4.291;0.0;0.18
RS;Palmitinho;-27.3560199139;-53.555546013;6864;79.895;16.565;0.277;0.0;0.0;2.681;0.539;0.0;0.044
RS;Panambi;-28.2927305369;-53.5002651674;37746;39.578;54.416;0.48;0.053;0.0;2.217;3.174;0.045;0.037
RS;Pantano Grande;-30.1945515272;-52.3739002353;8935;69.703;15.96;1.668;3.559;0.0;1.321;7.79;0.0;0.0
RS;Paraí;-28.5996205337;-51.7820960451;6421;90.002;8.457;0.389;0.358;0.0;0.374;0.42;0.0;0.0
RS;Paraíso do Sul;-29.7313142401;-53.179100239;5878;42.123;55.342;0.068;0.085;0.0;1.769;0.612;0.0;0.0
RS;Pareci Novo;-29.6393892914;-51.3988696584;3791;81.509;14.376;0.607;0.317;0.0;0.818;2.374;0.0;0.0
RS;Parobé;-29.6317492776;-50.8348659023;45058;60.857;29.933;0.608;0.712;0.0;2.475;5.326;0.053;0.036
RS;Passa Sete;-29.4516655689;-52.9639832352;3562;90.764;5.166;0.197;0.225;0.0;3.509;0.14;0.0;0.0
RS;Passo do Sobrado;-29.74579355;-52.2787581943;5366;87.123;10.417;0.373;0.764;0.0;0.354;0.969;0.0;0.0
RS;Passo Fundo;-28.2617671279;-52.4070950926;180126;69.606;19.228;1.969;1.984;0.006;3.027;4.112;0.021;0.048
RS;Paulo Bento;-27.7041002827;-52.4224356311;1950;75.641;22.41;0.564;0.0;0.0;0.564;0.821;0.0;0.0
RS;Paverama;-29.5548561399;-51.7302929672;7039;67.737;28.143;0.696;0.071;0.0;2.188;1.165;0.0;0.0
RS;Pedras Altas;-31.7336369395;-53.5871703196;1824;58.059;19.737;1.371;1.645;0.0;1.042;17.982;0.164;0.0
RS;Pedro Osório;-31.8638282218;-52.8263117339;6648;29.949;25.436;6.017;5.701;0.0;1.67;30.535;0.045;0.647
RS;Pejuçara;-28.4215860642;-53.6565423318;3327;75.473;20.709;0.0;0.0;0.0;1.894;1.924;0.0;0.0
RS;Pelotas;-31.7195978808;-52.344320063;288621;33.616;22.731;7.947;7.001;0.011;4.523;23.783;0.324;0.064
RS;Picada Café;-29.4543844431;-51.0640498203;4801;63.924;32.452;0.542;0.104;0.062;1.166;1.687;0.062;0.0
RS;Pinhal;-27.5116742435;-53.2147061789;2574;82.828;16.511;0.233;0.0;0.0;0.0;0.272;0.0;0.155
RS;Pinhal da Serra;-27.8766645868;-51.1701027237;2000;69.75;26.55;0.6;0.1;0.0;1.5;1.5;0.0;0.0
RS;Pinhal Grande;-29.3353601289;-53.3386383371;3449;90.577;8.698;0.0;0.0;0.0;0.087;0.638;0.0;0.0
RS;Pinheirinho do Vale;-27.2097627893;-53.6195609569;3950;79.646;16.38;0.0;0.0;0.0;1.949;2.025;0.0;0.0
RS;Pinheiro Machado;-31.5805926687;-53.3846199683;10105;54.874;19.05;2.286;4.968;0.059;1.92;16.348;0.495;0.0
RS;Pinto Bandeira;-29.097505;-51.450291;2451;90.086;7.181;0.53;0.0;0.082;1.55;0.571;0.0;0.0
RS;Pirapó;-28.0453158376;-55.2003099472;2078;83.061;14.918;0.674;0.096;0.0;0.289;0.962;0.0;0.0
RS;Piratini;-31.4441124734;-53.104734454;15743;52.519;19.069;3.856;6.759;0.0;1.893;15.905;0.0;0.0
RS;Planalto;-27.3314638755;-53.0588808131;9096;84.598;12.016;0.0;0.132;0.033;0.627;2.584;0.0;0.011
RS;Poço das Antas;-29.4545464778;-51.6708902733;1945;78.56;19.846;0.103;0.0;0.0;1.285;0.206;0.0;0.0
RS;Pontão;-28.0618408394;-52.6753994466;2912;81.044;17.514;0.0;0.412;0.0;0.412;0.618;0.0;0.0
RS;Ponte Preta;-27.6570399701;-52.4902319212;1422;92.757;6.259;0.0;0.0;0.0;0.703;0.281;0.0;0.0
RS;Portão;-29.6962586011;-51.2301496442;29679;63.422;24.886;2.065;1.186;0.185;2.092;6.119;0.0;0.044
RS;Porto Alegre;-30.0300367748;-51.2286604637;1191681;54.46;13.247;5.482;6.356;0.071;4.757;15.554;0.051;0.021
RS;Porto Lucena;-27.851375116;-55.0115620453;3984;76.883;21.687;0.126;0.251;0.126;0.351;0.577;0.0;0.0
RS;Porto Mauá;-27.5786353601;-54.6719518915;1950;80.615;17.487;0.359;0.0;0.0;0.667;0.872;0.0;0.0
RS;Porto Vera Cruz;-27.7343739194;-54.899031824;1407;85.43;11.869;0.142;0.0;0.0;1.493;0.782;0.0;0.284
RS;Porto Xavier;-27.9056898469;-55.139560262;8791;65.374;30.759;0.58;0.387;0.0;0.137;2.764;0.0;0.0
RS;Pouso Novo;-29.1697612523;-52.2108697395;1558;94.737;4.685;0.385;0.0;0.0;0.0;0.193;0.0;0.0
RS;Presidente Lucena;-29.5261270682;-51.1815996951;2696;75.556;20.66;0.26;1.224;0.0;1.595;0.705;0.0;0.0
RS;Progresso;-29.2403086781;-52.3017166029;4855;96.334;2.801;0.227;0.144;0.0;0.288;0.206;0.0;0.0
RS;Protásio Alves;-28.7567128312;-51.4736316973;1823;91.936;7.296;0.11;0.0;0.0;0.384;0.274;0.0;0.0
RS;Putinga;-28.9987556541;-52.1599106947;3397;95.29;4.416;0.088;0.0;0.0;0.0;0.206;0.0;0.0
RS;Quaraí;-30.3828679609;-56.4536470404;20264;48.954;32.476;2.887;2.329;0.0;3.953;9.297;0.104;0.0
RS;Quatro Irmãos;-27.8211966887;-52.4427686045;1371;65.937;32.458;0.0;0.0;0.0;0.729;0.875;0.0;0.0
RS;Quevedos;-29.35192135;-54.0712547224;2263;73.928;23.155;0.133;0.309;0.0;1.326;1.149;0.0;0.0
RS;Quinze de Novembro;-28.7423613499;-53.0967220568;3492;28.809;68.442;0.401;1.145;0.143;0.43;0.63;0.0;0.0
RS;Redentora;-27.6615398827;-53.641933694;7965;44.432;46.265;0.05;0.0;0.804;1.544;6.855;0.0;0.05
RS;Relvado;-29.1122786661;-52.0729485543;1656;95.954;3.382;0.121;0.121;0.0;0.0;0.423;0.0;0.0
RS;Restinga Sêca;-29.8139485367;-53.3705685765;13309;70.621;22.331;1.322;2.014;0.0;0.902;2.81;0.0;0.0
RS;Rio dos Índios;-27.2983975952;-52.8400578928;2539;86.491;12.682;0.0;0.0;0.0;0.354;0.473;0.0;0.0
RS;Rio Grande;-32.0504457927;-52.0867696991;168423;35.044;17.199;7.788;9.279;0.018;4.964;25.623;0.031;0.055
RS;Rio Pardo;-29.9856258787;-52.3790182512;30697;77.78;12.855;1.28;3.525;0.0;1.603;2.922;0.0;0.036
RS;Riozinho;-29.6422860138;-50.4738181138;3964;84.511;13.421;0.151;0.252;0.328;0.429;0.832;0.0;0.076
RS;Roca Sales;-29.2850700737;-51.8638917599;9241;73.975;23.439;0.043;0.206;0.0;0.779;1.558;0.0;0.0
RS;Rodeio Bonito;-27.4704034355;-53.1685306043;5776;80.575;18.109;0.121;0.035;0.0;0.485;0.675;0.0;0.0
RS;Rolador;-28.2563442173;-54.8194269754;2084;70.681;25.672;0.432;0.336;0.0;0.576;2.303;0.0;0.0
RS;Rolante;-29.64076289;-50.5734423346;18989;67.713;29.333;0.405;0.105;0.0;1.011;1.432;0.0;0.0
RS;Ronda Alta;-27.7819313529;-52.8065335256;8650;80.74;17.364;0.116;0.0;0.22;0.543;1.017;0.0;0.0
RS;Rondinha;-27.8318159704;-52.9061601565;4539;96.078;3.525;0.198;0.0;0.0;0.132;0.066;0.0;0.0
RS;Roque Gonzales;-28.1353669869;-55.0291861243;5900;66.271;30.271;1.424;0.169;0.0;0.864;1.0;0.0;0.0
RS;Rosário do Sul;-30.2440332378;-54.9457608553;32417;53.861;23.099;5.118;5.247;0.0;2.659;9.779;0.0;0.238
RS;Sagrada Família;-27.7067309905;-53.135651718;2208;50.272;45.924;0.0;0.0;0.0;0.317;3.487;0.0;0.0
RS;Saldanha Marinho;-28.4032861707;-53.0941072016;2295;84.575;14.031;0.0;0.0;0.0;0.523;0.871;0.0;0.0
RS;Salto do Jacuí;-29.0886812478;-53.2133096524;8994;72.548;22.07;0.712;0.5;1.534;1.523;1.112;0.0;0.0
RS;Salvador das Missões;-28.1216974451;-54.8377420188;2587;94.047;5.412;0.0;0.039;0.0;0.193;0.309;0.0;0.0
RS;Salvador do Sul;-29.4397322209;-51.5094214595;6121;80.575;16.19;0.457;0.539;0.0;0.343;1.895;0.0;0.0
RS;Sananduva;-27.9440065102;-51.8135019139;14727;89.034;9.33;0.353;0.197;0.0;0.57;0.502;0.0;0.014
RS;Santa Bárbara do Sul;-28.3651668167;-53.2505267076;7184;61.456;32.545;1.907;0.251;0.0;1.615;2.227;0.0;0.0
RS;Santa Cecília do Sul;-28.164451105;-51.9266712611;1469;80.871;15.657;0.34;0.613;0.0;0.34;2.178;0.0;0.0
RS;Santa Clara do Sul;-29.4635962109;-52.0809258239;6095;78.195;17.884;0.377;0.213;0.0;0.509;2.822;0.0;0.0
RS;Santa Cruz do Sul;-29.7197684337;-52.4299285874;118187;68.337;21.449;2.968;1.48;0.0;1.845;3.863;0.014;0.044
RS;Santa Maria;-29.6855818035;-53.8086753947;241467;56.495;18.08;5.79;4.244;0.023;3.673;11.631;0.048;0.015
RS;Santa Maria do Herval;-29.5035155388;-50.9872554094;5744;83.13;13.997;0.104;0.052;0.0;1.758;0.958;0.0;0.0
RS;Santa Margarida do Sul;-30.3451034509;-54.0909546704;2302;69.505;23.501;2.737;0.304;0.13;0.261;3.562;0.0;0.0
RS;Santana da Boa Vista;-30.874702574;-53.1158749987;6331;78.266;17.549;0.837;0.174;0.0;0.379;2.796;0.0;0.0
RS;Sant'Ana do Livramento;-30.8893840112;-55.534814268;73616;40.063;26.612;6.231;4.325;0.124;3.881;18.675;0.058;0.03
RS;Santa Rosa;-27.8667497989;-54.4782240988;67456;60.37;33.088;1.122;0.175;0.0;1.643;3.459;0.13;0.013
RS;Santa Tereza;-29.1716344399;-51.7343442424;1398;92.99;5.508;0.0;0.0;0.0;0.143;1.359;0.0;0.0
RS;Santa Vitória do Palmar;-33.5198600307;-53.3670063807;27265;48.659;13.449;2.619;6.811;0.095;3.693;24.431;0.037;0.205
RS;Santiago;-29.1914601709;-54.8690758538;43788;60.987;23.89;3.184;1.247;0.0;2.09;8.16;0.21;0.233
RS;Santo Ângelo;-28.3019378733;-54.2641427984;67051;57.036;31.044;3.503;0.529;0.221;3.441;4.161;0.0;0.066
RS;Santo Antônio do Palma;-28.4974451045;-52.0246330596;1854;94.93;3.398;0.0;0.216;0.0;0.216;1.241;0.0;0.0
RS;Santo Antônio da Patrulha;-29.8320340169;-50.5209859367;37990;74.517;17.407;1.279;0.982;0.0;1.908;3.906;0.0;0.0
RS;Santo Antônio das Missões;-28.5080969776;-55.2245566426;9140;61.718;26.926;1.663;0.263;0.0;2.133;7.298;0.0;0.0
RS;Santo Antônio do Planalto;-28.3959289066;-52.6837258444;1854;69.795;29.396;0.324;0.0;0.108;0.108;0.27;0.0;0.0
RS;Santo Augusto;-27.8534907764;-53.7788495983;12275;64.244;31.34;0.741;0.106;0.0;1.059;2.509;0.0;0.0
RS;Santo Cristo;-27.8199297346;-54.6687478953;13731;88.857;7.829;0.306;0.0;0.0;1.799;1.209;0.0;0.0
RS;Santo Expedito do Sul;-27.9093694246;-51.6435721743;2110;87.156;12.464;0.0;0.0;0.0;0.284;0.095;0.0;0.0
RS;São Borja;-28.6628375267;-56.0010291536;52686;56.125;23.171;3.318;1.368;0.0;6.313;9.657;0.0;0.047
RS;São Domingos do Sul;-28.5317631268;-51.8931867142;2513;91.803;6.168;0.08;0.0;0.0;0.318;1.353;0.0;0.279
RS;São Francisco de Assis;-29.5527159067;-55.1323857402;15838;74.927;13.714;0.96;0.543;0.025;1.566;8.025;0.0;0.24
RS;São Francisco de Paula;-29.4440980748;-50.5821081078;19098;74.118;17.944;1.063;1.058;0.052;1.529;4.236;0.0;0.0
RS;São Gabriel;-30.3367600549;-54.3204778581;51223;55.579;25.205;4.184;3.701;0.016;2.333;8.916;0.0;0.066
RS;São Jerônimo;-29.9594386648;-51.7281775032;18593;62.728;21.008;2.275;2.738;0.0;2.619;8.573;0.059;0.0
RS;São João da Urtiga;-27.8266899655;-51.8258385476;4046;95.823;3.782;0.074;0.0;0.0;0.099;0.222;0.0;0.0
RS;São João do Polêsine;-29.6146764164;-53.4463504348;2390;87.238;10.126;0.502;0.418;0.0;0.251;1.464;0.0;0.0
RS;São Jorge;-28.498080971;-51.7029685893;2639;92.914;5.798;0.531;0.0;0.0;0.606;0.152;0.0;0.0
RS;São José das Missões;-27.7781833181;-53.118775269;2108;62.713;36.385;0.0;0.0;0.0;0.38;0.427;0.0;0.095
RS;São José do Herval;-29.0414470213;-52.2930164741;1691;88.291;10.94;0.118;0.0;0.0;0.651;0.0;0.0;0.0
RS;São José do Hortêncio;-29.5400486073;-51.2495975571;4012;78.539;19.94;0.1;0.15;0.0;0.823;0.449;0.0;0.0
RS;São José do Inhacorá;-27.7225845673;-54.1335502027;2165;79.353;19.122;0.462;0.0;0.0;0.0;1.062;0.0;0.0
RS;São José do Norte;-32.0206091127;-52.034202272;22667;49.049;24.383;1.685;2.373;0.0;2.162;20.347;0.0;0.0
RS;São José do Ouro;-27.7712554065;-51.594767678;6155;89.959;8.367;0.374;0.146;0.0;0.487;0.666;0.0;0.0
RS;São José do Sul;-29.5434695178;-51.4863838307;2126;89.04;9.125;0.423;0.0;0.0;0.611;0.706;0.0;0.094
RS;São José dos Ausentes;-28.749906432;-50.0636129376;3478;79.845;16.245;0.201;0.431;0.086;1.208;1.984;0.0;0.0
RS;São Leopoldo;-29.7658665424;-51.1462345616;189765;57.063;25.536;2.545;2.731;0.005;3.612;8.427;0.075;0.005
RS;São Lourenço do Sul;-31.3640237212;-51.9769152358;37788;38.47;48.934;1.762;1.49;0.0;1.884;7.428;0.0;0.032
RS;São Luiz Gonzaga;-28.406646953;-54.9596595494;30273;62.841;26.515;1.721;1.024;0.0;2.933;4.935;0.0;0.03
RS;São Marcos;-28.9698486394;-51.0667069383;18991;83.071;12.29;1.422;1.09;0.0;1.027;1.043;0.0;0.058
RS;São Martinho;-27.7089288021;-53.966922723;4902;86.699;11.73;0.53;0.061;0.0;0.49;0.49;0.0;0.0
RS;São Martinho da Serra;-29.5348505683;-53.8542256319;2572;80.677;12.519;0.816;1.827;0.0;1.011;3.149;0.0;0.0
RS;São Miguel das Missões;-28.5495371215;-54.5615630937;6234;66.057;27.43;2.551;0.176;0.946;0.626;2.182;0.032;0.0
RS;São Nicolau;-28.1821546933;-55.260100232;4520;55.376;33.296;0.199;0.0;0.0;1.571;9.558;0.0;0.0
RS;São Paulo das Missões;-28.02048491;-54.9347083423;5292;70.257;27.778;0.359;0.0;0.0;0.246;1.361;0.0;0.0
RS;São Pedro da Serra;-29.421429842;-51.5143265272;3122;83.056;13.197;0.48;0.0;0.0;1.217;2.05;0.0;0.0
RS;São Pedro das Missões;-27.7713084607;-53.2473689789;1544;50.583;43.782;0.0;0.0;0.0;0.389;5.246;0.0;0.0
RS;São Pedro do Butiá;-28.1243539018;-54.8882559534;2764;85.926;11.577;0.289;0.072;0.0;0.47;1.664;0.0;0.0
RS;São Pedro do Sul;-29.6175307562;-54.1799912875;13948;66.024;23.989;2.968;2.373;0.0;1.255;3.391;0.0;0.0
RS;São Sebastião do Caí;-29.5920803308;-51.3766648242;21433;70.074;21.033;0.975;1.918;0.075;1.852;4.027;0.047;0.0
RS;São Sepé;-30.1674113897;-53.5696441254;18928;79.153;11.0;1.611;3.529;0.0;1.368;3.339;0.0;0.0
RS;São Valentim;-27.5543183312;-52.5284789422;2932;92.633;6.719;0.0;0.0;0.0;0.136;0.512;0.0;0.0
RS;São Valentim do Sul;-29.0512275281;-51.7696705391;2008;94.871;4.631;0.05;0.0;0.0;0.1;0.349;0.0;0.0
RS;São Valério do Sul;-27.7877181699;-53.9355261513;2181;69.28;25.309;0.0;0.092;0.0;1.742;3.576;0.0;0.0
RS;São Vendelino;-29.3758099572;-51.3686527563;2001;68.516;27.236;0.65;0.75;0.1;0.2;2.449;0.0;0.1
RS;São Vicente do Sul;-29.6920608345;-54.6760020162;7173;69.762;22.668;1.631;1.52;0.0;1.101;3.318;0.0;0.0
RS;Sapiranga;-29.6385541176;-51.0036229878;66027;54.211;37.821;0.719;0.46;0.014;1.661;5.068;0.0;0.045
RS;Sapucaia do Sul;-29.8248680326;-51.1518747155;115743;59.088;21.263;3.251;4.419;0.01;3.084;8.844;0.0;0.04
RS;Sarandi;-27.9435951779;-52.9254610594;19843;71.411;24.326;0.6;0.0;0.055;1.29;2.318;0.0;0.0
RS;Seberi;-27.4804138165;-53.4054673035;10416;81.404;16.379;0.125;0.413;0.0;0.557;1.123;0.0;0.0
RS;Sede Nova;-27.6311628725;-53.9558847238;2407;75.571;17.989;3.531;0.0;0.0;0.956;1.953;0.0;0.0
RS;Segredo;-29.3426184273;-52.9820736412;5355;89.393;9.486;0.448;0.056;0.0;0.43;0.187;0.0;0.0
RS;Selbach;-28.6274338066;-52.9565252738;4570;84.923;14.486;0.306;0.044;0.0;0.131;0.109;0.0;0.0
RS;Senador Salgado Filho;-28.0274895014;-54.5454030325;2408;24.128;71.927;0.291;0.0;0.0;0.415;3.239;0.0;0.0
RS;Sentinela do Sul;-30.613302597;-51.5779817748;4764;81.066;11.629;0.147;0.252;0.0;1.931;4.975;0.0;0.0
RS;Serafina Corrêa;-28.7107970714;-51.9357086099;15041;81.856;12.925;0.612;0.233;0.0;2.859;1.516;0.0;0.0
RS;Sério;-29.3867600899;-52.2674558309;1768;87.896;11.934;0.0;0.0;0.0;0.17;0.0;0.0;0.0
RS;Sertão;-27.9807735548;-52.2597378611;4984;88.323;9.671;0.682;0.0;0.0;0.903;0.421;0.0;0.0
RS;Sertão Santana;-30.4654278903;-51.604249916;5283;63.96;30.778;0.89;0.644;0.0;0.757;2.972;0.0;0.0
RS;Sete de Setembro;-28.1304163234;-54.4636861823;1672;89.234;9.988;0.0;0.0;0.0;0.478;0.299;0.0;0.0
RS;Severiano de Almeida;-27.4327929836;-52.1206562961;3096;90.601;8.721;0.097;0.097;0.0;0.097;0.388;0.0;0.0
RS;Silveira Martins;-29.6452500585;-53.5852374736;1851;79.957;14.155;0.648;0.108;0.0;1.026;4.106;0.0;0.0
RS;Sinimbu;-29.529068157;-52.5216363086;7756;59.309;39.505;0.0;0.309;0.0;0.232;0.645;0.0;0.0
RS;Sobradinho;-29.4147731341;-53.0251679436;12538;81.863;11.924;0.997;0.415;0.0;1.476;3.326;0.0;0.0
RS;Soledade;-28.8277379537;-52.5098661712;26306;74.2;17.532;1.194;1.08;0.0;2.566;3.429;0.0;0.0
RS;Tabaí;-29.6877706242;-51.7274751185;3868;65.253;25.595;0.698;0.414;0.0;4.938;2.818;0.181;0.103
RS;Tapejara;-28.0841710597;-52.0221325277;21293;76.988;15.728;0.681;0.789;0.052;1.357;4.405;0.0;0.0
RS;Tapera;-28.6249501912;-52.8714671741;9363;80.882;16.053;0.716;0.224;0.0;0.438;1.581;0.0;0.107
RS;Tapes;-30.6731729038;-51.3944987058;13061;62.354;20.251;2.113;2.863;0.077;2.657;9.586;0.038;0.061
RS;Taquara;-29.6505131043;-50.7811686193;46802;58.579;30.46;1.684;1.421;0.0;2.536;4.822;0.457;0.041
RS;Taquari;-29.8028008517;-51.8627764842;22258;61.398;29.005;2.952;0.934;0.0;2.525;3.091;0.0;0.094
RS;Taquaruçu do Sul;-27.3980360509;-53.4669519596;2747;92.392;5.351;0.764;0.0;0.0;1.129;0.364;0.0;0.0
RS;Tavares;-31.2887026583;-51.0888429815;4626;62.732;25.594;0.411;1.665;0.0;2.399;7.198;0.0;0.0
RS;Tenente Portela;-27.3721669191;-53.7572696149;12467;66.664;28.114;0.497;0.369;0.0;0.513;3.842;0.0;0.0
RS;Terra de Areia;-29.577548568;-50.0672491456;9004;71.279;22.734;0.422;0.444;0.0;4.043;1.077;0.0;0.0
RS;Teutônia;-29.4889144364;-51.8128168706;28790;50.917;42.921;0.472;0.201;0.024;3.14;2.223;0.0;0.101
RS;Tio Hugo;-28.5804960166;-52.5930461161;2831;67.644;31.508;0.389;0.0;0.0;0.0;0.459;0.0;0.0
RS;Tiradentes do Sul;-27.3968988842;-54.085392205;4615;70.574;28.537;0.195;0.152;0.0;0.26;0.282;0.0;0.0
RS;Toropi;-29.4721417008;-54.2280109967;2345;59.787;37.271;1.023;0.725;0.0;0.64;0.554;0.0;0.0
RS;Torres;-29.3359306143;-49.7304044945;36905;61.347;18.014;3.195;3.352;0.214;4.745;9.134;0.0;0.0
RS;Tramandaí;-29.9873019472;-50.1303765007;47331;57.768;20.355;3.076;4.735;0.004;4.276;9.786;0.0;0.0
RS;Travesseiro;-29.2990858098;-52.0577772681;1976;65.233;32.945;0.759;0.0;0.0;0.304;0.759;0.0;0.0
RS;Três Arroios;-27.4995162184;-52.1498520743;2423;93.974;5.489;0.124;0.124;0.0;0.165;0.124;0.0;0.0
RS;Três Cachoeiras;-29.4458865904;-49.9156392762;9611;86.339;11.549;0.427;0.114;0.0;0.51;1.061;0.0;0.0
RS;Três Coroas;-29.516660979;-50.7831258358;21393;55.013;36.919;0.626;0.767;0.0;2.239;4.436;0.0;0.0
RS;Três de Maio;-27.7796602189;-54.2353022075;21990;66.571;30.705;0.427;0.132;0.0;0.873;1.146;0.0;0.146
RS;Três Forquilhas;-29.5381105463;-50.0643164805;2476;59.451;38.328;0.929;0.081;0.0;0.767;0.444;0.0;0.0
RS;Três Palmeiras;-27.61752745;-52.8437143501;4035;55.787;32.144;0.0;0.0;0.0;11.078;0.991;0.0;0.0
RS;Três Passos;-27.4561598838;-53.929698958;22395;49.283;44.184;1.014;0.616;0.0;2.121;2.782;0.0;0.0
RS;Trindade do Sul;-27.5175759348;-52.892231021;6527;79.623;17.374;0.245;0.0;0.0;1.134;1.624;0.0;0.0
RS;Triunfo;-29.945204266;-51.7153128357;23971;59.434;27.104;2.803;1.936;0.0;2.954;5.728;0.042;0.0
RS;Tucunduva;-27.6500599334;-54.4331286688;5054;78.215;20.222;0.059;0.0;0.059;0.712;0.732;0.0;0.0
RS;Tunas;-29.1064397188;-52.9570131055;3227;86.83;12.333;0.186;0.0;0.0;0.0;0.651;0.0;0.0
RS;Tupanci do Sul;-27.9257114659;-51.5405390117;1244;89.791;9.968;0.161;0.0;0.0;0.0;0.08;0.0;0.0
RS;Tupanciretã;-29.07747973;-53.8406300553;17586;64.233;19.612;2.644;1.956;0.0;3.537;8.018;0.0;0.0
RS;Tupandi;-29.4879128149;-51.4198254297;4378;88.579;9.708;0.091;0.343;0.0;0.069;1.211;0.0;0.0
RS;Tuparendi;-27.7540889273;-54.4785080753;7568;65.235;31.871;0.819;0.053;0.0;0.621;1.401;0.0;0.0
RS;Turuçu;-31.4123658571;-52.171415621;3072;30.013;62.467;0.456;0.749;0.0;0.911;5.404;0.0;0.0
RS;Ubiretama;-28.0435647657;-54.6845107762;1820;44.176;53.571;0.0;0.0;0.0;0.33;1.648;0.0;0.275
RS;União da Serra;-28.7798985678;-52.0004166643;1068;96.816;2.715;0.0;0.0;0.0;0.0;0.468;0.0;0.0
RS;Unistalda;-29.0474850256;-55.1507805181;1791;63.931;26.242;0.782;0.893;0.0;2.289;5.863;0.0;0.0
RS;Uruguaiana;-29.759823172;-57.081824909;101056;49.162;31.384;2.94;4.557;0.0;3.417;8.494;0.01;0.037
RS;Vacaria;-28.5023543952;-50.9365991641;55505;70.536;21.335;1.313;1.126;0.0;2.05;3.576;0.0;0.063
RS;Vale Verde;-29.7825749396;-52.1797223009;2831;70.752;25.998;1.625;0.353;0.0;0.742;0.424;0.0;0.106
RS;Vale do Sol;-29.6088279865;-52.6813545007;8964;45.638;51.874;0.145;0.19;0.0;0.457;1.696;0.0;0.0
RS;Vale Real;-29.3922806174;-51.2511965648;5315;82.747;13.415;0.301;0.282;0.0;1.242;2.013;0.0;0.0
RS;Vanini;-28.476222515;-51.8446581974;1819;92.303;7.367;0.165;0.0;0.0;0.0;0.165;0.0;0.0
RS;Venâncio Aires;-29.6116528927;-52.1918802405;61183;72.264;20.703;0.659;1.208;0.0;0.959;4.207;0.0;0.0
RS;Vera Cruz;-29.719857594;-52.5011034071;23632;61.442;30.531;0.817;0.762;0.144;3.724;2.552;0.0;0.03
RS;Veranópolis;-28.9339573363;-51.5522869045;21658;85.068;10.255;0.771;0.416;0.0;1.63;1.861;0.0;0.0
RS;Vespasiano Correa;-29.0698943558;-51.8594699501;1666;96.699;3.061;0.0;0.0;0.0;0.12;0.12;0.0;0.0
RS;Viadutos;-27.5709530601;-52.0237987497;4341;85.188;13.131;0.323;0.0;0.0;0.737;0.622;0.0;0.0
RS;Viamão;-30.0818968409;-51.0248204896;196217;50.127;16.064;3.629;9.317;0.124;4.836;15.823;0.025;0.056
RS;Vicente Dutra;-27.1684450441;-53.4021290554;4085;71.824;21.958;0.049;0.0;0.906;0.196;4.186;0.0;0.881
RS;Victor Graeff;-28.5601846251;-52.7477917889;2475;52.727;46.061;0.162;0.0;0.0;0.646;0.404;0.0;0.0
RS;Vila Flores;-28.8630001303;-51.5495890892;3234;84.292;13.049;0.093;0.093;0.0;1.082;1.391;0.0;0.0
RS;Vila Lângaro;-28.1074051988;-52.1469033571;1881;93.408;6.167;0.0;0.266;0.0;0.159;0.0;0.0;0.0
RS;Vila Maria;-28.533314235;-52.1635378991;3964;90.515;8.274;0.631;0.101;0.0;0.227;0.252;0.0;0.0
RS;Vila Nova do Sul;-30.3339586892;-53.8791964831;3499;69.334;22.349;0.429;1.115;0.0;0.714;6.059;0.0;0.0
RS;Vista Alegre;-27.3700841701;-53.4924104661;2359;92.115;7.249;0.0;0.0;0.0;0.127;0.509;0.0;0.0
RS;Vista Alegre do Prata;-28.8094722969;-51.7862084025;1440;87.431;8.056;0.0;0.0;0.0;3.611;0.903;0.0;0.0
RS;Vista Gaúcha;-27.2899783753;-53.7013197816;2479;82.614;15.49;0.0;0.0;0.0;1.372;0.524;0.0;0.0
RS;Vitória das Missões;-28.3523872493;-54.4990548871;2952;67.276;25.474;4.167;0.0;0.0;0.915;2.168;0.0;0.0
RS;Westfália;-29.4234495499;-51.7661555137;2739;26.47;69.989;0.11;0.0;0.0;2.008;1.424;0.0;0.0
RS;Xangri-lá;-29.8053781854;-50.0390814238;14179;64.483;21.137;1.932;2.109;0.078;3.096;7.123;0.0;0.042
MS;Água Clara;-20.4488507623;-52.8751175515;13696;50.883;37.113;0.46;0.175;0.0;2.015;9.353;0.0;0.0
MS;Alcinópolis;-18.3250339794;-53.7080896263;3861;72.753;21.238;0.673;0.13;0.0;1.347;3.781;0.0;0.078
MS;Amambai;-23.1005822384;-55.2438276926;32908;44.317;37.243;0.568;0.441;2.58;2.583;12.103;0.0;0.164
MS;Anastácio;-20.4823601996;-55.8045705991;20500;43.698;39.229;0.366;0.298;0.0;4.58;11.795;0.0;0.034
MS;Anaurilândia;-22.1826502679;-52.7181693587;6687;73.905;21.504;0.434;0.0;0.0;0.957;3.14;0.0;0.06
MS;Angélica;-22.1560625224;-53.7697304805;9109;64.189;27.983;0.593;0.318;0.055;2.218;4.644;0.0;0.0
MS;Antônio João;-22.1946853905;-55.9480815054;7744;46.759;34.298;0.826;2.441;0.065;0.581;15.005;0.0;0.026
MS;Aparecida do Taboado;-20.085021515;-51.0976376237;23553;57.462;31.168;1.112;0.263;0.0;3.987;5.761;0.0;0.246
MS;Aquidauana;-20.4746543469;-55.7906160902;39873;40.072;45.738;1.46;1.001;0.015;4.645;6.822;0.06;0.188
MS;Aral Moreira;-22.9478813291;-55.6307614469;8765;58.505;26.72;0.103;0.0;0.0;1.198;13.189;0.0;0.285
MS;Bandeirantes;-19.9209203031;-54.3631938943;6703;57.228;31.12;1.014;0.269;0.0;4.252;6.117;0.0;0.0
MS;Bataguassu;-21.7152884358;-52.425436602;19713;58.956;31.091;0.522;0.218;0.0;1.431;7.782;0.0;0.0
MS;Batayporã;-22.2958799666;-53.2748069911;9167;65.91;28.755;0.436;0.164;0.0;2.258;2.476;0.0;0.0
MS;Bela Vista;-22.1159761784;-56.5313145678;18358;69.61;21.32;0.866;0.294;0.109;2.081;5.72;0.0;0.0
MS;Bodoquena;-20.5548426981;-56.6735673;7234;53.511;34.849;0.442;0.028;0.0;2.364;8.806;0.0;0.0
MS;Bonito;-21.1243412844;-56.4928586186;19937;54.04;31.078;1.339;0.492;0.0;2.764;10.287;0.0;0.0
MS;Brasilândia;-21.247118144;-52.0362967949;9915;51.952;37.983;0.151;0.0;0.0;1.936;7.736;0.0;0.242
MS;Caarapó;-22.6365822194;-54.8269701014;25765;48.861;31.601;0.454;0.338;0.004;3.396;15.292;0.0;0.054
MS;Camapuã;-19.5352597987;-54.0433094864;11737;68.467;24.972;0.162;0.392;0.0;1.423;4.541;0.0;0.043
MS;Campo Grande;-20.4580299879;-54.6157435665;775363;45.551;34.257;2.991;0.868;0.003;5.853;10.264;0.077;0.137
MS;Caracol;-22.0127382892;-57.0259387644;4288;68.983;25.117;0.233;0.163;0.0;0.979;4.454;0.0;0.07
MS;Cassilândia;-19.1094073708;-51.7315768884;18303;53.598;31.208;2.683;0.382;0.0;3.415;8.523;0.049;0.142
MS;Chapadão do Sul;-18.797773122;-52.626355707;25925;51.958;34.974;0.891;0.073;0.0;5.288;6.777;0.0;0.039
MS;Corguinho;-19.8312180172;-54.830006001;4159;52.897;29.911;0.842;0.048;0.0;4.616;11.686;0.0;0.0
MS;Coronel Sapucaia;-23.2764445608;-55.5413276903;11373;38.292;30.256;0.0;0.079;0.264;7.562;23.248;0.0;0.299
MS;Corumbá;-19.0063746546;-57.6489854573;80751;55.796;27.533;2.357;1.922;0.0;4.271;8.032;0.012;0.077
MS;Costa Rica;-18.5435483884;-53.1330469049;21817;52.61;30.453;1.668;0.394;0.0;4.611;9.772;0.142;0.348
MS;Coxim;-18.5084105386;-54.7580559502;27703;60.398;29.502;1.101;0.253;0.036;2.307;6.285;0.029;0.09
MS;Deodápolis;-22.2729491423;-54.1611832429;11688;64.648;30.185;0.12;0.0;0.0;2.036;3.012;0.0;0.0
MS;Dois Irmãos do Buriti;-20.6923120582;-55.2819144863;9321;58.406;32.089;0.15;0.279;0.0;3.186;5.536;0.0;0.354
MS;Douradina;-22.045530282;-54.6079306686;4788;53.759;34.043;0.543;0.188;2.799;6.203;2.402;0.063;0.0
MS;Dourados;-22.2272355369;-54.8112891229;207570;50.83;32.162;1.559;0.523;0.091;3.869;10.733;0.076;0.157
MS;Eldorado;-23.7740539201;-54.2800282489;9686;68.594;24.251;0.206;0.124;0.186;1.714;4.925;0.0;0.0
MS;Fátima do Sul;-22.3754232111;-54.5163759902;18042;63.724;26.738;0.704;0.527;0.0;2.217;6.069;0.0;0.022
MS;Figueirão;-18.6754480708;-53.6425733239;2981;70.48;22.543;1.308;0.168;0.0;1.912;3.589;0.0;0.0
MS;Glória de Dourados;-22.414424531;-54.2346287899;9155;69.35;23.015;0.71;0.634;0.0;3.19;3.102;0.0;0.0
MS;Guia Lopes da Laguna;-21.4524591422;-56.1081525022;8549;61.832;30.963;0.772;0.187;0.0;2.48;3.767;0.0;0.0
MS;Iguatemi;-23.6619015645;-54.5586010866;11721;63.365;27.907;0.102;0.119;0.085;1.348;7.047;0.026;0.0
MS;Inocência;-19.725457974;-51.9276790223;7224;68.162;25.042;0.858;0.069;0.0;2.118;3.751;0.0;0.0
MS;Itaporã;-22.0824475602;-54.7956587373;20266;60.51;26.458;0.508;0.089;0.291;2.028;9.726;0.0;0.39
MS;Itaquiraí;-23.4906632623;-54.1881983027;16412;64.642;29.003;0.061;0.122;0.0;1.304;4.868;0.0;0.0
MS;Ivinhema;-22.3016035627;-53.8269701471;23915;73.949;21.76;0.197;0.0;0.0;1.246;2.848;0.0;0.0
MS;Japorã;-23.8940669515;-54.4034847429;6491;63.072;26.128;0.031;0.0;2.188;1.587;6.994;0.0;0.0
MS;Jaraguari;-20.1037403917;-54.4406839539;6202;58.578;29.974;1.242;0.21;0.0;4.337;5.659;0.0;0.0
MS;Jardim;-21.4796031458;-56.1458445844;20511;52.996;33.972;1.077;0.536;0.098;4.168;7.079;0.073;0.0
MS;Jateí;-22.4816870305;-54.3080543756;3073;66.58;27.498;0.195;0.098;0.0;1.009;4.621;0.0;0.0
MS;Juti;-22.8624718344;-54.6013228313;5585;51.71;37.654;0.251;0.054;0.215;1.576;8.29;0.251;0.0
MS;Ladário;-19.001775668;-57.6024001955;17644;55.809;29.03;1.666;1.542;0.0;4.364;7.589;0.0;0.0
MS;Laguna Carapã;-22.5505815145;-55.1501077345;5601;54.562;27.727;0.304;0.286;0.089;1.535;15.497;0.0;0.0
MS;Maracaju;-21.6236103838;-55.157139569;38012;54.425;26.731;0.65;0.363;0.21;9.35;8.082;0.139;0.05
MS;Miranda;-20.239333499;-56.3901982861;21122;44.082;37.17;0.814;0.559;0.009;2.684;14.473;0.133;0.076
MS;Mundo Novo;-23.9352736182;-54.2816614238;16440;56.363;33.759;0.255;0.067;0.0;1.673;7.865;0.018;0.0
MS;Naviraí;-23.0599994825;-54.1988361701;43023;59.094;30.533;0.453;0.065;0.279;2.171;7.336;0.0;0.07
MS;Nioaque;-21.1581523135;-55.8338899214;11186;53.388;37.61;0.536;0.089;0.0;1.466;6.106;0.009;0.796
MS;Nova Alvorada do Sul;-21.4666342525;-54.3828036001;17980;60.311;31.763;0.289;0.323;0.0;1.307;5.834;0.0;0.172
MS;Nova Andradina;-22.2487593128;-53.3515738149;41664;62.654;28.898;0.662;0.079;0.0;2.429;5.165;0.0;0.113
MS;Novo Horizonte do Sul;-22.6549531056;-53.860886557;3995;63.529;30.363;0.025;0.0;0.0;0.075;5.907;0.0;0.1
MS;Paraíso das Águas;-19.0216477777;-53.0115833333;4594;68.807;25.729;0.958;0.065;0.0;0.958;3.483;0.0;0.0
MS;Paranaíba;-19.6773717332;-51.1887077084;35712;53.747;30.802;2.036;0.65;0.0;3.735;8.809;0.0;0.221
MS;Paranhos;-23.8968696615;-55.4330304574;9976;42.983;28.689;0.0;0.0;0.381;0.902;27.025;0.0;0.02
MS;Pedro Gomes;-18.1018562343;-54.5524458292;5995;73.995;22.185;0.3;0.0;0.0;0.584;2.786;0.15;0.0
MS;Ponta Porã;-22.4861870788;-55.7108501779;77286;59.665;29.206;0.616;0.989;0.069;3.121;6.124;0.049;0.162
MS;Porto Murtinho;-21.7073245588;-57.8884823023;10556;61.406;26.734;0.199;0.057;0.0;1.876;9.672;0.0;0.057
MS;Ribas do Rio Pardo;-20.4436755256;-53.7616776243;19361;50.364;35.711;0.403;0.837;0.0;4.933;7.706;0.046;0.0
MS;Rio Brilhante;-21.8011952576;-54.5422422225;31350;51.289;37.404;0.249;0.153;0.431;2.108;8.236;0.057;0.073
MS;Rio Negro;-19.4474291073;-54.9875023243;4165;62.185;27.203;1.152;0.24;0.0;2.449;6.242;0.096;0.432
MS;Rio Verde de Mato Grosso;-18.9165864403;-54.8422536901;16834;53.285;35.832;1.218;0.303;0.0;1.634;7.307;0.0;0.422
MS;Rochedo;-19.9618596065;-54.8927719306;4450;52.652;27.236;0.944;0.292;0.157;2.697;16.022;0.0;0.0
MS;Santa Rita do Pardo;-21.3053769425;-52.8280714326;5976;62.383;31.794;0.201;0.05;0.0;1.489;4.083;0.0;0.0
MS;São Gabriel do Oeste;-19.3955213702;-54.5645690938;24803;63.456;26.759;0.984;0.145;0.0;1.58;7.031;0.044;0.0
MS;Sete Quedas;-23.983513255;-55.0533150891;9438;66.349;25.885;0.212;0.17;0.816;1.43;5.022;0.0;0.117
MS;Selvíria;-20.3667425853;-51.4189369058;7050;48.426;38.27;0.426;0.099;0.0;4.27;8.511;0.0;0.0
MS;Sidrolândia;-20.9310544595;-54.9660301365;39674;48.5;38.158;0.862;0.403;0.005;3.952;8.005;0.0;0.113
MS;Sonora;-17.5813552345;-54.754906218;12201;53.045;38.636;0.828;0.344;0.0;1.598;5.549;0.0;0.0
MS;Tacuru;-23.634742022;-55.0203205183;8697;55.904;30.39;0.103;0.115;0.057;2.047;11.383;0.0;0.0
MS;Taquarussu;-22.4899870565;-53.3519187419;3179;76.313;21.202;0.0;0.094;0.0;0.723;1.667;0.0;0.0
MS;Terenos;-20.44230768;-54.8655566306;15244;52.283;36.08;1.069;0.23;0.0;2.545;7.308;0.066;0.42
MS;Três Lagoas;-20.7886791614;-51.7100006288;113261;46.991;35.836;2.336;0.714;0.038;4.581;9.318;0.074;0.11
MS;Vicentina;-22.4017875573;-54.4421247768;5579;74.78;20.738;0.197;0.0;0.0;0.699;3.585;0.0;0.0
MT;Acorizal;-15.1978899803;-56.3715525667;4344;69.061;28.591;0.207;0.483;0.092;0.437;1.128;0.0;0.0
MT;Água Boa;-14.0490868003;-52.1589152986;24781;49.296;34.995;1.045;0.186;0.0;2.445;11.828;0.0;0.206
MT;Alta Floresta;-9.8717225966;-56.0916104405;50081;61.824;27.671;0.377;0.232;0.022;2.328;7.526;0.02;0.0
MT;Alto Araguaia;-17.3155899404;-53.22026033;14854;59.21;30.12;0.882;0.141;0.0;3.231;6.382;0.0;0.034
MT;Alto Boa Vista;-11.6767451579;-51.3793220738;4660;46.094;33.283;0.279;0.0;10.494;2.918;6.931;0.0;0.0
MT;Alto Garças;-16.946722176;-53.5284541196;11116;65.833;23.309;0.18;0.036;0.0;5.326;5.254;0.0;0.063
MT;Alto Paraguai;-14.5147118103;-56.4944416626;6918;62.258;26.019;0.0;0.072;0.0;1.85;9.801;0.0;0.0
MT;Alto Taquari;-17.8347436507;-53.2819931223;9088;51.397;35.938;0.682;0.143;0.0;2.531;9.309;0.0;0.0
MT;Apiacás;-9.5654951687;-57.3954022412;7163;58.467;22.7;0.405;0.084;0.335;2.429;15.58;0.0;0.0
MT;Araguaiana;-15.7312434957;-51.8336216513;3249;67.436;26.624;1.908;0.062;0.185;1.662;2.124;0.0;0.0
MT;Araguainha;-16.8575455379;-53.0356198839;879;65.984;23.549;0.341;0.0;0.0;1.251;8.646;0.0;0.228
MT;Araputanga;-15.4681442697;-58.3483671519;12684;58.065;29.549;0.063;0.402;0.0;2.736;9.185;0.0;0.0
MT;Arenápolis;-14.455521666;-56.8444892395;9040;64.668;28.529;0.365;0.066;0.0;3.673;2.633;0.066;0.0
MT;Aripuanã;-10.1725236955;-59.4486163792;20297;46.913;34.468;0.084;0.099;0.0;1.005;17.431;0.0;0.0
MT;Barão de Melgaço;-16.1950994476;-55.9671211337;6287;75.966;16.908;4.613;0.0;0.08;0.684;1.67;0.0;0.08
MT;Barra do Bugres;-15.0662579403;-57.1864086868;25035;58.33;28.46;0.359;0.168;0.084;1.586;10.853;0.0;0.16
MT;Barra do Garças;-15.8887114517;-52.2603297568;59132;52.342;32.05;2.618;0.539;0.289;3.545;8.489;0.0;0.127
MT;Bom Jesus do Araguaia;-12.1735983437;-51.5036392319;6115;48.144;38.496;0.278;0.18;0.818;2.24;9.845;0.0;0.0
MT;Brasnorte;-12.1249381399;-58.0026736278;13980;68.119;23.519;0.179;0.079;0.951;1.481;5.429;0.107;0.136
MT;Cáceres;-16.0740956304;-57.6747623072;76511;62.879;26.051;1.09;0.651;0.0;3.569;5.722;0.02;0.018
MT;Campinápolis;-14.5396174299;-52.7974947506;11547;41.985;38.192;0.173;0.043;8.678;1.325;9.137;0.104;0.364
MT;Campo Novo do Parecis;-13.6547331732;-57.8885464788;37427;56.107;29.928;0.436;0.401;0.094;3.54;9.354;0.0;0.142
MT;Campo Verde;-15.5537042703;-55.1716554149;37416;54.904;31.07;0.855;0.187;0.0;2.52;10.322;0.0;0.142
MT;Campos de Júlio;-13.7199230456;-59.2634085206;7230;50.83;42.988;0.304;0.083;0.083;2.254;3.402;0.0;0.055
MT;Canabrava do Norte;-11.0461869218;-51.8377580068;3738;57.277;33.761;0.321;0.241;0.0;2.247;5.993;0.0;0.161
MT;Canarana;-13.5592295096;-52.2734568635;21247;49.64;33.793;0.367;0.165;0.965;2.466;12.345;0.0;0.259
MT;Carlinda;-9.9666657926;-55.821614778;8950;66.48;26.838;0.112;0.0;0.0;0.872;5.698;0.0;0.0
MT;Castanheira;-11.1341078576;-58.6134092637;6514;61.038;29.137;0.399;0.292;0.0;2.917;6.141;0.0;0.077
MT;Chapada dos Guimarães;-15.4605696789;-55.7450045179;16285;62.217;28.554;1.068;0.381;0.0;3.488;4.292;0.0;0.0
MT;Cláudia;-11.5053107376;-54.8741824478;8158;68.228;26.171;0.539;0.0;0.0;2.721;2.341;0.0;0.0
MT;Cocalinho;-14.3903655392;-51.011243641;5344;46.707;35.797;0.299;0.0;0.0;6.98;10.217;0.0;0.0
MT;Colíder;-10.804089779;-55.464230542;26886;67.109;24.109;0.919;0.528;0.015;2.291;5.029;0.0;0.0
MT;Colniza;-9.4579038467;-59.2189486741;21532;40.15;44.775;0.246;0.0;0.0;1.811;12.92;0.0;0.098
MT;Comodoro;-13.660559917;-59.7904309944;15203;50.194;32.553;0.118;0.0;5.374;1.71;9.972;0.0;0.079
MT;Confresa;-10.640730577;-51.5710336179;29112;45.717;40.1;0.189;0.244;0.072;3.253;10.425;0.0;0.0
MT;Conquista d'Oeste;-14.536272815;-59.5450742073;3126;48.72;33.685;0.224;0.0;5.63;2.591;9.149;0.0;0.0
MT;Cotriguaçu;-9.8862538715;-58.6068949711;9324;46.922;34.835;0.429;0.0;0.0;2.274;15.541;0.0;0.0
MT;Cuiabá;-15.5699890131;-56.0732520382;560549;52.563;31.296;2.76;0.987;0.028;4.664;7.623;0.022;0.056
MT;Curvelândia;-15.6093061709;-57.9171149787;4267;61.964;32.529;0.117;0.0;0.0;1.172;4.125;0.094;0.0
MT;Denise;-14.7338159183;-57.0537772728;5975;61.121;28.151;0.05;0.268;0.0;2.778;7.331;0.0;0.301
MT;Diamantino;-14.4013229622;-56.4335660815;18413;61.348;27.149;0.858;0.532;0.0;2.02;7.94;0.0;0.152
MT;Dom Aquino;-15.8074551508;-54.9174807826;6829;70.04;25.846;0.586;0.0;0.0;1.581;1.948;0.0;0.0
MT;Feliz Natal;-12.3832470282;-54.9339040664;8403;50.934;29.644;0.107;0.0;0.893;0.881;17.541;0.0;0.0
MT;Figueirópolis d'Oeste;-15.4461351146;-58.7378245489;2773;68.121;25.171;0.0;0.0;0.0;3.859;2.849;0.0;0.0
MT;Gaúcha do Norte;-13.1880431895;-53.2615186719;6927;47.928;21.395;0.505;0.087;16.703;1.14;12.242;0.0;0.0
MT;General Carneiro;-15.7070417946;-52.759309834;4876;73.728;19.381;0.923;0.0;1.948;1.107;2.912;0.0;0.0
MT;Glória d'Oeste;-15.7679623095;-58.3144855887;2536;76.617;17.587;1.735;0.0;0.0;0.986;3.076;0.0;0.0
MT;Guarantã do Norte;-9.9540732336;-54.9160573113;26382;59.707;29.259;0.462;0.121;0.0;1.751;8.544;0.0;0.155
MT;Guiratinga;-16.3483892681;-53.7609640294;9721;69.489;23.712;0.607;0.154;0.0;2.994;2.932;0.0;0.113
MT;Indiavaí;-15.4975142296;-58.573992386;1913;58.024;33.351;0.523;0.0;0.0;0.418;7.684;0.0;0.0
MT;Ipiranga do Norte;-12.2368420002;-56.1597931356;6447;68.063;25.438;0.791;0.0;0.0;1.179;4.529;0.0;0.0
MT;Itanhangá;-12.2347687159;-56.6493436131;6273;62.586;29.97;0.303;0.032;0.0;1.801;5.308;0.0;0.0
MT;Itaúba;-11.0077118987;-55.2466893349;4173;67.314;23.94;0.264;0.288;0.0;2.061;6.135;0.0;0.0
MT;Itiquira;-17.2068250554;-54.144300896;10261;63.717;28.34;0.409;0.156;0.0;2.739;4.639;0.0;0.0
MT;Jaciara;-15.9648381841;-54.9641881752;24319;57.774;33.299;1.262;0.111;0.0;3.668;3.837;0.049;0.0
MT;Jangada;-15.2396872256;-56.4901945626;6359;66.221;25.9;0.204;0.0;0.0;0.393;7.281;0.0;0.0
MT;Jauru;-15.3418963815;-58.8798383974;7230;62.185;30.249;0.152;0.0;0.0;0.927;6.376;0.0;0.111
MT;Juara;-11.2503599785;-57.5131232183;29376;67.698;24.98;0.313;0.218;0.099;1.855;4.487;0.0;0.351
MT;Juína;-11.4220180323;-58.7622171518;38897;58.799;27.969;0.509;0.08;2.018;2.576;8.049;0.0;0.0
MT;Juruena;-10.3291127799;-58.496309174;8596;52.106;30.06;0.372;0.349;0.0;1.152;15.961;0.0;0.0
MT;Juscimeira;-16.0446851891;-54.888760943;9920;69.032;26.633;0.383;0.091;0.0;1.19;2.671;0.0;0.0
MT;Lambari d'Oeste;-15.31550124;-58.0058251786;3973;55.097;26.504;0.227;0.076;0.0;1.812;16.285;0.0;0.0
MT;Lucas do Rio Verde;-13.0704649509;-55.9217707091;69290;55.184;31.918;0.574;0.133;0.0;3.119;8.951;0.064;0.058
MT;Luciara;-11.2280970998;-50.6632015832;2098;55.195;30.124;0.334;0.143;1.096;1.668;8.294;0.0;3.146
MT;Vila Bela da Santíssima Trindade;-15.0093244788;-59.9525581995;13806;62.386;27.256;0.029;0.145;0.043;2.629;7.489;0.0;0.022
MT;Marcelândia;-11.0805914113;-54.5193062322;9484;63.138;28.754;0.295;0.169;1.023;1.845;4.776;0.0;0.0
MT;Matupá;-10.1721074662;-54.9318057201;16680;56.217;26.894;0.264;0.096;0.0;1.469;15.06;0.0;0.0
MT;Mirassol d'Oeste;-15.6740707811;-58.097903569;23038;62.666;29.842;0.595;0.074;0.035;2.457;4.332;0.0;0.0
MT;Nobres;-14.7245002734;-56.3340848306;12979;62.424;31.921;0.354;0.0;0.0;1.788;2.704;0.0;0.809
MT;Nortelândia;-14.4537245568;-56.8020689752;5120;69.004;22.09;0.684;0.215;0.0;2.07;5.938;0.0;0.0
MT;Nossa Senhora do Livramento;-15.7896762067;-56.3452585552;11183;78.932;17.956;0.304;0.224;0.0;1.359;0.948;0.089;0.188
MT;Nova Bandeirantes;-9.8429528203;-57.8184757985;11559;63.578;28.566;0.234;0.078;0.078;1.289;6.125;0.052;0.0
MT;Nova Nazaré;-13.9878672734;-51.7974342175;3231;42.092;33.767;0.0;0.0;0.0;0.464;23.677;0.0;0.0
MT;Nova Lacerda;-14.469788994;-59.5903305028;5633;43.653;32.949;0.231;0.053;3.71;1.758;17.628;0.0;0.018
MT;Nova Santa Helena;-10.8509999759;-55.1836857411;3518;62.45;28.056;0.0;0.0;0.171;1.62;7.646;0.0;0.057
MT;Nova Brasilândia;-14.925464456;-54.9719088691;3432;52.535;37.238;0.0;0.175;0.0;0.991;9.062;0.0;0.0
MT;Nova Canaã do Norte;-10.631104229;-55.714877306;10003;71.199;23.773;0.28;0.0;0.0;0.84;3.829;0.08;0.0
MT;Nova Mutum;-13.8327256927;-56.1100052481;46083;59.833;26.919;0.603;0.219;0.0;2.873;9.533;0.02;0.0
MT;Nova Olímpia;-14.7794142419;-57.282923962;13776;54.951;33.319;0.581;0.065;0.0;2.519;8.362;0.0;0.203
MT;Nova Ubiratã;-13.033827716;-55.273213319;9379;56.85;30.28;0.203;0.139;0.0;2.666;9.862;0.0;0.0
MT;Nova Xavantina;-14.6691795163;-52.3611926726;21080;55.384;31.954;0.65;0.228;0.0;0.911;10.251;0.0;0.621
MT;Novo Mundo;-9.9771091945;-55.1720189316;5406;69.867;19.571;0.499;0.222;0.0;1.202;8.639;0.0;0.0
MT;Novo Horizonte do Norte;-11.3876347794;-57.3174751138;2933;78.452;18.923;0.0;0.0;0.0;0.341;2.284;0.0;0.0
MT;Novo São Joaquim;-14.8865652627;-53.0161155129;5845;59.145;27.288;1.933;0.0;1.249;1.728;8.503;0.0;0.154
MT;Paranaíta;-9.6696554985;-56.4788997202;10003;65.01;26.022;0.32;0.0;0.0;1.23;7.418;0.0;0.0
MT;Paranatinga;-14.4276984801;-54.0540919919;22067;59.269;23.972;0.245;0.159;1.405;5.474;9.476;0.0;0.0
MT;Novo Santo Antônio;-12.2946934832;-50.9691726452;1721;60.895;30.506;0.523;0.0;0.0;0.93;7.147;0.0;0.0
MT;Pedra Preta;-16.6222104159;-54.4713956382;15448;60.474;30.502;0.518;0.026;0.0;3.224;5.256;0.0;0.0
MT;Peixoto de Azevedo;-10.2448420828;-54.9922974014;26970;59.529;25.332;0.171;0.089;0.612;3.344;10.586;0.278;0.059
MT;Planalto da Serra;-14.6607059395;-54.7834957523;2639;54.604;32.853;2.766;0.0;0.0;1.895;7.882;0.0;0.0
MT;Poconé;-16.259509467;-56.6265093527;26664;83.393;14.525;0.195;0.049;0.0;0.563;1.17;0.038;0.068
MT;Pontal do Araguaia;-15.9024713438;-52.2585111119;5998;53.601;32.061;1.667;0.217;0.167;2.734;9.436;0.0;0.117
MT;Ponte Branca;-16.767648011;-52.8357757282;1740;74.943;20.057;1.609;0.0;0.0;0.862;2.241;0.0;0.287
MT;Pontes e Lacerda;-15.2297275711;-59.3380018444;43929;46.443;36.302;0.519;0.114;0.0;3.783;12.711;0.0;0.127
MT;Porto Alegre do Norte;-10.8775484769;-51.6308798239;10039;48.979;31.398;0.379;0.06;0.996;1.185;17.004;0.0;0.0
MT;Porto dos Gaúchos;-11.5338400295;-57.408353838;4753;60.425;30.802;0.252;0.063;0.063;1.494;6.901;0.0;0.0
MT;Porto Esperidião;-15.8576348619;-58.4692987423;8621;68.368;24.87;0.174;0.244;0.0;0.974;5.289;0.081;0.0
MT;Porto Estrela;-15.331336306;-57.2013572999;2790;73.226;24.086;0.0;0.0;0.0;0.0;2.688;0.0;0.0
MT;Poxoréu;-15.818135557;-54.400732656;19594;59.799;27.473;0.607;0.378;2.613;1.863;7.257;0.0;0.01
MT;Primavera do Leste;-15.5522935931;-54.3000532591;71048;55.73;26.892;0.885;0.259;0.008;2.522;13.703;0.0;0.0
MT;Querência;-12.5922996263;-52.2098919156;22040;50.181;31.534;0.576;0.286;4.152;3.271;9.882;0.073;0.045
MT;São José dos Quatro Marcos;-15.6271057367;-58.1765059374;15557;62.036;29.537;0.797;0.019;0.0;3.343;4.152;0.0;0.116
MT;Reserva do Cabaçal;-15.1224095312;-58.38536453;1829;55.878;33.297;0.0;0.164;0.0;0.0;10.662;0.0;0.0
MT;Ribeirão Cascalheira;-12.9320485635;-51.8333633451;8417;55.792;30.094;1.497;0.048;5.061;1.746;5.596;0.059;0.107
MT;Ribeirãozinho;-16.4865259137;-52.6954417283;2202;67.53;22.934;0.5;0.0;0.0;5.813;2.634;0.0;0.59
MT;Rio Branco;-15.2356828101;-58.117939348;3895;55.687;27.163;0.154;0.077;0.0;1.72;15.199;0.0;0.0
MT;Santa Carmem;-11.9696855569;-55.2822227065;4433;68.734;26.934;0.135;0.0;0.0;1.196;3.0;0.0;0.0
MT;Santo Afonso;-14.4907768197;-57.0005036375;2132;67.026;26.689;0.0;0.188;0.0;0.141;5.957;0.0;0.0
MT;São José do Povo;-16.4663303088;-54.2562463683;2580;67.287;27.868;0.543;0.0;0.0;3.45;0.853;0.0;0.0
MT;São José do Rio Claro;-13.4520683374;-56.7215837607;12595;60.175;29.416;0.738;0.071;0.0;1.564;8.035;0.0;0.0
MT;São José do Xingu;-10.800264163;-52.7397936399;4782;51.589;32.518;0.293;0.125;3.806;2.969;8.448;0.0;0.251
MT;São Pedro da Cipa;-16.0027085205;-54.9189931831;3530;51.02;41.473;0.142;0.085;0.0;0.85;6.431;0.0;0.0
MT;Rondolândia;-10.844301974;-61.459678172;2829;42.17;45.776;0.0;0.0;0.106;2.298;9.65;0.0;0.0
MT;Rondonópolis;-16.4701628735;-54.6335870402;208258;52.795;33.64;1.338;0.558;0.09;3.537;7.981;0.031;0.03
MT;Rosário Oeste;-14.8264275715;-56.4282932054;13329;77.013;19.409;0.698;0.0;0.0;1.35;1.53;0.0;0.0
MT;Santa Cruz do Xingu;-10.1524495036;-52.3986159656;2193;51.391;32.011;0.0;0.0;0.0;2.508;13.817;0.0;0.274
MT;Salto do Céu;-15.1358245748;-58.126751807;3196;43.148;41.865;0.0;0.0;0.0;0.72;14.268;0.0;0.0
MT;Santa Rita do Trivelato;-13.816189732;-55.2776928814;2629;52.72;33.929;0.494;0.0;0.0;0.304;12.552;0.0;0.0
MT;Santa Terezinha;-10.4661116196;-50.5062664379;6107;59.784;21.156;0.196;0.115;11.675;1.981;4.929;0.164;0.0
MT;Santo Antônio do Leste;-14.8008133966;-53.6117238522;3249;53.647;28.532;0.0;0.092;11.942;2.493;3.139;0.154;0.0
MT;Santo Antônio do Leverger;-15.869179044;-56.0941622008;12887;69.442;19.857;0.729;0.76;0.047;1.117;8.0;0.0;0.047
MT;São Félix do Araguaia;-11.6160823259;-50.6619863699;11539;56.313;33.391;0.069;0.104;0.633;3.016;5.607;0.693;0.173
MT;Sapezal;-13.5381953535;-58.8121380142;23886;51.118;31.29;0.402;0.176;0.025;4.304;12.417;0.0;0.268
MT;Serra Nova Dourada;-12.0892718389;-51.3995934078;1513;55.453;40.053;1.124;0.132;0.0;1.454;1.785;0.0;0.0
MT;Sinop;-11.8580053081;-55.5009220024;165515;58.02;27.746;0.471;0.158;0.068;2.402;11.087;0.032;0.017
MT;Sorriso;-12.5517767078;-55.7259136751;91302;61.048;27.539;0.541;0.317;0.0;3.611;6.807;0.131;0.005
MT;Tabaporã;-11.307507957;-56.8248337963;8088;59.928;29.439;0.0;0.025;0.0;2.114;7.925;0.396;0.173
MT;Tangará da Serra;-14.6237847505;-57.4912991531;90694;54.557;30.891;0.738;0.367;0.853;3.05;9.495;0.0;0.05
MT;Tapurah;-12.7320686313;-56.5194858965;11947;66.351;29.145;0.084;0.151;0.0;1.632;2.511;0.0;0.126
MT;Terra Nova do Norte;-10.5971280931;-55.1159514886;9015;67.121;25.58;0.621;0.0;0.0;1.098;4.004;0.0;1.575
MT;Tesouro;-16.0752374012;-53.555843962;2595;70.405;24.586;0.154;0.154;0.0;3.854;0.848;0.0;0.0
MT;Torixoréu;-16.1975263639;-52.5588386353;3719;64.668;22.479;1.425;0.0;0.0;1.344;9.653;0.0;0.43
MT;União do Sul;-11.5355107507;-54.3748444106;3174;61.437;26.434;0.0;0.063;0.0;8.255;3.812;0.0;0.0
MT;Vale de São Domingos;-15.2958978418;-59.0645711572;2515;63.499;35.746;0.0;0.0;0.0;0.517;0.239;0.0;0.0
MT;Várzea Grande;-15.6580648241;-56.1446637402;253076;54.55;31.611;1.231;0.887;0.008;4.528;7.056;0.017;0.112
MT;Vera;-12.2840488632;-55.3009185749;10582;65.507;23.124;0.387;0.18;0.0;3.119;7.683;0.0;0.0
MT;Vila Rica;-10.0133521819;-51.116822579;16732;47.735;41.161;0.143;0.0;0.0;5.636;5.325;0.0;0.0
MT;Nova Guarita;-10.3088464294;-55.403070139;3963;80.898;14.888;0.0;0.151;0.0;0.681;3.381;0.0;0.0
MT;Nova Marilândia;-14.3624512717;-56.9731767859;2947;59.416;31.965;0.78;0.0;0.0;1.256;6.583;0.0;0.0
MT;Nova Maringá;-13.0114269541;-57.0985516652;4807;54.15;28.25;0.333;0.0;0.125;7.656;9.486;0.0;0.0
MT;Nova Monte Verde;-9.9726169269;-57.4723693069;7034;66.051;24.595;0.256;0.057;0.142;0.512;8.388;0.0;0.0
GO;Abadia de Goiás;-16.7588118948;-49.4405478327;15918;45.772;41.946;0.842;0.371;0.0;3.103;7.934;0.0;0.031
GO;Abadiânia;-16.182671858;-48.7188121417;14909;70.045;24.227;0.47;0.067;0.0;1.697;3.495;0.0;0.0
GO;Acreúna;-17.3981562192;-50.3749733667;18687;55.049;33.777;1.461;0.118;0.0;2.381;7.171;0.0;0.043
GO;Adelândia;-16.415001512;-50.1631466761;2048;41.699;46.777;0.0;0.0;0.0;0.586;10.938;0.0;0.0
GO;Água Fria de Goiás;-14.9855352682;-47.7822121624;4266;77.332;19.362;0.117;0.094;0.0;1.36;1.406;0.0;0.328
GO;Água Limpa;-18.0714060588;-48.7612409591;1633;41.151;23.209;15.86;0.367;0.0;5.818;13.595;0.0;0.0
GO;Águas Lindas de Goiás;-15.7379388563;-48.2834444362;187124;44.741;35.917;0.576;0.659;0.0;5.439;12.454;0.025;0.189
GO;Alexânia;-16.0861676206;-48.5096363919;23105;60.333;30.924;0.528;0.173;0.0;1.757;6.284;0.0;0.0
GO;Aloândia;-17.7249088542;-49.4823211066;1766;45.923;32.899;0.736;0.0;0.0;1.472;18.969;0.0;0.0
GO;Alto Horizonte;-14.1992268099;-49.3327491562;5155;59.321;32.376;0.407;0.291;0.0;2.173;5.315;0.0;0.116
GO;Alto Paraíso de Goiás;-14.1362446378;-47.5190934383;8667;39.183;24.322;4.592;1.108;0.3;9.011;21.484;0.0;0.0
GO;Alvorada do Norte;-14.4828391105;-46.5156376913;7237;68.039;23.863;1.147;0.553;0.0;0.815;5.292;0.0;0.29
GO;Amaralina;-13.9254818594;-49.2953772219;2901;66.942;30.92;0.103;0.0;0.0;0.138;1.827;0.0;0.069
GO;Americano do Brasil;-16.2551002852;-49.9836415337;4722;70.182;27.001;0.445;0.0;0.0;1.186;1.186;0.0;0.0
GO;Amorinópolis;-16.6179121242;-51.097167067;2730;50.989;39.634;0.952;0.0;0.0;2.381;6.044;0.0;0.0
GO;Anápolis;-16.3288257446;-48.9572179026;345131;50.251;38.675;1.165;0.4;0.016;3.481;5.658;0.263;0.091
GO;Anhanguera;-18.3343660323;-48.2174036921;831;53.189;30.806;3.369;0.0;0.0;3.249;9.386;0.0;0.0
GO;Anicuns;-16.4607406192;-49.9590680178;16395;57.127;28.759;0.525;0.116;0.0;10.229;2.83;0.0;0.415
GO;Aparecida de Goiânia;-16.8221465;-49.2433259277;454115;42.658;38.491;1.86;0.901;0.0;6.888;9.113;0.023;0.066
GO;Aparecida do Rio Doce;-18.2969842878;-51.1514916272;2541;50.61;27.391;4.211;0.0;0.0;8.933;8.737;0.118;0.0
GO;Aporé;-18.9588774471;-51.9280729999;3674;52.749;37.343;0.653;0.0;0.0;2.64;6.614;0.0;0.0
GO;Araçu;-16.3543348065;-49.6816820507;3405;63.495;29.134;2.144;0.176;0.0;3.612;1.439;0.0;0.0
GO;Aragarças;-15.8977681654;-52.2468547308;16050;44.162;38.031;1.022;0.174;0.0;2.43;13.994;0.0;0.187
GO;Aragoiânia;-16.9156395994;-49.4509030548;10329;43.663;39.772;0.804;0.397;0.0;8.733;6.525;0.106;0.0
GO;Araguapaz;-15.0885303704;-50.6347424117;6291;60.483;34.78;0.286;0.064;0.0;1.844;2.384;0.111;0.048
GO;Arenópolis;-16.3875456189;-51.5600294918;2610;60.728;33.87;0.805;0.192;0.0;0.92;3.487;0.0;0.0
GO;Aruanã;-14.9033323805;-51.0808851467;7161;54.266;34.297;0.531;0.154;0.0;4.525;6.172;0.056;0.0
GO;Aurilândia;-16.6767252917;-50.4647657585;2977;73.631;15.082;0.302;0.0;0.0;2.99;7.995;0.0;0.0
GO;Avelinópolis;-16.4619386945;-49.7542258382;2574;71.134;20.785;0.272;0.039;0.078;7.032;0.66;0.0;0.0
GO;Baliza;-16.2016366664;-52.5427449421;2957;69.97;24.653;1.116;0.135;0.0;1.589;2.536;0.0;0.0
GO;Barro Alto;-14.9737085965;-48.9157070788;8870;54.961;35.085;0.214;0.068;0.0;3.112;6.437;0.124;0.0
GO;Bela Vista de Goiás;-16.9731214373;-48.9524115975;30176;53.486;27.237;1.627;0.398;0.0;8.898;8.354;0.0;0.0
GO;Bom Jardim de Goiás;-16.2006850337;-52.1753675714;6986;64.916;30.06;0.344;0.057;0.0;2.305;1.26;0.0;1.059
GO;Bom Jesus de Goiás;-18.2147665092;-49.7394106515;20652;65.969;21.475;0.978;0.155;0.0;1.395;9.951;0.044;0.034
GO;Bonfinópolis;-16.6175284341;-48.9705799426;8945;49.916;37.026;0.906;0.0;0.0;2.605;9.547;0.0;0.0
GO;Bonópolis;-13.6497465486;-49.8371838014;2874;58.177;35.908;0.209;0.244;0.0;2.366;3.097;0.0;0.0
GO;Brazabrantes;-16.4257149363;-49.3886672747;3509;51.183;40.325;0.627;0.199;0.0;2.08;5.529;0.0;0.057
GO;Britânia;-15.2385862944;-51.1672851019;4951;60.796;31.448;0.828;0.182;0.061;2.222;4.464;0.0;0.0
GO;Buriti Alegre;-18.1330550496;-49.0400651409;9237;66.991;21.533;3.897;0.0;0.0;2.165;5.413;0.0;0.0
GO;Buriti de Goiás;-16.1813969765;-50.4344347564;2423;37.681;50.31;0.165;0.083;0.0;3.095;8.667;0.0;0.0
GO;Buritinópolis;-14.4560230274;-46.4310771149;2713;72.097;24.954;0.0;0.0;0.0;1.253;1.622;0.074;0.0
GO;Cabeceiras;-15.8011558822;-46.9294761863;6507;77.286;16.567;1.06;0.0;0.0;0.937;4.073;0.077;0.0
GO;Cachoeira Alta;-18.7510044619;-50.9447078425;9994;57.184;25.866;2.692;0.21;0.0;3.122;10.806;0.05;0.07
GO;Cachoeira de Goiás;-16.6667328025;-50.6431478383;1266;54.423;31.675;0.632;0.0;0.0;1.106;12.164;0.0;0.0
GO;Cachoeira Dourada;-18.489035614;-49.4709176636;6848;66.881;16.939;5.228;0.555;0.0;2.891;7.506;0.0;0.0
GO;Caçu;-18.5630506239;-51.1335286136;12113;58.862;26.319;3.946;0.124;0.0;2.312;8.396;0.0;0.041
GO;Caiapônia;-16.9534576704;-51.8094797771;14597;53.134;33.137;0.754;0.069;0.0;4.165;8.598;0.0;0.144
GO;Caldas Novas;-17.7435388677;-48.6211974747;85313;43.095;35.333;3.15;0.944;0.068;6.061;11.303;0.0;0.046
GO;Caldazinha;-16.7147769438;-49.003373459;3944;63.134;25.786;0.659;0.051;0.0;3.398;6.82;0.0;0.152
GO;Campestre de Goiás;-16.762309224;-49.6955342614;3232;47.927;40.439;0.155;0.0;0.0;1.733;9.746;0.0;0.0
GO;Campinaçu;-13.7863485879;-48.5698343278;3238;58.647;36.628;0.401;0.0;0.0;3.212;1.112;0.0;0.0
GO;Campinorte;-14.310597956;-49.1563472948;10731;65.483;30.948;0.503;0.121;0.0;0.969;1.92;0.0;0.056
GO;Campo Alegre de Goiás;-17.6405551366;-47.7782251013;6394;53.675;20.113;1.329;0.0;0.047;19.518;5.177;0.141;0.0
GO;Campo Limpo de Goiás;-16.2986230067;-49.0899365208;6809;59.509;36.687;0.073;0.0;0.0;1.087;2.644;0.0;0.0
GO;Campos Belos;-13.0367239867;-46.7707832966;15472;62.862;30.739;0.756;0.239;0.0;1.958;3.154;0.129;0.162
GO;Campos Verdes;-14.2732669562;-49.6632651125;3503;65.43;29.575;0.057;0.0;0.0;1.113;3.825;0.0;0.0
GO;Carmo do Rio Verde;-15.3577136638;-49.702864978;8561;53.896;40.755;0.771;0.058;0.0;0.479;3.679;0.047;0.315
GO;Castelândia;-18.0898452373;-50.2292504517;2644;77.042;21.218;0.34;0.492;0.0;0.87;0.038;0.0;0.0
GO;Catalão;-18.1695733634;-47.9477032172;99980;53.986;28.992;3.206;0.576;0.0;4.898;8.075;0.0;0.268
GO;Caturaí;-16.4467615884;-49.502852999;4572;55.359;28.215;7.043;1.64;0.0;2.275;5.468;0.0;0.0
GO;Cavalcante;-13.7992785142;-47.4634361942;8039;67.832;18.423;1.916;0.659;0.05;4.142;6.978;0.0;0.0
GO;Ceres;-15.3070283354;-49.6033462318;19456;57.078;35.059;1.028;0.0;0.0;2.272;4.441;0.0;0.123
GO;Cezarina;-16.9677922829;-49.7731689821;7087;51.136;39.156;0.917;1.778;0.0;2.935;3.923;0.0;0.155
GO;Chapadão do Céu;-18.3940322027;-52.6708005984;10628;50.452;36.865;0.367;0.198;0.0;3.98;8.035;0.0;0.104
GO;Cidade Ocidental;-16.1109591977;-47.9371306539;76730;47.242;32.27;1.147;1.086;0.0;5.304;12.823;0.022;0.106
GO;Cocalzinho de Goiás;-15.7817370135;-48.7689674476;21441;58.845;28.334;1.25;0.42;0.0;2.719;8.129;0.037;0.266
GO;Colinas do Sul;-14.1501851953;-48.0768431326;3423;65.235;25.884;0.876;0.321;0.0;0.38;7.304;0.0;0.0
GO;Córrego do Ouro;-16.2953575521;-50.5558190731;2198;46.997;44.359;0.227;0.0;0.0;1.092;7.097;0.0;0.227
GO;Corumbá de Goiás;-15.927905154;-48.8103450572;9285;75.789;18.837;0.883;0.0;0.0;1.379;2.639;0.0;0.474
GO;Corumbaíba;-18.1369060848;-48.5561020699;8027;62.763;24.218;4.398;0.573;0.0;5.195;2.629;0.224;0.0
GO;Cristalina;-16.7694336632;-47.6068175922;52029;61.489;25.807;1.232;0.678;0.075;1.837;8.82;0.0;0.062
GO;Cristianópolis;-17.1955889544;-48.7122976533;3124;33.579;47.599;0.672;2.433;0.0;8.099;7.618;0.0;0.0
GO;Crixás;-14.537590255;-49.9672039392;14809;61.881;32.089;0.182;0.0;0.0;0.79;5.058;0.0;0.0
GO;Cromínia;-17.2818549268;-49.3805054798;3453;55.749;28.902;0.898;0.492;0.0;1.998;11.555;0.0;0.405
GO;Cumari;-18.2613822982;-48.156676781;2592;59.877;23.843;1.89;0.231;0.0;4.282;9.877;0.0;0.0
GO;Damianópolis;-14.5574350509;-46.1735358096;3275;71.176;16.458;0.183;0.0;0.0;9.099;2.779;0.0;0.305
GO;Damolândia;-16.2548016197;-49.3611056455;2463;81.161;15.144;0.203;0.122;0.0;1.299;2.071;0.0;0.0
GO;Davinópolis;-18.1585643379;-47.5593683926;1698;68.198;16.078;7.126;0.0;0.0;1.355;7.244;0.0;0.0
GO;Diorama;-16.23170852;-51.2588930732;1837;64.78;27.599;0.218;0.0;0.0;2.395;5.008;0.0;0.0
GO;Doverlândia;-16.7210370625;-52.3139804233;6091;61.813;27.073;0.525;0.115;0.0;1.724;8.669;0.0;0.082
GO;Edealina;-17.4228916982;-49.6646951089;3550;62.817;29.69;0.141;0.0;0.0;3.606;3.746;0.0;0.0
GO;Edéia;-17.3380800331;-49.9344239559;10116;61.437;28.648;1.246;0.089;0.0;1.898;6.633;0.0;0.049
GO;Estrela do Norte;-13.8670273952;-49.0734010836;2803;70.175;22.726;0.107;0.0;0.0;0.071;6.814;0.0;0.107
GO;Faina;-15.4428687832;-50.3687036599;6289;63.206;28.924;0.731;0.239;0.0;0.763;5.979;0.0;0.159
GO;Fazenda Nova;-16.177514329;-50.7873644001;5280;55.814;34.659;0.758;0.0;0.0;2.083;6.686;0.0;0.0
GO;Firminópolis;-16.5764612335;-50.3036343394;9233;65.688;30.878;0.173;0.043;0.0;1.224;1.939;0.0;0.054
GO;Flores de Goiás;-14.4501741367;-47.045082925;11740;61.065;33.356;0.528;0.468;0.119;1.627;2.836;0.0;0.0
GO;Formosa;-15.5409446277;-47.3358155765;99118;66.137;23.891;1.675;0.444;0.0;3.158;4.604;0.013;0.079
GO;Formoso;-13.6557801486;-48.8880896723;4122;65.478;28.894;0.097;0.073;0.0;0.995;4.464;0.0;0.0
GO;Gameleira de Goiás;-16.4827366321;-48.6457054931;3022;67.704;27.664;0.199;0.066;0.0;1.82;2.548;0.0;0.0
GO;Divinópolis de Goiás;-13.2968133669;-46.3938887514;3892;70.709;24.563;0.0;0.0;0.0;2.698;2.03;0.0;0.0
GO;Goianápolis;-16.5006821667;-49.017342179;11974;49.808;38.25;0.702;0.192;0.0;4.902;6.147;0.0;0.0
GO;Goiandira;-18.1326246744;-48.0884713741;4476;50.626;23.168;5.608;0.268;0.0;16.332;3.865;0.0;0.134
GO;Goianésia;-15.3222887525;-49.1158101508;64154;60.004;32.374;0.362;0.062;0.0;1.61;5.473;0.034;0.081
GO;Goiânia;-16.6733097738;-49.2558142758;1265266;46.782;33.919;3.66;0.718;0.018;5.586;9.219;0.032;0.066
GO;Goianira;-16.5031915592;-49.4287772736;60486;40.163;39.632;0.799;0.476;0.031;5.897;12.686;0.126;0.19
GO;Goiás;-15.9357427011;-50.1413841443;21607;61.452;25.427;2.782;0.68;0.0;4.674;4.984;0.0;0.0
GO;Goiatuba;-18.0106332404;-49.3666434696;31310;58.275;24.858;2.865;0.156;0.0;2.961;10.677;0.0;0.208
GO;Gouvelândia;-18.4382785344;-50.1379987973;3805;62.996;20.552;0.92;0.0;0.0;1.577;13.955;0.0;0.0
GO;Guapó;-16.831322758;-49.5367333643;16658;46.008;30.628;0.78;0.354;0.072;5.307;16.821;0.0;0.03
GO;Guaraíta;-15.6294278846;-50.0317779845;1985;32.695;60.202;0.0;0.0;0.0;2.519;4.433;0.0;0.151
GO;Guarani de Goiás;-13.9389114969;-46.4803757075;3552;79.307;19.003;0.0;0.0;0.0;0.169;1.52;0.0;0.0
GO;Guarinos;-14.7337403887;-49.7011881304;1935;79.432;15.401;0.0;0.0;0.0;0.775;4.289;0.0;0.103
GO;Heitoraí;-15.720216422;-49.8293395924;3001;49.75;40.686;1.266;0.0;0.0;1.133;7.164;0.0;0.0
GO;Hidrolândia;-16.9609447714;-49.2297840436;23836;52.635;32.921;3.197;0.457;0.0;3.621;7.17;0.0;0.0
GO;Hidrolina;-14.7276582893;-49.4598974466;3167;86.675;12.378;0.0;0.0;0.0;0.505;0.442;0.0;0.0
GO;Iaciara;-14.1008175253;-46.631967794;9036;77.247;18.681;0.31;0.0;0.0;1.118;2.556;0.0;0.089
GO;Inaciolândia;-18.4863548297;-49.9875784506;5216;63.382;18.52;1.285;0.326;0.0;3.451;13.037;0.0;0.0
GO;Indiara;-17.1372613101;-49.989053195;14859;52.46;34.451;0.404;0.0;0.0;3.21;9.375;0.101;0.0
GO;Inhumas;-16.359960474;-49.5002245066;45950;57.558;30.723;3.391;0.329;0.0;3.121;4.82;0.0;0.059
GO;Ipameri;-17.7221768122;-48.1586676783;22460;62.289;24.853;2.609;0.138;0.0;2.609;7.266;0.058;0.178
GO;Ipiranga de Goiás;-15.1720118941;-49.6674051209;2624;60.709;34.261;0.0;0.0;0.0;1.181;3.849;0.0;0.0
GO;Iporá;-16.4400026707;-51.1195950892;31432;54.165;35.152;0.862;0.115;0.0;2.73;6.888;0.0;0.089
GO;Israelândia;-16.3128012449;-50.9034397149;2318;61.691;27.092;0.0;0.0;0.0;2.977;7.981;0.0;0.259
GO;Itaberaí;-16.021130207;-49.803479374;38564;53.827;32.733;1.141;0.56;0.0;5.267;6.213;0.0;0.259
GO;Itaguari;-15.9090935706;-49.6097600443;4426;59.873;33.235;0.859;0.362;0.0;0.746;4.812;0.0;0.113
GO;Itaguaru;-15.7637943882;-49.6320512064;4416;57.201;36.549;0.181;0.204;0.0;1.789;4.076;0.0;0.0
GO;Itajá;-19.0622350465;-51.5446839594;3874;52.71;30.021;3.252;0.49;0.0;1.807;11.719;0.0;0.0
GO;Itapaci;-14.9504032179;-49.5541561136;18289;66.969;26.48;0.443;0.197;0.0;1.345;4.516;0.0;0.049
GO;Itapirapuã;-15.8188624942;-50.6091628273;7065;56.674;34.084;1.246;0.212;0.0;1.854;5.704;0.0;0.226
GO;Itapuranga;-15.5623312457;-49.9444934168;23302;43.661;46.399;0.279;0.051;0.0;2.335;7.141;0.0;0.133
GO;Itarumã;-18.7616602284;-51.3488899006;5285;67.398;23.122;1.646;0.303;0.0;3.595;3.576;0.36;0.0
GO;Itauçu;-16.2033472312;-49.6011340853;6920;65.853;28.064;1.488;0.448;0.0;0.824;3.324;0.0;0.0
GO;Itumbiara;-18.4176824715;-49.220870075;94039;53.879;20.104;7.855;0.722;0.013;3.473;13.842;0.023;0.088
GO;Ivolândia;-16.6034027618;-50.7947013664;2400;71.25;26.083;0.042;0.0;0.0;1.125;1.5;0.0;0.0
GO;Jandaia;-17.0494211395;-50.1480076361;5597;50.17;34.769;0.214;0.036;0.0;3.037;11.703;0.071;0.0
GO;Jaraguá;-15.7531137829;-49.3301439342;39285;65.687;30.378;0.42;0.025;0.0;0.949;2.461;0.0;0.079
GO;Jataí;-17.8862323338;-51.7208180376;91597;43.512;30.603;7.389;0.372;0.0;3.961;14.056;0.026;0.081
GO;Jaupaci;-16.1780359315;-50.9517191425;2627;49.905;35.173;0.0;0.0;0.0;1.142;13.78;0.0;0.0
GO;Jesúpolis;-15.9515976078;-49.3762189275;1854;82.039;14.078;0.0;0.0;0.0;1.942;1.834;0.0;0.108
GO;Joviânia;-17.8071094521;-49.6299398096;6268;58.105;28.606;0.814;0.303;0.0;2.999;9.174;0.0;0.0
GO;Jussara;-15.8663489233;-50.86612659;17243;54.758;32.523;1.363;0.087;0.0;3.056;8.212;0.0;0.0
GO;Lagoa Santa;-19.1836069808;-51.4046158469;1175;41.617;37.702;0.17;0.0;0.0;2.894;17.617;0.0;0.0
GO;Leopoldo de Bulhões;-16.6189649329;-48.746452337;7633;61.129;27.394;1.52;0.472;0.0;3.328;5.647;0.0;0.511
GO;Luziânia;-16.258541;-47.9557200568;176736;53.718;32.427;1.083;0.742;0.013;2.963;8.914;0.011;0.13
GO;Mairipotaba;-17.2973954689;-49.5008802854;2303;61.268;23.1;3.126;0.304;0.0;1.824;10.378;0.0;0.0
GO;Mambaí;-14.4875342642;-46.1139474127;6740;58.116;36.484;0.0;0.074;0.0;0.875;4.288;0.0;0.163
GO;Mara Rosa;-14.0085688957;-49.1798231432;9364;65.421;27.734;0.566;0.246;0.0;1.132;4.902;0.0;0.0
GO;Marzagão;-17.9816102558;-48.6371735789;2377;46.698;34.918;0.589;0.084;0.0;3.66;14.051;0.0;0.0
GO;Matrinchã;-15.437188317;-50.7464743436;3565;60.561;31.501;0.14;0.0;0.0;1.992;5.806;0.0;0.0
GO;Maurilândia;-17.9720829886;-50.3389113972;8827;57.154;27.201;0.295;0.0;0.0;2.164;13.187;0.0;0.0
GO;Mimoso de Goiás;-15.0592934916;-48.1632731159;2261;47.678;34.852;0.0;0.0;0.0;2.211;9.686;0.088;5.484
GO;Minaçu;-13.5350936496;-48.2239076238;23617;55.469;37.067;0.876;0.0;0.0;1.431;4.598;0.212;0.347
GO;Mineiros;-17.5661675715;-52.5546671879;59411;62.116;24.66;1.087;0.675;0.0;3.121;8.195;0.04;0.104
GO;Moiporá;-16.5468998841;-50.7360975399;1509;59.907;35.653;0.0;0.0;0.0;0.795;3.38;0.0;0.265
GO;Monte Alegre de Goiás;-13.2573260767;-46.8857991384;5572;72.864;22.793;0.0;0.054;0.0;1.992;2.297;0.0;0.0
GO;Montes Claros de Goiás;-16.0047599101;-51.4004988847;7682;59.451;31.945;0.495;0.0;0.0;2.473;5.637;0.0;0.0
GO;Montividiu;-17.4444620017;-51.1751445985;10720;54.478;31.427;0.644;0.0;0.0;2.136;11.315;0.0;0.0
GO;Montividiu do Norte;-13.3530942566;-48.6888221239;3286;64.729;34.571;0.0;0.0;0.0;0.091;0.335;0.0;0.274
GO;Morrinhos;-17.7352710999;-49.1101770719;44879;57.956;26.186;4.193;0.279;0.0;3.995;7.349;0.0;0.042
GO;Morro Agudo de Goiás;-15.3121981483;-50.0574471319;2169;60.028;34.117;0.0;0.184;0.0;1.014;4.657;0.0;0.0
GO;Mossâmedes;-16.1196542993;-50.2180496713;4174;67.585;26.713;1.054;0.0;0.0;1.845;2.803;0.0;0.0
GO;Mozarlândia;-14.7475894764;-50.5702136124;12549;56.594;33.007;0.478;0.0;0.0;3.761;6.072;0.0;0.088
GO;Mundo Novo;-13.765576924;-50.2856877225;5446;58.942;30.738;0.037;0.092;0.0;0.698;9.493;0.0;0.0
GO;Mutunópolis;-13.7236105818;-49.2744452474;3138;59.528;32.473;0.382;0.0;0.0;1.37;6.246;0.0;0.0
GO;Nazário;-16.5805280797;-49.8819882317;7109;57.083;35.012;0.45;0.478;0.0;1.969;5.008;0.0;0.0
GO;Nerópolis;-16.4040436842;-49.2244625262;27289;57.1;29.668;2.477;0.213;0.0;3.357;7.149;0.037;0.0
GO;Niquelândia;-14.4691101442;-48.4585851495;30985;59.119;33.787;0.552;0.271;0.0;1.714;4.318;0.029;0.21
GO;Nova América;-15.0183858596;-49.8993153993;2059;71.345;26.615;0.0;0.0;0.0;1.166;0.874;0.0;0.0
GO;Nova Aurora;-18.0651021012;-48.2604579069;1878;64.324;15.655;8.36;0.586;0.0;1.118;9.957;0.0;0.0
GO;Nova Crixás;-14.0956114307;-50.3420003319;10989;54.573;34.389;0.309;0.0;0.0;1.474;9.2;0.055;0.0
GO;Nova Glória;-15.1492765854;-49.5787847003;7424;49.771;41.824;0.0;0.067;0.0;3.421;4.472;0.0;0.445
GO;Nova Iguaçu de Goiás;-14.2834774149;-49.3907701087;2593;63.633;31.739;0.0;0.0;0.0;1.118;3.509;0.0;0.0
GO;Nova Roma;-13.7429057521;-46.8903259704;2671;79.334;16.398;0.0;0.0;0.0;2.508;1.76;0.0;0.0
GO;Nova Veneza;-16.3652331931;-49.3108981042;8334;74.598;20.23;1.14;0.132;0.0;1.428;2.4;0.072;0.0
GO;Novo Brasil;-16.0326708603;-50.7163144531;3147;58.723;31.681;0.0;0.0;0.0;5.243;4.353;0.0;0.0
GO;Novo Gama;-16.0560782142;-48.0372112741;87081;43.805;37.745;1.081;0.853;0.0;4.552;11.89;0.024;0.049
GO;Novo Planalto;-13.2409519766;-49.5120502992;3246;47.381;25.077;0.0;0.246;0.0;13.309;13.986;0.0;0.0
GO;Orizona;-17.0347660176;-48.302147803;14438;77.594;16.914;0.409;0.076;0.0;0.914;4.073;0.0;0.021
GO;Ouro Verde de Goiás;-16.2108276545;-49.2038676028;3566;79.333;16.601;0.785;0.0;0.0;1.458;1.823;0.0;0.0
GO;Ouvidor;-18.2255687122;-47.832604404;6386;60.946;25.603;1.848;0.0;0.0;6.624;4.776;0.0;0.204
GO;Padre Bernardo;-15.16435542;-48.2859656163;29671;53.965;35.789;0.634;0.219;0.0;1.867;6.848;0.533;0.145
GO;Palestina de Goiás;-16.7414317726;-51.5300322007;2750;34.909;55.782;0.0;0.145;0.0;1.855;7.309;0.0;0.0
GO;Palmeiras de Goiás;-16.8069880059;-49.9227871293;27259;42.192;42.243;0.708;0.396;0.0;4.512;9.879;0.07;0.0
GO;Palmelo;-17.3230168517;-48.4230955764;2014;21.549;26.961;42.602;1.986;0.0;1.936;4.965;0.0;0.0
GO;Palminópolis;-16.7991350226;-50.1654937516;3403;39.994;49.221;0.0;0.0;0.0;4.232;6.553;0.0;0.0
GO;Panamá;-18.1824552757;-49.3534819159;2192;73.495;15.146;2.828;0.137;0.0;2.509;5.885;0.0;0.0
GO;Paranaiguara;-18.9051598599;-50.6522043596;6801;63.461;20.394;2.382;0.088;0.059;6.587;6.69;0.0;0.338
GO;Paraúna;-16.9466970093;-50.4576405931;9342;54.367;31.621;0.76;0.246;0.0;2.237;10.769;0.0;0.0
GO;Perolândia;-17.5264535229;-52.0665772496;2549;48.843;32.13;0.824;0.078;0.0;6.316;11.809;0.0;0.0
GO;Petrolina de Goiás;-16.0974175746;-49.3387979361;8570;76.873;16.289;0.093;0.187;0.0;5.076;1.412;0.0;0.07
GO;Pilar de Goiás;-14.7660904485;-49.5751143128;2049;80.869;16.691;0.0;0.0;0.0;0.83;1.611;0.0;0.0
GO;Piracanjuba;-17.3018097158;-49.0245603471;22238;60.581;27.039;1.956;0.189;0.144;3.368;6.502;0.0;0.22
GO;Piranhas;-16.4207064405;-51.821801336;10341;61.996;31.902;0.812;0.039;0.0;1.876;3.375;0.0;0.0
GO;Pirenópolis;-15.8533422975;-48.9625271926;23390;70.462;20.543;0.941;0.368;0.0;2.941;4.506;0.0;0.239
GO;Pires do Rio;-17.3005811055;-48.2802925533;28437;52.186;32.961;2.194;0.046;0.0;2.138;10.275;0.091;0.109
GO;Planaltina;-15.453109565;-47.6148467662;88296;48.047;34.434;1.152;0.73;0.0;3.613;11.788;0.075;0.161
GO;Pontalina;-17.5149844215;-49.4481810162;16319;67.498;20.792;2.408;0.613;0.0;4.247;4.424;0.018;0.0
GO;Porangatu;-13.4421859466;-49.1462260519;38550;64.599;29.147;0.607;0.101;0.0;1.435;4.005;0.0;0.106
GO;Porteirão;-17.8154006299;-50.1642504169;3458;59.717;29.786;0.26;0.202;0.0;1.562;8.473;0.0;0.0
GO;Portelândia;-17.3529241047;-52.6806835439;2837;74.339;19.633;0.705;0.317;0.0;1.339;3.666;0.0;0.0
GO;Posse;-14.0877335642;-46.3620104423;29671;75.569;18.938;0.6;0.202;0.0;1.651;2.993;0.047;0.0
GO;Professor Jamil;-17.2475666832;-49.2366973073;3227;45.026;28.293;14.658;0.093;0.0;1.518;10.412;0.0;0.0
GO;Quirinópolis;-18.4515073559;-50.4522625218;42229;63.916;21.769;2.048;0.249;0.017;2.631;9.304;0.0;0.066
GO;Rialma;-15.3154039732;-49.5843695087;10643;53.838;33.825;0.62;0.0;0.038;4.285;7.395;0.0;0.0
GO;Rianápolis;-15.4424666683;-49.5101169941;3528;70.437;24.575;0.312;0.0;0.0;1.389;3.288;0.0;0.0
GO;Rio Quente;-17.7677458122;-48.7726682958;3353;60.901;23.591;1.163;0.626;0.0;3.877;9.693;0.0;0.149
GO;Rio Verde;-17.7945434019;-50.9296809302;193163;56.027;27.671;2.425;0.374;0.01;4.745;8.713;0.002;0.033
GO;Rubiataba;-15.1643127537;-49.8034096971;17475;66.775;28.017;0.715;0.0;0.0;1.23;3.262;0.0;0.0
GO;Sanclerlândia;-16.2006630829;-50.3158669331;7025;50.591;41.68;0.228;0.142;0.0;1.537;5.822;0.0;0.0
GO;Santa Bárbara de Goiás;-16.577475929;-49.6897833771;5356;48.133;31.945;4.78;0.056;0.0;3.398;11.688;0.0;0.0
GO;Santa Cruz de Goiás;-17.3215530231;-48.4766897577;2678;72.405;17.849;3.286;0.373;0.112;1.942;3.921;0.112;0.0
GO;Santa Fé de Goiás;-15.7707845628;-51.109415948;4283;54.658;35.793;0.093;0.0;0.0;2.358;7.004;0.093;0.0
GO;Santa Helena de Goiás;-17.8123551401;-50.5984432624;33668;59.228;26.776;2.133;0.324;0.0;3.024;8.477;0.0;0.039
GO;Santa Isabel;-15.3023982428;-49.4281779496;3152;59.549;33.376;0.0;0.0;0.0;0.127;6.758;0.0;0.19
GO;Santa Rita do Araguaia;-17.3263507863;-53.2051465108;5130;66.452;22.495;1.579;0.429;0.0;1.891;7.154;0.0;0.0
GO;Santa Rita do Novo Destino;-15.1353910971;-49.1201255263;2379;64.733;29.802;0.0;0.084;0.0;1.555;3.825;0.0;0.0
GO;Santa Rosa de Goiás;-16.0798908615;-49.4915791732;2534;87.096;11.089;0.118;0.0;0.0;0.079;1.144;0.0;0.474
GO;Santa Tereza de Goiás;-13.7125508671;-49.0149969464;2932;63.711;28.683;0.0;0.0;0.0;1.603;6.003;0.0;0.0
GO;Santa Terezinha de Goiás;-14.4334764203;-49.7062022411;9295;69.242;28.058;0.226;0.043;0.0;1.119;1.13;0.0;0.183
GO;Santo Antônio da Barra;-17.5561082965;-50.6340535808;3732;57.637;25.268;0.0;0.0;0.0;2.331;14.764;0.0;0.0
GO;Santo Antônio de Goiás;-16.483121215;-49.3102428569;6388;48.262;36.052;1.581;0.11;0.0;3.647;10.301;0.0;0.047
GO;Santo Antônio do Descoberto;-15.94422351;-48.2560064258;60307;46.679;36.659;1.196;1.066;0.0;3.771;10.302;0.053;0.274
GO;São Domingos;-13.4020132572;-46.3151052424;8400;75.452;19.536;0.131;0.107;0.0;0.988;3.667;0.0;0.119
GO;São Francisco de Goiás;-15.9227064368;-49.2620087204;5550;70.108;25.784;0.793;0.054;0.0;0.721;2.541;0.0;0.0
GO;São João d'Aliança;-14.7082161797;-47.5188017123;11677;57.797;30.778;2.038;0.094;0.051;4.282;4.753;0.103;0.103
GO;São João da Paraúna;-16.8145235535;-50.4050629925;1579;59.088;20.646;1.267;0.0;0.0;2.47;16.529;0.0;0.0
GO;São Luís de Montes Belos;-16.5198101598;-50.3742880027;29782;50.366;39.024;0.907;0.151;0.0;3.092;6.46;0.0;0.0
GO;São Luiz do Norte;-14.8620789113;-49.3319358806;4185;63.895;32.664;0.215;0.024;0.0;1.577;1.625;0.0;0.0
GO;São Miguel do Araguaia;-13.276024343;-50.1638382701;19291;54.45;36.219;0.332;0.181;0.0;2.613;6.205;0.0;0.0
GO;São Miguel do Passa Quatro;-17.0509343499;-48.6647175594;3944;61.765;29.843;0.811;0.735;0.076;2.434;4.336;0.0;0.0
GO;São Patrício;-15.3524896722;-49.8163460405;1894;64.203;30.042;0.106;0.0;0.0;2.746;2.376;0.106;0.422
GO;São Simão;-18.9897385995;-50.5496997577;14917;57.156;26.453;3.245;0.221;0.08;2.206;10.639;0.0;0.0
GO;Senador Canedo;-16.71857532;-49.0879668328;130466;39.419;38.298;1.538;0.532;0.01;8.139;11.999;0.048;0.018
GO;Serranópolis;-18.3077243971;-51.9577779402;6907;39.786;37.686;2.07;0.232;0.0;2.215;17.895;0.116;0.0
GO;Silvânia;-16.6646168097;-48.61056991;19479;68.705;20.232;4.595;0.519;0.005;1.468;4.302;0.0;0.175
GO;Simolândia;-14.4703229883;-46.4842842225;4964;79.412;17.788;0.06;0.0;0.0;0.443;1.853;0.0;0.443
GO;Sítio d'Abadia;-14.8039939162;-46.2524898428;2532;77.291;18.246;0.908;0.079;0.0;1.145;2.172;0.0;0.158
GO;Taquaral de Goiás;-16.0500187966;-49.6022193144;3582;62.674;32.524;1.396;0.084;0.0;2.568;0.754;0.0;0.0
GO;Teresina de Goiás;-13.7768630996;-47.263520321;2217;69.328;22.869;1.128;0.0;0.0;5.097;1.579;0.0;0.0
GO;Terezópolis de Goiás;-16.4789604614;-49.0917849231;6884;49.884;32.554;2.077;0.349;0.0;4.605;10.096;0.0;0.436
GO;Três Ranchos;-18.3607986884;-47.7793385109;2603;50.634;21.975;8.221;1.498;0.0;0.922;16.75;0.0;0.0
GO;Trindade;-16.6553504288;-49.4890992026;121691;47.712;36.892;1.164;0.433;0.0;6.013;7.701;0.016;0.07
GO;Trombas;-13.5084677213;-48.7447086103;2773;67.508;30.689;0.144;0.0;0.0;0.829;0.829;0.0;0.0
GO;Turvânia;-16.6098037805;-50.1319530546;3973;53.612;37.755;0.327;0.0;0.0;1.988;6.318;0.0;0.0
GO;Turvelândia;-17.8509523354;-50.3074793439;4240;59.127;31.462;0.094;0.0;0.0;1.84;7.476;0.0;0.0
GO;Uirapuru;-14.2886535386;-49.9210751818;2474;62.571;31.811;0.0;0.0;0.0;1.374;4.082;0.0;0.162
GO;Uruaçu;-14.5202197628;-49.1474856222;37002;64.824;26.417;1.068;0.186;0.138;2.419;4.835;0.0;0.114
GO;Uruana;-15.5011652334;-49.6794807088;12217;54.735;40.386;1.416;0.041;0.0;0.835;2.587;0.0;0.0
GO;Urutaí;-17.4597534246;-48.2046531316;3118;61.578;24.952;3.528;0.0;0.0;2.245;7.697;0.0;0.0
GO;Valparaíso de Goiás;-16.069575257;-47.9841113506;167882;46.083;34.565;1.593;1.017;0.0;6.061;10.552;0.017;0.112
GO;Varjão;-17.0412247518;-49.628167487;3299;51.591;33.525;0.364;0.0;0.0;0.94;13.519;0.0;0.061
GO;Vianópolis;-16.7420814387;-48.5134708971;12939;64.24;25.458;1.167;0.294;0.0;2.164;6.677;0.0;0.0
GO;Vicentinópolis;-17.7326623803;-49.8072390139;7540;59.483;33.634;0.279;0.491;0.0;0.424;5.69;0.0;0.0
GO;Vila Boa;-15.0348887907;-47.0573608537;3545;62.793;20.677;0.508;0.113;0.0;3.583;12.327;0.0;0.0
GO;Vila Propício;-15.4546348168;-48.8824220765;5021;58.435;35.073;0.1;0.139;0.0;0.797;5.457;0.0;0.0
DF;Brasília;-15.7940873619;-47.887905478;2466163;49.743;29.21;3.269;0.851;0.024;4.897;11.266;0.612;0.129
